Timestamp,Source,Summary,Authors,Text,Keywords
102_12-12-18_17_56.csv,estadodabahia,"Municípios11/12/2018 ás 17h46 - atualizada em 11/12/2018 ás 17h48Redação Salvador / BAIpiaú: Ministério Público do Trabalho arquiva a quarta denúncia do Vereador Pery contra a prefeitaEsta é a quarta denúncia do vereador contra Maria, julgada improcedente e posteriormente, arquivada.
Divulgação Por ordem do Procurador do Trabalho, o Doutor André Magalhães Pessoa, o Ministério Público do Trabalho arquivou mais uma denúncia falaciosa do Vereador Pery (PP), que disparou contra os estagiários contratados pela Prefeitura Municipal de Ipiaú, através do Instituto Euvaldo Lodi (IEL).
Em julho, o edil apresentou uma denúncia ao MPT, solicitando ao órgão, a suspensão imediata do Programa de Estágio proposto pela prefeitura.
Esta é a quarta denúncia do vereador contra Maria, julgada improcedente e posteriormente, arquivada.
Nos reservamos o direito de reprovar ou eliminar comentários em desacordo com o propósito do site ou com palavras ofensivas.",,"Municípios

11/12/2018 ás 17h46 - atualizada em 11/12/2018 ás 17h48

Redação Salvador / BA

Ipiaú: Ministério Público do Trabalho arquiva a quarta denúncia do Vereador Pery contra a prefeita

Esta é a quarta denúncia do vereador contra Maria, julgada improcedente e posteriormente, arquivada.

Divulgação Por ordem do Procurador do Trabalho, o Doutor André Magalhães Pessoa, o Ministério Público do Trabalho arquivou mais uma denúncia falaciosa do Vereador Pery (PP), que disparou contra os estagiários contratados pela Prefeitura Municipal de Ipiaú, através do Instituto Euvaldo Lodi (IEL).

Em julho, o edil apresentou uma denúncia ao MPT, solicitando ao órgão, a suspensão imediata do Programa de Estágio proposto pela prefeitura. Na peça, o legislador, que é esposo da vice-prefeita Margarete do Abrigo (PP), rompida politicamente com a atual Prefeita Maria das Graças (PP), afirmava que o projeto educacional é de cunho “imoral e eleitoreiro” e, que os estudantes foram selecionados sem critérios imparciais, apenas com entrevista e análise de currículos.

Para averiguação do MPT, a prefeitura, por meio da Procuradora Geral Municipal, a Drª. Isabelle Vellúcia de Araújo, apresentou o convênio firmado entre o município e o Instituto Euvaldo Lodi – Regional da Bahia, relação de todos os estagiários contendo dados pessoais e estudantis, contratos celebrados e esclarecimentos que, nos anos 2017/2018, foi de responsabilidade do IEL/BA a realização dos cadastros, cabendo-lhes analisar a compatibilidade entre o currículo e a vaga disponibilizada.

Diante disso, após a juntada de documentos e manifestação da Prefeita Maria das Graças Mendonça, o Procurador Ilan Fonseca, então substituto atuante, após examinar todo material anexado, concluiu que, parece não existir irregularidades significativas na contratação dos mesmos e que a análise foi utilizada como base para o relatório final, o que acarreta ausência de justa causa para prosseguimento do inquérito.

Esta é a quarta denúncia do vereador contra Maria, julgada improcedente e posteriormente, arquivada.

O conteúdo de cada comentário é de responsabilidade de quem realizá-lo. Nos reservamos o direito de reprovar ou eliminar comentários em desacordo com o propósito do site ou com palavras ofensivas. A qualquer tempo, poderemos cancelar o sistema de comentários sem necessidade de nenhum aviso prévio aos usuários e/ou a terceiros.

Comentários",ministério|pery|prefeita|ipiaú|trabalho|é|quarta|que|denúncia|contra|com|vereador|da|maria|público
102_12-12-18_17_56.csv,estadodabahia,"Brasil07/12/2018 ás 17h49Redação Salvador / BAImposto de renda: 628 mil declarações caíram na malha finaO agendamento para declarações do exercício 2018 começa a partir de janeiro de 2019.
Divulgação A Receita Federal informou hoje (7) que 628 mil declarações de Imposto sobre a Renda da Pessoa Física estão retidas na malha fina devido a inconsistências nas informações prestadas.
Do total de declarações retidas, 70,35% apresentam imposto a restituir, 25,88% tem imposto a pagar e 3,77% não apresenta imposto a restituir ou a pagar.
Para saber se a declaração está na malha fina, os contribuintes podem acessar o Extrato de Processamento da DIRPF na página da Receita Federal na internet.
O agendamento para declarações do exercício 2018 começa a partir de janeiro de 2019.",,"Brasil

07/12/2018 ás 17h49

Redação Salvador / BA

Imposto de renda: 628 mil declarações caíram na malha fina

O agendamento para declarações do exercício 2018 começa a partir de janeiro de 2019.

Divulgação A Receita Federal informou hoje (7) que 628 mil declarações de Imposto sobre a Renda da Pessoa Física estão retidas na malha fina devido a inconsistências nas informações prestadas. O número corresponde a 2% do total – de mais de 31,4 milhões – de declarações apresentadas neste ano. Do total de declarações retidas, 70,35% apresentam imposto a restituir, 25,88% tem imposto a pagar e 3,77% não apresenta imposto a restituir ou a pagar. As principais razões pelas quais as declarações foram retidas são: omissão de rendimentos do titular ou seus dependentes (379.547); divergências entre o IRRF informado na declaração e o informado em Declaração do Imposto sobre a Renda Retido na Fonte (DIRF), feita pelas empresas, com 183.274 casos; informações erradas sobre despesas médicas (163.594 declarações); dedução de previdência oficial ou privada, dependentes, pensão alimentícia e outras (128.536). A Receita informa ainda que uma declaração pode ficar retida por uma ou mais razões. Para saber se a declaração está na malha fina, os contribuintes podem acessar o Extrato de Processamento da DIRPF na página da Receita Federal na internet. Para acessar o extrato da declaração, é necessário utilizar o código de acesso gerado na própria página da Receita Federal ou o certificado digital emitido por autoridade habilitada. Ao acessar o extrato, é importante prestar atenção na seção Pendências de malha. É nessa seção que o contribuinte pode identificar se a declaração está retida em malha fiscal, ou se há alguma outra pendência que possa ser regularizada por ele mesmo, informa a Receita. Se a declaração estiver retida em malha fiscal, nessa seção, o contribuinte encontrará links para verificar com detalhes o motivo da retenção e consultar orientações de procedimentos. Constatando erro na declaração apresentada, o contribuinte pode regularizar a situação apresentando declaração retificadora. Inexistindo erro na declaração apresentada e estando de posse de todos os documentos comprobatórios, o contribuinte pode optar por aguardar intimação ou agendar pela internet uma data e local para apresentar os documentos e antecipar a análise de sua declaração pela Receita Federal. O agendamento para declarações do exercício 2018 começa a partir de janeiro de 2019.

O conteúdo de cada comentário é de responsabilidade de quem realizá-lo. Nos reservamos o direito de reprovar ou eliminar comentários em desacordo com o propósito do site ou com palavras ofensivas. A qualquer tempo, poderemos cancelar o sistema de comentários sem necessidade de nenhum aviso prévio aos usuários e/ou a terceiros.

Comentários",ou|malha|se|mil|receita|fina|imposto|é|caíram|renda|para|declarações|628|da|declaração
102_12-12-18_17_56.csv,estadodabahia,"Geral06/12/2018 ás 12h05Redação Salvador / BAPrazo para justificar ausência no primeiro turno das eleições termina nesta quinta (6)Brasileiros maiores de 18 e menores de 70 anos são obrigados a votarRafael Neddermeyer/Fotos Públicas Termina nesta quinta-feira (6) o prazo para justiçar a ausência no primeiro turno das eleições 2018, realizado no dia 7 de outubro.
O órgão afirma que o eleitor que não justificar a ausência será multado.
Caso o eleitor não justifique a falta na votação por três ocorrências consecutivas – cada turno correspondendo a uma eleição –, terá o título cancelado.
Nos reservamos o direito de reprovar ou eliminar comentários em desacordo com o propósito do site ou com palavras ofensivas.
A qualquer tempo, poderemos cancelar o sistema de comentários sem necessidade de nenhum aviso prévio aos usuários e/ou a terceiros.",,"Geral

06/12/2018 ás 12h05

Redação Salvador / BA

Prazo para justificar ausência no primeiro turno das eleições termina nesta quinta (6)

Brasileiros maiores de 18 e menores de 70 anos são obrigados a votar

Rafael Neddermeyer/Fotos Públicas Termina nesta quinta-feira (6) o prazo para justiçar a ausência no primeiro turno das eleições 2018, realizado no dia 7 de outubro.

O eleitor pode fazer a justificativa com o preenchimento presencial de formulário nos cartórios eleitorais, como no Centro Administrativo da Bahia (CAB), e nos postos de atendimento ao eleitor nos SACs; ou pela internet, por meio do Sistema Justifica, disponível no site do Tribunal Regional Eleitoral da Bahia (TRE-BA).

O cidadão deve entregar a documentação que comprove a impossibilidade de comparecimento no dia da votação tanto na reforma presencial como pela internet. Neste último, o eleitor receberá um protocolo para acompanhar o andamento do processo.

O órgão afirma que o eleitor que não justificar a ausência será multado. Além disso, o TRE informa que a comprovação da quitação com a justiça eleitoral “é necessária para, por exemplo, tomar posse em cargo público, fazer matrículas em instituições de ensino superior e, no caso de servidor público, receber o salário”.

Caso o eleitor não justifique a falta na votação por três ocorrências consecutivas – cada turno correspondendo a uma eleição –, terá o título cancelado.

O conteúdo de cada comentário é de responsabilidade de quem realizá-lo. Nos reservamos o direito de reprovar ou eliminar comentários em desacordo com o propósito do site ou com palavras ofensivas. A qualquer tempo, poderemos cancelar o sistema de comentários sem necessidade de nenhum aviso prévio aos usuários e/ou a terceiros.

Comentários",ou|nesta|termina|primeiro|eleitor|nos|das|em|que|por|turno|para|eleições|com|da|justificar|quinta|prazo
102_12-12-18_17_56.csv,estadodabahia,"PolíticaJaques Wagner é citado em e-mail de Marcelo Odebrecht, diz jornalistaSegundo o site O Antagonista, Jaques Wagner era identificado por Marcelo Odebrecht como JW.
(Foto: José Cruz/Agência Brasil)A Procuradoria-Geral da República incluiu novos e-mails de Marcelo Odebrecht ao inquérito sobre Renan Calheiros, segundo informações da jornalista Andréia Sadi, da Globo News.
Em um deles, o senador eleito Jaques Wagner é citado.
“Ontem me reuni com Sen Renan [Calheiros], que incluiu uma emenda de relator e permitiu que Chesf fosse beneficiada até 2015.
Segundo o site O Antagonista, Jaques Wagner era identificado por Marcelo Odebrecht como JW.",,"Política

Jaques Wagner é citado em e-mail de Marcelo Odebrecht, diz jornalista

Segundo o site O Antagonista, Jaques Wagner era identificado por Marcelo Odebrecht como JW.

(Foto: José Cruz/Agência Brasil)

A Procuradoria-Geral da República incluiu novos e-mails de Marcelo Odebrecht ao inquérito sobre Renan Calheiros, segundo informações da jornalista Andréia Sadi, da Globo News. Em um deles, o senador eleito Jaques Wagner é citado.

“Ontem me reuni com Sen Renan [Calheiros], que incluiu uma emenda de relator e permitiu que Chesf fosse beneficiada até 2015. Vamos tentar ainda incluir possibilidade de renovação nas mesmas bases. Contudo já foi uma vitória!”, diz um e-mail.

E o outro: “JW e Renan hoje têm força suficiente para, se quiserem, conseguirem resolver o tema da energia Chesf”. Segundo o site O Antagonista, Jaques Wagner era identificado por Marcelo Odebrecht como JW.",uma|jaques|wagner|diz|odebrecht|é|email|marcelo|um|em|site|da|renan|jornalista|citado
102_12-12-18_17_56.csv,estadodabahia,"Economia06/12/2018 ás 12h23Redação Salvador / BAApostador da Bahia ganha quase R$ 4 milhões em aposta da QuinaO prêmio estimado para o próximo sorteio, no dia 6, é de R$ 600 mil.
O prêmio estimado para o próximo sorteio, no dia 6, é de R$ 600 mil.
Confira o rateio oficial:Quina – 5 números acertados – 1 aposta ganhadora, R$ 3.994.377,56Quadra – 4 números acertados – 78 apostas ganhadoras, R$ 6.929,64Terno – 3 números acertados – 6168 apostas ganhadoras, R$ 131,77Duque – 2 números acertados – 148837 apostas ganhadoras, R$ 3,00O conteúdo de cada comentário é de responsabilidade de quem realizá-lo.
Nos reservamos o direito de reprovar ou eliminar comentários em desacordo com o propósito do site ou com palavras ofensivas.
A qualquer tempo, poderemos cancelar o sistema de comentários sem necessidade de nenhum aviso prévio aos usuários e/ou a terceiros.",,"Economia

06/12/2018 ás 12h23

Redação Salvador / BA

Apostador da Bahia ganha quase R$ 4 milhões em aposta da Quina

O prêmio estimado para o próximo sorteio, no dia 6, é de R$ 600 mil. Confira o rateio oficial:

Divulgação Um jogador da cidade de Sobradinho, na Bahia, acertou os cinco acertou as cinco dezenas do concurso 4.843 da Quina e vai ganhar de R$ 3.994.377,56Os números sorteados nesta quarta-feira (5), em São Paulo, foram os seguintes: 52, 67, 71, 72 e 79. O prêmio estimado para o próximo sorteio, no dia 6, é de R$ 600 mil.

Confira o rateio oficial:

Quina – 5 números acertados – 1 aposta ganhadora, R$ 3.994.377,56

Quadra – 4 números acertados – 78 apostas ganhadoras, R$ 6.929,64

Terno – 3 números acertados – 6168 apostas ganhadoras, R$ 131,77

Duque – 2 números acertados – 148837 apostas ganhadoras, R$ 3,00

O conteúdo de cada comentário é de responsabilidade de quem realizá-lo. Nos reservamos o direito de reprovar ou eliminar comentários em desacordo com o propósito do site ou com palavras ofensivas. A qualquer tempo, poderemos cancelar o sistema de comentários sem necessidade de nenhum aviso prévio aos usuários e/ou a terceiros.

Comentários",apostador|sorteio|ganhadoras|rateio|é|apostas|r|quase|em|ganha|números|bahia|aposta|acertados|da|quina|milhões
102_12-12-18_17_56.csv,estadodabahia,"PolíticaInsatisfeito, Rui quer trocar comando do Detran e PP pode ficar com posto--DivulgaçãoDiante da insatisfação do governador Rui Costa com o comando do Detran, a autarquia vai sofrer alteração na reforma administrativa prevista para ser anunciada até o final do ano.
Atualmente o comando do Detran está com o Podemos.
No entanto, o vice-governador João Leão (PP) já disse aos quatro cantos que quer ter o comando do órgão.
Para isso, indicaria o deputado estadual Luiz Augusto, que não conseguiu se reeleger.
O parlamentar chegou a disponibilizar o nome para disputar o comando da Assembleia em 2016, mas, num acordo, votou em Angelo Coronel (PSD).",,"Política

Insatisfeito, Rui quer trocar comando do Detran e PP pode ficar com posto

--

Divulgação

Diante da insatisfação do governador Rui Costa com o comando do Detran, a autarquia vai sofrer alteração na reforma administrativa prevista para ser anunciada até o final do ano.

Atualmente o comando do Detran está com o Podemos. O presidente do partido, deputado federal João Carlos Bacellar, indicou os principais cargos da autarquia. No entanto, o vice-governador João Leão (PP) já disse aos quatro cantos que quer ter o comando do órgão.

Para isso, indicaria o deputado estadual Luiz Augusto, que não conseguiu se reeleger. O parlamentar chegou a disponibilizar o nome para disputar o comando da Assembleia em 2016, mas, num acordo, votou em Angelo Coronel (PSD).

Procurado pelo Varela Notícias, Luiz Augusto negou que assumirá o Detran. “Nunca ouvi essa conversa. A partir do dia 2 de fevereiro você vai me encontrar em minhas fazendas no interior. Elas estão meio abandonadas, descuidadas”, brincou. O pepista tem fazendas em Itapetinga e Guanambi

Caso a indicação se conforme, ela será, no mínimo, questionável. No início deste ano, Luiz Augusto foi um dos nove deputados estaduais que tiveram a carteira de habilitação suspensa por 30 dias por infrações cometidas no trânsito.",pp|comando|vai|rui|trocar|posto|insatisfeito|em|detran|que|augusto|pode|ficar|com|quer|da|luiz|se
102_12-12-18_17_56.csv,estadodabahia,"PolíticaGeddel, Lúcio Vieira Lima e mãe são denunciados pela PGR--(Foto Lúcio: Lucio Bernardo Jr./Agência Câmara | Foto Geddel: Agência Brasil)O ex-ministro Geddel Vieira Lima (MDB), o deputado federal Lúcio Vieira Lima (MDB), a mãe deles, Marluce, e outras cinco pessoas foram denunciadas pela procuradora-geral da República, Raquel Dodge, pelo crime de peculato (caracterizado quando um servidor público se apropria de bem ou dinheiro que tenha acesso em razão do cargo).
O bunker era utilizado pelos irmãos Vieira Lima.
Na época, Geddel e Lúcio foram denunciados por lavagem de dinheiro e associação criminosa.
“As investigações revelaram a existência de ‘funcionários fantasmas’ no gabinete de Lúcio Vieira Lima bem como a relação criminosa estabelecida a partir de indicações para cargos em comissão pelo parlamentar.
De acordo com as provas coletadas, ficou claro que os assessores atuavam para suprir interesses domésticos, pessoais e de negócios da família Vieira Lima.",,"Política

Geddel, Lúcio Vieira Lima e mãe são denunciados pela PGR

--

(Foto Lúcio: Lucio Bernardo Jr./Agência Câmara | Foto Geddel: Agência Brasil)

O ex-ministro Geddel Vieira Lima (MDB), o deputado federal Lúcio Vieira Lima (MDB), a mãe deles, Marluce, e outras cinco pessoas foram denunciadas pela procuradora-geral da República, Raquel Dodge, pelo crime de peculato (caracterizado quando um servidor público se apropria de bem ou dinheiro que tenha acesso em razão do cargo). A denúncia foi divulgada nesta quarta-feira (05) e os oito são acusados de se apropriar de remunerações de secretários parlamentares.

Conforme a assessoria da Procuradoria-Geral da República (PGR), os supostos crimes foram investigados após o início do inquérito para investigar a origem dos R$ 51 milhões, encontrados no ano passado em um apartamento do bairro da Graça, em Salvador. O bunker era utilizado pelos irmãos Vieira Lima. Na época, Geddel e Lúcio foram denunciados por lavagem de dinheiro e associação criminosa.

“As investigações revelaram a existência de ‘funcionários fantasmas’ no gabinete de Lúcio Vieira Lima bem como a relação criminosa estabelecida a partir de indicações para cargos em comissão pelo parlamentar. De acordo com as provas coletadas, ficou claro que os assessores atuavam para suprir interesses domésticos, pessoais e de negócios da família Vieira Lima. Entre as atividades desenvolvidas pelos assessores a denúncia cita serviços de contabilidade, motorista e até de cuidador”, afirmou a PGR.",pela|são|pgr|lima|geddel|os|lúcio|um|denunciados|em|para|mãe|foram|da|vieira
102_12-12-18_17_56.csv,estadodabahia,"Saúde06/12/2018 ás 12h53Redação Salvador / BANa véspera do final do prazo, 123 vagas do Mais Médicos ainda não foram preenchidasSegundo a pasta, 3.721 médicos já se apresentaram aos municípios onde deverão trabalharFoto: Karina Zambrana/Ministério da Saúde Na véspera do final do prazo, 123 vagas do Mais Médicos ainda não foram preenchidas.
Segundo a pasta, 3.721 médicos já se apresentaram aos municípios onde deverão trabalhar.
O edital oferta, ao todo, 8.517 vagas em 2.824 municípios e 34 distritos indígenas.
Na última terça-feira (4), 200 profissionais desistiram de trabalhar no Mais Médicos e as vagas foram reabertas.
O prazo de inscrição vai até sexta (7), às 23h59, e os médicos têm até o dia 14 para se apresentarem nos municípios.",,"Saúde

06/12/2018 ás 12h53

Redação Salvador / BA

Na véspera do final do prazo, 123 vagas do Mais Médicos ainda não foram preenchidas

Segundo a pasta, 3.721 médicos já se apresentaram aos municípios onde deverão trabalhar

Foto: Karina Zambrana/Ministério da Saúde Na véspera do final do prazo, 123 vagas do Mais Médicos ainda não foram preenchidas. A informação foi divulgada nesta quinta (6) pelo Ministério da Saúde.

Segundo a pasta, 3.721 médicos já se apresentaram aos municípios onde deverão trabalhar. O edital oferta, ao todo, 8.517 vagas em 2.824 municípios e 34 distritos indígenas. Na última terça-feira (4), 200 profissionais desistiram de trabalhar no Mais Médicos e as vagas foram reabertas.

O prazo de inscrição vai até sexta (7), às 23h59, e os médicos têm até o dia 14 para se apresentarem nos municípios.

O conteúdo de cada comentário é de responsabilidade de quem realizá-lo. Nos reservamos o direito de reprovar ou eliminar comentários em desacordo com o propósito do site ou com palavras ofensivas. A qualquer tempo, poderemos cancelar o sistema de comentários sem necessidade de nenhum aviso prévio aos usuários e/ou a terceiros.

Comentários",preenchidas|mais|aos|trabalhar|véspera|ainda|vagas|médicos|foram|final|se|não|municípios|prazo
102_12-12-18_17_56.csv,estadodabahia,"EsportesBahia está entre os 20 times da América do Sul mais vistos no Youtube--DivulgaçãoA boa temporada feita pelo Bahia no Campeonato Brasileiro e na Copa Sul-Americana fizeram o clube disparar em número de visualizações no youtube no mês de novembro.
Foram mais de 300 mil visualizações na plataforma, o que colocou o clube em vigésimo da América do Sul no mês de novembro.
O Tricolor utiliza a plataforma para disponibilizar os bastidores dos confrontos, entrevistas e os gols vistos por um ângulo diferente.
Santos (5º), Corinthians (6º) e Grêmio (7º) são os outros times brasileiros que aparecem entre os dez primeiros.
Entre os times do Nordeste, destaque para o Fortaleza.",,"Esportes

Bahia está entre os 20 times da América do Sul mais vistos no Youtube

--

Divulgação

A boa temporada feita pelo Bahia no Campeonato Brasileiro e na Copa Sul-Americana fizeram o clube disparar em número de visualizações no youtube no mês de novembro. Foram mais de 300 mil visualizações na plataforma, o que colocou o clube em vigésimo da América do Sul no mês de novembro. O Tricolor utiliza a plataforma para disponibilizar os bastidores dos confrontos, entrevistas e os gols vistos por um ângulo diferente.

O primeiro é o atual campeão do Brasileirão, o Palmeiras, com quase 6 milhões de views. O Flamengo, vice-campeão brasileiro, também aparece em segundo no ranking com 2,7 milhões de visualizações. O São Paulo ficou em terceiro. Santos (5º), Corinthians (6º) e Grêmio (7º) são os outros times brasileiros que aparecem entre os dez primeiros.

Entre os times do Nordeste, destaque para o Fortaleza. O atual campeão da Série B aparece em 12° com 492.212 viwes. O Ceará aparece em 19º com 350.150. O levantamento foi feito pela biblioteca multiplataforma SMFL.",são|entre|sul|os|está|em|aparece|visualizações|times|youtube|bahia|com|da|mais|vistos
102_12-12-18_17_56.csv,estadodabahia,"Polícia06/12/2018 ás 11h41Redação Salvador / BACantor do hit “Gordinho gostoso”, Neto LX é detido com drogas em ItabunaO cantor e mais duas pessoas que também estavam no veículo, foram ouvidos e liberados.
Divulgação O cantor do famoso hit “Gordinho Gostoso”, que estourou no carnaval de 2015, Neto LX foi conduzido a delegacia na cidade de Itabuna, sul do estado, após supostamente ser flagrado em um carro com maconha e ecstasy.
“Ligaram para a PM e eles foram averiguar, eles já estavam em trânsito, sendo detidos no Viaduto Paulo Souto”, explica.
O cantor e mais duas pessoas que também estavam no veículo, foram ouvidos e liberados.
Nos reservamos o direito de reprovar ou eliminar comentários em desacordo com o propósito do site ou com palavras ofensivas.",,"Polícia

06/12/2018 ás 11h41

Redação Salvador / BA

Cantor do hit “Gordinho gostoso”, Neto LX é detido com drogas em Itabuna

O cantor e mais duas pessoas que também estavam no veículo, foram ouvidos e liberados. Os três irão responder ao processo em liberdade.

Divulgação O cantor do famoso hit “Gordinho Gostoso”, que estourou no carnaval de 2015, Neto LX foi conduzido a delegacia na cidade de Itabuna, sul do estado, após supostamente ser flagrado em um carro com maconha e ecstasy.

A delegada Marilene Aboboreira, responsável pela ação, confirmou o fato ao site Plantão Itabuna. “Ligaram para a PM e eles foram averiguar, eles já estavam em trânsito, sendo detidos no Viaduto Paulo Souto”, explica.





O cantor e mais duas pessoas que também estavam no veículo, foram ouvidos e liberados. Os três irão responder ao processo em liberdade.

O conteúdo de cada comentário é de responsabilidade de quem realizá-lo. Nos reservamos o direito de reprovar ou eliminar comentários em desacordo com o propósito do site ou com palavras ofensivas. A qualquer tempo, poderemos cancelar o sistema de comentários sem necessidade de nenhum aviso prévio aos usuários e/ou a terceiros.

Comentários",detido|estavam|gordinho|drogas|é|lx|cantor|ao|veículo|em|que|três|neto|itabuna|com|foram|gostoso|hit
102_12-12-18_17_56.csv,estadodabahia,"Com a proximidade do verão, que começa dia 21 de dezembro, aumenta a incidência de infecção urinária.
A doença é mais comum nos dias quentes por causa da desidratação provocada pelo suor, o que diminui a produção de urina.
A infecção pode ser classificada como “baixa”, quando atinge uretra e bexiga, ou “alta”, quando as bactérias invadem os rins.
Pessoas que têm outras doenças associadas, como diabetes, estão mais suscetíveis à infecção urinária, assim como as ansiosas, porque o sistema imunológico fica debilitado e mais fraco para combater as bactérias.
— Os sintomas são dor na parte baixa do abdômen, aumento da vontade de urinar, odor mais forte e coloração mais escura da urina, além da sensação de ardor ao urinar — detalha Alcides Mosconi Neto, membro do departamento de Disfunções Miccionais da SBU.",,"Com a proximidade do verão, que começa dia 21 de dezembro, aumenta a incidência de infecção urinária. A doença é mais comum nos dias quentes por causa da desidratação provocada pelo suor, o que diminui a produção de urina.

— Nos dias de calor, transpiramos muito e, assim, perdemos líquido. Além disso, não conseguimos repor uma quantidade suficiente de líquidos. Neste ambiente, a bactéria encontra muita facilidade de causar uma infecção urinária, porque a urina é que tem a capacidade de expelir as bactérias — explica o urologista Lessandro Curcio, vice-presidente da Sociedade Brasileira de Urologia (SBU) do Rio.



São estes microrganismos que invadem os tecidos que compõem o sistema urinário e causam o problema. A infecção pode ser classificada como “baixa”, quando atinge uretra e bexiga, ou “alta”, quando as bactérias invadem os rins.





O problema costuma afetar mais as mulheres do que os homens. Isso ocorre por uma questão anatômica: a uretra delas é reta e curta, enquanto a deles é longa e recebe um “bloqueio” da próstata. Pessoas que têm outras doenças associadas, como diabetes, estão mais suscetíveis à infecção urinária, assim como as ansiosas, porque o sistema imunológico fica debilitado e mais fraco para combater as bactérias.





— Os sintomas são dor na parte baixa do abdômen, aumento da vontade de urinar, odor mais forte e coloração mais escura da urina, além da sensação de ardor ao urinar — detalha Alcides Mosconi Neto, membro do departamento de Disfunções Miccionais da SBU.

",uma|prevenir|é|os|saiba|que|urinária|como|infecção|urina|da|se|mais
102_12-12-18_17_56.csv,estadodabahia,"Municípios06/12/2018 ás 11h30Redação Salvador / BAMP-BA licita compra de 2,4 mil latas de leite em pó por R$ 21 milDe acordo com o edital de licitação, o preço total do leite poderia chegar até R$ 31,7 mil.
Divulgação O Ministério Público da Bahia (MP-BA) poderá comprar 2,4 mil latas de leite em pó para atender as demandas diárias das unidades das sedes localizadas no Centro Administrativo (CAB) e no bairro de Nazaré.
As latas poderão ser adquiridas por quase R$ 21 mil.
De acordo com o edital de licitação, o preço total do leite poderia chegar até R$ 31,7 mil.
Nos reservamos o direito de reprovar ou eliminar comentários em desacordo com o propósito do site ou com palavras ofensivas.",,"Municípios

06/12/2018 ás 11h30

Redação Salvador / BA

MP-BA licita compra de 2,4 mil latas de leite em pó por R$ 21 mil

De acordo com o edital de licitação, o preço total do leite poderia chegar até R$ 31,7 mil.

Divulgação O Ministério Público da Bahia (MP-BA) poderá comprar 2,4 mil latas de leite em pó para atender as demandas diárias das unidades das sedes localizadas no Centro Administrativo (CAB) e no bairro de Nazaré. As latas poderão ser adquiridas por quase R$ 21 mil. Cada lata de leite, da marca Glória, custará ao MP R$ 8,78. A ata de registro de preços tem validade de um ano e foi homologada pelo critério de menor preço. De acordo com o edital de licitação, o preço total do leite poderia chegar até R$ 31,7 mil.

O conteúdo de cada comentário é de responsabilidade de quem realizá-lo. Nos reservamos o direito de reprovar ou eliminar comentários em desacordo com o propósito do site ou com palavras ofensivas. A qualquer tempo, poderemos cancelar o sistema de comentários sem necessidade de nenhum aviso prévio aos usuários e/ou a terceiros.

Comentários",mil|leite|total|mpba|r|em|por|com|preço|latas|pó|compra|licita
102_12-12-18_17_56.csv,estadodabahia,"ArtigosSaiba como limpar seu nome no SPC e SerasaCuidado com alguns sites que oferecem esse tipo de consulta, pois muitos não são consultas real e poderá passar por constrangimentos.
Para isso existem algumas saídas para encontrar essas empresas e tentar uma negociação amigável afim de limpar seu nome.
Outro caso, divulgam que vão tirar seu nome do spc e serasa em tantos dias ou poucas horas e você paga uma taxa por isso, não caia nessa ladainha pois isso não existe.
Por isso, é de estrema importância que faça uma consulta do seu nome/cpf no spc serasa antes de tudo.
Não acreditem em mágica ou quem promete limpar seu nome sem pagar dívidas.",,"Artigos

Saiba como limpar seu nome no SPC e Serasa

Cuidado com alguns sites que oferecem esse tipo de consulta, pois muitos não são consultas real e poderá passar por constrangimentos.

Divulgação

Limpar o nome é uma das coisas mais almejadas pelas pessoas quando estão com nome sujo e com dificuldades financeiras, e muitas das vezes quando estão dispostos a negociar e quitar suas dívidas não conseguem contato com o mesmos, ou até mesmo não encontram seus credores as empresas no qual devem.

Para isso existem algumas saídas para encontrar essas empresas e tentar uma negociação amigável afim de limpar seu nome.

Uma delas é ir direto aos postos de atendimento mais próximos de sua cidade, tanto no SPC quanto no Serasa você fará uma consulta gratuita do seu nome e cpf, assim saberá para quem esta devendo e ai poder ligar e negociar a dívida.

Uma outra opção são os sites de consulta spc e serasa online. Funciona assim: você se cadastra, depois compra um crédito um valor, podendo ser pago por boleto, debito ou cartão de crédito, assim que o valor foi liberado em seu saldo você consegue fazer a consulta do seu nome e a resposta vem online e na hora.

Nessa resposta virá todos os dados das empresas no qual deve como outros dados de endereço e telefone. Algumas consultas podem vir mais resultados e outras menos resultados, tudo depende do tipo de consulta que pretende realizar.

Cuidado com alguns sites que oferecem esse tipo de consulta, pois muitos não são consultas real e poderá passar por constrangimentos.

É bom tomar alguns cuidados antes de limpar o nome.

Cuidados a tomar

Hoje em dia existem muitas pessoas ou empresas oferecendo serviços de limpeza do nome e cobram por isso, só que muitos dos casos são falcatruas aonde pegam seu dinheiro antecipado e depois somem.

Outro caso, divulgam que vão tirar seu nome do spc e serasa em tantos dias ou poucas horas e você paga uma taxa por isso, não caia nessa ladainha pois isso não existe.

Aconselho você mesmo ir atrás dos credores. Não é difícil e terá mais sucesso na negociação direta com eles. Por isso, é de estrema importância que faça uma consulta do seu nome/cpf no spc serasa antes de tudo.

Negociando

Quando tiver com os dados da empresa no qual esta inadimplente procure não aceitar as condições logo de cara, tente negociar mais e mais, se possível puder pagar a vista é interessante pois conseguirá um bom desconto.

Em último caso procure um advogado para ajudar na negociação com a empresa caso veja que os juros ainda estão abusivos.

Espero poder ter ajudado com algumas dicas de como limpar o nome. Não acreditem em mágica ou quem promete limpar seu nome sem pagar dívidas. Todos nós passamos por algum momento da nossas vidas por dificuldades financeiras e nossos nomes vão para as empresas de proteção ao crédito, mas temos que ter a consciência da dívida e trabalhar para pagar com honestidade.",mais|serasa|é|saiba|limpar|que|seu|por|como|consulta|com|você|nome|spc|não
102_12-12-18_17_56.csv,estadodabahia,"Política07/12/2018 ás 17h43Redação Salvador / BAApós discussão no Whatsapp, bancada do PSL marca reunião com BolsonaroNos últimos dias, dois filhos do presidente eleito enviaram recados diretos e indiretos para seus correligionários pelas redes sociais.
“Eu convoquei os eleitos bem antes disso e também não há nada demais nas conversas, os debates são normais”, afirmou.
O protagonismo de parlamentares eleitos pelo PSL, ainda não empossados, tem incomodado a família Bolsonaro e antigos parlamentares.
Segundo Waldir, a convocação para a reunião de quarta foi feita por meio deste mesmo grupo de Whatsapp.
Nos reservamos o direito de reprovar ou eliminar comentários em desacordo com o propósito do site ou com palavras ofensivas.",,"Política

07/12/2018 ás 17h43

Redação Salvador / BA

Após discussão no Whatsapp, bancada do PSL marca reunião com Bolsonaro

Nos últimos dias, dois filhos do presidente eleito enviaram recados diretos e indiretos para seus correligionários pelas redes sociais.

Foto: Estadão Após discussão no grupo de WhatsApp do PSL sobre protagonismo no partido, os eleitos da legenda se reúnem na próxima quarta-feira, 12, à tarde com o presidente eleito Jair Bolsonaro no Centro Cultural do Banco do Brasil (CCBB), em Brasília, onde se concentra o governo de transição. As disputas recentes devem entrar no debate do encontro, embora não tenham sido o motivo da agenda. O vice-líder do partido na Câmara, Delegado Waldir (PSL-GO) disse que o encontro já estava marcado há muito tempo, dentro do circuito de reuniões que Bolsonaro tem feito com as bancadas partidárias do Congresso e que as disputas não foram o motivo para realizar o evento. “Eu convoquei os eleitos bem antes disso e também não há nada demais nas conversas, os debates são normais”, afirmou. O protagonismo de parlamentares eleitos pelo PSL, ainda não empossados, tem incomodado a família Bolsonaro e antigos parlamentares. Nos últimos dias, dois filhos do presidente eleito enviaram recados diretos e indiretos para seus correligionários pelas redes sociais. Paralelamente, os correligionários tiveram um debate acalorado em um grupo de Whatsapp. No grupo de troca de mensagens, que reúne os eleitos pelo partido, Joice Hasselmann (PSL-SP) criticou a articulação da legenda e discutiu com o deputado e senador eleito Major Olímpio (PSL-SP). Posteriormente, Eduardo Bolsonaro entrou na conversa e disse que recebeu ordens do pai para conduzir articulações na Câmara apenas nos bastidores, de modo a não irritar o presidente da Casa, Rodrigo Maia (DEM-RJ) que poderia acelerar a aprovação das chamadas “pautas bombas” na Casa. Segundo Waldir, a convocação para a reunião de quarta foi feita por meio deste mesmo grupo de Whatsapp. Nesta sexta-feira, Maia evitou comentar a menção ao seu nome. Paralelamente, nesta sexta-feira, 7, o deputado eleito por São Paulo Junior Bozzella afirmou que foi escolhido como líder da bancada do PSL de São Paulo e Alexandre Frota (PSL-SP) será o vice-líder. Um dos objetivos, segundo Bozzella, é fazer a interlocução de São Paulo junto à transição de governo e “ajudar de fato o Brasil e o Governo Bolsonaro”.

O conteúdo de cada comentário é de responsabilidade de quem realizá-lo. Nos reservamos o direito de reprovar ou eliminar comentários em desacordo com o propósito do site ou com palavras ofensivas. A qualquer tempo, poderemos cancelar o sistema de comentários sem necessidade de nenhum aviso prévio aos usuários e/ou a terceiros.

Comentários",são|reunião|após|os|whatsapp|discussão|que|para|bolsonaro|com|eleito|psl|bancada|da|não|marca
102_12-12-18_17_56.csv,estadodabahia,"O último recurso que garantiria a validação dos votos do ex-prefeito de Juazeiro, Isaac Carvalho (PCdoB), que foi candidato a deputado federal, acabou sendo negado, na noite desta quarta-feira (5), pelo Tribunal Superior Eleitoral (TSE), por 7 votos a 0.
Com isso, o deputado federal eleito Leur Lomanto Jr (DEM) garante a cadeira na Câmara dos Deputados.
Com mais de 100 mil votos no pleito, Carvalho foi condenado pela Justiça em 2015 a um ano, 11 meses e 10 dias de prisão, por cometer ilegalidades com recursos públicos.",,"O último recurso que garantiria a validação dos votos do ex-prefeito de Juazeiro, Isaac Carvalho (PCdoB), que foi candidato a deputado federal, acabou sendo negado, na noite desta quarta-feira (5), pelo Tribunal Superior Eleitoral (TSE), por 7 votos a 0.

Com isso, o deputado federal eleito Leur Lomanto Jr (DEM) garante a cadeira na Câmara dos Deputados.

Com mais de 100 mil votos no pleito, Carvalho foi condenado pela Justiça em 2015 a um ano, 11 meses e 10 dias de prisão, por cometer ilegalidades com recursos públicos.",isaac|cadeira|garante|câmara|federal|dos|deputados|perde|votos|que|por|deputado|foi|tse|último|leur|carvalho|validação
102_12-12-18_17_56.csv,estadodabahia,"PolíticaBolsonaro chega ao CCBB para aprovar estrutura de ministériosPresidente eleito chegou por volta das 8h40 ao CCBB, sede da transição, para 'agenda interna'© Adriano Machado / ReutersO presidente eleito, Jair Bolsonaro, terá uma reunião nesta quinta-feira, às 10h, com a equipe de transição para aprovar o desenho consolidado da estrutura dos ministérios.
Esta semana, o futuro ministro-chefe da Casa Civil, Onyx Lorenzoni, informou que estão previstas 22 pastas - o comando dos futuros ministérios dos Direitos Humanos e do Meio Ambiente ainda não foi definido.
Bolsonaro chegou por volta das 8h40 ao Centro Cultural Banco do Brasil (CCBB), sede da transição, para ""agenda interna"", segundo informou sua assessoria.
Inicialmente, Bolsonaro teria reuniões no início da manhã com autoridades na Granja do Torto, uma das residências oficiais da Presidência da República, onde está hospedado, mas os encontros não ocorreram.
Ainda não foi informado se o presidente eleito permanecerá em Brasília nesta quinta-feira ou se retornará ao Rio de Janeiro.",,"Política

Bolsonaro chega ao CCBB para aprovar estrutura de ministérios

Presidente eleito chegou por volta das 8h40 ao CCBB, sede da transição, para 'agenda interna'

© Adriano Machado / Reuters

O presidente eleito, Jair Bolsonaro, terá uma reunião nesta quinta-feira, às 10h, com a equipe de transição para aprovar o desenho consolidado da estrutura dos ministérios. Esta semana, o futuro ministro-chefe da Casa Civil, Onyx Lorenzoni, informou que estão previstas 22 pastas - o comando dos futuros ministérios dos Direitos Humanos e do Meio Ambiente ainda não foi definido.

Bolsonaro chegou por volta das 8h40 ao Centro Cultural Banco do Brasil (CCBB), sede da transição, para ""agenda interna"", segundo informou sua assessoria.

Inicialmente, Bolsonaro teria reuniões no início da manhã com autoridades na Granja do Torto, uma das residências oficiais da Presidência da República, onde está hospedado, mas os encontros não ocorreram. Ainda não foi informado se o presidente eleito permanecerá em Brasília nesta quinta-feira ou se retornará ao Rio de Janeiro. Com informações do Estadão Conteúdo.",chega|transição|ministérios|dos|das|ao|estrutura|aprovar|para|bolsonaro|ccbb|com|eleito|da|não
102_12-12-18_17_56.csv,estadodabahia,"PolíticaLula acertou propina ao filho em troca de benefícios, diz PalocciEx-ministro petista acusa o ex-presidente de ter ajudado filho com vantagens ilícitas para projetos esportivos© Ueslei Marcelino / ReutersO ex-ministro Antonio Palocci (Fazenda e Casa Civil) acusou nesta quinta-feira (6) o ex-presidente Luiz Inácio Lula da Silva de acertar com um lobista do setor automobilístico pagamentos ao filho caçula, Luís Cláudio Lula da Silva, em troca de benefícios viabilizados por uma medida provisória.
Em depoimento prestado à 10ª Vara da Justiça Federal em Brasília, Palocci declarou ter sido procurado por Luís Claudio entre 2013 e 2014 pedindo ajuda para captar recursos para projetos esportivos.
O ex-ministro relatou ter se encontrado com Lula depois, no Instituto Lula, para tratar do assunto.
Palocci depôs como testemunha de acusação, arrolado pelo MPF (Ministério Público Federal) em Brasília, em ação penal contra Lula.
Outra MP, a 627, renovou em 2013 os benefícios da 471 que estavam por vencer no ano seguinte.",,"Política

Lula acertou propina ao filho em troca de benefícios, diz Palocci

Ex-ministro petista acusa o ex-presidente de ter ajudado filho com vantagens ilícitas para projetos esportivos

© Ueslei Marcelino / Reuters

O ex-ministro Antonio Palocci (Fazenda e Casa Civil) acusou nesta quinta-feira (6) o ex-presidente Luiz Inácio Lula da Silva de acertar com um lobista do setor automobilístico pagamentos ao filho caçula, Luís Cláudio Lula da Silva, em troca de benefícios viabilizados por uma medida provisória.

Em depoimento prestado à 10ª Vara da Justiça Federal em Brasília, Palocci declarou ter sido procurado por Luís Claudio entre 2013 e 2014 pedindo ajuda para captar recursos para projetos esportivos. Ele organizava um campeonato de futebol americano no Brasil.

O ex-ministro relatou ter se encontrado com Lula depois, no Instituto Lula, para tratar do assunto. Na ocasião, o ex-presidente teria admitido a combinação ilícita. ""Não precisa se preocupar, porque eu já arrumei esses recursos na renovação dos benefícios da Caoa e da Mitsubishi"", disse o ex-mandatário, conforme o depoente.

As duas montadoras conseguiram em 2009 e em 2013, por meio de medidas provisórias, incentivos fiscais para manter suas fábricas na região Centro-Oeste.

Uma das empresas de Luís Cláudio recebeu R$ 2,5 milhões do lobista Mauro Marcondes Machado, que representava as duas empresas perante o governo e o Congresso.

Palocci depôs como testemunha de acusação, arrolado pelo MPF (Ministério Público Federal) em Brasília, em ação penal contra Lula. Ele falou por videoconferência ao juiz substituto Ricardo Leite, da 10ª Vara Federal no Distrito Federal, na qual tramita a ação penal sobre o caso. O ex-ministro fez um acordo de delação premiada com a Polícia Federal e está em prisão domiciliar.

O MPF denunciou em setembro do ano passado o ex-presidente, o ex-ministro Gilberto Carvalho e mais cinco pessoas por, supostamente, vender uma medida provisória de 2009 a montadoras de veículos.

Eles são acusados de corrupção ao elaborar e editar, em 2009, a MP 471, que prorrogou por cinco anos incentivos fiscais a fábricas instaladas no Norte, no Nordeste e no Centro-Oeste, a título de fomentar o desenvolvimento dessas regiões.

Outra MP, a 627, renovou em 2013 os benefícios da 471 que estavam por vencer no ano seguinte. A regra que prorrogou novamente os incentivos foi incluída no texto no Congresso, via emenda parlamentar.

Esse caso é tratado em outra ação penal, na qual Lula e o filho caçula, Luís Claudio, são acusados de tráfico de influência para viabilizar a aprovação do benefício.

A investigação foi feita pelo MPF na Operação Zelotes, com apoio técnico da Coordenação-Geral de Procedimentos Especiais da Corregedoria-Geral Do Ministério da Fazenda.Galeria Lula deixa prisão pela primeira vez para depor Veja fotos de manifestantes nos arredores da Justiça Federal do Paraná, nesta quarta-feira (14), durante depoimento do ex-presidente Lula. Com informações da Folhapress.",propina|diz|federal|palocci|troca|filho|ao|em|por|expresidente|acertou|para|que|com|da|lula|luís|benefícios
102_12-12-18_17_56.csv,estadodabahia,"Política06/12/2018 ás 12h42Redação Salvador / BAGenro defende que Haddad substitua Gleisi na presidência do PTContudo, Genro evitou criticar a gestão de Gleisi Hoffmann e disse que, dentro do contexto de crise que a sigla vive, ela foi a melhor possibilidade.
Divulgação O ex-ministro Tarso Genro defende que o ex-prefeito de São Paulo, Fernando Haddad, seja o próximo presidente do PT, em substituição a Gleisi Hoffmann.
“O próximo presidente do PT precisa ser uma pessoa como o Haddad.
Alguém que seja ligado aos movimentos sociais e à intelectualidade”, afirmou, em entrevista ao site Poder360.
Contudo, Genro evitou criticar a gestão de Gleisi Hoffmann e disse que, dentro do contexto de crise que a sigla vive, ela foi a melhor possibilidade.",,"Política

06/12/2018 ás 12h42

Redação Salvador / BA

Genro defende que Haddad substitua Gleisi na presidência do PT

Contudo, Genro evitou criticar a gestão de Gleisi Hoffmann e disse que, dentro do contexto de crise que a sigla vive, ela foi a melhor possibilidade.

Divulgação O ex-ministro Tarso Genro defende que o ex-prefeito de São Paulo, Fernando Haddad, seja o próximo presidente do PT, em substituição a Gleisi Hoffmann.

“O próximo presidente do PT precisa ser uma pessoa como o Haddad. Alguém que seja ligado aos movimentos sociais e à intelectualidade”, afirmou, em entrevista ao site Poder360.

Contudo, Genro evitou criticar a gestão de Gleisi Hoffmann e disse que, dentro do contexto de crise que a sigla vive, ela foi a melhor possibilidade.

O conteúdo de cada comentário é de responsabilidade de quem realizá-lo. Nos reservamos o direito de reprovar ou eliminar comentários em desacordo com o propósito do site ou com palavras ofensivas. A qualquer tempo, poderemos cancelar o sistema de comentários sem necessidade de nenhum aviso prévio aos usuários e/ou a terceiros.

Comentários",substitua|pt|genro|presidência|em|haddad|que|seja|site|sigla|gleisi|vive|defende
102_12-12-18_17_56.csv,estadodabahia,"""Meu compromisso com Bolsonaro foi até o dia 28 [de outubro, data do segundo turno], às 19h30.
Apesar de não ter conseguido se reeleger para o Senado, Malta não se diz arrependido da atenção que dispensou à campanha presidencial.
""Aí você tem que perguntar para ele"", reagiu irritado quando confrontado com a declaração do presidente eleito.
Entendo que ele é o presidente.
Mesmo assim, o senador diz não ver necessidade de que Bolsonaro se explique aos seus apoiadores.",,"Eleições 2018

Malta diz que seu compromisso com Bolsonaro foi até o dia da eleição

Senador foi um dos principais cabos eleitorais do presidente eleito e ficou sem qualquer espaço na Esplanada dos Ministérios

© DR

De volta ao Senado após se isolar no interior do Espírito Santo, Magno Malta (PR-ES) negou estar frustrado por não ter sido escolhido para comandar um ministério no governo de Jair Bolsonaro (PSL).

Um dos principais cabos eleitorais do presidente eleito, Malta foi de ""vice dos sonhos"", quando Bolsonaro anunciava publicamente que o queria para o cargo, a alguém que ficou sem qualquer espaço na Esplanada dos Ministérios.

Nesta quarta-feira (5), em sua primeira aparição depois de o primeiro escalão do futuro governo estar praticamente completo, o senador estava arredio. Sem blazer, foi direto ao plenário, conversou com colegas e evitou os jornalistas o quanto pôde. Chegou a discursar, mas apenas falou contra ""ativismo judiciário"". Concedeu entrevista andando durante os dois minutos e 38 segundos que levou até chegar a seu gabinete.

""Meu compromisso com Bolsonaro foi até o dia 28 [de outubro, data do segundo turno], às 19h30. Tínhamos um projeto de tirar o Brasil de um viés ideológico e nosso compromisso acabou dia 28. Bolsonaro não tem nenhum compromisso comigo"", afirmou o senador.

Apesar de não ter conseguido se reeleger para o Senado, Malta não se diz arrependido da atenção que dispensou à campanha presidencial.

""De jeito nenhum"", disse elevando o tom da voz. ""Continuo lutando por ele, defendendo ele. Acredito nele, acredito no caráter dele. É o homem para o Brasil. Não me arrependo de nada. Faria tudo de novo. Não sou homem de frustração. Sou homem de luta e luto por aquilo que acredito"", afirmou, completando que ""Deus levantou Bolsonaro. E pronto"".

Mais cedo, Bolsonaro disse que ""a questão de um possível ministério [para Magno Malta], não achamos adequado no momento, mas ele pode estar do meu lado, sim, nunca foram fechadas as portas para ele"".

""Aí você tem que perguntar para ele"", reagiu irritado quando confrontado com a declaração do presidente eleito.

Questionado sobre como alguém, antes da eleição, é chamado de vice dos sonhos e, depois, fica sem nada, ele voltou a demonstrar irritação.

""Se você não está entendendo, você tem que procurar, deduzir. Não sou eu que vou responder para você. Entendo que ele é o presidente. Quem tem que montar o gabinete é ele"", respondeu.

O tratamento dispensado a Magno Malta foi visto com revolta por integrantes da bancada evangélica, grupo que, até o momento, não conseguiu emplacar nomes em nenhum ministério.

Mesmo assim, o senador diz não ver necessidade de que Bolsonaro se explique aos seus apoiadores.

""As coisas não dependem de mim, dependem de Deus. Não acho que ele deve explicar nada. Deve continuar como sempre foi.""

Uma assessora parlamentar de Malta, a pastora evangélica Damares Alves, é cotada para assumir o Ministério dos Direitos Humanos.

LEIA MAIS:

+ Bolsonaro parabeniza policial por matar homem que fez idosa refém no RJ",diz|dia|é|dos|um|que|ele|seu|compromisso|eleição|para|foi|com|bolsonaro|malta|da|não
102_12-12-18_17_56.csv,estadodabahia,"MunicípiosPrefeita de Ipiaú cumpre índices exigidos e tem contas aprovadas pelo TCM--DivulgaçãoNa sessão de terça-feira (11/12), o Tribunal de Contas dos Municípios aprovou com ressalvas as contas da Prefeitura de Ipiaú, da responsabilidade de Maria das Graças Mendonça, referentes ao exercício de 2017.
O relator do parecer, conselheiro substituto Cláudio Ventin multou a gestora em R$5 mil pelas irregularidades apuradas durante o exame das contas.
A despesa total com pessoal representou 53,36% da receita corrente líquida do município, cumprindo, portanto, o limite de 54% estabelecido pela Lei de Responsabilidade Fiscal.
Na manutenção e desenvolvimento do ensino foram investidos 25,88% da receita resultante de impostos, compreendida a proveniente de transferências, cumprindo o mínimo de 25%.
E, na remuneração dos profissionais do magistério foram aplicados 73,82% dos recursos originários do FUNDEB, sendo o mínimo exigido 60%.",,"Municípios

Prefeita de Ipiaú cumpre índices exigidos e tem contas aprovadas pelo TCM

--

Divulgação

Na sessão de terça-feira (11/12), o Tribunal de Contas dos Municípios aprovou com ressalvas as contas da Prefeitura de Ipiaú, da responsabilidade de Maria das Graças Mendonça, referentes ao exercício de 2017. O relator do parecer, conselheiro substituto Cláudio Ventin multou a gestora em R$5 mil pelas irregularidades apuradas durante o exame das contas. O Município de Ipiaú apresentou uma receita arrecadada no montante de R$ 72.137.589,80 e realizou despesas na ordem de R$74.410.930,20, o que indica um déficit de R$2.273.340,40. A despesa total com pessoal representou 53,36% da receita corrente líquida do município, cumprindo, portanto, o limite de 54% estabelecido pela Lei de Responsabilidade Fiscal.

Sobre as obrigações constitucionais e legais, a prefeita cumpriu todos os índices exigidos. Na manutenção e desenvolvimento do ensino foram investidos 25,88% da receita resultante de impostos, compreendida a proveniente de transferências, cumprindo o mínimo de 25%. Já nas ações e serviços públicos de saúde o investimento foi de 19,29% dos impostos e transferências, superando, portanto, o mínimo de 15%. E, na remuneração dos profissionais do magistério foram aplicados 73,82% dos recursos originários do FUNDEB, sendo o mínimo exigido 60%. Cabe recurso da decisão. (*Com informações do TCM)",aprovadas|prefeita|ipiaú|cumpre|receita|transferências|mínimo|dos|índices|tem|pelo|tcm|exigidos|com|responsabilidade|contas|da
102_12-12-18_17_56.csv,estadodabahia,"MunicípiosSalvador ganha Prêmio Nacional de TurismoO projeto concorreu na final com um da Secretaria de Turismo Esportes e Lazer de Pernambuco e com outro do ICMBIO.
DivulgaçãoA Prefeitura de Salvador ganhou o Prêmio Nacional de Turismo, do Ministério do Turismo (MTur), com o Programa de Otimização de Performance (POP), na categoria “Monitoramento e Avaliação do Turismo”.
O projeto concorreu na final com um da Secretaria de Turismo Esportes e Lazer de Pernambuco e com outro do ICMBIO.
“A premiação é fruto de um trabalho de valorização do turismo que Prefeitura vem desenvolvendo desde o início da nossa gestão.
Ele ressaltou que é uma premiação “do povo de Salvador e de todos envolvidos nessa indústria tão importante para nossa cidade"".",,"Municípios

Salvador ganha Prêmio Nacional de Turismo

O projeto concorreu na final com um da Secretaria de Turismo Esportes e Lazer de Pernambuco e com outro do ICMBIO.

Divulgação

A Prefeitura de Salvador ganhou o Prêmio Nacional de Turismo, do Ministério do Turismo (MTur), com o Programa de Otimização de Performance (POP), na categoria “Monitoramento e Avaliação do Turismo”. A premiação ocorreu ontem (5), na Cidade das Artes, no Rio de Janeiro. O POP venceu a final disputada com um projeto do Serviço Brasileiro de Apoio às Micro e Pequenas Empresas (Sebrae) do Ceará e outro do Instituto Chico Mendes de Conservação da Biodiversidade (ICMBIO).

A Casa do Carnaval da Bahia, também da Prefeitura, ficou em segundo lugar na categoria “Valorização do Patrimônio pelo Turismo”. O projeto concorreu na final com um da Secretaria de Turismo Esportes e Lazer de Pernambuco e com outro do ICMBIO.

Em solenidade, o secretário Municipal de Cultura e Turismo, Claudio Tinoco, recebeu os troféus do ministro do Turismo, Vinicius Lummertz. “É uma grande alegria, que divido com todos os soteropolitanos, ter o POP e a Casa do Carnaval sendo reconhecidos nacionalmente. Isso nos estimula a continuar trabalhando pela valorização do nosso patrimônio e na inovação da gestão do turismo de Salvador”, celebrou Tinoco”.

O prefeito ACM Neto também comemorou a premiação, hoje (06). “A premiação é fruto de um trabalho de valorização do turismo que Prefeitura vem desenvolvendo desde o início da nossa gestão. Salvador está reconquistando o posto de capital do turismo nacional e isso nos orgulha"", disse o prefeito. Ele ressaltou que é uma premiação “do povo de Salvador e de todos envolvidos nessa indústria tão importante para nossa cidade"".

Esta é uma premiação inédita e foi lançada em outubro, com o objetivo de identificar, reconhecer, premiar e disseminar iniciativas, práticas inovadoras e casos de sucesso relacionados aos setores público e privado e ao terceiro setor do turismo brasileiro. Ao todo, 241 ações e casos de sucesso foram inscritas nas sete categorias do prêmio. Salvador foi o único destino turístico brasileiro, entre estados e municípios, a disputar duas finais em categorias diferentes.

POP - O Programa de Otimização de Performance (POP) monitora as avaliações de 80 hotéis e 37 principais atrativos turísticos da capital baiana, através de comentários dos visitantes em mais de 175 sites e agências online de turismo de 145 países, e em 45 idiomas. Salvador é primeira cidade brasileira a dispor desta tecnologia.

As avaliações dos usuários são contabilizadas através de informações contidas nas resenhas, por meio de um algoritmo que gera o índice Global Review Index (GRI), responsável por medir e classificar a reputação dos itens avaliados no destino Salvador, garantindo, uma visão detalhada a respeito da percepção do turista sobre a experiência na capital baiana.

Com o POP, Salvador já garantiu o certificado de Excelência do TripAdvisor para o Farol da Barra, a Ponta do Humaitá e o Pelourinho, além de manter o da Casa do Rio Vermelho. Na mesma linha, os hotéis que estão participando do POP melhoraram suas reputações no primeiro ano do programa.",turismo|premiação|salvador|nacional|é|um|em|que|prêmio|com|da|pop|ganha
102_12-12-18_17_56.csv,estadodabahia,"MunicípiosSeis postos de Juazeiro ficam sem atendimento após médicos pedirem demissãoDe acordo com reportagem da TV Bahia, aqueles que buscam as unidades são atendidos por enfermeiros.
(Foto: Reprodução | TV Bahia)Após o pedido de demissão de alguns médicos, seis postos de saúde de Juazeiro, cidade no norte da Bahia, estão sem atendimento.
De acordo com reportagem da TV Bahia, aqueles que buscam as unidades são atendidos por enfermeiros.
Além dos médicos que pediram demissão, outros ainda estariam de férias.
Em nota de esclarecimento divulgada pela Secretaria Municipal da Saúde de Juazeiro (Sesau), foi informado que já estão sendo realizadas a contratação emergencial de seis novos médicos para atender às demandas das unidades que estão sem os profissionais.",,"Municípios

Seis postos de Juazeiro ficam sem atendimento após médicos pedirem demissão

De acordo com reportagem da TV Bahia, aqueles que buscam as unidades são atendidos por enfermeiros.

(Foto: Reprodução | TV Bahia)

Após o pedido de demissão de alguns médicos, seis postos de saúde de Juazeiro, cidade no norte da Bahia, estão sem atendimento. Consultas, exames e pré-natal não estão sendo realizados na cidade porque os profissionais que atuavam nas unidades foram trabalhar em outras cidades.

De acordo com reportagem da TV Bahia, aqueles que buscam as unidades são atendidos por enfermeiros. Em uma situação complicada, as gestantes que realizavam pré-natal ficaram em consultas. Este é o caso da dona de casa, Vanessa Gomes, que já está de nove meses.

“Meu pré-natal foi acompanhado pelo enfermeiro, mas pela médica mesmo não. Só me resta Deus, porque a saúde mesmo, está difícil. Meu parto está previsto para esse mês, vou ver se ainda consigo me consultar até lá”, disse ela. Além dos médicos que pediram demissão, outros ainda estariam de férias.

Em nota de esclarecimento divulgada pela Secretaria Municipal da Saúde de Juazeiro (Sesau), foi informado que já estão sendo realizadas a contratação emergencial de seis novos médicos para atender às demandas das unidades que estão sem os profissionais. A Sesau disse ainda que agendará consulta com um obstetra para a gestante.",prénatal|após|saúde|estão|atendimento|unidades|tv|que|para|pedirem|sem|médicos|postos|juazeiro|demissão|da|ficam|seis
102_12-12-18_17_56.csv,estadodabahia,"Municípios06/12/2018 ás 12h32Redação Salvador / BAMata de São João: Quadrilha armada ataca lotérica e faz moradores refénsA casa lotérica fica no centro da cidade, próximo ao posto de combustível Matense.
Divulgação Homens armados atacaram uma casa lotérica na madrugada desta quinta-feira (6) em Mata de São João, na Região Metropolitana de Salvador (RMS).
As vítimas estavam em uma fila de um posto de saúde e foram surpreendidas com a ação.
Eles chegaram a disparar contra a sede da 53ª Companhia de Polícia Militar, que fica perto da lotérica.
A casa lotérica fica no centro da cidade, próximo ao posto de combustível Matense.",,"Municípios

06/12/2018 ás 12h32

Redação Salvador / BA

Mata de São João: Quadrilha armada ataca lotérica e faz moradores reféns

A casa lotérica fica no centro da cidade, próximo ao posto de combustível Matense.

Divulgação Homens armados atacaram uma casa lotérica na madrugada desta quinta-feira (6) em Mata de São João, na Região Metropolitana de Salvador (RMS). Três pessoas chegaram a ficar como reféns, mas foram libertadas logo após a fuga do grupo. As vítimas estavam em uma fila de um posto de saúde e foram surpreendidas com a ação. Segundo a Polícia Civil, a ação ocorreu por volta das 3h.

Informações preliminares recebidas pela polícia dão conta que de seis a oito homens integravam a quadrilha. Eles chegaram a disparar contra a sede da 53ª Companhia de Polícia Militar, que fica perto da lotérica. Não há relato de feridos. Também não foi informado se houve roubo de dinheiro. Até as 11h05 nenhum dos assaltantes foi localizado. A casa lotérica fica no centro da cidade, próximo ao posto de combustível Matense.

O conteúdo de cada comentário é de responsabilidade de quem realizá-lo. Nos reservamos o direito de reprovar ou eliminar comentários em desacordo com o propósito do site ou com palavras ofensivas. A qualquer tempo, poderemos cancelar o sistema de comentários sem necessidade de nenhum aviso prévio aos usuários e/ou a terceiros.

Comentários",uma|são|joão|quadrilha|fica|posto|lotérica|em|mata|faz|com|da|polícia|armada|reféns|casa|moradores|ataca
102_12-12-18_17_56.csv,estadodabahia,"Holofotes14/11/2018 ás 15h24Redação Salvador / BA‘Ele vem me buscar em 10 anos’, diz Anitta sobre pacto com diaboA artista foi questionada nas redes sociais por fãs sobre um suposto pacto para atingir a fama e usou do bom humor para responder a perguntaDivulgação Não há dúvidas de que Anitta é uma das maiores estrelas brasileiras da música pop na atualidade, mas como a poderosa conseguiu o feito?
Alguns fãs da funkeira passaram a especular os segredos da poderosa para se tornar famosa e a artista respondeu algumas teorias da conspiração criadas pelos seguidores: “É verdade que você já fez Pacto com diabo pra ficar famosa?”, indagou um internauta.
Sem perder o bom humor Anitta respondeu: “Sim, ele vem me buscar em dez anos, igual no Supernatural, com vários cachorros.
Nos reservamos o direito de reprovar ou eliminar comentários em desacordo com o propósito do site ou com palavras ofensivas.
A qualquer tempo, poderemos cancelar o sistema de comentários sem necessidade de nenhum aviso prévio aos usuários e/ou a terceiros.",,"Holofotes

14/11/2018 ás 15h24

Redação Salvador / BA

‘Ele vem me buscar em 10 anos’, diz Anitta sobre pacto com diabo

A artista foi questionada nas redes sociais por fãs sobre um suposto pacto para atingir a fama e usou do bom humor para responder a pergunta

Divulgação Não há dúvidas de que Anitta é uma das maiores estrelas brasileiras da música pop na atualidade, mas como a poderosa conseguiu o feito?

Alguns fãs da funkeira passaram a especular os segredos da poderosa para se tornar famosa e a artista respondeu algumas teorias da conspiração criadas pelos seguidores: “É verdade que você já fez Pacto com diabo pra ficar famosa?”, indagou um internauta.

Sem perder o bom humor Anitta respondeu: “Sim, ele vem me buscar em dez anos, igual no Supernatural, com vários cachorros. Por isso, tô aproveitando tudo rápido”, debochou a cantora.

A resposta, é claro, ganhou repercussão na web. “Fada do deboche”, disse uma fã. “Hahahaha MORTA”, comentou outra. “Meu Deus eu amo a Anitta”, declarou mais um.

O conteúdo de cada comentário é de responsabilidade de quem realizá-lo. Nos reservamos o direito de reprovar ou eliminar comentários em desacordo com o propósito do site ou com palavras ofensivas. A qualquer tempo, poderemos cancelar o sistema de comentários sem necessidade de nenhum aviso prévio aos usuários e/ou a terceiros.

Comentários",uma|diabo|pacto|diz|anitta|é|um|em|ele|anos|para|vem|com|sobre|da|buscar
102_12-12-18_17_56.csv,estadodabahia,"HolofotesSilvio constrange Claudia Leitte ao dizer que fica excitado com cantoraO dono do SBT recebeu a cantora no programa que arrecada dinheiro para a AACDDivulgaçãoEm pleno palco do Teleton, Silvio Santos protagonizou um momento de puro constrangimento com Claudia Leitte.
O dono do SBT recebeu a cantora no programa e falou sobre o abraço que daria na convidada.
""Esse negócio de ficar dando abraço me excita e eu não posso ficar excitado"", disse Silvio.
Claudia tentou disfarçar dizendo que a excitação, no caso, seria ""alegria"".
E Claudia respondeu: ""Agora, eu acho que o meu marido tem uma razão para ficar chateado"", respondeu a cantora.",,"Holofotes

Silvio constrange Claudia Leitte ao dizer que fica excitado com cantora

O dono do SBT recebeu a cantora no programa que arrecada dinheiro para a AACD

Divulgação

Em pleno palco do Teleton, Silvio Santos protagonizou um momento de puro constrangimento com Claudia Leitte. O dono do SBT recebeu a cantora no programa e falou sobre o abraço que daria na convidada.

""Esse negócio de ficar dando abraço me excita e eu não posso ficar excitado"", disse Silvio. Claudia tentou disfarçar dizendo que a excitação, no caso, seria ""alegria"". O apresentador rebateu: ""É excitação mesmo"". E Claudia respondeu: ""Agora, eu acho que o meu marido tem uma razão para ficar chateado"", respondeu a cantora.

O apresentador não se deu por vencido e continuou comentando sobre a aparência e as roupas de Claudia, quando a loira ironizou: ""Balancinho é minha música nova, mas eu já estou quase pensando em 'vazar'"", disse a artista.",leitte|cantora|fica|dizer|é|eu|constrange|respondeu|que|excitado|sbt|ficar|com|sobre|silvio|claudia|recebeu
102_12-12-18_17_56.csv,estadodabahia,"Brasil12/11/2018 ás 15h17 - atualizada em 12/11/2018 ás 16h02Redação Salvador / BAFacebook fica fora do ar e usuários reclamamAlgumas pessoas utilizaram o Twitter para reclamar da dificuldade de acessar a rede social de Mark Zuckerberg.
O Facebook está fora do ar na tarde desta segunda-feira (12).
Ao tentar entrar no site, uma mensagem informa ao internauta que o site está com erro e que a plataforma está trabalhando para que o acesso seja reestabelecido.
Algumas pessoas utilizaram o Twitter para reclamar da dificuldade de acessar a rede social de Mark Zuckerberg.
Nos reservamos o direito de reprovar ou eliminar comentários em desacordo com o propósito do site ou com palavras ofensivas.",,"Brasil

12/11/2018 ás 15h17 - atualizada em 12/11/2018 ás 16h02

Redação Salvador / BA

Facebook fica fora do ar e usuários reclamam

Algumas pessoas utilizaram o Twitter para reclamar da dificuldade de acessar a rede social de Mark Zuckerberg.

O Facebook está fora do ar na tarde desta segunda-feira (12). Ao tentar entrar no site, uma mensagem informa ao internauta que o site está com erro e que a plataforma está trabalhando para que o acesso seja reestabelecido. Não há informações se o erro atinge todos os usuários. Algumas pessoas utilizaram o Twitter para reclamar da dificuldade de acessar a rede social de Mark Zuckerberg.

O conteúdo de cada comentário é de responsabilidade de quem realizá-lo. Nos reservamos o direito de reprovar ou eliminar comentários em desacordo com o propósito do site ou com palavras ofensivas. A qualquer tempo, poderemos cancelar o sistema de comentários sem necessidade de nenhum aviso prévio aos usuários e/ou a terceiros.

Comentários",facebook|fica|fora|zuckerbergo|twitter|usuários|está|utilizaram|que|para|site|ás|com|reclamam|ar
102_12-12-18_17_56.csv,estadodabahia,"EntretenimentoHamburgueria de Caio Castro chega em Salvador no mês de outubroThe Black Beff inaugura primeira loja na próxima quinta-feira (31)DivulgaçãoA The Black Beef inaugura sua primeira loja na Bahia nesta quinta-feira (31), no Shopping Paseo, a partir das 17h.
Há dois anos, o ator Caio Castro virou sócio da hamburgueria, que possui 16 unidades espalhadas pelo Brasil.
O cardápio da casa conta com oito opções fixas de hambúrguer e uma especial, que muda a cada dois meses.
Para acompanhar, são oferecidas três opções de batata frita: Crinkles Fries (batata frita especial TBB); Cheddar'n Fries (batata frita coberta com queijo cheddar e crispy de bacon; e a Brie'n Fries (batata frita servida com queijo brie, crispy de bacon e geleia de pimenta).
ServiçoThe Black Beef - hamburgueria artesanalQuando: 31 de Outubro (quarta-feira)Onde: Shopping Paseo ItaigaraEndereço: Rua Rubens Guelli, ItaigaraHorário: a partir das 17 horas",,"Entretenimento

Hamburgueria de Caio Castro chega em Salvador no mês de outubro

The Black Beff inaugura primeira loja na próxima quinta-feira (31)

Divulgação

A The Black Beef inaugura sua primeira loja na Bahia nesta quinta-feira (31), no Shopping Paseo, a partir das 17h. Há dois anos, o ator Caio Castro virou sócio da hamburgueria, que possui 16 unidades espalhadas pelo Brasil.

O cardápio da casa conta com oito opções fixas de hambúrguer e uma especial, que muda a cada dois meses. Entre as sugestões, o Black Rib (pão artesanal, burger artesanal de costela bovina, maionese especial TBB, muçarela artesanal, molho barbecue e bacon), o Jam Burger (pão artesanal, burger artesanal bovino, creme de parmesão, queijo tipo brie, crispy de bacon e geleia de pimenta) e a opção vegetariana Triple Cheese (pão artesanal, burger de queijo tipo brie extra crocante, geleia de pimenta e creme de parmesão).



Para acompanhar, são oferecidas três opções de batata frita: Crinkles Fries (batata frita especial TBB); Cheddar'n Fries (batata frita coberta com queijo cheddar e crispy de bacon; e a Brie'n Fries (batata frita servida com queijo brie, crispy de bacon e geleia de pimenta). Para a sobremesa as sugestões são os milkshakes de Ovomaltine, Paçoca, Nutella, Oreo ou Leite Ninho.





Serviço





The Black Beef - hamburgueria artesanal





Quando: 31 de Outubro (quarta-feira)





Onde: Shopping Paseo Itaigara





Endereço: Rua Rubens Guelli, Itaigara





Horário: a partir das 17 horas

",outubro|chega|black|bacon|salvador|mês|geleia|em|frita|batata|pimenta|burger|hamburgueria|castro|artesanal|pão|queijo|caio
102_12-12-18_17_56.csv,estadodabahia,"Municípios14/11/2018 ás 16h16Redação Salvador / BADois homens são detidos em flagrante suspeitos de extorsão e porte ilegal de arma em IrecêAmbos ficarão custodiados na carceragem da unidade policial, à disposição da Justiça.
A polícia apurou que ele estaria trabalhando para comerciantes, cobrando dívidas sob ameaça.
Francisco deverá responder por extorsão e pode ser condenado até 10 anos de prisão.
Ele e Manoel, que foi autuado em flagrante por posse ilegal de arma e munição, ficarão custodiados na carceragem da unidade policial, à disposição da Justiça.
Nos reservamos o direito de reprovar ou eliminar comentários em desacordo com o propósito do site ou com palavras ofensivas.",,"Municípios

14/11/2018 ás 16h16

Redação Salvador / BA

Dois homens são detidos em flagrante suspeitos de extorsão e porte ilegal de arma em Irecê

Ambos ficarão custodiados na carceragem da unidade policial, à disposição da Justiça.

(Foto: Divulgação | Polícia) Três armas de fogo, carregadores e mais de 110 munições, de diversos calibres, foram apreendidos, nesta última terça-feira (13), por investigadores da Delegacia Territorial (DT), de Irecê. O material estava na casa de Manoel Tavares de Sousa, conhecido como Neném, suspeito investigado por envolvimento num esquema de extorsão, na cidade.

De acordo com o delegado Ernandes Júnior, titular da DT/Irecê, Manoel foi apontado por Francisco José da Silva, como a pessoa que estaria guardando uma arma para ele. Francisco também foi preso ontem, já que estava com a prisão decretada, após ser identificado como um dos responsáveis por realizar cobranças de dívidas, da região.

A polícia apurou que ele estaria trabalhando para comerciantes, cobrando dívidas sob ameaça. Francisco deverá responder por extorsão e pode ser condenado até 10 anos de prisão. Ele e Manoel, que foi autuado em flagrante por posse ilegal de arma e munição, ficarão custodiados na carceragem da unidade policial, à disposição da Justiça.

O conteúdo de cada comentário é de responsabilidade de quem realizá-lo. Nos reservamos o direito de reprovar ou eliminar comentários em desacordo com o propósito do site ou com palavras ofensivas. A qualquer tempo, poderemos cancelar o sistema de comentários sem necessidade de nenhum aviso prévio aos usuários e/ou a terceiros.

Comentários",são|homens|dois|francisco|flagrante|em|por|que|ele|suspeitos|extorsão|com|foi|manoel|da|irecê|ilegal|porte
102_12-12-18_17_57.csv,estadodabahia,"MunicípiosPolícia prende homem que filmou homicídio de jovem em Amélia RodriguesCarlos Eduardo Silva Oliveira, 18 anos, se apresentou na Delegacia Territorial do município, após a prisão do comparsa no crime.
DivulgaçãoAcusado de filmar o homicídio de Andressa Conceição dos Santos, 21 anos, no dia 28 de outubro, no município de Amélia Rodrigues, Carlos Eduardo Silva Oliveira, 18 anos, foi preso nesta última terça-feira (13).
“Ele já tinha um mandado de prisão expedido em seu nome e resolveu se apresentar”, disse o titular da DT de Amélia Rodrigues, delegado Idelfonso Monteiro.
Ainda de acordo com ele, as investigações apontam que Carlos além de filmar toda a ação foi quem forneceu a arma de fogo utilizada no homicídio de Andressa.
O trabalho conjunto entre a Polícia Civil, a Militar e o Ministério Público foram determinantes para o rápido esclarecimento do caso e a prisão dos envolvidos no homicídio.",,"Municípios

Polícia prende homem que filmou homicídio de jovem em Amélia Rodrigues

Carlos Eduardo Silva Oliveira, 18 anos, se apresentou na Delegacia Territorial do município, após a prisão do comparsa no crime.

Divulgação

Acusado de filmar o homicídio de Andressa Conceição dos Santos, 21 anos, no dia 28 de outubro, no município de Amélia Rodrigues, Carlos Eduardo Silva Oliveira, 18 anos, foi preso nesta última terça-feira (13).

Após a prisão do autor do homicídio, Joildo Gomes, na cidade de Iaçu, na Chapada Diamantina, no dia primeiro de novembro, Carlos, que estava escondido no interior do Rio Grande do Norte, na casa de parentes, decidiu se entregar após a repercussão da captura de Joildo.

“Ele já tinha um mandado de prisão expedido em seu nome e resolveu se apresentar”, disse o titular da DT de Amélia Rodrigues, delegado Idelfonso Monteiro. Ainda de acordo com ele, as investigações apontam que Carlos além de filmar toda a ação foi quem forneceu a arma de fogo utilizada no homicídio de Andressa.

O trabalho conjunto entre a Polícia Civil, a Militar e o Ministério Público foram determinantes para o rápido esclarecimento do caso e a prisão dos envolvidos no homicídio. “Tivemos o apoio do nosso coordenador da 3a Coorpin, delegado Rafael Almeida, e essa nossa articulação nos fez ganhar tempo e colocá-los na cadeia, e, agora à disposição da Justiça”, explicou Monteiro.

O crime

Andressa Conceição dos Santos estava na porta de residência quando foi surpreendida por Joildo. O vídeo que registra a ação tem 30 segundos. Nele, o atirador se mostra para a câmera e comete o crime em seguida.",rodrigues|homem|jovem|dos|em|que|carlos|anos|prisão|foi|homicídio|filmou|polícia|da|se|amélia|prende
102_12-12-18_17_57.csv,estadodabahia,"PolíciaSalvador: Traficante é preso com pistola e drogas em CajazeirasSidnei Richarles de Souza Silva declarou-se integrante de um grupo criminosoDivulgaçãoApós uma denúncia, durante a investigação de um assassinato, policiais da 2ª Delegacia de Homicídios (DH) flagraram Sidnei Richarles de Souza Silva, de 36 anos, em um ponto de tráfico, na Fazenda Grande III, no bairro de Cajazeiras, na tarde desta terça-feira (13).
Ele foi flagrado com drogas, arma e munições.
Com Sidnei, foram apreendidas 38 porções de maconha, cinco pedras de crack, uma pistola calibre 380, um carregador, 13 munições, além de dois celulares e a quantia de R$ 120.
Segundo o coordenador da 2ªDH / Central, delegado Guilherme Machado, Sidnei declarou-se integrante de um grupo criminoso da região.
Ele foi autuado em flagrante por tráfico de drogas, porte ilegal de arma de uso restrito e está preso à disposição da Justiça.",,"Polícia

Salvador: Traficante é preso com pistola e drogas em Cajazeiras

Sidnei Richarles de Souza Silva declarou-se integrante de um grupo criminoso

Divulgação

Após uma denúncia, durante a investigação de um assassinato, policiais da 2ª Delegacia de Homicídios (DH) flagraram Sidnei Richarles de Souza Silva, de 36 anos, em um ponto de tráfico, na Fazenda Grande III, no bairro de Cajazeiras, na tarde desta terça-feira (13). Ele foi flagrado com drogas, arma e munições.

Com Sidnei, foram apreendidas 38 porções de maconha, cinco pedras de crack, uma pistola calibre 380, um carregador, 13 munições, além de dois celulares e a quantia de R$ 120.

Segundo o coordenador da 2ªDH / Central, delegado Guilherme Machado, Sidnei declarou-se integrante de um grupo criminoso da região. Ele foi autuado em flagrante por tráfico de drogas, porte ilegal de arma de uso restrito e está preso à disposição da Justiça.",preso|uma|tráfico|drogas|é|salvador|cajazeiras|traficante|um|em|sidnei|pistola|souza|richarles|com|silva|da
102_12-12-18_17_57.csv,estadodabahia,"PolíciaHomem é preso por receptação de equipamentos em Arraial d’AjudaJorge de Oliveira Santos não soube explicar a procedência dos materiais para os investigadores da DT/ArraialDivulgaçãoSuspeito de participar de furtos, Jorge de Oliveira Santos, de 36 anos, foi preso por receptação de ferramentas utilizadas para obras e carpintaria, na segunda-feira (12), no distrito de Arraial d’Ajuda, distrito do município de Porto Seguro.
Com Jorge, os policiais da DT/Arraial apreenderam duas serras elétricas, uma serra circular, uma pistola para compressor e um compressor, uma furadeira comum e uma profissional e um transformador de voltagem.
Conforme as investigações, Jorge de Oliveira é suspeito de envolvimento nos furtos dos equipamentos.
Ele não soube explicar a procedência das ferramentas e não apresentou nenhum documento que comprove a origem dos objetos.
Durante o interrogatório, Jorge disse aos policiais que é natural do município sergipano de Itabaiana, onde cumpriu 14 anos de prisão por homicídio, e atualmente estava em liberdade condicional.",,"Polícia

Homem é preso por receptação de equipamentos em Arraial d’Ajuda

Jorge de Oliveira Santos não soube explicar a procedência dos materiais para os investigadores da DT/Arraial

Divulgação

Suspeito de participar de furtos, Jorge de Oliveira Santos, de 36 anos, foi preso por receptação de ferramentas utilizadas para obras e carpintaria, na segunda-feira (12), no distrito de Arraial d’Ajuda, distrito do município de Porto Seguro.

Com Jorge, os policiais da DT/Arraial apreenderam duas serras elétricas, uma serra circular, uma pistola para compressor e um compressor, uma furadeira comum e uma profissional e um transformador de voltagem.

Conforme as investigações, Jorge de Oliveira é suspeito de envolvimento nos furtos dos equipamentos. Ele não soube explicar a procedência das ferramentas e não apresentou nenhum documento que comprove a origem dos objetos.

Durante o interrogatório, Jorge disse aos policiais que é natural do município sergipano de Itabaiana, onde cumpriu 14 anos de prisão por homicídio, e atualmente estava em liberdade condicional. Ele foi autuado em flagrante e encaminhado para audiência de custódia.",preso|equipamentos|uma|receptação|é|homem|arraial|jorge|oliveira|em|por|dos|para|dajuda|um|não
102_12-12-18_17_57.csv,estadodabahia,"Vídeo04/04/2018 ás 15h17Redação Salvador / BAAo vivo: STF julga habeas corpus contra prisão de LulaO conteúdo de cada comentário é de responsabilidade de quem realizá-lo.
Nos reservamos o direito de reprovar ou eliminar comentários em desacordo com o propósito do site ou com palavras ofensivas.
A qualquer tempo, poderemos cancelar o sistema de comentários sem necessidade de nenhum aviso prévio aos usuários e/ou a terceiros.
Comentários",,"Vídeo

04/04/2018 ás 15h17

Redação Salvador / BA

Ao vivo: STF julga habeas corpus contra prisão de Lula

O conteúdo de cada comentário é de responsabilidade de quem realizá-lo. Nos reservamos o direito de reprovar ou eliminar comentários em desacordo com o propósito do site ou com palavras ofensivas. A qualquer tempo, poderemos cancelar o sistema de comentários sem necessidade de nenhum aviso prévio aos usuários e/ou a terceiros.

Comentários",habeas|ou|comentários|é|usuários|ao|terceiroscomentários|corpus|prisão|julga|contra|com|ás|vivo|lula|tempo|stf|vídeo04042018
102_12-12-18_17_57.csv,estadodabahia,"Vídeo06/03/2018 ás 03h47Redação Salvador / BABandidos invadem Eunápolis e explodem empresa de segurançaO conteúdo de cada comentário é de responsabilidade de quem realizá-lo.
Nos reservamos o direito de reprovar ou eliminar comentários em desacordo com o propósito do site ou com palavras ofensivas.
A qualquer tempo, poderemos cancelar o sistema de comentários sem necessidade de nenhum aviso prévio aos usuários e/ou a terceiros.
Comentários",,"Vídeo

06/03/2018 ás 03h47

Redação Salvador / BA

Bandidos invadem Eunápolis e explodem empresa de segurança

O conteúdo de cada comentário é de responsabilidade de quem realizá-lo. Nos reservamos o direito de reprovar ou eliminar comentários em desacordo com o propósito do site ou com palavras ofensivas. A qualquer tempo, poderemos cancelar o sistema de comentários sem necessidade de nenhum aviso prévio aos usuários e/ou a terceiros.

Comentários",segurança|ou|explodem|comentários|é|usuários|terceiroscomentários|empresa|site|bandidos|ás|com|vídeo06032018|invadem|tempo|eunápolis
102_12-12-18_17_57.csv,estadodabahia,"Vídeo24/02/2018 ás 19h10Redação Salvador / BAJovem compõe música em homenagem a Salvador; veja vídeoO conteúdo de cada comentário é de responsabilidade de quem realizá-lo.
Nos reservamos o direito de reprovar ou eliminar comentários em desacordo com o propósito do site ou com palavras ofensivas.
A qualquer tempo, poderemos cancelar o sistema de comentários sem necessidade de nenhum aviso prévio aos usuários e/ou a terceiros.
Comentários",,"Vídeo

24/02/2018 ás 19h10

Redação Salvador / BA

Jovem compõe música em homenagem a Salvador; veja vídeo

O conteúdo de cada comentário é de responsabilidade de quem realizá-lo. Nos reservamos o direito de reprovar ou eliminar comentários em desacordo com o propósito do site ou com palavras ofensivas. A qualquer tempo, poderemos cancelar o sistema de comentários sem necessidade de nenhum aviso prévio aos usuários e/ou a terceiros.

Comentários",ou|compõe|vídeo|salvador|jovem|comentários|é|em|homenagem|ás|com|vídeoo|música|vídeo24022018|veja
102_12-12-18_17_57.csv,estadodabahia,"Galeria22/05/2018 ás 22h31Redação Salvador / BAXXI Marcha a Brasília - 21 a 24 de MaioPresente na cerimônia, o presidente Michel Temer assinou o decreto para a readequação da rede física do Sistema Único de Saúde (SUS).
Clique nas imagens abaixo para ampliar:O conteúdo de cada comentário é de responsabilidade de quem realizá-lo.
Nos reservamos o direito de reprovar ou eliminar comentários em desacordo com o propósito do site ou com palavras ofensivas.
A qualquer tempo, poderemos cancelar o sistema de comentários sem necessidade de nenhum aviso prévio aos usuários e/ou a terceiros.
Comentários",,"Galeria

22/05/2018 ás 22h31

Redação Salvador / BA

XXI Marcha a Brasília - 21 a 24 de Maio



Presente na cerimônia, o presidente Michel Temer assinou o decreto para a readequação da rede física do Sistema Único de Saúde (SUS).

Clique nas imagens abaixo para ampliar:

O conteúdo de cada comentário é de responsabilidade de quem realizá-lo. Nos reservamos o direito de reprovar ou eliminar comentários em desacordo com o propósito do site ou com palavras ofensivas. A qualquer tempo, poderemos cancelar o sistema de comentários sem necessidade de nenhum aviso prévio aos usuários e/ou a terceiros.

Comentários",ou|marcha|comentários|é|usuários|sistema|terceiroscomentários|para|ás|com|único|brasília|xxi
102_12-12-18_17_57.csv,estadodabahia,"Galeria01/05/2018 ás 13h00Redação Salvador / BAIncêndio causa colapso de prédio na região central de São PauloChamas começaram durante a madrugada desta terça-feira (1) no Largo do Paissandu.
Clique nas imagens abaixo para ampliar:O conteúdo de cada comentário é de responsabilidade de quem realizá-lo.
Nos reservamos o direito de reprovar ou eliminar comentários em desacordo com o propósito do site ou com palavras ofensivas.
A qualquer tempo, poderemos cancelar o sistema de comentários sem necessidade de nenhum aviso prévio aos usuários e/ou a terceiros.
Comentários",,"Galeria

01/05/2018 ás 13h00

Redação Salvador / BA

Incêndio causa colapso de prédio na região central de São Paulo





Chamas começaram durante a madrugada desta terça-feira (1) no Largo do Paissandu.





Clique nas imagens abaixo para ampliar:

O conteúdo de cada comentário é de responsabilidade de quem realizá-lo. Nos reservamos o direito de reprovar ou eliminar comentários em desacordo com o propósito do site ou com palavras ofensivas. A qualquer tempo, poderemos cancelar o sistema de comentários sem necessidade de nenhum aviso prévio aos usuários e/ou a terceiros.

Comentários",são|ou|região|comentários|é|usuários|incêndio|terçafeira|terceiroscomentários|colapso|central|ás|causa|com|prédio|paulo|tempo
102_12-12-18_17_57.csv,estadodabahia,"Galeria27/04/2018 ás 00h17Redação Salvador / BAGovernador Rui Costa inaugura Estação Aeroporto do Metrô Linha 2 e do Sistema de Shuttle (Metrô / Aeroporto)Fotos: Alberto Coutinho, Carol Garcia e Manu Dias/GOVBAClique nas imagens abaixo para ampliar:O conteúdo de cada comentário é de responsabilidade de quem realizá-lo.
Nos reservamos o direito de reprovar ou eliminar comentários em desacordo com o propósito do site ou com palavras ofensivas.
A qualquer tempo, poderemos cancelar o sistema de comentários sem necessidade de nenhum aviso prévio aos usuários e/ou a terceiros.
Comentários",,"Galeria

27/04/2018 ás 00h17

Redação Salvador / BA

Governador Rui Costa inaugura Estação Aeroporto do Metrô Linha 2 e do Sistema de Shuttle (Metrô / Aeroporto)

Fotos: Alberto Coutinho, Carol Garcia e Manu Dias/GOVBA

Clique nas imagens abaixo para ampliar:

O conteúdo de cada comentário é de responsabilidade de quem realizá-lo. Nos reservamos o direito de reprovar ou eliminar comentários em desacordo com o propósito do site ou com palavras ofensivas. A qualquer tempo, poderemos cancelar o sistema de comentários sem necessidade de nenhum aviso prévio aos usuários e/ou a terceiros.

Comentários",inaugura|ou|metrô|estação|rui|aeroporto|costa|comentários|é|usuários|sistema|terceiroscomentários|linha|governador|ás|com|tempo|shuttle
102_12-12-18_17_57.csv,estadodabahia,"GaleriaConfira as celebridades que assumiram publicamente ser LGBTsNuma sociedade tão conservadora quanto a que vivemos, assumir a homossexualidade ainda representa um ato de coragem, ainda mais quando se é uma figura pública.
Esse é o caso destas celebridades que declararam publicamente ser do grupo LGBT.
Confira na galeria abaixo alguns destes nomes.",,"Galeria

Confira as celebridades que assumiram publicamente ser LGBTs

Numa sociedade tão conservadora quanto a que vivemos, assumir a homossexualidade ainda representa um ato de coragem, ainda mais quando se é uma figura pública. Esse é o caso destas celebridades que declararam publicamente ser do grupo LGBT.

Confira na galeria abaixo alguns destes nomes.",uma|publicamente|lgbts|ser|celebridades|assumiram|é|um|ainda|que|tão|vivemos|confira
102_12-12-18_17_57.csv,estadodabahia,"Galeria21/04/2018 ás 16h16Redação Salvador / BAFortes chuvas provocam transtornos em Salvador| FOTOS: RAUL SPINASSÉ | AG.
A TARDEClique nas imagens abaixo para ampliar:O conteúdo de cada comentário é de responsabilidade de quem realizá-lo.
Nos reservamos o direito de reprovar ou eliminar comentários em desacordo com o propósito do site ou com palavras ofensivas.
A qualquer tempo, poderemos cancelar o sistema de comentários sem necessidade de nenhum aviso prévio aos usuários e/ou a terceiros.
Comentários",,"Galeria

21/04/2018 ás 16h16

Redação Salvador / BA

Fortes chuvas provocam transtornos em Salvador

| FOTOS: RAUL SPINASSÉ | AG. A TARDE

Clique nas imagens abaixo para ampliar:

O conteúdo de cada comentário é de responsabilidade de quem realizá-lo. Nos reservamos o direito de reprovar ou eliminar comentários em desacordo com o propósito do site ou com palavras ofensivas. A qualquer tempo, poderemos cancelar o sistema de comentários sem necessidade de nenhum aviso prévio aos usuários e/ou a terceiros.

Comentários",ou|chuvas|transtornos|provocam|salvador|comentários|é|usuários|terceiroscomentários|em|fortes|ás|com
102_12-12-18_17_57.csv,estadodabahia,"Municípios06/12/2018 ás 12h25 - atualizada em 06/12/2018 ás 12h28Redação Salvador / BATempestade e rajadas de ventos devem atingir Salvador e mais 148 cidades nesta quinta, alerta InemaPara informar situações de emergência na capital baiana basta discar 199.
Divulgação O Instituto de Meio Ambiente e Recursos Hídricos do Estado da Bahia (Inema) emitiu um alerta de chuvas intensas, acompanhadas de trovoadas e rajadas de ventos para as próximas 24 horas em Salvador e mais 148 cidades baianas.
As chuvas que atingiram a capital nos últimos dias, devem ficar ainda mais intensas até às 18h desta quinta-feira, dia 06.
Com isso, a situação é de alerta para as localidades da Chapada Diamantina, recôncavo baiano e os municípios da região sul do estado.
A Defesa Civil de Salvador também emitiu um alerta com previsão de chuvas e possibilidade de deslizamento de terras.",,"Municípios

06/12/2018 ás 12h25 - atualizada em 06/12/2018 ás 12h28

Redação Salvador / BA

Tempestade e rajadas de ventos devem atingir Salvador e mais 148 cidades nesta quinta, alerta Inema

Para informar situações de emergência na capital baiana basta discar 199.

Divulgação O Instituto de Meio Ambiente e Recursos Hídricos do Estado da Bahia (Inema) emitiu um alerta de chuvas intensas, acompanhadas de trovoadas e rajadas de ventos para as próximas 24 horas em Salvador e mais 148 cidades baianas. As chuvas que atingiram a capital nos últimos dias, devem ficar ainda mais intensas até às 18h desta quinta-feira, dia 06.

Com isso, a situação é de alerta para as localidades da Chapada Diamantina, recôncavo baiano e os municípios da região sul do estado.

A Defesa Civil de Salvador também emitiu um alerta com previsão de chuvas e possibilidade de deslizamento de terras. Para informar situações de emergência na capital baiana basta discar 199.



O conteúdo de cada comentário é de responsabilidade de quem realizá-lo. Nos reservamos o direito de reprovar ou eliminar comentários em desacordo com o propósito do site ou com palavras ofensivas. A qualquer tempo, poderemos cancelar o sistema de comentários sem necessidade de nenhum aviso prévio aos usuários e/ou a terceiros.

Comentários",nesta|mais|chuvas|salvador|é|alerta|tempestade|em|inema|capital|rajadas|para|com|da|ventos|quinta|cidades|devem
