Timestamp,Source,Summary,Authors,Text,Keywords
103_12-12-18_17_58.csv,falabahia,"O Vitória já começou a movimentação para reforçar o time para a próxima temporada.
De acordo com o UOL Esportes, o rubro-negro negocia uma troca com o Internacional: o meia colorado Andrigo por Neilton.
O acordo é de empréstimo até o final da temporada e envolve a troca de salários.",Redação Ibahia,"O Vitória já começou a movimentação para reforçar o time para a próxima temporada. De acordo com o UOL Esportes, o rubro-negro negocia uma troca com o Internacional: o meia colorado Andrigo por Neilton. O acordo é de empréstimo até o final da temporada e envolve a troca de salários.",temporada|uma|é|salários|troca|acordo|por|internacional|para|meia|uol|com|neilton|vitória|negocia
103_12-12-18_17_58.csv,falabahia,"O Atlético-PR agora é Athletico Paranaense e tem novo símbolo.
Nas redes sociais, o clube divulgou todas as novidades e aproveitou para apresentar o novo uniforme.
As novidades, é claro, dividiram opiniões.
O Atlético, ou melhor, Athletico entra em campo nesta quarta-feira para enfrentar o Júnior Barranquilla, na Arena da Baixada, no segundo jogo da final da Sul-Americana.
Uma vitória simples dá o título ao clube.",Agência O Globo,"A mudança tão esperada aconteceu. O Atlético-PR agora é Athletico Paranaense e tem novo símbolo. Nas redes sociais, o clube divulgou todas as novidades e aproveitou para apresentar o novo uniforme.

As novidades, é claro, dividiram opiniões. Confira abaixo alguns comentários e zoações.

O Atlético, ou melhor, Athletico entra em campo nesta quarta-feira para enfrentar o Júnior Barranquilla, na Arena da Baixada, no segundo jogo da final da Sul-Americana. Uma vitória simples dá o título ao clube.



",novidades|clube|é|novo|zoaçõeso|para|vira|muda|web|chacota|athletico|uniformeas|confira|nome|da|vitória|símbolo|atléticopr
103_12-12-18_17_58.csv,falabahia,"O governo do Estado da Bahia afirmou que deu autorização para a mudança de identidade visual com decoração do Bahia na Fonte Nova.
Arena Fonte Nova ganhou nova identidade visual.
Polêmica recente e caso na JustiçaNos últimos dias, o frequente uso da Fonte Nova pelo Bahia foi motivo de polêmica.
O ex-presidente do Vitória, Paulo Carneiro, se manifestou questionando a legalidade do contrato entre Bahia e Arena Fonte Nova, devido à construção da nova loja.
“Não é a primeira ação popular que entram contra o contrato entre Bahia e Arena Fonte Nova e provavelmente não será a última.",Redação Ibahia,"O governo do Estado da Bahia afirmou que deu autorização para a mudança de identidade visual com decoração do Bahia na Fonte Nova. Atualmente, o Tricolor é o clube que tem contrato com o estádio e manda seus jogos no espaço. O Bahia também foi autorizado a construir uma loja nas instalações da Arena, na área externa. Além disso, o Esquadrão terá um museu no estádio.

Segundo reportagem publicada pelo Jornal Correio, a Secretaria do Trabalho, Emprego, Renda e Esporte da Bahia (Setre) disse que o aval respeita cláusulas contratuais e que o modelo pode ser usado por outros clubes que optem em mandar jogos na Fonte Nova.

Arena Fonte Nova ganhou nova identidade visual. (Foto: Felipe Oliveira / ECBahia)

""Em observância das disposições do Contrato de PPP nº 02/2010, informamos que o Estado da Bahia, após exames técnicos e jurídicos, emitiu autorização que versou exclusivamente sobre a possibilidade de instalação de unidades de atendimento do Esporte Clube Bahia nas dependências do estádio da Arena Fonte Nova. Tal autorização respeitou a disciplina das comunicações contratuais, na forma prevista na cláusula 39.1 – Comunicações e Notificações entre as Partes"", diz o comunicado do órgão.

O Governo do Estado também reforçou que qualquer instituição esportiva terá o mesmo tratamento que o Bahia caso queira usar a Arena.

Polêmica recente e caso na Justiça

Nos últimos dias, o frequente uso da Fonte Nova pelo Bahia foi motivo de polêmica. O ex-presidente do Vitória, Paulo Carneiro, se manifestou questionando a legalidade do contrato entre Bahia e Arena Fonte Nova, devido à construção da nova loja. Posteriormente, uma ação do ex-conselheiro rubro-negro Juarez Dourado Wanderley, pediu que a identidade visual do Tricolor seja retirada do estádio, assim como a loja do Esquadrão que ainda será inaugurada.

O presidente do Bahia, Guilherme Bellintani, também comentou o assunto em entrevista à Rádio Sociedade. “Não é a primeira ação popular que entram contra o contrato entre Bahia e Arena Fonte Nova e provavelmente não será a última. O governo não daria autorização se essa fosse uma medida exclusiva para o Bahia. Se o Vitória quiser um contrato igual o do Bahia, pode? Pode. Se dissessem que o Bahia tem um contrato inalcançável para qualquer outro clube, a gente diria que está tendo um tratamento desigual"", afirmou o mandatário.",se|autorizou|identidade|estado|contrato|fonte|um|governo|que|autorização|arena|bahia|visual|da|nova|loja
103_12-12-18_17_58.csv,falabahia,"Já classificado para as oitavas de final da Liga dos Campeões, o Real Madrid entrou em campo nesta quarta-feira, contra o CSKA, no Santiago Bernabéu, com um time cheio de reservas.
E o brasileiro Vinicius Júnior, ex-Flamengo, teve a sua primeira chance como titular na competição.
O garoto fez uma boa partida, mas não impediu que o Real levasse uma surra: 3 a 0 para os russos.
Foi a derrota mais elástica do clube merengue, em casa, em toda a história do torneio.",Agência O Globo,"Já classificado para as oitavas de final da Liga dos Campeões, o Real Madrid entrou em campo nesta quarta-feira, contra o CSKA, no Santiago Bernabéu, com um time cheio de reservas. E o brasileiro Vinicius Júnior, ex-Flamengo, teve a sua primeira chance como titular na competição. O garoto fez uma boa partida, mas não impediu que o Real levasse uma surra: 3 a 0 para os russos. Foi a derrota mais elástica do clube merengue, em casa, em toda a história do torneio.",uma|titular|torneio|estreia|toda|champions|derrota|um|em|para|como|vinicius|com|teve|histórica|júnior|real|vinícius
103_12-12-18_17_58.csv,falabahia,"O WhatsApp lançou a ferramenta de stickers em sua plataforma recentemente, mas a novidade não chegou totalmente completa.
Uma das etapas consideradas mais divertidas pelos usuários do aplicativo rival, Telegram, ainda não está disponível: a possibilidade de customizar ou importar seus próprios stickers, gerados a partir de fotos ou imagens.",Redação Ibahia,"O WhatsApp lançou a ferramenta de stickers em sua plataforma recentemente, mas a novidade não chegou totalmente completa. Uma das etapas consideradas mais divertidas pelos usuários do aplicativo rival, Telegram, ainda não está disponível: a possibilidade de customizar ou importar seus próprios stickers, gerados a partir de fotos ou imagens.",uma|ou|telegram|sua|whatsapp|figurinha|usuários|seus|stickers|totalmente|como|não|fazer
103_12-12-18_17_58.csv,falabahia,"Nesta quarta-feira (12), o Google revelou os termos e as tendências mais pesquisadas em sua ferramenta em 2018.
Como fazer slime?
Como fazer gasolina?
Por que não pode comer carne na Sexta-feira Santa?
Por que não votar em Bolsonaro?",Redação Ibahia,"Nesta quarta-feira (12), o Google revelou os termos e as tendências mais pesquisadas em sua ferramenta em 2018. A empresa entende por ""tendências"", as palavras que mais cresceram em buscas nos últimos 12 meses.

No Brasil, ""Copa do Mundo"" foi o termo mais buscado do ano. Em seguida, ""Big Brother Brasil"", ""Eleições 2018"" e ""Jair Bolsonaro"" aparecem no ranking.

Confira as principais buscas feitas no Brasil em 2018:

Buscas

1. Copa do Mundo

2. Big Brother Brasil

3. Eleições 2018

4. Jair Bolsonaro

5. Horário de Brasília

6. Greve dos caminhoneiros

7. Luiz Inácio Lula da Silva

8. Fernando Haddad

9. Copa São Paulo de Futebol Júnior 2018

10. Stan Lee

(Foto: Reprodução / Instagram)

Como fazer

1. Como fazer slime?

2. Como fazer figurinhas no Whatsapp?

3. Como fazer gasolina?

4. Como fazer crepioca?

5. Como fazer perguntas no Instagram?

6. Como fazer bacalhau?

7. Como fazer declaração de Imposto de Renda 2018?

8. Como fazer kefir?

9. Como fazer guacamole?

10. Como fazer pipoca doce?

Slime é uma massa elástica popular entre as crianças. (Foto: Reprodução / TV Globo)

O que é

1. O que é fascismo?

2. O que é intervenção militar?

3. O que é lúpulo?

4. O que é Ursal?

5. O que é Corpus Christi?

6. O que é chaira?

7. O que é afonia?

8. O que é momo?

9. O que é Encceja?

10. o que é tuberculose ganglionar?

Por quê?

1. Por que a guerra na Síria?

2. Por que votar no Bolsonaro?

3. Por que ou porque?

4. Por que não pode comer carne na Sexta-feira Santa?

5. Por que Ibrahimovic não foi convocado?

6. Por que não votar em Bolsonaro?

7. Por que Nadja foi expulsa de A Fazenda?

8. Por que a série Lúcifer foi cancelada?

9. Por que o Amoedo não participa dos debates?

10. Por que quarta-feira de Cinzas?



Celebridades

1. Sylvester Stallone

2. Pabllo Vittar

3. MC Loma

4. Meghan Markle

5. Roger Waters

6. Letícia Almeida

7. Douglas Sampaio

8. Tata Amaral

9. Cristiane Machado

10. Priscila Tossan

Mortes

1. Stan Lee

2. Avicii

3. Mr. Catra

4. XXXTentacion

5. Marielle Franco

6. Nara Almeida

7. Vitória Gabrielly

8. Mac Miller

9. Eduardo Carneiro

10. Anthony Bourdain

Virou meme

1. Que Tiro Foi Esse

2. Fábio Assunção

3. É verdade esse bilhete

4. Jair Bolsonaro

5. Neymar Jr.

6. Copa do Mundo

7. Dia do Amigo

8. Lula

9. Pikachu

10. Akon

Acontecimentos

1. Copa do Mundo

2. Eleições 2018

3. Greve dos caminhoneiros

4. Copa São Paulo de Futebol Júnior 2018

5. Campeonato brasileiro

6. Prisão do Lula

7. Horário de verão

8. Caso Vitória

9. Enem 2018

10. Julgamento do Lula Presidente eleito Jair Bolsonaro. (Foto: Divulgação)

Programas de TV e novelas",é|jair|que|mais|copa|quais|revela|em|google|foram|os|buscados|por|como|fazer|saiba|termos|foi|não
103_12-12-18_17_58.csv,falabahia,"O Serviço Municipal de Intermediação de Mão-de-obra (SIMM) oferece 6 vagas de emprego para esta quinta-feira (13).
Os interessados deverão ir a um dos postos do SIMM, no Comércio - Rua Miguel Calmon, nº 506, Edf.
O atendimento é feito das 7h às 17h, mediante distribuição de senhas, que são entregues a partir das 6h30.
Os candidatos podem usufruir do atendimento por hora marcada, que funciona das 07h às 16h30, pelo telefone 3202-2016 ou 0800-2853111 para ligações gratuitas.
A população também tem acesso ao atendimento do SIMM nas Prefeituras – Bairro Centro/Brotas Cabula, Cajazeiras, Cidade Baixa, Itapuã, Pau da Lima e Subúrbio/Ilhas, para realização de cadastro, busca por vagas e encaminhamento para entrevistas e seleções.",Redação Ibahia,"O Serviço Municipal de Intermediação de Mão-de-obra (SIMM) oferece 6 vagas de emprego para esta quinta-feira (13). Os interessados deverão ir a um dos postos do SIMM, no Comércio - Rua Miguel Calmon, nº 506, Edf. Ouro Preto; Boca do Rio - Rua Abelardo Andrade de Carvalho, 141, anexo ao Colégio Imejá, levando originais da carteira de trabalho, carteira de identidade, CPF, comprovantes de residência e histórico escolar, além do número do PIS, Pasep ou NIS.

O atendimento é feito das 7h às 17h, mediante distribuição de senhas, que são entregues a partir das 6h30. Os candidatos podem usufruir do atendimento por hora marcada, que funciona das 07h às 16h30, pelo telefone 3202-2016 ou 0800-2853111 para ligações gratuitas.

A população também tem acesso ao atendimento do SIMM nas Prefeituras – Bairro Centro/Brotas Cabula, Cajazeiras, Cidade Baixa, Itapuã, Pau da Lima e Subúrbio/Ilhas, para realização de cadastro, busca por vagas e encaminhamento para entrevistas e seleções.",rua|ou|13|dia|atendimento|das|dezembro|que|simm|quintafeira|para|vagas|por|confira|às|oferece
103_12-12-18_17_58.csv,falabahia,"Empregos SineBahia oferece 174 vagas para o dia 13 de dezembro, quinta-feira; confira Vagas são para as cidades de Salvador, Lauro de Freitas, Candeias, Alagoinhas, Santo Antônio de Jesus, Ilhéus, Jequié Senhor do Bonfim e Itabuna.
Redação iBahia ( redacao@portalibahia.com.br ) Compartilhar no Google+",Redação Ibahia,"Empregos SineBahia oferece 174 vagas para o dia 13 de dezembro, quinta-feira; confira Vagas são para as cidades de Salvador, Lauro de Freitas, Candeias, Alagoinhas, Santo Antônio de Jesus, Ilhéus, Jequié Senhor do Bonfim e Itabuna. Redação iBahia ( redacao@portalibahia.com.br ) Compartilhar no Google+",santo|são|redação|13|dia|senhor|salvador|sinebahia|dezembro|vagas|quintafeira|para|redacaoportalibahiacombr|confira|oferece|174
103_12-12-18_17_58.csv,falabahia,através do site do CIEE,Redação Ibahia,através do site do CIEE,através|mês|ciee|dezembro|neste|vagas|site|500|estágio|mais|oferece
103_12-12-18_17_58.csv,falabahia,"A rede Lojas Americanas seleciona candidatos para vagas efetivas de emprego em diversas regiões do país.
As oportunidades são para supervisor do varejo (145) e líder de operação de loja (46).
Há nove chances para supervisor do varejo e 18 para líder de operação de loja.
Para concorrer a uma oportunidade como supervisor do varejo, é preciso ter, no máximo, dois anos de formados em qualquer curso superior.
Para concorrer a uma oportunidade como líder de operação de loja, é necessário ter nível superior completo ou em curso, também em qualquer área de formação.",Agência O Globo,"A rede Lojas Americanas seleciona candidatos para vagas efetivas de emprego em diversas regiões do país. As oportunidades são para supervisor do varejo (145) e líder de operação de loja (46). Desse total de postos de trabalho, 27 são para o Estado do Rio, tanto na capital quanto na região metropolitana. Há nove chances para supervisor do varejo e 18 para líder de operação de loja.

O processo de inscrições estará aberto até o dia 31 de dezembro. Para concorrer a uma oportunidade como supervisor do varejo, é preciso ter, no máximo, dois anos de formados em qualquer curso superior. Os interessados podem se candidatar pelo site vagas.com.br/v1110589.

Neste caso, o trabalhador fará o controle de exposição e a fixação dos preços dos produtos. Ainda ficará responsável pela coordenação e pela avaliação de equipe de atendimento. Além disso, fará a análise de desempenho dos departamentos da loja, o controle de estoque, a compra de sortimento e a supervisão do inventário, entre outras atividades.

Para concorrer a uma oportunidade como líder de operação de loja, é necessário ter nível superior completo ou em curso, também em qualquer área de formação. Para se inscrever, o interessado deve acessarvagas.com.br/v1760732 ou vagas.com.br/v1796410.",líder|país|uma|é|americanas|varejo|supervisor|dos|em|vagas|efetivas|rede|para|191|oferece|lojas|loja|operação
103_12-12-18_17_58.csv,falabahia,"Os consumidores terão uma nova modalidade de pagamento em 2019, com juros menores e parcelamentos mais longos.
Ele estima que os juros ficariam em faixa similar à do crédito consignado, que são os menores do mercado: entre 1,18% e 6,52% ao mês, dependendo do banco.
No entanto, as taxas seriam cobradas em todas as compras, o que não ocorre com o cartão de crédito quando o consumidor paga a fatura no valor total e em dia.
Vieira, porém, ressalta que os juros aparentemente não cobrados estão embutidos nos preços dos produtos:- Não existe parcelamento em 12 vezes e sem juros.
Por outro lado, possibilita parcelamentos em mais vezes, com juros menores, em comparação ao crédito rotativo.",Agência O Globo,"Os consumidores terão uma nova modalidade de pagamento em 2019, com juros menores e parcelamentos mais longos. Será uma espécie de crediário, mas por meio do cartão de crédito. As condições de juros e parcelamento serão definidas por cada instituição bancária conforme o perfil do cliente, como ocorre hoje com a definição do limite de crédito. Foto: Divulgação

Segundo Ricardo Vieira, diretor executivo da Associação Brasileira das Empresas de Cartões de Crédito e Serviços (Abecs), a expectativa é que o serviço esteja disponível já no primeiro trimestre. Ele estima que os juros ficariam em faixa similar à do crédito consignado, que são os menores do mercado: entre 1,18% e 6,52% ao mês, dependendo do banco. No cartão de crédito rotativo, para efeito de comparação, as taxas variam entre 3,50% e 20% ao mês.

- Trata-se de uma modalidade nova, que não substitui nenhum dos serviços já existentes - disse Vieira.

No entanto, as taxas seriam cobradas em todas as compras, o que não ocorre com o cartão de crédito quando o consumidor paga a fatura no valor total e em dia. Vieira, porém, ressalta que os juros aparentemente não cobrados estão embutidos nos preços dos produtos:

- Não existe parcelamento em 12 vezes e sem juros. O consumidor acredita que está pagando sem juros, mas na verdade está levando um produto mais caro. O crediário vai permitir um desinflacionamento dos preços.

Vieira ressalta ainda que o comerciante também será beneficiado, pois receberá o valor dos produtos parcelados à vista, o que não ocorre nas vendas com cartão.

O professor do MBA de Finanças do Ibmec RJ Filipe Pires também acredita que o lojista poderá ser beneficiado com o serviço:

- Mais de 40% das vendas no varejo são parceladas, e o consórcio joga para o consumidor um custo que antes seria do lojista. Por outro lado, possibilita parcelamentos em mais vezes, com juros menores, em comparação ao crédito rotativo.

Pires alerta, porém, para a importância de se planejar financeiramente e não perder o controle dos gastos:",pagamento|uma|cartão|mais|consumidor|os|novo|dos|em|meio|que|crédiário|crédito|juros|com|terá|não
103_12-12-18_17_58.csv,falabahia,"Perder ou ganhar peso nem sempre é fácil, o que leva muitos brasileiros a recorrerem aos mais variados tipos de dietas.
Uma delas é o controle de calorias, que já apareceu com roupagens como 'dieta dos pontos', 'dieta da tabela', entre outras.
Ela explica que os aplicativos, na maioria das vezes, adotam medidas padrão para pessoas com determinado peso, o que nem sempre é o ideal.
O que temos que fazer, também, é controlar a qualidade — detalha.
O controle é feito pelo cadastro de uma meta de peso logo que o usuário faz o cadastro.",Agência O Globo,"Perder ou ganhar peso nem sempre é fácil, o que leva muitos brasileiros a recorrerem aos mais variados tipos de dietas. Uma delas é o controle de calorias, que já apareceu com roupagens como 'dieta dos pontos', 'dieta da tabela', entre outras. Agora, esse tipo de regime está facilitado graças aos aplicativos de controle de calorias disponíveis para smartphone: com uma simples busca, é possível encontrar dezenas de opções deles, que prometem não só a administração do que é ingerido, como também programas alimentares e de exercícios. Foto: Divulgação Esses aplicativos mantêm o controle das metas de ganho ou perda de peso baseados em dados inseridos pelos usuários, como altura, peso, estilo de vida e ritmo definido para as mudanças na balança. A grande vantagem deles é a extensa base de dados, muitas vezes alimentada pelos usuários, de alimentos, incluindo seus valores calóricos e nutricionais. Alguns desses utilitários ainda sugerem exercícios para o caso de perda de calorias em excesso, além de controlar medidas como Índice de Massa Corporal (IMC) e circunferência da cintura.

Apesar da praticidade, a nutricionista e coaching em emagrecimento Camila Monteiro avisa que os aplicativos devem funcionar como um auxílio, enquanto o acompanhamento principal é feito por um profissional da área. Ela explica que os aplicativos, na maioria das vezes, adotam medidas padrão para pessoas com determinado peso, o que nem sempre é o ideal.

— No aplicativo, você só controla a quantidade. O que temos que fazer, também, é controlar a qualidade — detalha. Segundo a especialista, outros cuidados além da atenção às calorias envolvem observar os horários de ingestão de alimentos, as reações do organismo a cada alimento, além de taxas como gorduras, carboidratos e proteínas.

— Os aplicativos são válidos para ajudar as pessoas que já têm um planejamento calculado, com qualidade, pensando em seu dia, nos alimentos que fazem bem e mal. — resume a nutricionista.

O aplicativo permite a montagem de um cardápio diário e disponibiliza a quantidade de calorias e nutrientes ingeridos por refeição, além das perdidas por meio de exercícios, tudo cadastrado manualmente pelo usuário. O controle é feito pelo cadastro de uma meta de peso logo que o usuário faz o cadastro. O aplicativo ainda dispõe de um blog com dicas de saúde e a possibilidade de compartilhamento de informações.

Virtuagym Food

Com perguntas sobre medidas e estilo de vida, o aplicativo elabora um plano nutricional baseado na meta de peso selecionada pelo usuário. A partir daí, cabe ao mesmo selecionar, entre a lista de alimentos disponíveis, o que consumir. O aplicativo informa não só as calorias consumidas, como as taxas de carboidratos, proteínas e gorduras, além de fornecer sugestões de exercícios para eliminar tais calorias.

MyPlate

O único em língua inglesa da lista funciona de forma semelhante aos demais. A grande vantagem é a indicação da dificuldade da meta estabelecida pelo usuário. Pode ser útil, também, para aqueles que consomem grande quantidade de produtos importados.

EasyFit

Apesar de utilizar um sistema semelhante aos demais, o EasyFit não permite que o usário determine o ritmo no qual deseja atingir sua meta de peso. No entanto, o aplicativo permite um controle bem mais detalhado de alimentação e exercícios (principalmente) do que os outros apps, com espaço para medidas de cintura e IMC, por exemplo.

Runstatic Balance",calorias|é|um|que|controle|aplicativos|para|peso|ingeridas|como|com|cinco|da|gratuitos|aplicativo|ajudam
103_12-12-18_17_58.csv,falabahia,"Recuperado de dores na coxa direita, Neymar voltou a atuar pelo PSG nesta terça-feira, na partida contra o Estrela Vermelha, fora de casa, pela Liga dos Campeões.
E em grande estilo... o brasileiro deixou o dele (aliás, um belo gol) na goleada dos franceses por 4 a 1.
Com reservas, o Barcelona empatou com o Tottenham em 1 a 1, no Camp Nou.
Dembélé abriu o placar para o Barça com um gol de placa.
Os dois clubes se classificaram para as oitavas de final: o Barça em primeiro e o Tottenham em segundo.",Agência O Globo,"Recuperado de dores na coxa direita, Neymar voltou a atuar pelo PSG nesta terça-feira, na partida contra o Estrela Vermelha, fora de casa, pela Liga dos Campeões. E em grande estilo... o brasileiro deixou o dele (aliás, um belo gol) na goleada dos franceses por 4 a 1. Cavani, Marquinhos e Mbappé completaram o placar.

O resultado classificou o PSG para as oitavas de final. O time comandado por Thomas Tuchel terminou a fase de grupos na primeira colocação do Grupo C com 11 pontos. O segundo colocado foi o Liverpool, que venceu o Napoli por 1 a 0, também nesta terça, em casa. O gol foi de Mohamed Salah. Nos últimos minutos, o goleiro brasileiro Alisson fez uma defesa de cinema e garantiu a vitória e a classificação.

No Grupo B, dois empates. Com reservas, o Barcelona empatou com o Tottenham em 1 a 1, no Camp Nou. Dembélé abriu o placar para o Barça com um gol de placa. O brasileiro Lucas Moura empatou para o time inglês. Os dois clubes se classificaram para as oitavas de final: o Barça em primeiro e o Tottenham em segundo. Os eliminados Inter de Milão e PSV também empataram em 1 a 1. Icardi e Lozano marcaram.",psg|liga|um|dos|brasileiro|em|por|gol|para|faz|goleada|neymar|com|tottenham|também|segundo|se|classifica
103_12-12-18_17_58.csv,falabahia,"O Serviço Municipal de Intermediação de Mão-de-obra (SIMM) oferece 11 vagas de emprego para esta quarta-feira (12).
Os interessados deverão ir a um dos postos do SIMM, no Comércio - Rua Miguel Calmon, nº 506, Edf.
O atendimento é feito das 7h às 17h, mediante distribuição de senhas, que são entregues a partir das 6h30.
Os candidatos podem usufruir do atendimento por hora marcada, que funciona das 07h às 16h30, pelo telefone 3202-2016 ou 0800-2853111 para ligações gratuitas.
CLIQUE AQUI E CONFIRA A LISTA DE VAGAS PARA ESTA QUARTA-FEIRA (12)",Redação Ibahia,"O Serviço Municipal de Intermediação de Mão-de-obra (SIMM) oferece 11 vagas de emprego para esta quarta-feira (12). Os interessados deverão ir a um dos postos do SIMM, no Comércio - Rua Miguel Calmon, nº 506, Edf. Ouro Preto; Boca do Rio - Rua Abelardo Andrade de Carvalho, 141, anexo ao Colégio Imejá, levando originais da carteira de trabalho, carteira de identidade, CPF, comprovantes de residência e histórico escolar, além do número do PIS, Pasep ou NIS.



O atendimento é feito das 7h às 17h, mediante distribuição de senhas, que são entregues a partir das 6h30. Os candidatos podem usufruir do atendimento por hora marcada, que funciona das 07h às 16h30, pelo telefone 3202-2016 ou 0800-2853111 para ligações gratuitas.



A população também tem acesso ao atendimento do SIMM nas Prefeituras – Bairro Centro/Brotas Cabula, Cajazeiras, Cidade Baixa, Itapuã, Pau da Lima e Subúrbio/Ilhas, para realização de cadastro, busca por vagas e encaminhamento para entrevistas e seleções.



CLIQUE AQUI E CONFIRA A LISTA DE VAGAS PARA ESTA QUARTA-FEIRA (12)



",rua|às|dia|atendimento|das|dezembro|que|simm|para|vagas|11|por|confira|quartafeira|12|oferece
103_12-12-18_17_58.csv,falabahia,"O WhatsApp publicou na segunda-feira (10), uma lista com os celulares que vão deixar de ser compatíveis com o aplicativo.
Já na virada de 2018 para 2019, os dispositivos da Nokia que usam o sistema operacional S40 não vão mais suportar o app de troca de mensagens.
Trata-se de aparelhos mais antigos, mais parecidos com os celulares convencionais do que com os smartphones.
Entre os dispositivos que rodam esse sistema estão algumas versões do Nokia Asha, além do Nokia 515.
Esse é o caso do iPhone 4, que não é compatível com o iOS 8.",Agência O Globo,"O WhatsApp publicou na segunda-feira (10), uma lista com os celulares que vão deixar de ser compatíveis com o aplicativo. Já na virada de 2018 para 2019, os dispositivos da Nokia que usam o sistema operacional S40 não vão mais suportar o app de troca de mensagens.



Trata-se de aparelhos mais antigos, mais parecidos com os celulares convencionais do que com os smartphones. O último celular equipado com o sistema S40 da Nokia foi lançado em 2013.



Entre os dispositivos que rodam esse sistema estão algumas versões do Nokia Asha, além do Nokia 515.



A empresa também alertou que quem tem celulares que rodam Android 2.3.7 ou de versões mais antigas já não consegue mais criar novas contas, mas poderá usar o aplicativo até 1º de fevereiro de 2020.



O mesmo vale para os donos de iPhones com iOS 7 e mais antigos. Esse é o caso do iPhone 4, que não é compatível com o iOS 8.",vão|funcionar|quais|2019|whatsapp|os|saiba|sistema|em|que|deixará|celulares|nokia|com|é|mais|não
103_12-12-18_17_58.csv,falabahia,"O Serviço de Intermediação para o trabalho (SineBahia) oferece 121 vagas de emprego para esta terça-feira (11).
Os interessados deverão ir a um dos postos do Sine, levando Carteira de Trabalho, RG, CPF, Comprovante de Residência e Certificado de escolaridade.
Estas são apenas algumas vagas disponíveis, para consultar a lista completa o trabalhador deve comparecer à unidade do SineBahia.
Os interessados deverão ir a um dos postos do Sine, levando Carteira de Trabalho, RG, CPF, Comprovante de Residência e de Escolaridade.",Redação Ibahia,"O Serviço de Intermediação para o trabalho (SineBahia) oferece 121 vagas de emprego para esta terça-feira (11). Os interessados deverão ir a um dos postos do Sine, levando Carteira de Trabalho, RG, CPF, Comprovante de Residência e Certificado de escolaridade.

Estas são apenas algumas vagas disponíveis, para consultar a lista completa o trabalhador deve comparecer à unidade do SineBahia. Os interessados deverão ir a um dos postos do Sine, levando Carteira de Trabalho, RG, CPF, Comprovante de Residência e de Escolaridade.",dia|trabalho|os|um|rg|sine|sinebahia|dezembro|146|vagas|para|postos|confira|quartafeira|12|oferece|residência
103_12-12-18_17_58.csv,falabahia,"O Vitória pode mandar seus jogos longe do Barradão em 2019.
""Estamos mantendo entendimentos com a Arena para definir qual modelo vamos utilizar.
Se vamos jogar todos os jogos do ano na Arena, se vamos jogar alguns jogos.
O ex-presidente do Vitória, Paulo Carneiro, se manifestou questionando a legalidade do contrato entre Bahia e Arena Fonte Nova, devido à construção da nova loja.
Francisco Salles também pediu os mesmos direitos caso o Vitória decida mandar seus jogos na Fonte Nova.",Redação Ibahia,"O Vitória pode mandar seus jogos longe do Barradão em 2019. Na última segunda-feira (10), depois da apresentação do técnico Marcelo Chamusca, o vice-presidente do Leão, Francisco Salles, disse que o clube está estudando mandar jogos na Fonte Nova na próxima temporada. Salles disse ainda que o Vitória pode abandonar o Barradão e realizar todas as partidas na Arena.

""Estamos mantendo entendimentos com a Arena para definir qual modelo vamos utilizar. Se vamos jogar todos os jogos do ano na Arena, se vamos jogar alguns jogos. Em verdade, a Arena não vem sendo utilizada pelo Esporte Clube Vitória com intensidade nos últimos anos. Coisa que será diferente no próximo ano. Primeiro, porque precisamos mais do apoio da nossa torcida, precisamos de mais recursos. E tenho certeza que, para a Arena e para o Governo do Estado, será muito importante a presença do Vitória"", disse o dirigente.

Nos últimos dias, o frequente uso da Fonte Nova pelo Bahia foi motivo de polêmica. O ex-presidente do Vitória, Paulo Carneiro, se manifestou questionando a legalidade do contrato entre Bahia e Arena Fonte Nova, devido à construção da nova loja. Posteriormente, uma ação do ex-conselheiro rubro-negro Juarez Dourado Wanderley, pediu que a identidade visual do Tricolor seja retirada do estádio, assim como a loja do Esquadrão que ainda será inaugurada.

Francisco Salles também pediu os mesmos direitos caso o Vitória decida mandar seus jogos na Fonte Nova. ""É uma ação que qualquer um tem legitimidade para propor. Se sentiu que houve uma lesão por conta do contrato firmado com o Bahia, ele tem direito de propor a ação. É um tema de união de todos os rubro-negros. Aqui não existe divisão, existe união para defender um bem maior, que é a possibilidade de utilização de um equipamento público por parte do Vitória, que tem uma nação de quase quatro milhões de torcedores. Estamos juntos, obviamente enquanto clube, após nossas negociações e, se não formos atendidos de forma igualitária como outras agremiações tiveram, podemos pensar em judicializar o tema. Acredito que não será necessário"", afirmou o vice-presidente rubro-negro.",mandar|uma|se|jogos|2019|um|arena|fonte|estuda|em|que|para|será|nova|escanteado|vitória|barradão
103_12-12-18_17_58.csv,falabahia,,Agência O Globo,"

",nascidos|começa|em|dezembro|pagar|banco|com|caixa|contas|pis
103_12-12-18_17_58.csv,falabahia,"O ex-jogador de futebol Ronaldinho Gaúcho entrou o passaporte à Justiça neste fim de semana.
O irmão dele, Roberto de Assis Moreira, também precisou fornecer o documento ao órgão.
As informações são do Estadão.
Foto: DivulgaçãoA defesa da dupla entrou com pedido de habeas corpus no Superior Tribunal de Justiça (STJ), mas o recurso ainda não foi julgado.
O local é considerado uma área de preservação permanente e obra foi realizada sem licenciamento.",Redação Ibahia,"O ex-jogador de futebol Ronaldinho Gaúcho entrou o passaporte à Justiça neste fim de semana. O irmão dele, Roberto de Assis Moreira, também precisou fornecer o documento ao órgão. Isso ocorreu devido ao cumprimento de ordem do Tribunal de Justiça do Estado do Rio Grande do Sul (TJ-RS) que determinou a apreensão do certidão após a dupla não ter efetuado o pagamento de uma multa ambiental resultado de um processo julgado no ano de 2015. As informações são do Estadão.

Foto: Divulgação



A defesa da dupla entrou com pedido de habeas corpus no Superior Tribunal de Justiça (STJ), mas o recurso ainda não foi julgado. O Ministério Público Federal deu parecer favorável a apreensão do documento e alegou não ter 'outra providência a ser tomada' já que o ex-jogador e o irmão ‘insistem em descumprir a sentença de forma voluntária e reiterada’.Os dois foram condenados pela construção de um píer com plataforma de pesca na orla de um lago localizado em Porto Alegre (RS). O local é considerado uma área de preservação permanente e obra foi realizada sem licenciamento. Tal atitude levou a condenação de Ronaldinho e Assis por danos ambientais e foi considerado o pagamento de uma multa no valor de R$ 8,5 milhões.O subprocurador-geral da República responsável pelo caso, Brasilino Pereira dos Santos, afirmou que diversas medidas foram tomadas como cobrança, como penhora eletrônica de bens e multa diária, mas nada adiantou.“Parece-nos, ao menos em princípio, que é a própria Justiça que vem sendo ridicularizada junto à sociedade brasileira e mundial, frente ao comportamento dos ora Pacientes atentatório à dignidade da Justiça”, disse Santos.No mês anterior, Ronaldinho Gaúcho viajou para o exterior mesmo com a determinação de entrega dos passaportes.O Estadão entrou em contato com a defesa do ex-jogador e do irmão, mas até agora não obteve contato.



",justiça|uma|à|passaporte|um|saiba|ronaldinho|em|que|ao|motivo|gaúcho|com|entrega|não
103_12-12-18_17_58.csv,falabahia,"A Marinha encerra nesta terça-feira (11) as inscrições para 533 vagas para prestação de serviço militar voluntário.
A seleção compreende candidatos de ambos os sexos maiores de 18 anos que irão entrar Praça da Reserva de 2ª Clarasse da Marinha.
O serviço pode ter duração de até oito anos desde que, durante este período, o selecionado não atinja 45 anos.
Vagas: 533 no total - 60 (Sessenta) para a área do Comando do Segundo Distrito NavalTaxa de Inscrição: R$ 75,00.
Data da prova: 17/03/19Informações: telefone (71)3507-3877",Redação Ibahia,"A Marinha encerra nesta terça-feira (11) as inscrições para 533 vagas para prestação de serviço militar voluntário. No segundo Distrito Naval, que compreende a Bahia, há 60 oportunidades disponíveis. Os interessados podem se inscrever através do site. A seleção compreende candidatos de ambos os sexos maiores de 18 anos que irão entrar Praça da Reserva de 2ª Clarasse da Marinha.



As oportunidades em Salvador são para aqueles que tem formação em: Edificações, Eletrotécnica, Eletrônica, Enfermagem, Farmácia, Gráfica, Máquinas Navais, Mecânica, Mecânica Automativa, Nutrição e Dietética, Patologia Clínica e Telecomunicações, no nível médio técnico. Mercenaria e Soldagem no nível fundamental profissionalizante.



O serviço pode ter duração de até oito anos desde que, durante este período, o selecionado não atinja 45 anos. A remuneração varia entre R$ 2.320 e R$ 3.388 de acordo com a escolaridade.



O processo seletivo é formado por uma prova objetiva da Formação Militar-Naval, prova de títulos, verificação de dados biográficos e documental, teste de aptidão física e inspeção de saúde. A inscrição custa R$ 75.





SERVIÇO

SERVIÇO MILITAR VOLUNTÁRIO DE PRAÇAS-2019

Inscrições: 27/11 a 11/12/18.

Vagas: 533 no total - 60 (Sessenta) para a área do Comando do Segundo Distrito Naval

Taxa de Inscrição: R$ 75,00.

Data da prova: 17/03/19

Informações: telefone (71)3507-3877



",nesta|terça|marinha|12|os|militar|r|prova|encerra|que|para|voluntário|anos|segundo|da|inscrições|serviço
103_12-12-18_17_58.csv,falabahia,"Empregos SineBahia oferece 121 vagas para o dia 11 de dezembro, terça-feira; confira Vagas são para as cidades de Salvador, Lauro de Freitas, Feira de Santana, Jequié, Itabuna e Morro do Chapéu Redação iBahia ( redacao@portalibahia.com.br ) Compartilhar no Google+",Redação Ibahia,"Empregos SineBahia oferece 121 vagas para o dia 11 de dezembro, terça-feira; confira Vagas são para as cidades de Salvador, Lauro de Freitas, Feira de Santana, Jequié, Itabuna e Morro do Chapéu Redação iBahia ( redacao@portalibahia.com.br ) Compartilhar no Google+",são|redação|dia|salvador|terçafeira|santana|sinebahia|dezembro|vagas|para|11|redacaoportalibahiacombr|121|confira|oferece
103_12-12-18_17_58.csv,falabahia,através do site da empresa.,Redação Ibahia,através do site da empresa.,diversas|60|através|empresa|tecnologia|em|vagas|site|abre|da|áreas
103_12-12-18_17_58.csv,falabahia,"A Federação Brasileira dos Bancos (Febraban) divulgou o esquema de atendimento das instituições financeiras no fim de ano.
No dia 24, segunda-feira, as agências bancárias abrirão para atendimento ao público em horário especial, ou seja, por apenas duas horas, pela manhã.
O último dia do ano para atendimento bancário será 28 de dezembro (sexta-feira).
Os correntistas poderão ainda agendar os pagamentos das contas de consumo ou pagá-las nos caixas automáticos, caso tenham código de barras.
Os boletos bancários cadastrados como sacados eletrônicos poderão ser agendados ou pagos por meio do DDA (Débito Direto Autorizado).",Agência O Globo,"A Federação Brasileira dos Bancos (Febraban) divulgou o esquema de atendimento das instituições financeiras no fim de ano. No dia 24, segunda-feira, as agências bancárias abrirão para atendimento ao público em horário especial, ou seja, por apenas duas horas, pela manhã.



O atendimento será das 9h às 11h, nos estados que seguem o horário de Brasília; das 8h às 10h, para as localidades que têm 1 ou 2 horas de diferença em relação ao fuso horário da capital; e das 7h às 9h, para os que têm diferença de 3 horas.



O último dia do ano para atendimento bancário será 28 de dezembro (sexta-feira). Neste caso, a jornada será normal. No dia 31 (segunda-feira), no entanto, não haverá expediente para o público. Como opção, a população poderá utilizar os canais alternativos, como aplicativo de celular, internet banking, caixa eletrônico, telefone e correspondente bancário (casa lotérica, agência dos Correios ou supermercado, por exemplo).



Os correntistas poderão ainda agendar os pagamentos das contas de consumo ou pagá-las nos caixas automáticos, caso tenham código de barras. Os boletos bancários cadastrados como sacados eletrônicos poderão ser agendados ou pagos por meio do DDA (Débito Direto Autorizado).



Ainda de acordo com a Febraban, os carnês e as contas de consumo (água, luz, gás, telefone e TV paga) vencidos no feriado poderão ser pagos sem acréscimo no primeiro dia útil seguinte. Em geral, os tributos já vêm com as datas ajustadas ao calendário de feriados, tanto federais quanto estaduais e municipais.",vão|só|funcionar|ou|às|dia|atendimento|os|das|dezembro|por|que|para|será|bancos|duas|não|horas
103_12-12-18_17_58.csv,falabahia,"Instituição/Orgão Prazo Vagas Salário Máximo Escolaridade Local de trabalho EstadoConselho Regional de Serviço Social da 12ª Região (Santa Catarina) 7/1/2019 85 R$ 5.060,99 médio e superior Florianópolis Santa CatarinaPrefeitura de Nova Itaberaba (SC) 5/12/2018 15 R$ 1.882,02 médio e superior Nova Itaberaba Santa CatarinaPrefeitura de Santa Rita do Trivelato (MT) 4/12/2018 37 R$ 2.780,00 fundamental, médio e superior Santa Rita do Trivelato Mato GrossoPrefeitura de Monte Sião (MG) 31/12/2018 212 R$ 11.583,55 fundamental, médio e superior Monte Sião Minas GeraisPrefeitura de Portel (PA) 31/12/2018 942 R$ 2.749,52 fundamental, médio e superior Portel ParáFundação de Atendimento Socioeducativo (Funase) de Pernambuco 30/12/2018 130 R$ 1.584,00 médio Pernambuco PernambucoPrefeitura de Witmarsum (SC) 29/12/2018 17 R$ 2.798,48 fundamental, médio e superior Witmarsum Santa CatarinaPrefeitura de Caibi (SC) 28/12/2019 7 R$ 1.888,66 médio, técnico e superior Caibi Santa CatarinaSecretaria de Educação do Estado de São Paulo 28/12/2018 167 R$ 1.339,29 médio São Paulo São PauloServiço Antônomo de Água e Esgoto de Cândido Mota (SP) 28/12/2018 10 R$ 2.089,95 fundamental e médio Cândito Mota São PauloAssembleia Legislativa de Goiás 27/12/2018 80 R$ 29.114,95 médio e superior Goiás GoiásCâmara Municipal de Rio Pardo de Minas (MG) 27/12/2018 10 R$ 1.433,94 fundamental e médio Rio Pardo de Minas Minas GeraisGuarda Municipal de Teresina (PI) 27/12/2018 75 R$ 1.133,00 médio Teresina PiauíPrefeitura de Estrela do Indaiá (MG) 27/12/2018 60 R$ 12.000,00 fundamental, médio e superior Estrela do Indaiá MInas GeraisPrefeitura de Lucélia (SP) 27/12/2018 10 R$ 10.876,28 médio, técnico e superior Lucélia São PauloPrefeitura de Paraí (RS) 27/12/2018 18 R$ 4.344,78 fundamental, médio e superior Paraí Rio Grande do SulCâmara Municipal de Paiva (MG) 26/12/2018 4 R$ 1.118,35 fundamental e médio Paiva Minas GeraisPrefeitura de Nova Odessa (SP) 26/12/2018 8 R$ 2.207,10 médio Nova Odessa São PauloPrefeitura de Paranavaí (PR) 26/12/2018 101 R$ 14.795,62 fundamental, médio e superior Paranavaí ParanáPrefeitura de Areias (SP) 25/12/2018 28 R$ 1.531,05 fundamental, médio e superior Areias São PauloCâmara Municipal de Perdizes (MG) 25/02/2019 11 R$ 3.000,00 fundamental, médio e superior Perdizes Minas GeraisConselho Regional dos Representantes Comerciais do Estado de Pernambuco (CORE - PE) 24/12/2018 38 R$ 5.100,47 médio e superior Recife PernambucoPrefeitura de Santa Terezinha do Progresso (SC) 24/12/2018 48 R$ 8.506,13 médio Santa Terezinha do Progresso Santa CatarinaPrefeitura de Santana do Paraíso (MG) 24/12/2018 9 R$ 1.252,23 médio Santana do Paraíso Minas GeraisPrefeitura de Conceição (PB) 23/12/2018 220 R$ 4.000,00 fundamental, médio e superior Conceição ParaíbaPrefeitura de Iracema (CE) 23/12/2018 130 R$ 11.520,00 fundamental, médio e superior Iracema CearáPrefeitura de Lamim (MG) 22/01/2019 109 R$ 11.510,80 fundamental, médio e superior Lamim Minas GeraisPrefeitura de Cambuci (RJ) 21/12/2018 68 R$ 1.176,34 médio e superior Cambuci Rio de JaneiroPrefeitura de Capinzal (SC) 21/12/2018 105 R$ 16.141,57 fundamental, médio e superior Capinzal Santa CatarinaPrefeitura de Ermo (SC) 21/12/2018 64 R$ 11.893,23 fundamental, médio e superior Ermo Santa CatarinaUniversidade Federal de Santa Catarina (UFSC) 21/12/2018 66 R$ 4.638,66 médio e superior Florianópolis Santa CatarinaPrefeitura de Palmitinho (RS) 21/12/2018 40 R$ 5.386,16 fundamental, médio e superior Palmitinho Rio Grande do SulCâmara Municipal de Ouro Fino (MG) 20/12/2018 6 R$ 3.967,35 fundamental, médio e superior Ouro Fino Minas GeraisCompanhia de Processamento de Dados do Estado do Rio Grande do Sul (Procergs) 20/12/2018 17 R$ 6.013,86 médio e superior Rio Grande do Sul Rio Grande do SulConsórcio Público Interfederativo de Saúde da Região do Metro Recôncavo Norte 20/12/2018 50 R$ 4.388,32 médio e superior Simões Filho BahiaDepartamento Estadual de Trânsito do Pará (Detran-PA) 20/12/2018 100 R$ 2.191,52 médio Pará ParáFundação Municipal de Saúde de Rio Claro (SP) 20/12/2018 90 R$ 4.941,87 fundamental, médio e superior Rio Claro São PauloPolícia Militar de Minas Gerais 20/12/2018 150 R$ 3.506,41 superior Várias cidades Minas GeraisPrefeitura de Canoinhas (SC) 20/12/2018 79 R$ 6.380,24 fundamental, médio e superior Canoinhas Santa CatarinaPrefeitura de Comendador Gomes (MG) 20/12/2018 52 R$ 2.728,49 superior Comendador Gomes MInas GeraisPrefeitura de Pedras Altas (RS) 20/12/2018 19 R$ 2.597,59 fundamental, médio e superior Pedras Altas Rio Grande do SulPrefeitura de Piracaia (SP) 20/12/2018 181 R$ 5.037,75 médio, técnico e superior Piracaia São PauloPrefeitura de Rio Branco (MT) 20/12/2018 15 R$ 2.762,26 superior Rio Branco Mato GrossoPrefeitura de Veranópolis (RS) 20/12/2018 35 R$ 5.466,8 fundamental, médio e superior Veranópolis Rio Grande do SulSecretaria de Estado de Assistência Social do Pará 20/12/2018 9 R$ 3.345,14 médio e superior Pará ParáServiço Autônomo de Água e Esgoto de Pereira ",Redação Ibahia,"Instituição/Orgão Prazo Vagas Salário Máximo Escolaridade Local de trabalho Estado

Conselho Regional de Serviço Social da 12ª Região (Santa Catarina) 7/1/2019 85 R$ 5.060,99 médio e superior Florianópolis Santa Catarina

Prefeitura de Nova Itaberaba (SC) 5/12/2018 15 R$ 1.882,02 médio e superior Nova Itaberaba Santa Catarina

Prefeitura de Santa Rita do Trivelato (MT) 4/12/2018 37 R$ 2.780,00 fundamental, médio e superior Santa Rita do Trivelato Mato Grosso

Prefeitura de Monte Sião (MG) 31/12/2018 212 R$ 11.583,55 fundamental, médio e superior Monte Sião Minas Gerais

Prefeitura de Portel (PA) 31/12/2018 942 R$ 2.749,52 fundamental, médio e superior Portel Pará

Fundação de Atendimento Socioeducativo (Funase) de Pernambuco 30/12/2018 130 R$ 1.584,00 médio Pernambuco Pernambuco

Prefeitura de Witmarsum (SC) 29/12/2018 17 R$ 2.798,48 fundamental, médio e superior Witmarsum Santa Catarina

Prefeitura de Caibi (SC) 28/12/2019 7 R$ 1.888,66 médio, técnico e superior Caibi Santa Catarina

Secretaria de Educação do Estado de São Paulo 28/12/2018 167 R$ 1.339,29 médio São Paulo São Paulo

Serviço Antônomo de Água e Esgoto de Cândido Mota (SP) 28/12/2018 10 R$ 2.089,95 fundamental e médio Cândito Mota São Paulo

Assembleia Legislativa de Goiás 27/12/2018 80 R$ 29.114,95 médio e superior Goiás Goiás

Câmara Municipal de Rio Pardo de Minas (MG) 27/12/2018 10 R$ 1.433,94 fundamental e médio Rio Pardo de Minas Minas Gerais

Guarda Municipal de Teresina (PI) 27/12/2018 75 R$ 1.133,00 médio Teresina Piauí

Prefeitura de Estrela do Indaiá (MG) 27/12/2018 60 R$ 12.000,00 fundamental, médio e superior Estrela do Indaiá MInas Gerais

Prefeitura de Lucélia (SP) 27/12/2018 10 R$ 10.876,28 médio, técnico e superior Lucélia São Paulo

Prefeitura de Paraí (RS) 27/12/2018 18 R$ 4.344,78 fundamental, médio e superior Paraí Rio Grande do Sul

Câmara Municipal de Paiva (MG) 26/12/2018 4 R$ 1.118,35 fundamental e médio Paiva Minas Gerais

Prefeitura de Nova Odessa (SP) 26/12/2018 8 R$ 2.207,10 médio Nova Odessa São Paulo

Prefeitura de Paranavaí (PR) 26/12/2018 101 R$ 14.795,62 fundamental, médio e superior Paranavaí Paraná

Prefeitura de Areias (SP) 25/12/2018 28 R$ 1.531,05 fundamental, médio e superior Areias São Paulo

Câmara Municipal de Perdizes (MG) 25/02/2019 11 R$ 3.000,00 fundamental, médio e superior Perdizes Minas Gerais

Conselho Regional dos Representantes Comerciais do Estado de Pernambuco (CORE - PE) 24/12/2018 38 R$ 5.100,47 médio e superior Recife Pernambuco

Prefeitura de Santa Terezinha do Progresso (SC) 24/12/2018 48 R$ 8.506,13 médio Santa Terezinha do Progresso Santa Catarina

Prefeitura de Santana do Paraíso (MG) 24/12/2018 9 R$ 1.252,23 médio Santana do Paraíso Minas Gerais

Prefeitura de Conceição (PB) 23/12/2018 220 R$ 4.000,00 fundamental, médio e superior Conceição Paraíba

Prefeitura de Iracema (CE) 23/12/2018 130 R$ 11.520,00 fundamental, médio e superior Iracema Ceará

Prefeitura de Lamim (MG) 22/01/2019 109 R$ 11.510,80 fundamental, médio e superior Lamim Minas Gerais

Prefeitura de Cambuci (RJ) 21/12/2018 68 R$ 1.176,34 médio e superior Cambuci Rio de Janeiro

Prefeitura de Capinzal (SC) 21/12/2018 105 R$ 16.141,57 fundamental, médio e superior Capinzal Santa Catarina

Prefeitura de Ermo (SC) 21/12/2018 64 R$ 11.893,23 fundamental, médio e superior Ermo Santa Catarina

Universidade Federal de Santa Catarina (UFSC) 21/12/2018 66 R$ 4.638,66 médio e superior Florianópolis Santa Catarina

Prefeitura de Palmitinho (RS) 21/12/2018 40 R$ 5.386,16 fundamental, médio e superior Palmitinho Rio Grande do Sul

Câmara Municipal de Ouro Fino (MG) 20/12/2018 6 R$ 3.967,35 fundamental, médio e superior Ouro Fino Minas Gerais

Companhia de Processamento de Dados do Estado do Rio Grande do Sul (Procergs) 20/12/2018 17 R$ 6.013,86 médio e superior Rio Grande do Sul Rio Grande do Sul

Consórcio Público Interfederativo de Saúde da Região do Metro Recôncavo Norte 20/12/2018 50 R$ 4.388,32 médio e superior Simões Filho Bahia

Departamento Estadual de Trânsito do Pará (Detran-PA) 20/12/2018 100 R$ 2.191,52 médio Pará Pará

Fundação Municipal de Saúde de Rio Claro (SP) 20/12/2018 90 R$ 4.941,87 fundamental, médio e superior Rio Claro São Paulo

Polícia Militar de Minas Gerais 20/12/2018 150 R$ 3.506,41 superior Várias cidades Minas Gerais

Prefeitura de Canoinhas (SC) 20/12/2018 79 R$ 6.380,24 fundamental, médio e superior Canoinhas Santa Catarina

Prefeitura de Comendador Gomes (MG) 20/12/2018 52 R$ 2.728,49 superior Comendador Gomes MInas Gerais

Prefeitura de Pedras Altas (RS) 20/12/2018 19 R$ 2.597,59 fundamental, médio e superior Pedras Altas Rio Grande do Sul

Prefeitura de Piracaia (SP) 20/12/2018 181 R$ 5.037,75 médio, técnico e superior Piracaia São Paulo

Prefeitura de Rio Branco (MT) 20/12/2018 15 R$ 2.762,26 superior Rio Branco Mato Grosso

Prefeitura de Veranópolis (RS) 20/12/2018 35 R$ 5.466,8 fundamental, médio e superior Veranópolis Rio Grande do Sul

Secretaria de Estado de Assistência Social do Pará 20/12/2018 9 R$ 3.345,14 médio e superior Pará Pará

Serviço Autônomo de Água e Esgoto de Pereira Barreto (SP) 20/12/2018 18 R$ 3.549,96 fundamental, médio e superior Pereira Barreto São Paulo

Prefeitura de Pinheiro (MA) 20/12/2018 29 R$ 1.014,00 médio Pinheiro Maranhão

Prefeitura de Santa Cecília (SC) 19/12/2018 39 R$ 2.052,54 superior Santa Cecília Santa Catarina

Prefeitura de Canela (RS) 19/12/2018 70 R$ 2.540,20 médio e superior Canela Rio Grande do Sul

Polícia Rodoviária Federal (PRF) 18/12/2018 500 R$ 9.473,57 superior todo o país todo o país

Prefeitura de Guatambu (SC) 18/12/2018 18 R$ 2.843,13 médio e superior Guatambu Santa Catarina

Prefeitura de Novo Horizonte (SC) 18/12/2018 10 R$ 4.824,24 fundamental, médio e superior Novo Horizonte Santa Catarina

Prefeitura de Ananindeua (PA) 17/12/2018 394 R$ 1.347,94 fundamental, médio e superior Ananindeua Pará

Prefeitura de Cordilheira Alta (SC) 17/12/2018 23 R$ 5.359,84 fundamental, médio e superior Cordilheira Alta Santa Catarina

Prefeitura de Volta Redonda (RJ) 17/12/2018 10 R$ 954,00 fundamental, médio e superior Volta Redonda Rio de Janeiro

Prefeitura de Santo Antônio do Pinhal (SP) 17/12/2018 5 R$ 3.088,92 fundamental, médio e superior Santo Antônio do Pinhal São Paulo

Controladoria Geral do Estado do Rio Grande do Norte 16/12/2018 53 R$ 4.295,63 superior Rio Grande do Norte Rio Grande do Norte

Defensoria Pública da Bahia 16/12/2018 77 R$ 2.614,65 médio e superior Bahia Bahia

Prefeitura de Caconde (SP) 16/12/2018 44 R$ 4.858,53 fundamental, médio e superior Caconde São Paulo

Secretaria de Administração dos Recursos Humanos do Rio Grande do Norte 16/12/2018 53 R$ 4.295,63 superior Rio Grande do Norte Rio Grande do Norte

Serviço Autônomo de Água e Esgotos de Itapira (SP) 16/12/2018 3 R$ 2.294,59 fundamental e médio Itapira São Paulo

Prefeitura de Alvinópolis (MG) 16/12/2018 62 R$ 12.462,75 médio, técnico e superior Alvinópolis Minas Gerais

Prefeitura de Garopaba (SC) 15/12/2018 12 R$ 13.745,82 médio/técnico e superior Garopaba Santa Catarina

Faculdade de Direito de São Bernardo do Campo (SP) 14/12/2018 7 R$ 1.722,95 médio São Bernardo do Campo São Paulo

Instituto Federal de Educação, Ciência e Tecnologia de Pernambuco (Ifpe) 14/12/2018 2 R$ 5.786,68 superior Pernambuco Pernambuco

Prefeitura de Brodowski 14/12/2018 246 R$ 3.817,18 fundamental, médio e superior Brodowski São Paulo

Prefeitura de Cassilândia (MS) 14/12/2018 93 R$ 8.500,00 fundamental, médio e superior Cassilândia Mato Grosso do Sul

Prefeitura de Flórida Paulista (SP) 14/12/2018 7 R$ 2.919,29 médio e superior Flórida Paulista São Paulo

Prefeitura de Guarani (MG) 14/12/2018 57 R$ 7.478,22 fundamental, médio e superior Guarani Minas Gerais

Prefeitura de Ipira (SC) 14/12/2018 40 R$ 1.686,54 superior Ipira Santa Catarina

Prefeitura de Monções (SP) 14/12/2018 51 R$ 3.563,86 médio, técnico e superior Monções São Paulo

Prefeitura de Trindade (GO) 14/12/2018 202 R$ 3.200,00 médio e superior Trindade Goiás

Universidade Federal da Bahia (UFBA) 14/12/2018 52 superior Salvador Bahia

Câmara Municipal de Santo André (SP) 13/12/2018 28 R$ 8.503,49 fundamental e superior Santo André São Paulo

Prefeitura de Calmon (SC) 13/12/2018 42 R$ 1.917,78 médio e superior Calmon Santa Catarina

Prefeitura de São Valentim do Sul (RS) 13/12/2018 9 R$ 3.337,10 fundamental, médio e superior São Valentim do Sul Rio Grande do Sul

Prefeitura de Treze de Maio (SC) 13/12/2018 72 R$ 9.000,00 alfabetizado, médio e superior Treze de Maio Santa Catarina

Prefeitura de Tumiritinga (MG) 13/12/2018 101 R$ 2.000,00 fundamental, médio e superior Tumiritinga Minas Gerais

Prefeitura de Petrolina (PE) 13/01/2019 375 R$ 9.533,15 médio e superior Petrolina Pernambuco

Prefeitura de Florestópolis (PR) 12/12/2018 31 R$ 5.990,83 fundamental, médio e superior Florestópolis Paraná

Prefeitura de Ilhota (SC) 12/12/2018 20 R$ 3.074,62 fundamental, médio e superior Ilhota Santa Catarina

Prefeitura de Marmelópolis (MG) 12/12/2018 20 R$ 1.967,57 fundamental, médio e superior Marmelópolis MInas Gerais

Prefeitura de Passo de Torres (SC) 12/12/2018 17 R$ 2.857,63 médio e superior Passo de Torres Santa Catarina

Prefeitura de Santo Antônio do Amparo (MG) 12/12/2018 14 R$ 2.465,67 fundamental, médio e superior Santo Antônio do Amparo Minas Gerais

Prefeitura de Uruguaiana (RS) 12/12/2018 22 R$ 2.000,00 médio e superior Uruguaiana Rio Grande do Sul

Prefeitura de São José de Ribamar (MA) 12/12/2018 60 R$ 5.691,60 superior São José de Ribamar Maranhão

Prefeitura de Guidoval (MG) 12/12/2018 42 R$ 9.129,05 médio e superior Guidoval Minas Gerais

Câmara Municipal de Ourinhos (SP) 11/12/2018 4 R$ 4.176,00 médio e superior Ourinhos São Paulo

Prefeitura de Gaúcha do Norte (MT) 11/12/2018 176 R$ 6.657,54 fundamental, médio e superior Gaúcha do Norte Mato Grosso

Prefeitura de Marema (SC) 11/12/2018 11 R$ 2.797,19 médio e superior Marema Santa Catarina

Prefeitura de São Carlos (SP) 11/12/2018 26 R$ 8.236,53 fundamental, médio e superior São Carlos São Paulo

Secretaria de Educação do Estado de São Paulo 11/01/2019 372 R$ 3.474,07 superior São Paulo São Paulo

Câmara Municipal de Cururupu (MA) 10/12/2018 27 R$ 1.300,00 fundamental e médio Cururupu Maranhão

Câmara Municipal de Ibirajuba (PE) 10/12/2018 3 R$ 980,00 fundamental e médio Ibirajuba Pernambuco

Conselho Regional de Educação Física de Sergipe 10/12/2018 75 R$ 3.620,87 médio e superior Aracaju Sergipe

Fundação Universidade Federal do ABC (Ufabc) 10/12/2018 36 R$ 4.180,66 médio e superior São Paulo São Paulo

Prefeitura de Água Boa (MT) 10/12/2018 131 R$ 6.312,90 fundamental, médio e superior Água Boa São Paulo

Prefeitura de Barbalha (CE) 10/12/2018 76 R$ 9.327,73 fundamental, médio e superior Barbalha Ceará

Prefeitura de Belterra (PA) 10/12/2018 96 R$ 2.455,35 médio Belterra Pará

Prefeitura de Guaxupé (MG) 10/12/2018 25 R$ 1.769,49 médio Guaxupé Minas Gerais

Prefeitura de Ibirubá (RS) 10/12/2018 71 R$ 9.158,47 fundamental, médio e superior Ibirubá Rio Grande do Sul

Prefeitura de Paraguaçu Paulista (SP) 10/12/2018 54 R$ 2.020,09 fundamental, médio e superior Paraguaçu Paulista São Paulo

Prefeitura de Vazante (MG) 10/12/2018 361 R$ 9.000,00 fundamental, médio e superior Vazante Minas Gerais

Serviço Autônomo de Água e Esgoto de Jacareí (SP) 10/12/2018 54 R$ 3.652,78 fundamental, médio e superior Jacareí São Paulo

Agência de Fomento do Amapá (Afap) 10/01/2019 229 R$ 3.319,77 médio e superior Amapá Amapá

Prefeitura de Arujá (SP) 10/01/2019 113 R$ 6.708,43 fundamental, médio e superior Arujá São Paulo

Prefeitura de Taboão da Serra (SP) 10/01/2019 16 R$ 1.014,00 médio Taboão da Serra São Paulo

Câmara Municipal de Pau dos Ferros (RN) 09/12/2018 8 R$ 2.500,00 médio, técnico e superior Pau dos Ferros Rio Grande do Norte

Câmara Municipal de Rio do Antônio (BA) 09/12/2018 6 R$ 1.522,00 fundamental e médio Rio do Antônio Bahia

Prefeitura de Álvares Machado (SP) 09/12/2018 1 R$ 1.264,66 médio Álvares Machado São Paulo

Prefeitura de Araçagi (PB) 09/12/2018 48 R$ 5.500,00 fundamental, médio e superior Araçagi Paraíba

Prefeitura de Aracruz (ES) 09/12/2018 266 R$ 1.152,16 médio Aracruz Espírito Santo

Prefeitura de Ariranha (SP) 09/12/2018 10 R$ 1.688,90 fundamental completo e incompleto Ariranha São Paulo

Prefeitura de Cuitegi (PB) 09/12/2018 78 R$ 9.054,00 fundamental, médio e superior Cuitegi Paraíba

Prefeitura de Lorena (SP) 09/12/2018 141 R$ 4.779,53 fundamental, médio e superior Lorena São Paulo

Prefeitura de Nova Santa Helena (MT) 09/12/2018 31 R$ 4.662,60 fundamental, médio, técnico e superior Nova Santa Helena Mato Grosso

Prefeitura de Pilõezinhos (PB) 09/12/2018 71 R$ 9.000,00 fundamental, médio e superior Pilõezinhos Paraíba

Prefeitura de Piraquara (PR) 09/12/2018 17 R$ 10.920,74 fundamental, médio e superior Piraquara Paraná

Prefeitura de Vinhedo (SP) 09/01/2019 72 R$ 25,95 h/a superior Vinhedo São Paulo

Minas Gerais Administração e Serviços (MGS) 08/01/2019 35 R$ 3.162,54 fundamental, médio e superior Minas Gerais Minas Gerais

Prefeitura de Ervália (MG) 08/01/2019 319 R$ 10.000,00 fundamental, médio, técnico e superior Ervália Minas Gerais

Câmara Municipal de Monte Alto (SP) 08/01/2019 7 ´R$ 5.484,87 fundamental, médio e superior Monte Alto São Paulo

Ministério da Saúde 07/12/2018 8517 R$ 11.800 superior

Ministério Público de São Paulo 07/12/2018 9 R$ 13.790,08 superior São Paulo São Paulo

Prefeitura de Chapada dos Guimarães (MT) 07/12/2018 112 R$ 2.930,42 médio e superior Chapada dos Guimarães Mato Grosso

Prefeitura de Dracena (SP) 07/12/2018 13 R$ 1.599,87 médio e superior Dracena São Paulo

Prefeitura de José Gonçalves de Minas (MG) 07/12/2018 34 R$ 7.490,00 fundamental, médio e superior José Gonçalves de Minas Minas Gerais

Prefeitura de Leoberto Leal (SC) 07/12/2018 5 R$ 2.117,74 alfabetizado, médio e superior Leoberto Leal Santa Catarina

Prefeitura de Santa Maria de Jetibá (ES) 07/12/2018 20 R$ 3.040,19 fundamental, médio e superior Santa Marina de Jetibá Espírito Santo

Prefeitura de São Luís de Montes Belos (GO) 07/12/2018 4 R$ 1.636,42 fundamental incompleto São Luís de Montes Belos Goiás

Prefeitura de Vila Velha (ES) 07/12/2018 16 R$ 4.269,79 superior Vila Velha Espírito Santo

Câmara Municipal de Serrana (SP) 07/01/2019 4 R$ 6.414,99 fundamental, médio e superior Serrana São Paulo

Instituto de Desenvolvimento Agropecuário e Florestal Sustentável do Amazonas (Idam) 07/01/2019 227 R$ 6.570,95 fundamental, médio e superior Amazonas Amazonas

Prefeitura de Franco da Rocha (SP) 07/01/2019 67 R$ 3.991,10 fundamental, médio e superior Franco da Rocha São Paulo

Prefeitura de Pinheiro Preto (SC) 07/01/2019 65 R$ 3754,97 fundamental, médio e superior Pinheiro Preto Santa Catarina

Prefeitura de Senador Rui Palmeira (AL) 07/01/2019 57 R$ 3.000,00 fundamental e superior Senador Rui Palmeira Alagoas

Prefeitura de Olivença (AL) 07/01/2019 107 R$ 2.034,85 fundamental, médio e superior Olivença Alagoas

Câmara Municipal de Monte Azul (MG) 07/01/2019 8 R$ 1.500,00 fundamental e médio Monte Azul Minas Gerais

Conselho Regional de Enfermagem (MS) 07/01/2018 6 R$ 3.738,03 médio e superior Campo Grande Mato Grosso do Sul

Câmara Municipal de Tietê (SP) 06/12/2018 2 R$ 3.843,47 médio e superior Tietê São Paulo

Prefeitura de Cordislândia (MG) 06/03/2019 33 R$ 3.100,00 fundamental, médio e superior Cordislândia Minas Gerais

Câmara Municipal de Catuípe (RS) 06/01/2019 1 R$ 2.094,12 médio Catuípe Rio Grande do Sul

Prefeitura de Barra do Rio Azul (RS) 04/01/2019 10 R$ 12.219,19 fundamental, médio e superior Barra do Rio Azul Rio Grande do Sul

Prefeitura de Caxambu (MG) 04/01/2019 99 R$ 2.849,78 fundamental, médio e superior Caxambu Minas Gerais

Câmara Municipal de Antônio Prado (RS) 04/01/2019 1 R$ 2.285,26 médio Antônio Prado Rio Grande do Sul

Prefeitura de Conceição da Aparecida (MG) 03/01/2019 74 R$ 2.455,38 fundamental, médio e superior Conceição da Aparecida MInas Gerais

Procuradoria-Geral do Estado de Pernambuco 03/01/2019 88 R$ 3.800,33 médio e superior Pernambuco Pernambuco

Universidade Federal Rural do Rio de Janeiro (UFRRJ) 03/01/2019 6 R$ 9.877,98 superior Seropédica Rio de Janeiro

Departamento Estadual de Infraestrutura de Santa Catarina (Deinfra-SC) 02/01/2019 50 R$ 6.735,24 superior Santa Catarina Santa Catarina

Itaipu Binacional 02/01/2019 46 R$ 7.090,22 médio, técnico e superior Paraná Paraná

Prefeitura de Guarda-Mor (MG) 02/01/2019 207 R$ 11.443,95 fundamental, médio e superior Guarda-Mor Minas Gerais

Prefeitura de Paraisópolis (MG) 02/01/2019 105 R$ 13.104,77 fundamental, médio e superior Paraisópolis Minas Gerais

Universidade Federal de Pelotas (UFPel) 01/02/2019 29 R$ 9.600,92 fundamental, médio e superior Pelotas Rio Grande do Sul",país|rio|todo|santa|minas|são|sp|mil|r|em|concursos|nesta|segundafeira|médio|oferecem|fundamental|mg|superior|vagas|mais
103_12-12-18_17_58.csv,falabahia,Ingressos para o Réveillon da Virada já estão à venda,Redação Ibahia,Ingressos para o Réveillon da Virada já estão à venda,debate|economia|emmerson|da|venda|transição|em|falam|réveillon|já|virada|equipe|para|josé|jornalista|ingressos|à|estão|sobre
103_12-12-18_17_58.csv,falabahia,"Na manhã desta terça-feira (16), o programa 'Conexão Bahia', apresentado pelo jornalista Emmerson José, abordou o tema 'Ibope nas Eleições'.
Na mesa, o também jornalista Raul Monteiro participou desta edição e interagiram, ao vivo, com os internautas através do Facebook do iBahia.
Não conseguiu acompanhar?",Redação Ibahia,"Na manhã desta terça-feira (16), o programa 'Conexão Bahia', apresentado pelo jornalista Emmerson José, abordou o tema 'Ibope nas Eleições'. Na mesa, o também jornalista Raul Monteiro participou desta edição e interagiram, ao vivo, com os internautas através do Facebook do iBahia.



Não conseguiu acompanhar? Veja aqui





",emmerson|pelo|conexão|terçafeira|josé|também|eleições|vivo|jornalista|jornalistas|raul|monteiro|ibope|nas|tema|desta|sobre|programa|veja
103_12-12-18_17_58.csv,falabahia,"Na manhã desta terça-feira (09), o jornalista Emmerson José apresentou, ao vivo, através do Facebook do iBahia, o programa 'Conexão Fala Bahia'.
Na ocasião, Emmerson falou sobre o segundo turno das eleições 2018, ao lado do também jornalista Raul Monteiro e do economista, Fernando Cabus.
Internautas participaram da atração por meio da rede social.
Não conseguiu acompanhar?
Confira aqui:",Redação Ibahia,"Na manhã desta terça-feira (09), o jornalista Emmerson José apresentou, ao vivo, através do Facebook do iBahia, o programa 'Conexão Fala Bahia'. Na ocasião, Emmerson falou sobre o segundo turno das eleições 2018, ao lado do também jornalista Raul Monteiro e do economista, Fernando Cabus. Internautas participaram da atração por meio da rede social. Não conseguiu acompanhar? Confira aqui:

",vivo|terçafeira|jornalista|ao|turno|social|josé|também|segundo|eleições|emmerson|sobre|da|comenta|conexão
103_12-12-18_17_58.csv,falabahia,"Na manhã desta terça-feira (25), o jornalista Emmerson José falou sobre a pesquisa presidencial do Brasil.
Na mesa, participaram da conversa o também jornalista Raul Monteiro e o economista Fernando Cabus.
Os internautas interagiram através do Facebook do iBahia.
Não conseguiu acompanhar o ao vivo?
Confira aqui:",Redaçaõ Ibahia,"Na manhã desta terça-feira (25), o jornalista Emmerson José falou sobre a pesquisa presidencial do Brasil. Na mesa, participaram da conversa o também jornalista Raul Monteiro e o economista Fernando Cabus. Os internautas interagiram através do Facebook do iBahia. Não conseguiu acompanhar o ao vivo? Confira aqui:

",raul|presidencial|vivo|os|terçafeira|jornalista|josé|também|participaram|emmerson|sobre|fala|conexão|pesquisa
103_12-12-18_17_58.csv,falabahia,"Na manhã desta terça-feira (28), o jornalista Emmerson José apresentou o programa 'Fala Bahia' ao vivo pelo Facebook do iBahia.
Durante a atração, Emmerson falou sobre os candidatos à Presidência do Brasil e eleições.
A mesa teve participação do também jornalista Raul Monteiro.
Não conseguiu acompanhar?",Redação Ibahia,"Na manhã desta terça-feira (28), o jornalista Emmerson José apresentou o programa 'Fala Bahia' ao vivo pelo Facebook do iBahia. Durante a atração, Emmerson falou sobre os candidatos à Presidência do Brasil e eleições. A mesa teve participação do também jornalista Raul Monteiro. Não conseguiu acompanhar? Veja aqui:

",raul|à|vivo|debates|terçafeira|presidência|jornalista|josé|também|teve|emmerson|sobre|fala|conexão|veja
103_12-12-18_17_58.csv,falabahia,Ingressos para o Réveillon da Virada já estão à venda,Redação Ibahia,Ingressos para o Réveillon da Virada já estão à venda,venda|candidatos|à|estão|os|réveillon|presidência|jornalista|virada|já|para|josé|ingressos|emmerson|sobre|da|fala|conexão
103_12-12-18_17_58.csv,falabahia,"Na manhã desta terça-feira (14), o jornalista Emmerson José falou sobre as eleições 2018 e economia.
A mesa teve participação do economista Fernando Cabus e os internautas do iBahia participaram ao vivo do programa.
Não conseguiu acompanhar?
Confira aqui:",Redação Ibahia,"Na manhã desta terça-feira (14), o jornalista Emmerson José falou sobre as eleições 2018 e economia. A mesa teve participação do economista Fernando Cabus e os internautas do iBahia participaram ao vivo do programa. Não conseguiu acompanhar? Confira aqui:

",economia|vivo|os|participação|terçafeira|jornalista|mesa|josé|programa|eleições|teve|emmerson|participaram|sobre|não|fala|conexão
103_12-12-18_17_58.csv,falabahia,Ingressos para o Réveillon da Virada já estão à venda,Redação Ibahia,Ingressos para o Réveillon da Virada já estão à venda,venda|candidatos|à|estão|os|réveillon|presidência|jornalista|virada|já|para|josé|ingressos|emmerson|sobre|da|fala|conexão
103_12-12-18_17_58.csv,falabahia,Ingressos para o Réveillon da Virada já estão à venda,Redação Ibahia,Ingressos para o Réveillon da Virada já estão à venda,das|emmerson|da|fala|venda|conexão|partidárias|réveillon|já|virada|para|josé|início|jornalista|ingressos|convenções|à|estão|sobre
103_12-12-18_17_58.csv,falabahia,Ingressos para o Réveillon da Virada já estão à venda,Redação Ibahia,Ingressos para o Réveillon da Virada já estão à venda,venda|copa|à|estão|réveillon|jornalista|durante|virada|já|para|josé|ingressos|moita|emmerson|sobre|da|fala|conexão
103_12-12-18_17_58.csv,falabahia,"Na manhã desta terça-feira (10), o jornalista Emmerson José apresentou ao vivo pelo Facebook do iBahia o programa 'Conexão Fala Bahia'.
Na mesa, Emmerson, Fernando Cabus e Raul Monteiro comentaram sobre o fim do Brasil na Copa 2018 e a prisão de Lula.
Não deu para acompanhar?
Confira aqui:",Redação Ibahia,"Na manhã desta terça-feira (10), o jornalista Emmerson José apresentou ao vivo pelo Facebook do iBahia o programa 'Conexão Fala Bahia'. Na mesa, Emmerson, Fernando Cabus e Raul Monteiro comentaram sobre o fim do Brasil na Copa 2018 e a prisão de Lula. Não deu para acompanhar? Confira aqui:



",raul|copa|vivo|fim|jornalista|terçafeira|pelo|para|prisão|josé|programa|emmerson|sobre|lula|não|comenta|conexão
103_12-12-18_17_58.csv,falabahia,Ingressos para o Réveillon da Virada já estão à venda,Redação Ibahia,Ingressos para o Réveillon da Virada já estão à venda,venda|economia|à|estão|réveillon|jornalista|virada|já|para|josé|ingressos|emmerson|sobre|da|brasil|fala|conexão
103_12-12-18_17_58.csv,falabahia,Ingressos para o Réveillon da Virada já estão à venda,Redação Ibahia,Ingressos para o Réveillon da Virada já estão à venda,venda|copa|à|estão|2018|réveillon|jornalista|virada|já|para|josé|ingressos|emmerson|sobre|da|comenta|conexão
