Timestamp,Source,Summary,Authors,Text,Keywords
104_12-12-18_17_58.csv,genteemercado,"Última reunião de 2018 do Copom acontece nesta quarta-feiraNesta quarta-feira, dia 12 de dezembro de 2018, acontece a última reunião do ano do Comitê de Política Monetária (COPOM) do Banco Central.
É neste encontro que fica definida a taxa básica de juros da economia, a conhecida Taxa Selic.
Todas as decisões tomadas na reunião do Copom, inclusive a porcentagem da taxa básica, será informada em um comunicado oficial após às 18h deste dia 12.
Se as estimativas da inflação correspondem aos valores pré estabelecidos (metas), o Banco Central acaba reduzindo a taxa de juros.
A esperança é que em 2019 esse “problema” seja resolvido, possibilitando uma movimentação maior na economia.",Wesley Silva|Jornalista Pós-Graduado Em Mídia E Redes Sociais E Jornalismo Com Passagens Pelo Portal|Jornal Do Trem|Impacto Comunicação.,"Última reunião de 2018 do Copom acontece nesta quarta-feira

Nesta quarta-feira, dia 12 de dezembro de 2018, acontece a última reunião do ano do Comitê de Política Monetária (COPOM) do Banco Central. É neste encontro que fica definida a taxa básica de juros da economia, a conhecida Taxa Selic.

O mercado financeiro está com esperança de que a taxa seja mantida nos 6,5% ao ano, sendo a sexta manutenção seguida da porcentagem, da qual se encontra no menor patamar desde 1986, algo histórico no Brasil.

Todas as decisões tomadas na reunião do Copom, inclusive a porcentagem da taxa básica, será informada em um comunicado oficial após às 18h deste dia 12.

Até o momento a inflação está controlada e segundo economistas e instituições financeiras, a previsão é de que a taxa só se eleve novamente a partir do mês de setembro de 2019, quando está prevista para chegar em 7% ao ano. O máximo esperado pelo mercado financeiro é de que não ultrapasse os 7,5%, um número ainda sim bem menor do que o vivido nos últimos anos de crise, quando chegou em 14,25% nesta última década.

Segundo uma análise de mercado até o último mês de novembro, a previsão era de que a taxa começasse a subir já no mês de maio, mas a expectativa foi alterada em decorrência dos últimos resultados na economia.

Como é definido a porcentagem da taxa selic?

A taxa básica de juros tem a finalidade de manter a meta de inflação, que é fixada pelo Conselho Monetário Nacional (CMN), onde com base nestes números é possível definir uma taxa correspondente. Em 2018, por exemplo, a meta de inflação é de 4,5%, um número um pouco maior do que o previsto para 2019, quando o BC estimula 4,25%.

Se as estimativas da inflação correspondem aos valores pré estabelecidos (metas), o Banco Central acaba reduzindo a taxa de juros. Se a meta fica acima do previsto, então a taxa Selic acaba subindo. Durante todo o ano de 2018 a inflação ficou controlada e a mesma esperança é de que ela se mantenha estável em 2019.

Os economistas preveem de que a inflação de 2018 termine em 3,71%, e em 2019 algo em torno de 4,07%, se mantendo na meta estipulada pelo BC para a inflação no país.

Reflexo nas financeiras

Porém a história nas instituições financeiras é outra. Mesmo os juros básicos em condições baixas e estáveis, as taxas que são cobradas em bancos e outras instituições ainda estão com porcentagens bem altas. A esperança é que em 2019 esse “problema” seja resolvido, possibilitando uma movimentação maior na economia.

Em dados oficial do BC que foram divulgados no último mês de outubro, a média de juros nas operações financeiras de pessoas físicas chegaram em 51,9% ao ano. A taxação praticada por empresas chegou nos 20,4% ao ano.

O cheque especial e o cartão de crédito (rotativo), estão com juros de 300% ao ano, um número muito maior do que o praticado no mercado internacional. Assim todas as altas porcentagens acabam limitando o consumo e o investimento econômico, prejudicando diretamente a economia.

Segundo o BC, os maiores bancos do Brasil, contam com 78% de todas as operações financeiras. Algo que será um dos desafios para o próximo ano.",nesta|reunião|inflação|ano|copom|acontece|2018|é|um|em|última|que|juros|quartafeira|da|se|taxa
104_12-12-18_17_58.csv,genteemercado,"A tendência, é que esse recurso seja usado por mais famílias, em todo o país.
EstatísticasNo Brasil, o retorno do investimento em energias renováveis já é realidade.
Por serem inesgotáveis e renováveis, essas fontes de energia são baratas, naturais, não poluentes e acessíveis para todos.
Empresários do mundo todo, estão se preparando para investir pesado em energias renováveis no Brasil, já que é um recurso valioso, rentável e barato.
A tecnologia ecológica, está sendo cotada para ser instalada também em países da África, e nos Estados do Brasil.",Gabriele Nascimento|Formada Em Contabilidade Fiz Especializações Em Mercado Financeiro|Escrevo No G M Desde,"A Câmara de Comercialização de Energia Elétrica, informou que no Brasil, a geração de energia renovável, cresceu 88 vezes somente este ano. A tendência, é que esse recurso seja usado por mais famílias, em todo o país.

As vantagens do uso de energias renováveis são imensas, já que o custo-benefício cairá mais pela metade, e a geração desta se dará por meio da luz do sol, do vento e de outras formas naturais.

Estatísticas

No Brasil, o retorno do investimento em energias renováveis já é realidade. De acordo com o Índice Comerc Solar (que é a maior empresa em energias renováveis no país), mais de 820 empresas e residências, aderentes a essa forma de geração de energia.

A capital do Piauí (Teresina), é a que bateu o recorde de retorno financeiro favorável com a aplicação da energia renovável na cidade, com indicador de 2,86 anos (que levou em consideração a tarifa local, mais a economia de energia).

O nosso país, é dotado de abundância de luz solar na maioria das capitais, onde pode ser aproveitado para a geração de energia, por meio dos painéis fotovoltaicos.

Como funciona a energia renovável

Existem várias fontes de energia renovável, como por exemplo: energia solar, calor oriundo do interior da terra, do vento e do ar, das marés, da água, e de biomassa (matéria orgânica que pode ser convertida em energia).

Por serem inesgotáveis e renováveis, essas fontes de energia são baratas, naturais, não poluentes e acessíveis para todos. Portanto, cientistas e empreendedores, descobriram que ao captar as ondas de calor, de ar, das ondas das marés e etc, pode-se obter energia limpa.

Esse é somente um recurso importante para o futuro, pois ao produzir energia limpa, o impacto no meio ambiente será menor, e portanto, sairá mais barato para o consumidor final.

Empresários do mundo todo, estão se preparando para investir pesado em energias renováveis no Brasil, já que é um recurso valioso, rentável e barato. Uma delas é a Sepco 1 Construções do Brasil Ltda, juntamente com a Powerchina.

Em reunião com o governador do Estado do Mato Grosso, Pedro Taques, o diretor executivo adjunto da Sepco 1, Shi Shixiao, disse que a China está aberta a investimentos no Exterior, e um deles é no Brasil.

Assim, o valor inicial do investimento no Estado, é de 1 (um) milhão de reais, para assim promover a injeção de recursos na economia de outros países, equilibrando a inflação.

A tecnologia ecológica, está sendo cotada para ser instalada também em países da África, e nos Estados do Brasil. A bioenergia e a biomassa, estão sendo testadas para a exportação em outros países, como o combustível extraído do milho, farelo de cana e outros recursos naturais rentáveis.

A ideia é diminuir o uso de recursos provindos dos fósseis, que são altamente poluentes, por outros, de origem natural, renovável e limpa. Os investidores vibram com os resultados, o meio ambiente agradece, e o bolso do brasileiro e do estrangeiro também.",mais|energia|investimento|é|em|renováveis|que|para|por|com|olhares|da|brasil|ganham
104_12-12-18_17_58.csv,genteemercado,"Beneficiários de todo o país precisam complementar a sua renda para poder ter uma condição melhor no dia a dia.
A pesquisa informa que cerca de 21% da população de idosos no Brasil, mesmo após a aposentadoria, continuam no mercado de trabalho.
Mais de 60% dos aposentados que trabalham não souberam responder até que idade pretendem trabalhar.
Fonte de renda para a famíliaCerca de 91% dos idosos com idade superior aos 60 anos, destinam a sua renda “extra” para o orçamento familiar.
Para idades superiores aos 60 anos os números de vagas são ainda mais escassas, o que leva a grande informalidade neste setor.",Wesley Silva|Jornalista Pós-Graduado Em Mídia E Redes Sociais E Jornalismo Com Passagens Pelo Portal|Jornal Do Trem|Impacto Comunicação.,"Beneficiários de todo o país precisam complementar a sua renda para poder ter uma condição melhor no dia a dia. É o que aponta uma pesquisa feita pela Confederação Nacional de Dirigentes Lojistas (CNDL) e também através do Serviço de Proteção ao Crédito (SPC).

A pesquisa informa que cerca de 21% da população de idosos no Brasil, mesmo após a aposentadoria, continuam no mercado de trabalho. Destes, cerca de 47% se dizem trabalhar por uma questão de necessidade financeira, onde o valor total do benefício do INSS não é suficiente para arcar com todas as despesas do aposentado.

Deste total, cerca de 45% estão presentes nas classes A e B e 48% são das classes econômicas C, D e E. Nas classes A e B, boa parte responde que trabalha porque gostam de se sentir úteis e produtivos nesta faixa etária, com um objetivo de vida.

Esta pesquisa realizada pelo CNDL e SPC aconteceu em todas as capitais do Brasil, abrangendo todas as classes sociais e níveis de escolaridade, no último mês de agosto, entre os dia 7 e 20. A consulta foi feita apenas com brasileiros acima dos 60 anos, que estejam aposentados.

Conseguindo emprego na terceira idade

A pesquisa ainda avaliou outros dados com relação a essa faixa etária. Cerca de 43% dos aposentados encontram dificuldades na hora de conseguir um emprego, independente dele ser formal ou informal, onde o principal motivo é o preconceito que se gera pela alta idade. Mas os outros 57% não sentiram dificuldades para conseguir um emprego, onde muitos acabaram permanecendo na mesma função em que se aposentou.

Mais de 60% dos aposentados que trabalham não souberam responder até que idade pretendem trabalhar. Quando havia resposta, a idade média acabou sendo de 74 anos, um número quase 10 anos superior a idade possível para se aposentar no Brasil.

Se preparando para o futuro

Em conclusão a esta pesquisa, a economista-chefe do SPC, Marcela Kawauti, relatou que os idosos estão trabalhando até mais tarde decorrente do aumento da expectativa de vida no país. Muitos destes idosos não se preparam para a velhice, onde os valores alcançados com o benefício não são suficientes para manter o padrão de vida, levando a necessidade de trabalhar para mantê-lo.

Fonte de renda para a família

Cerca de 91% dos idosos com idade superior aos 60 anos, destinam a sua renda “extra” para o orçamento familiar. E aproximadamente 43% deste total, afirmaram que são os principais responsáveis pela renda familiar.

Carteira assinada

Na pesquisa o que chamou a atenção é que cerca de 25% do total contam com carteira assinada, onde os outros 75% atuam de forma autônoma/informal no mercado de trabalho. Os dados são em decorrência ao grande fim das vagas destinadas para esta faixa etária (acima dos 60 anos).

Segundo o Cadastro Geral de Empregados e Desempregados (CAGED), no mês de agosto foram criados cerca de 140 mil vagas para aqueles que possuem idade até 39 anos, onde na mão contrária, foram fechados cerca de 37 mil oportunidades para aqueles que estão em idade superior aos 50 anos.

Para idades superiores aos 60 anos os números de vagas são ainda mais escassas, o que leva a grande informalidade neste setor.",40|trabalhar|aposentados|dos|os|renda|que|anos|para|complementar|idade|cerca|com|precisam|onde|se|mais|pesquisa
104_12-12-18_17_58.csv,genteemercado,"Mas, se foi não, veja quais as vantagens de investir na bolsa de valores, para garantir o seu amanhã.
O que é levado em consideração no momento da compra, é o índice da bolsa de valores (Ibovespa), que determina a oscilação dos preços das ações.
Portanto, não é qualquer um que pode investir em ações, pois depende exclusivamente da sua capacidade de assumir e correr riscos no mercado financeiro.
Esse índice acompanha as ações que possuem mais movimentação de dinheiro, não as melhores opções.
Algumas das vantagens de investir em ações, são:– Você tem isenção do imposto de renda de Pessoa Física, em vendas de até 20 mil reais.",Gabriele Nascimento|Formada Em Contabilidade Fiz Especializações Em Mercado Financeiro|Escrevo No G M Desde,"Você já pensou no futuro, e quanto de dinheiro deseja receber mensalmente, como aposentadoria ou independência financeira? Se a resposta for sim, parabéns! Mas, se foi não, veja quais as vantagens de investir na bolsa de valores, para garantir o seu amanhã.

Existem muitos investimentos disponíveis no mercado financeiro, para todos os bolsos e gostos. O que é levado em consideração no momento da compra, é o índice da bolsa de valores (Ibovespa), que determina a oscilação dos preços das ações.

O que é preciso saber antes de investir em ações

Ao definirmos as nossas metas, e investindo mais dinheiro na bolsa de valores hoje, a fim de render muito, você precisa estudar o mercado financeiro, baseado em seu perfil de investidor, que pode ser conservador, moderado ou arrojado.

Os dois primeiros, tendem a preservar o patrimônio sem correr muitos riscos, garantindo o máximo de retorno do seu dinheiro, bem como a rentabilidade do investimento todo mês.

Já o de perfil arrojado, gosta de correr riscos, aposta alto em ações vantajosas e de excelente rentabilidade, ou seja, está acostumado com a oscilação dos preços, bem como a possibilidade de perder algum dinheiro nesse negócio.

Portanto, não é qualquer um que pode investir em ações, pois depende exclusivamente da sua capacidade de assumir e correr riscos no mercado financeiro.

O Ibovespa, pode ser marcado como um termômetro que avalia o desempenho de um grupo de ações na Bolsa de Valores, e a sua lucratividade no âmbito comercial. Esse índice acompanha as ações que possuem mais movimentação de dinheiro, não as melhores opções.

Vantagens e desvantagens de investir em ações

O investidor, seja ele de qualquer perfil, pode escolher quais ações ele deseja ter em sua carteira, e não necessariamente precisa seguir as que o Ibovespa supervisiona.

Depois, ele deve procurar uma corretora de valores confiável, para fazer uma consultoria técnica sobre as ações mais rentáveis do mercado. Esse primeiro contato com os analistas, determina esclarecer as dúvidas do investidor, garantindo-lhe a melhor rentabilidade.

É importante ressaltar, que todo tipo de investimento financeiro, possui algum risco calculado. Cabem às corretoras, deixarem isso claro para o cliente, evitando a dor de cabeça de promessas não cumpridas.

Algumas das vantagens de investir em ações, são:

– Você tem isenção do imposto de renda de Pessoa Física, em vendas de até 20 mil reais.

– É permitido investir um valor menor em determinadas ações;

– Rentabilidade alta;

– Redução de riscos, ao diversificar a carteira do investidor;

Para comprar Ações, basta aplicar em Fundos de Investimentos, onde vários acionistas administram os recursos, ou em Clubes de Investimento, e ainda, fazê-lo de forma individual, comprando-as de outro investidor.

As desvantagens desse negócio, são:

– O risco é maior nesse investimento, do que em outros de renda fixa;

– É preciso estudar constantemente o mercado, para entender como funciona a oscilação dos preços;

– Não é recomendado investir todo o patrimônio em ações, pois o risco de perder tudo, é real.",pena|investir|é|valores|em|vale|que|para|bolsa|ações|mercado|não|dinheiro
104_12-12-18_17_58.csv,genteemercado,"Os financiamentos referentes à compra de imóveis, com os recursos usados do Sistema Brasileiro de Poupança e Empréstimos – SBPE, aumentaram 53,3% na comparação deste ano.
Apurações mensal e anualNa comparação mensal, feita pela Associação Brasileira das Entidades de Crédito Imobiliário e Poupança – Abecip, o crescimento foi de 15,2%, equivalente a 5,66 bilhões de reais.
Esse foi o segundo melhor resultado do ano, com o mês de agosto ficando em primeiro lugar, somando 5,67% bilhões de reais com financiamento de imóvel.
Somente no mês de outubro, mais de 23,1 mil (46,3%) imóveis foram financiados, mais que o mesmo mês de 2017, e 11,5% acima do mês de setembro.
Esse desempenho reflete um mercado mais aberto a negociações de financiamentos, tornando-se vantajoso para o consumidor.",Gabriele Nascimento|Formada Em Contabilidade Fiz Especializações Em Mercado Financeiro|Escrevo No G M Desde,"Os financiamentos referentes à compra de imóveis, com os recursos usados do Sistema Brasileiro de Poupança e Empréstimos – SBPE, aumentaram 53,3% na comparação deste ano.

Apurações mensal e anual

Na comparação mensal, feita pela Associação Brasileira das Entidades de Crédito Imobiliário e Poupança – Abecip, o crescimento foi de 15,2%, equivalente a 5,66 bilhões de reais.

Esse foi o segundo melhor resultado do ano, com o mês de agosto ficando em primeiro lugar, somando 5,67% bilhões de reais com financiamento de imóvel.

Do mês de janeiro a outubro deste ano, cerca de 46,5 bilhões de reais foram em financiamentos para imóvel, o equivalente a 28% dos primeiros 10 meses do ano de 2017.

A construção de casas e apartamentos, também aumentou cerca de 185,2 mil imóveis de janeiro a outubro, o que representa um percentual de 25%, sobre o mesmo período do ano anterior.

Somente no mês de outubro, mais de 23,1 mil (46,3%) imóveis foram financiados, mais que o mesmo mês de 2017, e 11,5% acima do mês de setembro.

Instituições de Financiamento de Imóvel – Quadro econômicodo Brasil

No ranking de instituições que liberaram financiamento de imóveis para os brasileiros, estão:

1º lugar: Banco Bradesco;

2º lugar: Banco Caixa Econômica Federal;

3º lugar: Banco Itaú (Unibanco);

4º lugar: Santander Brasil;

5º lugar: Banco do Brasil;

O preço dos imóveis em todo o país, vem sofrendo uma queda desde o ano de 2014, considerando a inflação nesse período. Esse desempenho reflete um mercado mais aberto a negociações de financiamentos, tornando-se vantajoso para o consumidor.

Com a eleição de Jair Messias Bolsonaro à presidência do país, a tendência é que tenha mais investimentos em todos os setores, a fim de aquecer a economia, e passar confiança ao investidor brasileiro ou estrangeiro.

Vale a pena, portanto, esperar 2019 chegar para adquirir um imóvel próprio, conseguindo assim melhores taxas de financiamento, preços de mercado acessíveis, e muita oferta de casas e apartamentos excelentes, em vários lugares do Brasil.

Enquanto isso, muitos brasileiros estão investindo dinheiro, seja na poupança, nas corretoras, ou na Bolsa de Valores, a fim de acumular uma boa quantia para dar de entrada no imóvel dos sonhos, ou abater as parcelas do financiamento deste.

O quadro econômico do Brasil, tende a melhorar e a crescer, só é preciso tomar cuidado, na hora de adquirir um imóvel muito barato para revender mais caro depois, pode ser mais difícil de conseguir, pois a inflação pode subir ou descer, desvalorizando o produto.

O melhor jeito de fazer um bom negócio, é pesquisar muito, cotar preços, juntar um dinheiro, desafogar um pouco as contas em casa, unir as rendas dos moradores do lar para dar entrada no financiamento, e usar o FGTS (Fundo de Garantia), para ajudar a pagar pelo seu imóvel próprio.

Na conversa com o gerente do banco, pode-se ver a possibilidade de diminuir o tempo de financiamento, com parcelas que cabem no seu bolso, a fim de abater um pouco os juros pagos mensalmente.",cresce|mais|53|os|um|mês|em|imobiliário|que|para|financiamento|imóvel|crédito|poupança|lugar|graças
104_12-12-18_17_58.csv,genteemercado,"Os financiamentos referentes à compra de imóveis, com os recursos usados do Sistema Brasileiro de Poupança e Empréstimos – SBPE, aumentaram 53,3% na comparação deste ano.
Apurações mensal e anualNa comparação mensal, feita pela Associação Brasileira das Entidades de Crédito Imobiliário e Poupança – Abecip, o crescimento foi de 15,2%, equivalente a 5,66 bilhões de reais.
Esse foi o segundo melhor resultado do ano, com o mês de agosto ficando em primeiro lugar, somando 5,67% bilhões de reais com financiamento de imóvel.
Somente no mês de outubro, mais de 23,1 mil (46,3%) imóveis foram financiados, mais que o mesmo mês de 2017, e 11,5% acima do mês de setembro.
Esse desempenho reflete um mercado mais aberto a negociações de financiamentos, tornando-se vantajoso para o consumidor.",Gabriele Nascimento|Formada Em Contabilidade Fiz Especializações Em Mercado Financeiro|Escrevo No G M Desde,"Os financiamentos referentes à compra de imóveis, com os recursos usados do Sistema Brasileiro de Poupança e Empréstimos – SBPE, aumentaram 53,3% na comparação deste ano.

Apurações mensal e anual

Na comparação mensal, feita pela Associação Brasileira das Entidades de Crédito Imobiliário e Poupança – Abecip, o crescimento foi de 15,2%, equivalente a 5,66 bilhões de reais.

Esse foi o segundo melhor resultado do ano, com o mês de agosto ficando em primeiro lugar, somando 5,67% bilhões de reais com financiamento de imóvel.

Do mês de janeiro a outubro deste ano, cerca de 46,5 bilhões de reais foram em financiamentos para imóvel, o equivalente a 28% dos primeiros 10 meses do ano de 2017.

A construção de casas e apartamentos, também aumentou cerca de 185,2 mil imóveis de janeiro a outubro, o que representa um percentual de 25%, sobre o mesmo período do ano anterior.

Somente no mês de outubro, mais de 23,1 mil (46,3%) imóveis foram financiados, mais que o mesmo mês de 2017, e 11,5% acima do mês de setembro.

Instituições de Financiamento de Imóvel – Quadro econômicodo Brasil

No ranking de instituições que liberaram financiamento de imóveis para os brasileiros, estão:

1º lugar: Banco Bradesco;

2º lugar: Banco Caixa Econômica Federal;

3º lugar: Banco Itaú (Unibanco);

4º lugar: Santander Brasil;

5º lugar: Banco do Brasil;

O preço dos imóveis em todo o país, vem sofrendo uma queda desde o ano de 2014, considerando a inflação nesse período. Esse desempenho reflete um mercado mais aberto a negociações de financiamentos, tornando-se vantajoso para o consumidor.

Com a eleição de Jair Messias Bolsonaro à presidência do país, a tendência é que tenha mais investimentos em todos os setores, a fim de aquecer a economia, e passar confiança ao investidor brasileiro ou estrangeiro.

Vale a pena, portanto, esperar 2019 chegar para adquirir um imóvel próprio, conseguindo assim melhores taxas de financiamento, preços de mercado acessíveis, e muita oferta de casas e apartamentos excelentes, em vários lugares do Brasil.

Enquanto isso, muitos brasileiros estão investindo dinheiro, seja na poupança, nas corretoras, ou na Bolsa de Valores, a fim de acumular uma boa quantia para dar de entrada no imóvel dos sonhos, ou abater as parcelas do financiamento deste.

O quadro econômico do Brasil, tende a melhorar e a crescer, só é preciso tomar cuidado, na hora de adquirir um imóvel muito barato para revender mais caro depois, pode ser mais difícil de conseguir, pois a inflação pode subir ou descer, desvalorizando o produto.

O melhor jeito de fazer um bom negócio, é pesquisar muito, cotar preços, juntar um dinheiro, desafogar um pouco as contas em casa, unir as rendas dos moradores do lar para dar entrada no financiamento, e usar o FGTS (Fundo de Garantia), para ajudar a pagar pelo seu imóvel próprio.

Na conversa com o gerente do banco, pode-se ver a possibilidade de diminuir o tempo de financiamento, com parcelas que cabem no seu bolso, a fim de abater um pouco os juros pagos mensalmente.",cresce|mais|53|os|um|mês|em|imobiliário|que|para|financiamento|imóvel|crédito|poupança|lugar|graças
104_12-12-18_17_58.csv,genteemercado,"Última reunião de 2018 do Copom acontece nesta quarta-feiraNesta quarta-feira, dia 12 de dezembro de 2018, acontece a última reunião do ano do Comitê de Política Monetária (COPOM) do Banco Central.
É neste encontro que fica definida a taxa básica de juros da economia, a conhecida Taxa Selic.
Todas as decisões tomadas na reunião do Copom, inclusive a porcentagem da taxa básica, será informada em um comunicado oficial após às 18h deste dia 12.
Se as estimativas da inflação correspondem aos valores pré estabelecidos (metas), o Banco Central acaba reduzindo a taxa de juros.
A esperança é que em 2019 esse “problema” seja resolvido, possibilitando uma movimentação maior na economia.",Wesley Silva|Jornalista Pós-Graduado Em Mídia E Redes Sociais E Jornalismo Com Passagens Pelo Portal|Jornal Do Trem|Impacto Comunicação.,"Última reunião de 2018 do Copom acontece nesta quarta-feira

Nesta quarta-feira, dia 12 de dezembro de 2018, acontece a última reunião do ano do Comitê de Política Monetária (COPOM) do Banco Central. É neste encontro que fica definida a taxa básica de juros da economia, a conhecida Taxa Selic.

O mercado financeiro está com esperança de que a taxa seja mantida nos 6,5% ao ano, sendo a sexta manutenção seguida da porcentagem, da qual se encontra no menor patamar desde 1986, algo histórico no Brasil.

Todas as decisões tomadas na reunião do Copom, inclusive a porcentagem da taxa básica, será informada em um comunicado oficial após às 18h deste dia 12.

Até o momento a inflação está controlada e segundo economistas e instituições financeiras, a previsão é de que a taxa só se eleve novamente a partir do mês de setembro de 2019, quando está prevista para chegar em 7% ao ano. O máximo esperado pelo mercado financeiro é de que não ultrapasse os 7,5%, um número ainda sim bem menor do que o vivido nos últimos anos de crise, quando chegou em 14,25% nesta última década.

Segundo uma análise de mercado até o último mês de novembro, a previsão era de que a taxa começasse a subir já no mês de maio, mas a expectativa foi alterada em decorrência dos últimos resultados na economia.

Como é definido a porcentagem da taxa selic?

A taxa básica de juros tem a finalidade de manter a meta de inflação, que é fixada pelo Conselho Monetário Nacional (CMN), onde com base nestes números é possível definir uma taxa correspondente. Em 2018, por exemplo, a meta de inflação é de 4,5%, um número um pouco maior do que o previsto para 2019, quando o BC estimula 4,25%.

Se as estimativas da inflação correspondem aos valores pré estabelecidos (metas), o Banco Central acaba reduzindo a taxa de juros. Se a meta fica acima do previsto, então a taxa Selic acaba subindo. Durante todo o ano de 2018 a inflação ficou controlada e a mesma esperança é de que ela se mantenha estável em 2019.

Os economistas preveem de que a inflação de 2018 termine em 3,71%, e em 2019 algo em torno de 4,07%, se mantendo na meta estipulada pelo BC para a inflação no país.

Reflexo nas financeiras

Porém a história nas instituições financeiras é outra. Mesmo os juros básicos em condições baixas e estáveis, as taxas que são cobradas em bancos e outras instituições ainda estão com porcentagens bem altas. A esperança é que em 2019 esse “problema” seja resolvido, possibilitando uma movimentação maior na economia.

Em dados oficial do BC que foram divulgados no último mês de outubro, a média de juros nas operações financeiras de pessoas físicas chegaram em 51,9% ao ano. A taxação praticada por empresas chegou nos 20,4% ao ano.

O cheque especial e o cartão de crédito (rotativo), estão com juros de 300% ao ano, um número muito maior do que o praticado no mercado internacional. Assim todas as altas porcentagens acabam limitando o consumo e o investimento econômico, prejudicando diretamente a economia.

Segundo o BC, os maiores bancos do Brasil, contam com 78% de todas as operações financeiras. Algo que será um dos desafios para o próximo ano.",nesta|reunião|inflação|ano|copom|acontece|2018|é|um|em|última|que|juros|quartafeira|da|se|taxa
104_12-12-18_17_58.csv,genteemercado,"A tendência, é que esse recurso seja usado por mais famílias, em todo o país.
EstatísticasNo Brasil, o retorno do investimento em energias renováveis já é realidade.
Por serem inesgotáveis e renováveis, essas fontes de energia são baratas, naturais, não poluentes e acessíveis para todos.
Empresários do mundo todo, estão se preparando para investir pesado em energias renováveis no Brasil, já que é um recurso valioso, rentável e barato.
A tecnologia ecológica, está sendo cotada para ser instalada também em países da África, e nos Estados do Brasil.",Gabriele Nascimento|Formada Em Contabilidade Fiz Especializações Em Mercado Financeiro|Escrevo No G M Desde,"A Câmara de Comercialização de Energia Elétrica, informou que no Brasil, a geração de energia renovável, cresceu 88 vezes somente este ano. A tendência, é que esse recurso seja usado por mais famílias, em todo o país.

As vantagens do uso de energias renováveis são imensas, já que o custo-benefício cairá mais pela metade, e a geração desta se dará por meio da luz do sol, do vento e de outras formas naturais.

Estatísticas

No Brasil, o retorno do investimento em energias renováveis já é realidade. De acordo com o Índice Comerc Solar (que é a maior empresa em energias renováveis no país), mais de 820 empresas e residências, aderentes a essa forma de geração de energia.

A capital do Piauí (Teresina), é a que bateu o recorde de retorno financeiro favorável com a aplicação da energia renovável na cidade, com indicador de 2,86 anos (que levou em consideração a tarifa local, mais a economia de energia).

O nosso país, é dotado de abundância de luz solar na maioria das capitais, onde pode ser aproveitado para a geração de energia, por meio dos painéis fotovoltaicos.

Como funciona a energia renovável

Existem várias fontes de energia renovável, como por exemplo: energia solar, calor oriundo do interior da terra, do vento e do ar, das marés, da água, e de biomassa (matéria orgânica que pode ser convertida em energia).

Por serem inesgotáveis e renováveis, essas fontes de energia são baratas, naturais, não poluentes e acessíveis para todos. Portanto, cientistas e empreendedores, descobriram que ao captar as ondas de calor, de ar, das ondas das marés e etc, pode-se obter energia limpa.

Esse é somente um recurso importante para o futuro, pois ao produzir energia limpa, o impacto no meio ambiente será menor, e portanto, sairá mais barato para o consumidor final.

Empresários do mundo todo, estão se preparando para investir pesado em energias renováveis no Brasil, já que é um recurso valioso, rentável e barato. Uma delas é a Sepco 1 Construções do Brasil Ltda, juntamente com a Powerchina.

Em reunião com o governador do Estado do Mato Grosso, Pedro Taques, o diretor executivo adjunto da Sepco 1, Shi Shixiao, disse que a China está aberta a investimentos no Exterior, e um deles é no Brasil.

Assim, o valor inicial do investimento no Estado, é de 1 (um) milhão de reais, para assim promover a injeção de recursos na economia de outros países, equilibrando a inflação.

A tecnologia ecológica, está sendo cotada para ser instalada também em países da África, e nos Estados do Brasil. A bioenergia e a biomassa, estão sendo testadas para a exportação em outros países, como o combustível extraído do milho, farelo de cana e outros recursos naturais rentáveis.

A ideia é diminuir o uso de recursos provindos dos fósseis, que são altamente poluentes, por outros, de origem natural, renovável e limpa. Os investidores vibram com os resultados, o meio ambiente agradece, e o bolso do brasileiro e do estrangeiro também.",mais|energia|investimento|é|em|renováveis|que|para|por|com|olhares|da|brasil|ganham
104_12-12-18_17_58.csv,genteemercado,"Beneficiários de todo o país precisam complementar a sua renda para poder ter uma condição melhor no dia a dia.
A pesquisa informa que cerca de 21% da população de idosos no Brasil, mesmo após a aposentadoria, continuam no mercado de trabalho.
Mais de 60% dos aposentados que trabalham não souberam responder até que idade pretendem trabalhar.
Fonte de renda para a famíliaCerca de 91% dos idosos com idade superior aos 60 anos, destinam a sua renda “extra” para o orçamento familiar.
Para idades superiores aos 60 anos os números de vagas são ainda mais escassas, o que leva a grande informalidade neste setor.",Wesley Silva|Jornalista Pós-Graduado Em Mídia E Redes Sociais E Jornalismo Com Passagens Pelo Portal|Jornal Do Trem|Impacto Comunicação.,"Beneficiários de todo o país precisam complementar a sua renda para poder ter uma condição melhor no dia a dia. É o que aponta uma pesquisa feita pela Confederação Nacional de Dirigentes Lojistas (CNDL) e também através do Serviço de Proteção ao Crédito (SPC).

A pesquisa informa que cerca de 21% da população de idosos no Brasil, mesmo após a aposentadoria, continuam no mercado de trabalho. Destes, cerca de 47% se dizem trabalhar por uma questão de necessidade financeira, onde o valor total do benefício do INSS não é suficiente para arcar com todas as despesas do aposentado.

Deste total, cerca de 45% estão presentes nas classes A e B e 48% são das classes econômicas C, D e E. Nas classes A e B, boa parte responde que trabalha porque gostam de se sentir úteis e produtivos nesta faixa etária, com um objetivo de vida.

Esta pesquisa realizada pelo CNDL e SPC aconteceu em todas as capitais do Brasil, abrangendo todas as classes sociais e níveis de escolaridade, no último mês de agosto, entre os dia 7 e 20. A consulta foi feita apenas com brasileiros acima dos 60 anos, que estejam aposentados.

Conseguindo emprego na terceira idade

A pesquisa ainda avaliou outros dados com relação a essa faixa etária. Cerca de 43% dos aposentados encontram dificuldades na hora de conseguir um emprego, independente dele ser formal ou informal, onde o principal motivo é o preconceito que se gera pela alta idade. Mas os outros 57% não sentiram dificuldades para conseguir um emprego, onde muitos acabaram permanecendo na mesma função em que se aposentou.

Mais de 60% dos aposentados que trabalham não souberam responder até que idade pretendem trabalhar. Quando havia resposta, a idade média acabou sendo de 74 anos, um número quase 10 anos superior a idade possível para se aposentar no Brasil.

Se preparando para o futuro

Em conclusão a esta pesquisa, a economista-chefe do SPC, Marcela Kawauti, relatou que os idosos estão trabalhando até mais tarde decorrente do aumento da expectativa de vida no país. Muitos destes idosos não se preparam para a velhice, onde os valores alcançados com o benefício não são suficientes para manter o padrão de vida, levando a necessidade de trabalhar para mantê-lo.

Fonte de renda para a família

Cerca de 91% dos idosos com idade superior aos 60 anos, destinam a sua renda “extra” para o orçamento familiar. E aproximadamente 43% deste total, afirmaram que são os principais responsáveis pela renda familiar.

Carteira assinada

Na pesquisa o que chamou a atenção é que cerca de 25% do total contam com carteira assinada, onde os outros 75% atuam de forma autônoma/informal no mercado de trabalho. Os dados são em decorrência ao grande fim das vagas destinadas para esta faixa etária (acima dos 60 anos).

Segundo o Cadastro Geral de Empregados e Desempregados (CAGED), no mês de agosto foram criados cerca de 140 mil vagas para aqueles que possuem idade até 39 anos, onde na mão contrária, foram fechados cerca de 37 mil oportunidades para aqueles que estão em idade superior aos 50 anos.

Para idades superiores aos 60 anos os números de vagas são ainda mais escassas, o que leva a grande informalidade neste setor.",40|trabalhar|aposentados|dos|os|renda|que|anos|para|complementar|idade|cerca|com|precisam|onde|se|mais|pesquisa
104_12-12-18_17_58.csv,genteemercado,"Nesta segunda-feira, dia 10 de dezembro de 2018, a Receita Federal liberou as consultas ao último lote da restituição do Imposto de Renda de Pessoas Físicas do ano de 2018.
Todas as consultas poderão ser realizadas através do site oficial da Receita Federal, por meio do endereço:É possível realizar a consulta também através do aplicativo da Receita para smartphones e tablets, Android e iOS.
Após todas as questões serem solucionadas é que as restituições começam a ser pagas.
É preciso acessar o extrato do Imposto de Renda no site da Receita Federal para verificar se a declaração conta na “Malha Fina”.
Confira passo a passo como gerar o código de acesso ao extrato do IR, com base em informações da própria Receita Federal:",Wesley Silva|Jornalista Pós-Graduado Em Mídia E Redes Sociais E Jornalismo Com Passagens Pelo Portal|Jornal Do Trem|Impacto Comunicação.,"Nesta segunda-feira, dia 10 de dezembro de 2018, a Receita Federal liberou as consultas ao último lote da restituição do Imposto de Renda de Pessoas Físicas do ano de 2018. Este é o sétimo lote e inclui também as restituições residuais dos anos de 2008 à 2017.

Todas as consultas poderão ser realizadas através do site oficial da Receita Federal, por meio do endereço:

É possível realizar a consulta também através do aplicativo da Receita para smartphones e tablets, Android e iOS.

Aqueles que não tiverem o seu nome em nenhum dos lotes regulares do Imposto de Renda, estão automaticamente incluídos na Malha Fina.

Pagamentos da restituição 2018

No próximo dia 17 de dezembro, cerca de 151 mil contribuintes irão receber valores próximos de 320 milhões de reais. Do total, aproximadamente 193 milhões de reais serão referentes ao último lote do IR de 2018, contemplando 100.690 contribuintes.

A Receita Federal ainda informa que R$ 127 milhões das restituições são para contribuintes que sejam idosos (mais de 60 anos), magistrados e pessoas com alguma moléstia grave, deficiência física ou mental. Depois destes, os contribuintes que contam com prioridade no recebimento são aqueles que enviaram as declarações no início da abertura, sem qualquer inconsistência, omissões ou erros.

Declarações do Imposto de Renda 2018

Neste ano a Receita Federal recebeu um número de 29.269.987 declarações do Imposto de Renda, um número acima dos 28,8 milhões esperados pelo órgão governamental. E destas, cerca de 628 mil declarações acabaram sendo retidas na malha fina, por conta de inconsistências nas informações.

Após entrar na malha fina, os contribuintes ficam com suas declarações retidas para que sejam verificadas pendências e correções. Após todas as questões serem solucionadas é que as restituições começam a ser pagas.

É preciso acessar o extrato do Imposto de Renda no site da Receita Federal para verificar se a declaração conta na “Malha Fina”. Essa consulta é feita através do e-CAC, o Centro Virtual de Atendimento da RF. Só terá acesso ao extrato aqueles que utilizarem o código da própria página da Receita Federal, ou através de um certificado digital, que é emitido por uma autoridade que seja habilitada para tal.

Então é preciso avaliar todas as inconsistências encontradas pela Receita Federal e só então corrigir as falhas enviando uma declaração retificadora. Se a situação for resolvida, o contribuinte deixa a “malha fina” do leão e então pode esperar a restituição nos lotes residuais.

Confira passo a passo como gerar o código de acesso ao extrato do IR, com base em informações da própria Receita Federal:",malha|receita|federal|é|imposto|lote|ao|2018|renda|que|para|liberada|último|consulta|da|milhões
104_12-12-18_17_58.csv,genteemercado,"Nesta segunda-feira, dia 10 de dezembro de 2018, a Receita Federal liberou as consultas ao último lote da restituição do Imposto de Renda de Pessoas Físicas do ano de 2018.
Todas as consultas poderão ser realizadas através do site oficial da Receita Federal, por meio do endereço:É possível realizar a consulta também através do aplicativo da Receita para smartphones e tablets, Android e iOS.
Após todas as questões serem solucionadas é que as restituições começam a ser pagas.
É preciso acessar o extrato do Imposto de Renda no site da Receita Federal para verificar se a declaração conta na “Malha Fina”.
Confira passo a passo como gerar o código de acesso ao extrato do IR, com base em informações da própria Receita Federal:",Wesley Silva|Jornalista Pós-Graduado Em Mídia E Redes Sociais E Jornalismo Com Passagens Pelo Portal|Jornal Do Trem|Impacto Comunicação.,"Nesta segunda-feira, dia 10 de dezembro de 2018, a Receita Federal liberou as consultas ao último lote da restituição do Imposto de Renda de Pessoas Físicas do ano de 2018. Este é o sétimo lote e inclui também as restituições residuais dos anos de 2008 à 2017.

Todas as consultas poderão ser realizadas através do site oficial da Receita Federal, por meio do endereço:

É possível realizar a consulta também através do aplicativo da Receita para smartphones e tablets, Android e iOS.

Aqueles que não tiverem o seu nome em nenhum dos lotes regulares do Imposto de Renda, estão automaticamente incluídos na Malha Fina.

Pagamentos da restituição 2018

No próximo dia 17 de dezembro, cerca de 151 mil contribuintes irão receber valores próximos de 320 milhões de reais. Do total, aproximadamente 193 milhões de reais serão referentes ao último lote do IR de 2018, contemplando 100.690 contribuintes.

A Receita Federal ainda informa que R$ 127 milhões das restituições são para contribuintes que sejam idosos (mais de 60 anos), magistrados e pessoas com alguma moléstia grave, deficiência física ou mental. Depois destes, os contribuintes que contam com prioridade no recebimento são aqueles que enviaram as declarações no início da abertura, sem qualquer inconsistência, omissões ou erros.

Declarações do Imposto de Renda 2018

Neste ano a Receita Federal recebeu um número de 29.269.987 declarações do Imposto de Renda, um número acima dos 28,8 milhões esperados pelo órgão governamental. E destas, cerca de 628 mil declarações acabaram sendo retidas na malha fina, por conta de inconsistências nas informações.

Após entrar na malha fina, os contribuintes ficam com suas declarações retidas para que sejam verificadas pendências e correções. Após todas as questões serem solucionadas é que as restituições começam a ser pagas.

É preciso acessar o extrato do Imposto de Renda no site da Receita Federal para verificar se a declaração conta na “Malha Fina”. Essa consulta é feita através do e-CAC, o Centro Virtual de Atendimento da RF. Só terá acesso ao extrato aqueles que utilizarem o código da própria página da Receita Federal, ou através de um certificado digital, que é emitido por uma autoridade que seja habilitada para tal.

Então é preciso avaliar todas as inconsistências encontradas pela Receita Federal e só então corrigir as falhas enviando uma declaração retificadora. Se a situação for resolvida, o contribuinte deixa a “malha fina” do leão e então pode esperar a restituição nos lotes residuais.

Confira passo a passo como gerar o código de acesso ao extrato do IR, com base em informações da própria Receita Federal:",malha|receita|federal|é|imposto|lote|ao|2018|renda|que|para|liberada|último|consulta|da|milhões
