Timestamp,Source,Summary,Authors,Text,Keywords
10_12-12-18_12_34.csv,brasiliainfoco,"Texto: Agência BrasíliaO líder sul-africano nasceu em 18 de julho de 1918, em Mvezo, e morreu aos 95 anos, em 5 de dezembro de 2013, em Johanesburgo.
O dia 10 de dezembromarca o 25º aniversário da concessão do Prêmio Nobel da Paz a Mandela, em 1993, e o 70º aniversário da Declaração Universal dos Direitos Humanos, em 1948.
Para o governador de Brasília, Rodrigo Rollemberg, a personalidade e a memória de Nelson Mandela encarnam perfeitamente a declaração mundial dos direitos humanos.
Quem foi Nelson MandelaNelson Mandela ficou preso de junho de 1964 — quando foi condenado a prisão perpétua — a fevereiro de 1990, período em que a guerra civil na África do Sul tornou-se mais intensa.
Recebeu reconhecimento mundial pelo combate ao apartheid, regime de segregação racial que preponderou de 1948 a 1994 no país, do qual Mandela foi presidente de 1994 a 1999.",Fabiana Ceyhan,"Texto: Agência Brasília

O líder sul-africano nasceu em 18 de julho de 1918, em Mvezo, e morreu aos 95 anos, em 5 de dezembro de 2013, em Johanesburgo. O dia 10 de dezembromarca o 25º aniversário da concessão do Prêmio Nobel da Paz a Mandela, em 1993, e o 70º aniversário da Declaração Universal dos Direitos Humanos, em 1948. Para o governador de Brasília, Rodrigo Rollemberg, a personalidade e a memória de Nelson Mandela encarnam perfeitamente a declaração mundial dos direitos humanos. “Não só por todas as injustiças que sofreu, mas, sobretudo, pela forma como reagiu a elas, por meio do diálogo e do discurso pelo fim do preconceito étnico-racial, pela defesa das liberdades, das democracias e de um mundo justo, generoso e solidário”, destacou o governador.

Quem foi Nelson Mandela

Nelson Mandela ficou preso de junho de 1964 — quando foi condenado a prisão perpétua — a fevereiro de 1990, período em que a guerra civil na África do Sul tornou-se mais intensa.

Recebeu reconhecimento mundial pelo combate ao apartheid, regime de segregação racial que preponderou de 1948 a 1994 no país, do qual Mandela foi presidente de 1994 a 1999.

Como é o selo

A ilustração do selo é de autoria do artista plástico paulistano Eduardo Kobra, que empregou imagens em preto e branco contra fundos xadrezes coloridos.

Com tiragem de 360 mil unidades e valor facial de R$ 2,35, os selos estarão disponíveis nas agências dos Correios em todo o País e na loja virtual da empresa",pela|é|nelson|que|da|sul|dos|unem|em|pelo|gdf|por|para|parceria|mandela|selo|lançamento|foi|se
10_12-12-18_12_34.csv,brasiliainfoco,"Texto: Agência BrasíliaO líder sul-africano nasceu em 18 de julho de 1918, em Mvezo, e morreu aos 95 anos, em 5 de dezembro de 2013, em Johanesburgo.
O dia 10 de dezembromarca o 25º aniversário da concessão do Prêmio Nobel da Paz a Mandela, em 1993, e o 70º aniversário da Declaração Universal dos Direitos Humanos, em 1948.
Para o governador de Brasília, Rodrigo Rollemberg, a personalidade e a memória de Nelson Mandela encarnam perfeitamente a declaração mundial dos direitos humanos.
Quem foi Nelson MandelaNelson Mandela ficou preso de junho de 1964 — quando foi condenado a prisão perpétua — a fevereiro de 1990, período em que a guerra civil na África do Sul tornou-se mais intensa.
Recebeu reconhecimento mundial pelo combate ao apartheid, regime de segregação racial que preponderou de 1948 a 1994 no país, do qual Mandela foi presidente de 1994 a 1999.",Fabiana Ceyhan,"Texto: Agência Brasília

O líder sul-africano nasceu em 18 de julho de 1918, em Mvezo, e morreu aos 95 anos, em 5 de dezembro de 2013, em Johanesburgo. O dia 10 de dezembromarca o 25º aniversário da concessão do Prêmio Nobel da Paz a Mandela, em 1993, e o 70º aniversário da Declaração Universal dos Direitos Humanos, em 1948. Para o governador de Brasília, Rodrigo Rollemberg, a personalidade e a memória de Nelson Mandela encarnam perfeitamente a declaração mundial dos direitos humanos. “Não só por todas as injustiças que sofreu, mas, sobretudo, pela forma como reagiu a elas, por meio do diálogo e do discurso pelo fim do preconceito étnico-racial, pela defesa das liberdades, das democracias e de um mundo justo, generoso e solidário”, destacou o governador.

Quem foi Nelson Mandela

Nelson Mandela ficou preso de junho de 1964 — quando foi condenado a prisão perpétua — a fevereiro de 1990, período em que a guerra civil na África do Sul tornou-se mais intensa.

Recebeu reconhecimento mundial pelo combate ao apartheid, regime de segregação racial que preponderou de 1948 a 1994 no país, do qual Mandela foi presidente de 1994 a 1999.

Como é o selo

A ilustração do selo é de autoria do artista plástico paulistano Eduardo Kobra, que empregou imagens em preto e branco contra fundos xadrezes coloridos.

Com tiragem de 360 mil unidades e valor facial de R$ 2,35, os selos estarão disponíveis nas agências dos Correios em todo o País e na loja virtual da empresa",pela|é|nelson|que|da|sul|dos|unem|em|pelo|gdf|por|para|parceria|mandela|selo|lançamento|foi|se
10_12-12-18_12_34.csv,brasiliainfoco,"O Embaixador e chefe da missão diplomática do Kuwait no Brasil , Nasser Al Motairi,recebeu as credenciais ontem, no palácio do planalto, das mãos do Presidente Temer .
Diplomata de carreira o embaixador pretende estreitar ainda mais as relações bilaterais entre o seu país e o Brasil.
As relações bdiplomáticas entre Brasil e Kuwait são sólidas e já duram cercade 50 anos.
Em 30 de junho de 2018, foi realizada, na Cidade do Kuwait, a primeira reunião de Consultas Bilaterais Brasil-Kuwait, e publicada pelas chancelarias dos dois países Declaração Conjunta por Ocasião dos 50 Anos do Estabelecimento das Relações Diplomáticas entre Brasil e Kuwait.",Fabiana Ceyhan,"O Embaixador e chefe da missão diplomática do Kuwait no Brasil , Nasser Al Motairi,recebeu as credenciais ontem, no palácio do planalto, das mãos do Presidente Temer . Diplomata de carreira o embaixador pretende estreitar ainda mais as relações bilaterais entre o seu país e o Brasil.

As relações bdiplomáticas entre Brasil e Kuwait são sólidas e já duram cercade 50 anos. Em 30 de junho de 2018, foi realizada, na Cidade do Kuwait, a primeira reunião de Consultas Bilaterais Brasil-Kuwait, e publicada pelas chancelarias dos dois países Declaração Conjunta por Ocasião dos 50 Anos do Estabelecimento das Relações Diplomáticas entre Brasil e Kuwait.",bilaterais|entre|relações|50|novo|dos|tem|das|anos|kuwait|brasil|embaixador
10_12-12-18_12_34.csv,brasiliainfoco,"O Embaixador e chefe da missão diplomática do Kuwait no Brasil , Nasser Al Motairi,recebeu as credenciais ontem, no palácio do planalto, das mãos do Presidente Temer .
Diplomata de carreira o embaixador pretende estreitar ainda mais as relações bilaterais entre o seu país e o Brasil.
As relações bdiplomáticas entre Brasil e Kuwait são sólidas e já duram cercade 50 anos.
Em 30 de junho de 2018, foi realizada, na Cidade do Kuwait, a primeira reunião de Consultas Bilaterais Brasil-Kuwait, e publicada pelas chancelarias dos dois países Declaração Conjunta por Ocasião dos 50 Anos do Estabelecimento das Relações Diplomáticas entre Brasil e Kuwait.",Fabiana Ceyhan,"O Embaixador e chefe da missão diplomática do Kuwait no Brasil , Nasser Al Motairi,recebeu as credenciais ontem, no palácio do planalto, das mãos do Presidente Temer . Diplomata de carreira o embaixador pretende estreitar ainda mais as relações bilaterais entre o seu país e o Brasil.

As relações bdiplomáticas entre Brasil e Kuwait são sólidas e já duram cercade 50 anos. Em 30 de junho de 2018, foi realizada, na Cidade do Kuwait, a primeira reunião de Consultas Bilaterais Brasil-Kuwait, e publicada pelas chancelarias dos dois países Declaração Conjunta por Ocasião dos 50 Anos do Estabelecimento das Relações Diplomáticas entre Brasil e Kuwait.",bilaterais|entre|relações|50|novo|dos|tem|das|anos|kuwait|brasil|embaixador
10_12-12-18_12_34.csv,brasiliainfoco,"Dos 617 milhões de jovens sem essas competências, dois terços frequentam instituições de ensino, mas não estão aprendendo.
Organismo defendeu mais investimentos em estatísticas e monitoramento para identificar lacunas no ensino formal.
Com estudos de caso sobre investimento, a publicação do UIS defende uma mudança de percepção sobre os custos das avaliações de aprendizagem, tanto por doadores quanto por governos.
No entanto, o gasto é pequeno quando comparado com o valor total investido na escolaridade ou o valor ainda maior da ausência da educação.
O levantamento do instituto foi divulgado em meio à Reunião Global de Educação em Bruxelas, organizada para avaliar o progresso global no cumprimento do ODS 4, sobre educação de qualidade.",Fabiana Ceyhan|Brasília In Foco,"Em boletim divulgado nesta semana (4), o Instituto de Estatística da UNESCO afirma que o mundo vive uma crise global de aprendizagem, com seis em cada dez crianças e adolescentes incapazes de ler uma frase simples ou resolver um cálculo matemático básico. Dos 617 milhões de jovens sem essas competências, dois terços frequentam instituições de ensino, mas não estão aprendendo.

Em boletim divulgado nesta semana (4), o Instituto de Estatística da UNESCO (UIS, na sigla em inglês) afirma que o mundo vive uma crise global de aprendizagem, com seis em cada dez crianças e adolescentes incapazes de ler uma frase simples ou resolver um cálculo matemático básico. Organismo defendeu mais investimentos em estatísticas e monitoramento para identificar lacunas no ensino formal.

De acordo com o levantamento, no mundo, um terço das 617 milhões de crianças e adolescentes sem alfabetização e sem competências elementares em matemática estão fora da escola e precisam urgentemente de acesso à educação. Mas dois terços desse grupo estão frequentando uma instituição de ensino.

“Longe de estarem escondidos ou serem difíceis de alcançar, eles estão sentados nas salas de aula, esperando que as escolas entreguem a educação de qualidade que lhes foi prometida”, afirma a diretora do UIS, Silvia Montoya.

“Essa promessa foi quebrada com muita frequência, como mostrado pela falta de progresso nos resultados da aprendizagem nos últimos 15 anos.”

De acordo com a especialista, “as desigualdades na aprendizagem são vistas e sentidas não apenas no nível individual, mas entre países e comunidades, com sociedades inteiras retidas por educação de má qualidade e deficiência nas habilidades”.

Monitoramento

O UIS reconhece que as disparidades na educação já são uma prioridade para a comunidade internacional, mas o organismo alerta que o problema não pode ser resolvido sem um monitoramento robusto para acompanhar se as crianças, adolescentes e adultos estão adquirindo as competências de que necessitam.

Essa tarefa é fundamental, dada a importância crítica da educação para a realização de todos os Objetivos de Desenvolvimento Sustentável das Nações Unidas (ODS) — desde reduzir a pobreza até combater a discriminação de gênero e construir sociedades saudáveis e pacíficas. O relatório do UIS levanta preocupações sobre como essas metas podem ser alcançadas até o prazo de 2030, se um número significativo de pessoas continuar sem habilidades básicas.

Com estudos de caso sobre investimento, a publicação do UIS defende uma mudança de percepção sobre os custos das avaliações de aprendizagem, tanto por doadores quanto por governos. A participação em importantes exames internacionais ou regionais pode custar a cada país cerca de 500 mil dólares a cada quatro anos, o que parece ser uma despesa enorme para uma economia menor. No entanto, o gasto é pequeno quando comparado com o valor total investido na escolaridade ou o valor ainda maior da ausência da educação.

O UIS estima que dados sólidos sobre a aprendizagem, que visem avaliar se as abordagens estão funcionando ou se são necessárias reformas, poderiam melhorar a eficiência do gasto educacional em 5%. Isso economizaria 30 milhões de dólares por ano em um país. Esse valor também pagaria os custos das avaliações centenas de vezes.

O boletim aborda uma ampla gama de iniciativas de avaliação, desde a educação na primeira infância até os programas de alfabetização de adultos. Também apresenta uma série de ferramentas para ajudar os países a tomar decisões conscientes sobre os tipos de exame que atenderão às suas próprias necessidades, bem como orientações sobre a participação em avaliações e capacitação humana para melhorar os resultados de aprendizagem por meio do uso de dados.

O levantamento do instituto foi divulgado em meio à Reunião Global de Educação em Bruxelas, organizada para avaliar o progresso global no cumprimento do ODS 4, sobre educação de qualidade. Acesse a pesquisa clicando aqui(em espanhol).",conta|educação|que|mundo|da|aprendizagem|milhões|uma|ler|em|não|sabem|os|para|com|fazer|jovens|sobre|unesco|nem
10_12-12-18_12_34.csv,brasiliainfoco,"Dos 617 milhões de jovens sem essas competências, dois terços frequentam instituições de ensino, mas não estão aprendendo.
Organismo defendeu mais investimentos em estatísticas e monitoramento para identificar lacunas no ensino formal.
Com estudos de caso sobre investimento, a publicação do UIS defende uma mudança de percepção sobre os custos das avaliações de aprendizagem, tanto por doadores quanto por governos.
No entanto, o gasto é pequeno quando comparado com o valor total investido na escolaridade ou o valor ainda maior da ausência da educação.
O levantamento do instituto foi divulgado em meio à Reunião Global de Educação em Bruxelas, organizada para avaliar o progresso global no cumprimento do ODS 4, sobre educação de qualidade.",Fabiana Ceyhan|Brasília In Foco,"Em boletim divulgado nesta semana (4), o Instituto de Estatística da UNESCO afirma que o mundo vive uma crise global de aprendizagem, com seis em cada dez crianças e adolescentes incapazes de ler uma frase simples ou resolver um cálculo matemático básico. Dos 617 milhões de jovens sem essas competências, dois terços frequentam instituições de ensino, mas não estão aprendendo.

Em boletim divulgado nesta semana (4), o Instituto de Estatística da UNESCO (UIS, na sigla em inglês) afirma que o mundo vive uma crise global de aprendizagem, com seis em cada dez crianças e adolescentes incapazes de ler uma frase simples ou resolver um cálculo matemático básico. Organismo defendeu mais investimentos em estatísticas e monitoramento para identificar lacunas no ensino formal.

De acordo com o levantamento, no mundo, um terço das 617 milhões de crianças e adolescentes sem alfabetização e sem competências elementares em matemática estão fora da escola e precisam urgentemente de acesso à educação. Mas dois terços desse grupo estão frequentando uma instituição de ensino.

“Longe de estarem escondidos ou serem difíceis de alcançar, eles estão sentados nas salas de aula, esperando que as escolas entreguem a educação de qualidade que lhes foi prometida”, afirma a diretora do UIS, Silvia Montoya.

“Essa promessa foi quebrada com muita frequência, como mostrado pela falta de progresso nos resultados da aprendizagem nos últimos 15 anos.”

De acordo com a especialista, “as desigualdades na aprendizagem são vistas e sentidas não apenas no nível individual, mas entre países e comunidades, com sociedades inteiras retidas por educação de má qualidade e deficiência nas habilidades”.

Monitoramento

O UIS reconhece que as disparidades na educação já são uma prioridade para a comunidade internacional, mas o organismo alerta que o problema não pode ser resolvido sem um monitoramento robusto para acompanhar se as crianças, adolescentes e adultos estão adquirindo as competências de que necessitam.

Essa tarefa é fundamental, dada a importância crítica da educação para a realização de todos os Objetivos de Desenvolvimento Sustentável das Nações Unidas (ODS) — desde reduzir a pobreza até combater a discriminação de gênero e construir sociedades saudáveis e pacíficas. O relatório do UIS levanta preocupações sobre como essas metas podem ser alcançadas até o prazo de 2030, se um número significativo de pessoas continuar sem habilidades básicas.

Com estudos de caso sobre investimento, a publicação do UIS defende uma mudança de percepção sobre os custos das avaliações de aprendizagem, tanto por doadores quanto por governos. A participação em importantes exames internacionais ou regionais pode custar a cada país cerca de 500 mil dólares a cada quatro anos, o que parece ser uma despesa enorme para uma economia menor. No entanto, o gasto é pequeno quando comparado com o valor total investido na escolaridade ou o valor ainda maior da ausência da educação.

O UIS estima que dados sólidos sobre a aprendizagem, que visem avaliar se as abordagens estão funcionando ou se são necessárias reformas, poderiam melhorar a eficiência do gasto educacional em 5%. Isso economizaria 30 milhões de dólares por ano em um país. Esse valor também pagaria os custos das avaliações centenas de vezes.

O boletim aborda uma ampla gama de iniciativas de avaliação, desde a educação na primeira infância até os programas de alfabetização de adultos. Também apresenta uma série de ferramentas para ajudar os países a tomar decisões conscientes sobre os tipos de exame que atenderão às suas próprias necessidades, bem como orientações sobre a participação em avaliações e capacitação humana para melhorar os resultados de aprendizagem por meio do uso de dados.

O levantamento do instituto foi divulgado em meio à Reunião Global de Educação em Bruxelas, organizada para avaliar o progresso global no cumprimento do ODS 4, sobre educação de qualidade. Acesse a pesquisa clicando aqui(em espanhol).",conta|educação|que|mundo|da|aprendizagem|milhões|uma|ler|em|não|sabem|os|para|com|fazer|jovens|sobre|unesco|nem
10_12-12-18_12_34.csv,brasiliainfoco,"Na sexta-feira, 07 de dezembro, os embaixadores árabes receberam a visita do embaixador brasileiro e sub secretário para assuntos do Oriente Médio e Àfrica do Itamaraty, Sr José Luiz Machado.
O encontro aconteceu na residência do Decano do Conselho dos Embaixadores Àrabes e embaixador da Palestina, Ibrahim Alzeben.
Estiveram presentes também a embaixadora Lígia Scherer e diplomatas brasileiros que se confraternizaram com os àrabes.
O mais novo embaixador que chegou no Brasil é o representante do Kuwait, Nasser Al Mutairi, que se reuniu com o grupo para este encontro .",Fabiana Ceyhan,"Na sexta-feira, 07 de dezembro, os embaixadores árabes receberam a visita do embaixador brasileiro e sub secretário para assuntos do Oriente Médio e Àfrica do Itamaraty, Sr José Luiz Machado. O encontro aconteceu na residência do Decano do Conselho dos Embaixadores Àrabes e embaixador da Palestina, Ibrahim Alzeben.

Estiveram presentes também a embaixadora Lígia Scherer e diplomatas brasileiros que se confraternizaram com os àrabes. O mais novo embaixador que chegou no Brasil é o representante do Kuwait, Nasser Al Mutairi, que se reuniu com o grupo para este encontro .",machado|médio|secretário|os|encontro|é|sub|que|embaixadores|para|oriente|josé|àrabes|com|árabes|se|luíz|embaixador
10_12-12-18_12_34.csv,brasiliainfoco,"Na sexta-feira, 07 de dezembro, os embaixadores árabes receberam a visita do embaixador brasileiro e sub secretário para assuntos do Oriente Médio e Àfrica do Itamaraty, Sr José Luiz Machado.
O encontro aconteceu na residência do Decano do Conselho dos Embaixadores Àrabes e embaixador da Palestina, Ibrahim Alzeben.
Estiveram presentes também a embaixadora Lígia Scherer e diplomatas brasileiros que se confraternizaram com os àrabes.
O mais novo embaixador que chegou no Brasil é o representante do Kuwait, Nasser Al Mutairi, que se reuniu com o grupo para este encontro .",Fabiana Ceyhan,"Na sexta-feira, 07 de dezembro, os embaixadores árabes receberam a visita do embaixador brasileiro e sub secretário para assuntos do Oriente Médio e Àfrica do Itamaraty, Sr José Luiz Machado. O encontro aconteceu na residência do Decano do Conselho dos Embaixadores Àrabes e embaixador da Palestina, Ibrahim Alzeben.

Estiveram presentes também a embaixadora Lígia Scherer e diplomatas brasileiros que se confraternizaram com os àrabes. O mais novo embaixador que chegou no Brasil é o representante do Kuwait, Nasser Al Mutairi, que se reuniu com o grupo para este encontro .",machado|médio|secretário|os|encontro|é|sub|que|embaixadores|para|oriente|josé|àrabes|com|árabes|se|luíz|embaixador
10_12-12-18_12_34.csv,brasiliainfoco,"Formada em Publicidade pela UnB.
Tradutora em Espanhol e Inglês.
Trabalhou na Copa do Mundo pela FIFA, Embaixada do Sri Lanka, Grupo Coimbra de Universidades Brasileiras, GIZ e ICMBio.
Morou 6 anos no chile,8 na Tailândia e Austrália.",Fabiana Ceyhan,"Formada em Publicidade pela UnB. Tradutora em Espanhol e Inglês.

Trabalhou na Copa do Mundo pela FIFA, Embaixada do Sri Lanka, Grupo Coimbra de Universidades Brasileiras, GIZ e ICMBio. Morou 6 anos no chile,8 na Tailândia e Austrália.",pela|universidades|nanbanzuke|salmão|mundo|em|testamos|dona|unb|confira|sri|morou|fabiana|receita|por|publicidade|japonesa|tradutora|muto|tailândia
10_12-12-18_12_34.csv,brasiliainfoco,"Formada em Publicidade pela UnB.
Tradutora em Espanhol e Inglês.
Trabalhou na Copa do Mundo pela FIFA, Embaixada do Sri Lanka, Grupo Coimbra de Universidades Brasileiras, GIZ e ICMBio.
Morou 6 anos no chile,8 na Tailândia e Austrália.",Fabiana Ceyhan,"Formada em Publicidade pela UnB. Tradutora em Espanhol e Inglês.

Trabalhou na Copa do Mundo pela FIFA, Embaixada do Sri Lanka, Grupo Coimbra de Universidades Brasileiras, GIZ e ICMBio. Morou 6 anos no chile,8 na Tailândia e Austrália.",pela|universidades|nanbanzuke|salmão|mundo|em|testamos|dona|unb|confira|sri|morou|fabiana|receita|por|publicidade|japonesa|tradutora|muto|tailândia
10_12-12-18_12_34.csv,brasiliainfoco,"Jornalista de formação, Heather Nauert assumiu como porta-voz do Departamento de Estado dos Estados Unidos desde 24 de abril de 2017, nomeada pelo presidente Donald Trump.
Heather Nauert trabalhou como correspondente nas emissoras de televisão ABC News, Fox News & Fox Friends.",Fabiana Ceyhan|Brasília In Foco,"Jornalista de formação, Heather Nauert assumiu como porta-voz do Departamento de Estado dos Estados Unidos desde 24 de abril de 2017, nomeada pelo presidente Donald Trump.

Heather Nauert trabalhou como correspondente nas emissoras de televisão ABC News, Fox News & Fox Friends.",trump|pelo|onu|indica|trabalhou|para|unidos|televisão|fox|portavoz|como|heather|nauert|trumpheather|presidente|embaixadora
10_12-12-18_12_34.csv,brasiliainfoco,"Jornalista de formação, Heather Nauert assumiu como porta-voz do Departamento de Estado dos Estados Unidos desde 24 de abril de 2017, nomeada pelo presidente Donald Trump.
Heather Nauert trabalhou como correspondente nas emissoras de televisão ABC News, Fox News & Fox Friends.",Fabiana Ceyhan|Brasília In Foco,"Jornalista de formação, Heather Nauert assumiu como porta-voz do Departamento de Estado dos Estados Unidos desde 24 de abril de 2017, nomeada pelo presidente Donald Trump.

Heather Nauert trabalhou como correspondente nas emissoras de televisão ABC News, Fox News & Fox Friends.",trump|pelo|onu|indica|trabalhou|para|unidos|televisão|fox|portavoz|como|heather|nauert|trumpheather|presidente|embaixadora
10_12-12-18_12_34.csv,brasiliainfoco,"Ontem,06 de dezembro de 2018, quinta-feira, 19h, foi comemorada na residência do embaixador do Japão em Brasília, a recepção da Data Nacional.
A recepção da Data Nacional é um evento realizado todos os anos em comemoração ao aniversário de sua majestade o Imperador do Japão Akihito.
Estou muito feliz em poder realizar, em grande estilo e contando com a presença de todos os senhores, esta recepção em comemoração ao aniversário de Sua Majestade o Imperador do Japão.
No próximo dia 23 de dezembro, Sua Majestade irá completar 85 anos de idade e, em janeiro do ano que vem, 30 anos desde a sua posse.
Recepção em comemoração ao Aniversário de Sua Majestade o Imperador do Japão 06 de dezembro de 2018, quinta-feira, 19h, Residência do Embaixador do Japão Por outro lado, em 2018, ocorreram muitos desastres naturais no Japão, como chuvas torrenciais, tufões e terremotos.",Fabiana Ceyhan|Brasília In Foco,"Ontem,06 de dezembro de 2018, quinta-feira, 19h, foi comemorada na residência do embaixador do Japão em Brasília, a recepção da Data Nacional. A recepção da Data Nacional é um evento realizado todos os anos em comemoração ao aniversário de sua majestade o Imperador do Japão Akihito. O aniversário é em 23 de dezembro, e neste ano ele completará 85 anos. Este será o último aniversário que ele comemora como imperador do Japão. Em 30 abril, ele abdica ao trono, depois de 30 anos como imperador. Seu filho mais velho, Príncipe Herdeiro Naruhito, hoje com 58 anos, assume o Trono do Crisântemo no dia seguinte. A cerimônia oficial de entronização será realizada em outubro.

Confira da íntegra o discurso do embaixador:

Boa noite!

Estou muito feliz em poder realizar, em grande estilo e contando com a presença de todos os senhores, esta recepção em comemoração ao aniversário de Sua Majestade o Imperador do Japão. Gostaria de agradecer a todos os presentes nesta noite. No próximo dia 23 de dezembro, Sua Majestade irá completar 85 anos de idade e, em janeiro do ano que vem, 30 anos desde a sua posse. Sua Majestade, juntamente a Sua Majestade a Imperatriz, tem se dedicado aos compromissos oficiais, entretanto, irá abdicar do trono no dia 30 de abril do próximo ano e Sua Alteza Imperial o Príncipe Herdeiro será coroado no dia seguinte, o primeiro dia de maio. O ano de 2018, quando comemoramos os 110 anos da Imigração japonesa para o Brasil, ficou ainda mais marcante para a sociedade nipo-brasileira local, devido a vinda de Sua alteza Imperial o Príncipe Herdeiro ao país em março para dar uma palestra no Fórum Mundial da Água em Brasília e de Sua Alteza Imperial a Princesa Mako em julho. Com a visita da Princesa,

algumas cidades receberam pela primeira vez um membro de família imperial e a acolheram calorosamente. Este ano comemorativo está terminando com sucesso e tranquilidade, sendo realizados vários eventos em cada região. Gostaria de agradecer a todos os colaboradores na realização destes. Atualmente, a comunidade nipo-brasileira no Brasil é composta por cerca de dois milhões de pessoas. Ademais, no Japão, reside uma comunidade de aproximadamente duzentas mil pessoas. No ano que vem, gostaria de ampliar ainda mais a relação entre os dois países, unidos por laços humanos fortes e especiais.

Recepção em comemoração ao Aniversário de Sua Majestade o Imperador do Japão 06 de dezembro de 2018, quinta-feira, 19h, Residência do Embaixador do Japão Por outro lado, em 2018, ocorreram muitos desastres naturais no Japão, como chuvas torrenciais, tufões e terremotos. Agradeço profundamente a todos pelo apoio que recebemos. A região oeste do Japão e a província de Hokkaido, afetadas pelos desastres, estão se recuperando rapidamente graças aos esforços e à solidariedade das pessoas e já estão prontas para receber os turistas estrangeiros. Espero que o nosso país seja escolhido como destino nas próximas viagens. O Japão e o Brasil são parceiros importantes que compartilham de valores e princípios fundamentais. Neste ano, além da família imperial, o Brasil recebeu a visita do Ministro Kono

do Ministério dos Negócios Estrangeiros do Japão. Em contrapartida, autoridades brasileiras visitaram o Japão, tais como: o Sr. Jair Bolsonaro, apenas deputado à época, Sr. Eunício Oliveira, Presidente do Senado e o Sr. Aloysio Nunes, Ministro das Relações Exteriores. Assim, o intercâmbio humano das autoridades está sendo muito ativo entre os dois países. Visando o fortalecimento dessa “Parceria Estratégica Global”, quero fazer com que a cooperação bilateral avance ainda mais em diversas áreas, como política, defesa, economia, ciência e tecnologia, educação, cultura e desporto. Neste ano, foi realizada a eleição geral no Brasil e espera-se que sob o governo do novo presidente, Sr. Bolsonaro, o país avance mais em diversas áreas, como política e economia. A nossa embaixada se esforça ainda mais para promover a relação entre Japão e Brasil. Atualmente, cerca de setecentas empresas japonesas atuam em solo brasileiro e cada uma delas carrega um papel central na promoção das relações econômicas entre nossos dois países. Cinco empresas japonesas – Yakult, NEC, Panasonic, Nisshin, e Miura boiler – montaram estandes esta noite para apresentarem seus produtos e serviços. Peço que prestigiem. Há poucos dias, foi decidido que a cidade de Osaka no Japão receberá a Exposição Mundial “EXPO” em 2025. Um pouco antes, em 2020, serão realizados os Jogos Olímpicos em Tóquio. Estão sendo realizados vários ntercâmbios na área de esportes e trocas de ideias entre os dois países sobre os Jogos Olímpicos, tendo como lema “do Rio a Tóquio”. Mudando de assunto, na Copa América, que será realizada no Brasil no ano que vem, a seleção japonesa vai participar do evento como um país convidado. Espero que possamos assistir ao jogo entre Brasil e Japão na final da Copa. Se for realizado, poderemos ceder a vitória ao Brasil, já que será um jogo da Copa “AMÉRICA”. Hoje, nesta recepção, preparamos uma grande variedade de pratos da culinária japonesa, incluindo pratos feitos com arroz novo que acabou de chegar do Japão. Peço que apreciem. Além disso, oferecemos saquês japoneses do mais alto nível que vieram do Japão. Gostaria que, nesta oportunidade, os senhores descobrissem novos encantos nas comidas e nas bebidas japonesas. Para finalizar, desejando a prosperidade de todos aqui presentes e uma maior promoção da relação entre Japão e Brasil, encerro minhas palavras.

Muito Obrigado!",imperador|ano|sua|os|ao|recepção|foco|em|que|brasília|para|comemoração|como|japão|da|brasil|majestade
10_12-12-18_12_34.csv,brasiliainfoco,"Ontem,06 de dezembro de 2018, quinta-feira, 19h, foi comemorada na residência do embaixador do Japão em Brasília, a recepção da Data Nacional.
A recepção da Data Nacional é um evento realizado todos os anos em comemoração ao aniversário de sua majestade o Imperador do Japão Akihito.
Estou muito feliz em poder realizar, em grande estilo e contando com a presença de todos os senhores, esta recepção em comemoração ao aniversário de Sua Majestade o Imperador do Japão.
No próximo dia 23 de dezembro, Sua Majestade irá completar 85 anos de idade e, em janeiro do ano que vem, 30 anos desde a sua posse.
Recepção em comemoração ao Aniversário de Sua Majestade o Imperador do Japão 06 de dezembro de 2018, quinta-feira, 19h, Residência do Embaixador do Japão Por outro lado, em 2018, ocorreram muitos desastres naturais no Japão, como chuvas torrenciais, tufões e terremotos.",Fabiana Ceyhan|Brasília In Foco,"Ontem,06 de dezembro de 2018, quinta-feira, 19h, foi comemorada na residência do embaixador do Japão em Brasília, a recepção da Data Nacional. A recepção da Data Nacional é um evento realizado todos os anos em comemoração ao aniversário de sua majestade o Imperador do Japão Akihito. O aniversário é em 23 de dezembro, e neste ano ele completará 85 anos. Este será o último aniversário que ele comemora como imperador do Japão. Em 30 abril, ele abdica ao trono, depois de 30 anos como imperador. Seu filho mais velho, Príncipe Herdeiro Naruhito, hoje com 58 anos, assume o Trono do Crisântemo no dia seguinte. A cerimônia oficial de entronização será realizada em outubro.

Confira da íntegra o discurso do embaixador:

Boa noite!

Estou muito feliz em poder realizar, em grande estilo e contando com a presença de todos os senhores, esta recepção em comemoração ao aniversário de Sua Majestade o Imperador do Japão. Gostaria de agradecer a todos os presentes nesta noite. No próximo dia 23 de dezembro, Sua Majestade irá completar 85 anos de idade e, em janeiro do ano que vem, 30 anos desde a sua posse. Sua Majestade, juntamente a Sua Majestade a Imperatriz, tem se dedicado aos compromissos oficiais, entretanto, irá abdicar do trono no dia 30 de abril do próximo ano e Sua Alteza Imperial o Príncipe Herdeiro será coroado no dia seguinte, o primeiro dia de maio. O ano de 2018, quando comemoramos os 110 anos da Imigração japonesa para o Brasil, ficou ainda mais marcante para a sociedade nipo-brasileira local, devido a vinda de Sua alteza Imperial o Príncipe Herdeiro ao país em março para dar uma palestra no Fórum Mundial da Água em Brasília e de Sua Alteza Imperial a Princesa Mako em julho. Com a visita da Princesa,

algumas cidades receberam pela primeira vez um membro de família imperial e a acolheram calorosamente. Este ano comemorativo está terminando com sucesso e tranquilidade, sendo realizados vários eventos em cada região. Gostaria de agradecer a todos os colaboradores na realização destes. Atualmente, a comunidade nipo-brasileira no Brasil é composta por cerca de dois milhões de pessoas. Ademais, no Japão, reside uma comunidade de aproximadamente duzentas mil pessoas. No ano que vem, gostaria de ampliar ainda mais a relação entre os dois países, unidos por laços humanos fortes e especiais.

Recepção em comemoração ao Aniversário de Sua Majestade o Imperador do Japão 06 de dezembro de 2018, quinta-feira, 19h, Residência do Embaixador do Japão Por outro lado, em 2018, ocorreram muitos desastres naturais no Japão, como chuvas torrenciais, tufões e terremotos. Agradeço profundamente a todos pelo apoio que recebemos. A região oeste do Japão e a província de Hokkaido, afetadas pelos desastres, estão se recuperando rapidamente graças aos esforços e à solidariedade das pessoas e já estão prontas para receber os turistas estrangeiros. Espero que o nosso país seja escolhido como destino nas próximas viagens. O Japão e o Brasil são parceiros importantes que compartilham de valores e princípios fundamentais. Neste ano, além da família imperial, o Brasil recebeu a visita do Ministro Kono

do Ministério dos Negócios Estrangeiros do Japão. Em contrapartida, autoridades brasileiras visitaram o Japão, tais como: o Sr. Jair Bolsonaro, apenas deputado à época, Sr. Eunício Oliveira, Presidente do Senado e o Sr. Aloysio Nunes, Ministro das Relações Exteriores. Assim, o intercâmbio humano das autoridades está sendo muito ativo entre os dois países. Visando o fortalecimento dessa “Parceria Estratégica Global”, quero fazer com que a cooperação bilateral avance ainda mais em diversas áreas, como política, defesa, economia, ciência e tecnologia, educação, cultura e desporto. Neste ano, foi realizada a eleição geral no Brasil e espera-se que sob o governo do novo presidente, Sr. Bolsonaro, o país avance mais em diversas áreas, como política e economia. A nossa embaixada se esforça ainda mais para promover a relação entre Japão e Brasil. Atualmente, cerca de setecentas empresas japonesas atuam em solo brasileiro e cada uma delas carrega um papel central na promoção das relações econômicas entre nossos dois países. Cinco empresas japonesas – Yakult, NEC, Panasonic, Nisshin, e Miura boiler – montaram estandes esta noite para apresentarem seus produtos e serviços. Peço que prestigiem. Há poucos dias, foi decidido que a cidade de Osaka no Japão receberá a Exposição Mundial “EXPO” em 2025. Um pouco antes, em 2020, serão realizados os Jogos Olímpicos em Tóquio. Estão sendo realizados vários ntercâmbios na área de esportes e trocas de ideias entre os dois países sobre os Jogos Olímpicos, tendo como lema “do Rio a Tóquio”. Mudando de assunto, na Copa América, que será realizada no Brasil no ano que vem, a seleção japonesa vai participar do evento como um país convidado. Espero que possamos assistir ao jogo entre Brasil e Japão na final da Copa. Se for realizado, poderemos ceder a vitória ao Brasil, já que será um jogo da Copa “AMÉRICA”. Hoje, nesta recepção, preparamos uma grande variedade de pratos da culinária japonesa, incluindo pratos feitos com arroz novo que acabou de chegar do Japão. Peço que apreciem. Além disso, oferecemos saquês japoneses do mais alto nível que vieram do Japão. Gostaria que, nesta oportunidade, os senhores descobrissem novos encantos nas comidas e nas bebidas japonesas. Para finalizar, desejando a prosperidade de todos aqui presentes e uma maior promoção da relação entre Japão e Brasil, encerro minhas palavras.

Muito Obrigado!",imperador|ano|sua|os|ao|recepção|foco|em|que|brasília|para|comemoração|como|japão|da|brasil|majestade
10_12-12-18_12_34.csv,brasiliainfoco,"Embaixada da França promove festa para celebrar safra do Beaujolais Nouveau(Jamila Gontijo para BrasiliaInFoco)Uma festa para celebrar a vinicultura e a gastronômia da França.
A Le Beaujolais Nouveau est arrivé, reuniu mais de 500 convidados na noite desta terça 4 na Embaixada da França em Brasília.
O mote foi a comemoração da chegada da nova safra do vinho, que foi servido aos presentes acompanhado de um buffet de queijos e outros petiscos típicos da culinária francesa.
O vinho beaujolais nouveau fica pronto para consumo aproximadamente dois meses após a colheita.
Le Beaujolais Nouveau est arrivé é um evento coproduzido pela Embaixada da França e pela Aliança Francesa.",Jamila Gontijo|Brasília In Foco|Fabiana Ceyhan,"Embaixada da França promove festa para celebrar safra do Beaujolais Nouveau

(Jamila Gontijo para BrasiliaInFoco)

Uma festa para celebrar a vinicultura e a gastronômia da França. A Le Beaujolais Nouveau est arrivé, reuniu mais de 500 convidados na noite desta terça 4 na Embaixada da França em Brasília. O mote foi a comemoração da chegada da nova safra do vinho, que foi servido aos presentes acompanhado de um buffet de queijos e outros petiscos típicos da culinária francesa. Ao final, foram servidos petit fours produzidos pelo chef confeiteiro Daniel Briand, proprietário da patisserie mais tradicional de Brasília.

O vinho beaujolais nouveau fica pronto para consumo aproximadamente dois meses após a colheita. Ele é produzido a partir de uvas gamay, que fermentam sem esmagamento, onde a pele da uva é estourada pelo próprio processo de fermentação. O resultado é um vinho frutado, leve e fresco.

Além da gastronomia, uma pista de dança animou os convidados com uma seleção musical que incluiu clássicos do pop internacional, música francesa e o funk brasileiro. Le Beaujolais Nouveau est arrivé é um evento coproduzido pela Embaixada da França e pela Aliança Francesa.

O Embaixador da França, Michel Miraillet recepcionou os convidados no evento realizado na área externa e também nas instalações da residência oficial, construção originalmente confiada à Le Corbusier, que faleceu antes do início das obras, concluídas em 1974. A construção foi então entregue ao arquiteto Guillermo Jullian de la Fuente, de origem chilena e ex-colaborador do ateliê de Le Corbusier.",safra|le|festa|promove|é|um|beaujolais|que|para|celebrar|da|embaixada|frança|vinho|nouveau
10_12-12-18_12_34.csv,brasiliainfoco,"Embaixada da França promove festa para celebrar safra do Beaujolais Nouveau(Jamila Gontijo para BrasiliaInFoco)Uma festa para celebrar a vinicultura e a gastronômia da França.
A Le Beaujolais Nouveau est arrivé, reuniu mais de 500 convidados na noite desta terça 4 na Embaixada da França em Brasília.
O mote foi a comemoração da chegada da nova safra do vinho, que foi servido aos presentes acompanhado de um buffet de queijos e outros petiscos típicos da culinária francesa.
O vinho beaujolais nouveau fica pronto para consumo aproximadamente dois meses após a colheita.
Le Beaujolais Nouveau est arrivé é um evento coproduzido pela Embaixada da França e pela Aliança Francesa.",Jamila Gontijo|Brasília In Foco|Fabiana Ceyhan,"Embaixada da França promove festa para celebrar safra do Beaujolais Nouveau

(Jamila Gontijo para BrasiliaInFoco)

Uma festa para celebrar a vinicultura e a gastronômia da França. A Le Beaujolais Nouveau est arrivé, reuniu mais de 500 convidados na noite desta terça 4 na Embaixada da França em Brasília. O mote foi a comemoração da chegada da nova safra do vinho, que foi servido aos presentes acompanhado de um buffet de queijos e outros petiscos típicos da culinária francesa. Ao final, foram servidos petit fours produzidos pelo chef confeiteiro Daniel Briand, proprietário da patisserie mais tradicional de Brasília.

O vinho beaujolais nouveau fica pronto para consumo aproximadamente dois meses após a colheita. Ele é produzido a partir de uvas gamay, que fermentam sem esmagamento, onde a pele da uva é estourada pelo próprio processo de fermentação. O resultado é um vinho frutado, leve e fresco.

Além da gastronomia, uma pista de dança animou os convidados com uma seleção musical que incluiu clássicos do pop internacional, música francesa e o funk brasileiro. Le Beaujolais Nouveau est arrivé é um evento coproduzido pela Embaixada da França e pela Aliança Francesa.

O Embaixador da França, Michel Miraillet recepcionou os convidados no evento realizado na área externa e também nas instalações da residência oficial, construção originalmente confiada à Le Corbusier, que faleceu antes do início das obras, concluídas em 1974. A construção foi então entregue ao arquiteto Guillermo Jullian de la Fuente, de origem chilena e ex-colaborador do ateliê de Le Corbusier.",safra|le|festa|promove|é|um|beaujolais|que|para|celebrar|da|embaixada|frança|vinho|nouveau
10_12-12-18_12_34.csv,brasiliainfoco,"“Vai para algum lugar, onde o índio receberá o tratamento que ele merece.
O índio quer se integrar à sociedade, ele quer aquilo que nós queremos, energia elétrica, médico, dentista, internet, jogar um futebol, ele quer aquilo que nós queremos”, disse Bolsonaro.
Direitos HumanosBolsonaro também disse que ainda não encontrou um nome de consenso para assumir o Ministério dos Direitos Humanos.
“Ainda não tenho um nome confirmado.
Estamos aguardando um pouco mais, pois não podemos escolher um nome e, amanhã, dizer que o nomeado será outro”.",Fabiana Ceyhan,"Funai

Questionado sobre o futuro da Funai, Bolsonaro sinalizou que ainda está indefinido. “Vai para algum lugar, onde o índio receberá o tratamento que ele merece. O índio quer se integrar à sociedade, ele quer aquilo que nós queremos, energia elétrica, médico, dentista, internet, jogar um futebol, ele quer aquilo que nós queremos”, disse Bolsonaro.

Segundo Bolsonaro, os indígenas querem se integrar à sociedade urbana e comparou com o que ocorre na Bolívia, onde o presidente Evo Morales deverá concorrer ao quarto mandato.

“Na Bolívia, o índio pode ser presidente, aqui querem tratar como se fosse animal no zoológico, dentro de uma reserva. Eu quero tratar o índio como ser humano, como um cidadão, que explore sua propriedade, o subsolo, dê royalties disso, plante ou arrende sua terra para que seja plantada.”

Servidores da Funai enviaram uma carta ao ex-juiz Sergio Moro, confirmado para o Ministério da Justiça, na tentativa de evitar o remanejamento destacando a importância do órgão permanecer sob os cuidados do Ministério da Justiça. A preocupação se concentra em torno da demarcação de terras indígenas e garantias de direitos dos índios.

Direitos Humanos

Bolsonaro também disse que ainda não encontrou um nome de consenso para assumir o Ministério dos Direitos Humanos. “Ainda não tenho um nome confirmado. Temos indicações. Estamos aguardando um pouco mais, pois não podemos escolher um nome e, amanhã, dizer que o nomeado será outro”.

Agência Brasil",índio|ministério|um|humanos|meio|para|indefinição|bolsonaro|sinaliza|que|quer|direitos|nome|da|se|não|ambiente
10_12-12-18_12_34.csv,brasiliainfoco,"“Vai para algum lugar, onde o índio receberá o tratamento que ele merece.
O índio quer se integrar à sociedade, ele quer aquilo que nós queremos, energia elétrica, médico, dentista, internet, jogar um futebol, ele quer aquilo que nós queremos”, disse Bolsonaro.
Direitos HumanosBolsonaro também disse que ainda não encontrou um nome de consenso para assumir o Ministério dos Direitos Humanos.
“Ainda não tenho um nome confirmado.
Estamos aguardando um pouco mais, pois não podemos escolher um nome e, amanhã, dizer que o nomeado será outro”.",Fabiana Ceyhan,"Funai

Questionado sobre o futuro da Funai, Bolsonaro sinalizou que ainda está indefinido. “Vai para algum lugar, onde o índio receberá o tratamento que ele merece. O índio quer se integrar à sociedade, ele quer aquilo que nós queremos, energia elétrica, médico, dentista, internet, jogar um futebol, ele quer aquilo que nós queremos”, disse Bolsonaro.

Segundo Bolsonaro, os indígenas querem se integrar à sociedade urbana e comparou com o que ocorre na Bolívia, onde o presidente Evo Morales deverá concorrer ao quarto mandato.

“Na Bolívia, o índio pode ser presidente, aqui querem tratar como se fosse animal no zoológico, dentro de uma reserva. Eu quero tratar o índio como ser humano, como um cidadão, que explore sua propriedade, o subsolo, dê royalties disso, plante ou arrende sua terra para que seja plantada.”

Servidores da Funai enviaram uma carta ao ex-juiz Sergio Moro, confirmado para o Ministério da Justiça, na tentativa de evitar o remanejamento destacando a importância do órgão permanecer sob os cuidados do Ministério da Justiça. A preocupação se concentra em torno da demarcação de terras indígenas e garantias de direitos dos índios.

Direitos Humanos

Bolsonaro também disse que ainda não encontrou um nome de consenso para assumir o Ministério dos Direitos Humanos. “Ainda não tenho um nome confirmado. Temos indicações. Estamos aguardando um pouco mais, pois não podemos escolher um nome e, amanhã, dizer que o nomeado será outro”.

Agência Brasil",índio|ministério|um|humanos|meio|para|indefinição|bolsonaro|sinaliza|que|quer|direitos|nome|da|se|não|ambiente
10_12-12-18_12_34.csv,brasiliainfoco,"The lecture, in English, will be held on 6 December 15:00 at Room “D”, Annex II of the Ministry of Foreign Affairs.
A Fundação Alexandre de Gusmão (FUNAG) e o Instituto de Pesquisa de Relações Internacionais (IPRI), juntamente com a Embaixada da Áustria, convidam para palestra da Dra.
Lilian Hofmeister, membra do Comitê Comitê sobre a Eliminação da Discriminação contra as Mulheres (CEDAW) e juíza substituta do Tribunal Constitucional da Áustria, sobre “Discriminação contra a Mulher: desafios a superar no mundo e no Brasil”.
O evento, em inglês (sem interpretação), ocorrerá às 15h00 de 06/12 na sala “D” do Anexo II do Itamaraty.
Inscreva-se aqui.",Fabiana Ceyhan,"Alexandre de Gusmão Foundation (FUNAG) and the Institute for Research on International Relations (IPRI), together with the Embassy of Austria, invite you to a lecture by Dr. Lilian Hofmeister, member of the UN Committee on the Elimination of Discrimination Against Women (CEDAW), and substitute Judge of the Austrian Constitutional Court, about “Discrimination Against Women: Challenges Ahead in the World and In Brazil”. The lecture, in English, will be held on 6 December 15:00 at Room “D”, Annex II of the Ministry of Foreign Affairs. Register here.

A Fundação Alexandre de Gusmão (FUNAG) e o Instituto de Pesquisa de Relações Internacionais (IPRI), juntamente com a Embaixada da Áustria, convidam para palestra da Dra. Lilian Hofmeister, membra do Comitê Comitê sobre a Eliminação da Discriminação contra as Mulheres (CEDAW) e juíza substituta do Tribunal Constitucional da Áustria, sobre “Discriminação contra a Mulher: desafios a superar no mundo e no Brasil”. O evento, em inglês (sem interpretação), ocorrerá às 15h00 de 06/12 na sala “D” do Anexo II do Itamaraty. Inscreva-se aqui.",ii|ipri|lilian|hofmeister|fundação|alexandre|convidam|austria|para|lecture|women|embaixada|da|sobre|gusmão|áustria
10_12-12-18_12_35.csv,brasiliainfoco,"The lecture, in English, will be held on 6 December 15:00 at Room “D”, Annex II of the Ministry of Foreign Affairs.
A Fundação Alexandre de Gusmão (FUNAG) e o Instituto de Pesquisa de Relações Internacionais (IPRI), juntamente com a Embaixada da Áustria, convidam para palestra da Dra.
Lilian Hofmeister, membra do Comitê Comitê sobre a Eliminação da Discriminação contra as Mulheres (CEDAW) e juíza substituta do Tribunal Constitucional da Áustria, sobre “Discriminação contra a Mulher: desafios a superar no mundo e no Brasil”.
O evento, em inglês (sem interpretação), ocorrerá às 15h00 de 06/12 na sala “D” do Anexo II do Itamaraty.
Inscreva-se aqui.",Fabiana Ceyhan,"Alexandre de Gusmão Foundation (FUNAG) and the Institute for Research on International Relations (IPRI), together with the Embassy of Austria, invite you to a lecture by Dr. Lilian Hofmeister, member of the UN Committee on the Elimination of Discrimination Against Women (CEDAW), and substitute Judge of the Austrian Constitutional Court, about “Discrimination Against Women: Challenges Ahead in the World and In Brazil”. The lecture, in English, will be held on 6 December 15:00 at Room “D”, Annex II of the Ministry of Foreign Affairs. Register here.

A Fundação Alexandre de Gusmão (FUNAG) e o Instituto de Pesquisa de Relações Internacionais (IPRI), juntamente com a Embaixada da Áustria, convidam para palestra da Dra. Lilian Hofmeister, membra do Comitê Comitê sobre a Eliminação da Discriminação contra as Mulheres (CEDAW) e juíza substituta do Tribunal Constitucional da Áustria, sobre “Discriminação contra a Mulher: desafios a superar no mundo e no Brasil”. O evento, em inglês (sem interpretação), ocorrerá às 15h00 de 06/12 na sala “D” do Anexo II do Itamaraty. Inscreva-se aqui.",ii|ipri|lilian|hofmeister|fundação|alexandre|convidam|austria|para|lecture|women|embaixada|da|sobre|gusmão|áustria
10_12-12-18_12_35.csv,brasiliainfoco,"O Grupo que veio do país para a celebração animou a festa e os convidados dançaram até o fim do evento.
A capital e maior cidade do país é Bangkok (Banguecoque, em português europeu), que é o centro político, comercial, industrial e cultural da Tailândia.
Entre 75% e 95% da população é etnicamente tailandesa, que inclui quatro grandes grupos regionais: Central, Isan (também chamados Khon ou Lao), tailandeses do norte e o sul.
Os sino-tailandeses e aqueles com ascendência chinesa significativa são 14% da população, enquanto Tais com ancestralidade chinesa parcial compreendem até 40% da população Tais-malaios representam 3% da população, com o restante consistindo em minorias étnicas como o Mons, os Khmers e várias tribos.
O idioma oficial do país é o tailandês e a religião principal é o budismo, considerada a oficial do país pela Constituição e praticada por cerca de 95% da população.",Fabiana Ceyhan,"O páis asiático , membro da Asean, comemorou a Data nacional esta semana em Brasília no Royal Golden Tulip com um jantar típico asiático, músicos tailandeses e a presença de várias autoridades, com destaque para o Senador Fernando Collor de Mello. O Embaixador Surasak Suparak enfatizou em seu discurso a importância das relações bilaterais e a visita de delegações brasileiras ao país. comentou sobre “O ano de 2018 marcou um novo capítulo das relações bilaterais entre a Tailândia e o Brasil com a visita oficial do Ministro das Relações Exteriores, Aloysio Nunes, em maio desse ano. Além da 2ª Consulta Política, que recebeu o subsecretário-geral para a Ásia e Pacífico do Itamaraty, Ary Quintella”. destacou Surasak. O Grupo que veio do país para a celebração animou a festa e os convidados dançaram até o fim do evento.

Informações sobre a Tailândia:

Tailândia, oficialmente Reino da Tailândia

Com uma área de 513 120 km², é o 50.º maior país do mundo em área territorial, sendo ainda o 20.º mais populoso do planeta, com população de 67,7 milhões de habitantes. A capital e maior cidade do país é Bangkok (Banguecoque, em português europeu), que é o centro político, comercial, industrial e cultural da Tailândia. Entre 75% e 95% da população é etnicamente tailandesa, que inclui quatro grandes grupos regionais: Central, Isan (também chamados Khon ou Lao), tailandeses do norte e o sul. Os sino-tailandeses e aqueles com ascendência chinesa significativa são 14% da população, enquanto Tais com ancestralidade chinesa parcial compreendem até 40% da população Tais-malaios representam 3% da população, com o restante consistindo em minorias étnicas como o Mons, os Khmers e várias tribos. O idioma oficial do país é o tailandês e a religião principal é o budismo, considerada a oficial do país pela Constituição e praticada por cerca de 95% da população.",país|é|que|thailand|royal|da|golden|data|nacional|tulip|em|os|foco|para|com|relações|reino|população|tailândia
10_12-12-18_12_35.csv,brasiliainfoco,"O Grupo que veio do país para a celebração animou a festa e os convidados dançaram até o fim do evento.
A capital e maior cidade do país é Bangkok (Banguecoque, em português europeu), que é o centro político, comercial, industrial e cultural da Tailândia.
Entre 75% e 95% da população é etnicamente tailandesa, que inclui quatro grandes grupos regionais: Central, Isan (também chamados Khon ou Lao), tailandeses do norte e o sul.
Os sino-tailandeses e aqueles com ascendência chinesa significativa são 14% da população, enquanto Tais com ancestralidade chinesa parcial compreendem até 40% da população Tais-malaios representam 3% da população, com o restante consistindo em minorias étnicas como o Mons, os Khmers e várias tribos.
O idioma oficial do país é o tailandês e a religião principal é o budismo, considerada a oficial do país pela Constituição e praticada por cerca de 95% da população.",Fabiana Ceyhan,"O páis asiático , membro da Asean, comemorou a Data nacional esta semana em Brasília no Royal Golden Tulip com um jantar típico asiático, músicos tailandeses e a presença de várias autoridades, com destaque para o Senador Fernando Collor de Mello. O Embaixador Surasak Suparak enfatizou em seu discurso a importância das relações bilaterais e a visita de delegações brasileiras ao país. comentou sobre “O ano de 2018 marcou um novo capítulo das relações bilaterais entre a Tailândia e o Brasil com a visita oficial do Ministro das Relações Exteriores, Aloysio Nunes, em maio desse ano. Além da 2ª Consulta Política, que recebeu o subsecretário-geral para a Ásia e Pacífico do Itamaraty, Ary Quintella”. destacou Surasak. O Grupo que veio do país para a celebração animou a festa e os convidados dançaram até o fim do evento.

Informações sobre a Tailândia:

Tailândia, oficialmente Reino da Tailândia

Com uma área de 513 120 km², é o 50.º maior país do mundo em área territorial, sendo ainda o 20.º mais populoso do planeta, com população de 67,7 milhões de habitantes. A capital e maior cidade do país é Bangkok (Banguecoque, em português europeu), que é o centro político, comercial, industrial e cultural da Tailândia. Entre 75% e 95% da população é etnicamente tailandesa, que inclui quatro grandes grupos regionais: Central, Isan (também chamados Khon ou Lao), tailandeses do norte e o sul. Os sino-tailandeses e aqueles com ascendência chinesa significativa são 14% da população, enquanto Tais com ancestralidade chinesa parcial compreendem até 40% da população Tais-malaios representam 3% da população, com o restante consistindo em minorias étnicas como o Mons, os Khmers e várias tribos. O idioma oficial do país é o tailandês e a religião principal é o budismo, considerada a oficial do país pela Constituição e praticada por cerca de 95% da população.",país|é|que|thailand|royal|da|golden|data|nacional|tulip|em|os|foco|para|com|relações|reino|população|tailândia
10_12-12-18_12_35.csv,brasiliainfoco,"Chie Muto é uma autêntica japonesa que vive no Brasil por um período determinado, pois está acompanhando o esposo que trabalha no país.
Apesar de também ter uma carreira profissional no Japão, Chie é...",Fabiana Ceyhan|Jamila Gontijo,"Chie Muto é uma autêntica japonesa que vive no Brasil por um período determinado, pois está acompanhando o esposo que trabalha no país. Apesar de também ter uma carreira profissional no Japão, Chie é...",uma|chie|é|2018|um|foco|dezembro|que|profissional|trabalha|também|ter|vive|brasília
10_12-12-18_12_35.csv,brasiliainfoco,"O Governo de Reconciliação e Unidade Nacional, fiel a sua Proposta Histórica de trabalhar para que a Paz, a Segurança, aos Avances na Luta contra a Pobreza e aos Direitos Plenos de todos os...",Fabiana Ceyhan|Nádia Araújo,"O Governo de Reconciliação e Unidade Nacional, fiel a sua Proposta Histórica de trabalhar para que a Paz, a Segurança, aos Avances na Luta contra a Pobreza e aos Direitos Plenos de todos os...",segurança|unidade|novembro|aos|2018|trabalhar|sua|foco|que|todos|proposta|pobreza|brasília|reconciliação
10_12-12-18_12_35.csv,brasiliainfoco,"As comemorações do centenário daTchecoslováquia já duram há um ano, mas no domingo atingem o seu ponto alto, com uma série de iniciativas que vão de concertos à reabertura do Museu Nacional, em Praga....",Fabiana Ceyhan,"As comemorações do centenário daTchecoslováquia já duram há um ano, mas no domingo atingem o seu ponto alto, com uma série de iniciativas que vão de concertos à reabertura do Museu Nacional, em Praga....",outubro|vão|uma|reabertura|série|à|praga|2018|um|ponto|foco|que|seu|brasília
10_12-12-18_12_35.csv,brasiliainfoco,"O Brasil tem desempenhado um papel importante na aproximação das regiões da América do Sul e do Sudeste asiático, com o comprometimento em fortalecer relações entre o Mercosul e a Associação das Nações do...",Fabiana Ceyhan|Nádia Araújo,"O Brasil tem desempenhado um papel importante na aproximação das regiões da América do Sul e do Sudeste asiático, com o comprometimento em fortalecer relações entre o Mercosul e a Associação das Nações do...",sudeste|relações|nações|sul|2018|um|das|tem|regiões|foco|mercosul|papel|setembro|brasília
10_12-12-18_12_35.csv,brasiliainfoco,"O GCCM é um grupo das esposas de embaixadores e diplomatas em missões estrangeiras no Brasil.
Este grupo é o responsável pela organização da Feira das Embaixadas que acontece todos os anos na capital...",Brasília In Foco|Fabiana Ceyhan|Diego Freire|Nádia Araújo|Igor Santos,O GCCM é um grupo das esposas de embaixadores e diplomatas em missões estrangeiras no Brasil. Este grupo é o responsável pela organização da Feira das Embaixadas que acontece todos os anos na capital...,pela|grupo|é|2018|das|um|os|foco|que|organização|todos|agosto|responsável|brasília
10_12-12-18_12_35.csv,brasiliainfoco,"As autoridades chinesas “têm toda a vontade” de buscar com as autoridades brasileiras uma solução para diminuir ou eliminar as sobretaxas a produtos brasileiros, como a carne de frango e o açúcar, informou o embaixador da...",Fabiana Ceyhan|Nádia Araújo,"As autoridades chinesas “têm toda a vontade” de buscar com as autoridades brasileiras uma solução para diminuir ou eliminar as sobretaxas a produtos brasileiros, como a carne de frango e o açúcar, informou o embaixador da...",uma|toda|sobretaxas|ou|autoridades|2018|foco|para|vontade|têm|solução|produtos|brasília|julho
10_12-12-18_12_35.csv,brasiliainfoco,"O Dia do Blogueiro foi inserido no calendário oficial do Distrito Federal por meio da Lei nº 5.040, de 25 de fevereiro de 2013.
A Lei é de autoria da deputada distrital Luzia de...",Fabiana Ceyhan,"O Dia do Blogueiro foi inserido no calendário oficial do Distrito Federal por meio da Lei nº 5.040, de 25 de fevereiro de 2013. A Lei é de autoria da deputada distrital Luzia de...",oficial|2018|é|junho|lei|luzia|foco|por|meio|nº|foi|inserido|da|brasília
10_12-12-18_12_35.csv,brasiliainfoco,"De 21 de maio a 18 de junho de 2018, estão abertas as inscrições para as bolsas de estudo MEXT de Graduação, Escola Técnica e Curso Profissionalizante.
E, neste ano, há uma grande mudança!...",Fabiana Ceyhan|Brasília In Foco,"De 21 de maio a 18 de junho de 2018, estão abertas as inscrições para as bolsas de estudo MEXT de Graduação, Escola Técnica e Curso Profissionalizante. E, neste ano, há uma grande mudança!...",uma|mudança|2018|junho|foco|neste|para|profissionalizante|maio|inscrições|mext|brasília|técnica
10_12-12-18_12_35.csv,brasiliainfoco,"Sabemos que a Holanda tem uma relação especial com a água, também por ser um país que se encontra abaixo do nível do mar, o senhor poderia nos explicar quais são as inovações em relação...",Fabiana Ceyhan,"1. Sabemos que a Holanda tem uma relação especial com a água, também por ser um país que se encontra abaixo do nível do mar, o senhor poderia nos explicar quais são as inovações em relação...",uma|são|abril|água|ser|2018|um|senhor|tem|foco|que|também|relação|brasília
10_12-12-18_12_35.csv,brasiliainfoco,"A Bolívia comemorou ontem, na sede da Embaixada em Brasília,o Dia del Mar.
O evento foi marcado pela solicitação de apoio dos bolivianos a outros países assinando o livro e assistindo a vídeos para...",Fabiana Ceyhan,"A Bolívia comemorou ontem, na sede da Embaixada em Brasília,o Dia del Mar. O evento foi marcado pela solicitação de apoio dos bolivianos a outros países assinando o livro e assistindo a vídeos para...",pela|ontem|marcado|2018|países|foco|vídeos|março|para|solicitação|sede|outros|mar|brasília
10_12-12-18_12_35.csv,brasiliainfoco,"Brasília, fevereiro de 2018 – Vinte e seis pesquisadores dos Estados Unidos, cujas teses de mestrado e doutorado envolvem assuntos relacionados ao Brasil, estão no país para um período de pesquisas de nove meses em...",Fabiana Ceyhan,"Brasília, fevereiro de 2018 – Vinte e seis pesquisadores dos Estados Unidos, cujas teses de mestrado e doutorado envolvem assuntos relacionados ao Brasil, estão no país para um período de pesquisas de nove meses em...",país|2018|um|pesquisadores|vinte|foco|teses|unidos|relacionados|pesquisas|período|fevereiro|brasília|seis
10_12-12-18_12_35.csv,brasiliainfoco,"Para reduzir custos ou auxiliar quem começa um novo negócio, a contratação de espaços corporativos está cada vez mais presente na capital A abertura de uma empresa no Brasil é cercada de um...",Fabiana Ceyhan,"Para reduzir custos ou auxiliar quem começa um novo negócio, a contratação de espaços corporativos está cada vez mais presente na capital A abertura de uma empresa no Brasil é cercada de um...",uma|ou|reduzir|2018|um|é|novo|foco|para|vez|janeiro|quem|brasília|presente
10_12-12-18_12_35.csv,brasiliainfoco,"Tet Nguyen Dan é mais conhecido por seu nome curto do “Tet”, é o feriado mais importante e popular no Vietnã.
A Festa do Ano Novo Lunar vietnamita marca o início da Primavera de acordo com os...",Fabiana Ceyhan,"Tet Nguyen Dan é mais conhecido por seu nome curto do “Tet”, é o feriado mais importante e popular no Vietnã. A Festa do Ano Novo Lunar vietnamita marca o início da Primavera de acordo com os...",é|popular|os|tet|2017|foco|dezembro|seu|por|vietnã|vietnamita|primavera|mais|brasília
10_12-12-18_12_35.csv,brasiliainfoco,"O Vice Ministro de Estado de Belarus, Anatoli Kalinin ,está no Brasil para a rodada de negócios que acontecerá em São Paulo hoje (28) onde empresários dos dois países pretendem firmar parcerias comerciais.",Fabiana Ceyhan|Brasília In Foco,"O Vice Ministro de Estado de Belarus, Anatoli Kalinin ,está no Brasil para a rodada de negócios que acontecerá em São Paulo hoje (28) onde empresários dos dois países pretendem firmar parcerias comerciais. Na...",são|paulo|novembro|pretendem|países|parcerias|2017|foco|que|para|rodada|onde|vice|brasília
10_12-12-18_12_35.csv,brasiliainfoco,"Se você sempre quis participar de uma feira de universidades coreanas, como aquela que o Centro Educacional realiza todos os anos em São Paulo, mas nunca teve oportunidade, agora é a hora, independente de...",Fabiana Ceyhan|Ana Cunha|Brasília In Foco|Raul De Taunay,"Se você sempre quis participar de uma feira de universidades coreanas, como aquela que o Centro Educacional realiza todos os anos em São Paulo, mas nunca teve oportunidade, agora é a hora, independente de...",outubro|uma|são|sempre|universidades|é|foco|2017|realiza|todos|você|teve|se|brasília
10_12-12-18_12_35.csv,brasiliainfoco,"Entre os dias 17 e 19 de setembro, o Embaixador da Alemanha, Georg Witschel, visitou pela primeira vez o Estado do Mato Grosso.
Durante a sua viagem, Witschel reuniu-se com o governador, Peter Taques,...",Fabiana Ceyhan,"Entre os dias 17 e 19 de setembro, o Embaixador da Alemanha, Georg Witschel, visitou pela primeira vez o Estado do Mato Grosso. Durante a sua viagem, Witschel reuniu-se com o governador, Peter Taques,...",witschel|sua|reuniuse|visitou|foco|2017|primeira|viagem|vez|peter|taques|setembro|brasília
10_12-12-18_12_35.csv,brasiliainfoco,"Laços mais estreitos: Modelos aborígenes desfilam pela primeira vez em passarela internacional no Brasil!
O trabalho das Embaixadas pode parecer misterioso para muitos, mas a verdade é que os corpos diplomaticos têm como...",Brasília In Foco|Fabiana Ceyhan,"Laços mais estreitos: Modelos aborígenes desfilam pela primeira vez em passarela internacional no Brasil! O trabalho das Embaixadas pode parecer misterioso para muitos, mas a verdade é que os corpos diplomaticos têm como...",pela|passarela|trabalho|é|foco|2017|que|vez|têm|pode|verdade|agosto|primeira|brasília
10_12-12-18_12_35.csv,brasiliainfoco,"A Cidade de Mossul saiu do Controle do Estado IsLâmico, no entanto as necessidades de quem fica são inúmeras, a cidade foi bastante destruída e a população precisa de apio e ajuda humanitária.",Fabiana Ceyhan|Brasília In Foco,"A Cidade de Mossul saiu do Controle do Estado IsLâmico, no entanto as necessidades de quem fica são inúmeras, a cidade foi bastante destruída e a população precisa de apio e ajuda humanitária. ...",são|cidade|inúmeras|2017|foco|saiu|mossul|população|precisa|necessidades|islâmico|quem|brasília|julho
10_12-12-18_12_35.csv,brasiliainfoco,"O U2 tem uma das maiores histórias de sucesso do rock and roll – e não apenas pelas músicas, mas também pela quantidade de anos que estão juntos.
Amizade, saúde e uma boa dose...",Brasília In Foco|Fabiana Ceyhan,"O U2 tem uma das maiores histórias de sucesso do rock and roll – e não apenas pelas músicas, mas também pela quantidade de anos que estão juntos. Amizade, saúde e uma boa dose...",uma|u2|saúde|quantidade|junho|tem|foco|2017|roll|rock|que|também|brasília|sucesso
10_12-12-18_12_35.csv,brasiliainfoco,"Papel do Educador Contemporâneo Ronaldo Mota* Como pensar o papel do docente nos tempos atuais em que o aluno é diferente do que ele era há poucas décadas atrás?
Ou seja, os educandos já não...",Fabiana Ceyhan|Ronaldo Mota,"Papel do Educador Contemporâneo Ronaldo Mota* Como pensar o papel do docente nos tempos atuais em que o aluno é diferente do que ele era há poucas décadas atrás? Ou seja, os educandos já não...",tempos|ou|é|poucas|os|foco|2017|que|seja|papel|maio|pensar|ronaldo|brasília
10_12-12-18_12_35.csv,brasiliainfoco,"Algo interessante a respeito da política externa brasileira é a sua equilibrada e pragmática capacidade de reger-se a favor do contexto que presencia_ ao mesmo tempo em que possui identidade marcada, com caricatas posturas...",Brasília In Foco|Ronaldo Mota|Fabiana Ceyhan,"Algo interessante a respeito da política externa brasileira é a sua equilibrada e pragmática capacidade de reger-se a favor do contexto que presencia_ ao mesmo tempo em que possui identidade marcada, com caricatas posturas...",abril|presencia_|possui|sua|é|foco|2017|que|respeito|regerse|pragmática|posturas|tempo|brasília
