Timestamp,Source,Summary,Authors,Text,Keywords
112_12-12-18_19_30.csv,obruto,"Batalhão de Choque está na ALba para garantir votação do pacote de medidas do Governo12/12/2018 Por: RedaçãoMilitares do Esquadrão de Choque estão nos arredores da Assembleia Legislativa da Bahia, nesta quarta-feira (12).
A PM foi convocada, pois servidores do Estado, estão pretendendo “barrar” a votação do pacote de medidas proposta pelo governado, Rui Costa (PT), agendado para está quarta, pela manhã.
Entre as propostas do Executivo, estão a privatização de órgãos, extinção de cargos comissionados, alteração e criação de taxas no setor de transporte e aumento da contribuição previdenciária, de 12% para 14%.
Notícias Relacionadas assédio sexualTribunal de Justiça retoma julgamento de ação penal contra Almiro Sena SalvadorPF prende três mulheres com quase 25 kg de cocaína no Aeroporto PolíticaProfissionais de imprensa são proibidos de entrar na Alba PolíticaServidores estão isolados na Alba; PM está no local",,"Batalhão de Choque está na ALba para garantir votação do pacote de medidas do Governo

12/12/2018 Por: Redação

Militares do Esquadrão de Choque estão nos arredores da Assembleia Legislativa da Bahia, nesta quarta-feira (12). A PM foi convocada, pois servidores do Estado, estão pretendendo “barrar” a votação do pacote de medidas proposta pelo governado, Rui Costa (PT), agendado para está quarta, pela manhã.

Entre as propostas do Executivo, estão a privatização de órgãos, extinção de cargos comissionados, alteração e criação de taxas no setor de transporte e aumento da contribuição previdenciária, de 12% para 14%.

Notícias Relacionadas assédio sexual

Tribunal de Justiça retoma julgamento de ação penal contra Almiro Sena Salvador

PF prende três mulheres com quase 25 kg de cocaína no Aeroporto Política

Profissionais de imprensa são proibidos de entrar na Alba Política

Servidores estão isolados na Alba; PM está no local",batalhão|votação|choque|alba|pacote|estão|garantir|está|governo|para|da|12|medidas
112_12-12-18_19_30.csv,obruto,"Tribunal de Justiça retoma julgamento de ação penal contra Almiro Sena12/12/2018 Por: RedaçãoO Pleno do Tribunal de Justiça da Bahia (TJ-BA) julga na manhã desta quarta-feira (21) a ação penal contra o promotor de Justiça Almiro Sena, acusado de assédio sexual contra servidoras da Secretaria de Justiça e Direitos Humanos do Estado.
O presidente da Corte pediu que os demais desembargadores não se ausentassem da sessão para não perder o quórum qualificado para julgar a ação.
As denúncias se tornaram públicas em maio de 2014.
A denúncia contra Almiro Sena foi recebida pelo TJ-BA em maio de 2015.
Em maio daquele ano, as vítimas falaram sobre o caso no Fantástico.",,"Tribunal de Justiça retoma julgamento de ação penal contra Almiro Sena

12/12/2018 Por: Redação

O Pleno do Tribunal de Justiça da Bahia (TJ-BA) julga na manhã desta quarta-feira (21) a ação penal contra o promotor de Justiça Almiro Sena, acusado de assédio sexual contra servidoras da Secretaria de Justiça e Direitos Humanos do Estado.

A ação é relatada pelo desembargador Mário Alberto Hirs, que tem sido pressionado para colocar o processo em votação, conforme informou o presidente do TJ, desembargador Gesivaldo Britto. O presidente da Corte pediu que os demais desembargadores não se ausentassem da sessão para não perder o quórum qualificado para julgar a ação. As denúncias se tornaram públicas em maio de 2014. A sessão é secreta diante do pedido de sigilo feito pela advogada das vítimas.

A denúncia contra Almiro Sena foi recebida pelo TJ-BA em maio de 2015. Em maio daquele ano, as vítimas falaram sobre o caso no Fantástico. O promotor já foi preso em regime domiciliar, mas conseguiu um habeas corpus e responde ao processo em liberdade.

Notícias Relacionadas Política

Batalhão de Choque está na ALba para garantir votação do pacote de medidas do Governo Salvador

PF prende três mulheres com quase 25 kg de cocaína no Aeroporto Política

Profissionais de imprensa são proibidos de entrar na Alba Política

Servidores estão isolados na Alba; PM está no local",justiça|tribunal|alba|é|julgamento|retoma|em|para|almiro|penal|contra|ação|maio|da|sena
112_12-12-18_19_30.csv,obruto,"PF prende três mulheres com quase 25 kg de cocaína no Aeroporto12/12/2018 Por: RedaçãoA Polícia Federal prendeu três brasileiras, na noite desta terça-feira (11/12), no Aeroporto Internacional Luís Eduardo Magalhães, em Salvador.
Elas tentavam embarcar em voo com destino a Lisboa, em Portugal, levando quase 25 kg de cocaína.
A droga estava acondicionada no forro de três malas e em frascos de cremes, xampus e enxaguantes bucais, e foi localizada pelos policiais federais em inspeção de rotina realizada no momento do embarque.
Na semana passada um casal já havia sido preso em circunstâncias idênticas,tentando embarcar para Portugal pelo Aeroporto de Salvador com 11,5 kg da droga escondida da mesma forma.
As três foram autuadas em flagrante pelo crime de tráfico de entorpecentes, previsto no artigo 33 da Lei 11.343/2006, e permanecerão à disposição da Justiça Federal.",,"PF prende três mulheres com quase 25 kg de cocaína no Aeroporto

12/12/2018 Por: Redação

A Polícia Federal prendeu três brasileiras, na noite desta terça-feira (11/12), no Aeroporto Internacional Luís Eduardo Magalhães, em Salvador. Elas tentavam embarcar em voo com destino a Lisboa, em Portugal, levando quase 25 kg de cocaína.

A droga estava acondicionada no forro de três malas e em frascos de cremes, xampus e enxaguantes bucais, e foi localizada pelos policiais federais em inspeção de rotina realizada no momento do embarque.

Na semana passada um casal já havia sido preso em circunstâncias idênticas,tentando embarcar para Portugal pelo Aeroporto de Salvador com 11,5 kg da droga escondida da mesma forma.

As três foram autuadas em flagrante pelo crime de tráfico de entorpecentes, previsto no artigo 33 da Lei 11.343/2006, e permanecerão à disposição da Justiça Federal.

Notícias Relacionadas Política

Batalhão de Choque está na ALba para garantir votação do pacote de medidas do Governo assédio sexual

Tribunal de Justiça retoma julgamento de ação penal contra Almiro Sena Política

Profissionais de imprensa são proibidos de entrar na Alba Política

Servidores estão isolados na Alba; PM está no local",mulheres|pf|aeroporto|alba|três|salvador|portugal|quase|cocaína|em|pelo|com|25|kg|da|prende
112_12-12-18_19_30.csv,obruto,"Profissionais de imprensa são proibidos de entrar na Alba12/12/2018 Por: RedaçãoProfissionais de imprensa forma proibidos de acessar às dependências da Assembleia Legislativa da Bahia (Alba), nesta quarta-feira (12).
Os deputados devem apreciar projetos do Executivo que visam enxugar a máquina estadual.A votação está prevista para ocorrer no auditório da Casa, uma vez que o plenário segue ocupado por servidores.
Militares do Batalhão de Choque da Polícia Militar da Bahia isolam os principais acessos ao local.
Notícias Relacionadas PolíticaBatalhão de Choque está na ALba para garantir votação do pacote de medidas do Governo assédio sexualTribunal de Justiça retoma julgamento de ação penal contra Almiro Sena SalvadorPF prende três mulheres com quase 25 kg de cocaína no Aeroporto PolíticaServidores estão isolados na Alba; PM está no local",,"Profissionais de imprensa são proibidos de entrar na Alba

12/12/2018 Por: Redação

Profissionais de imprensa forma proibidos de acessar às dependências da Assembleia Legislativa da Bahia (Alba), nesta quarta-feira (12).

Os deputados devem apreciar projetos do Executivo que visam enxugar a máquina estadual.A votação está prevista para ocorrer no auditório da Casa, uma vez que o plenário segue ocupado por servidores.

Militares do Batalhão de Choque da Polícia Militar da Bahia isolam os principais acessos ao local.

Notícias Relacionadas Política

Batalhão de Choque está na ALba para garantir votação do pacote de medidas do Governo assédio sexual

Tribunal de Justiça retoma julgamento de ação penal contra Almiro Sena Salvador

PF prende três mulheres com quase 25 kg de cocaína no Aeroporto Política

Servidores estão isolados na Alba; PM está no local",são|votação|imprensa|alba|choque|profissionais|proibidos|está|que|entrar|por|para|da
112_12-12-18_19_30.csv,obruto,"Servidores estão isolados na Alba; PM está no local12/12/2018 Por: RedaçãoServidores públicos do Estado, ocupam a Assembleia Legislativa da Bahia (Alba), nesta quarta-feira (12), estão isolados na Casa, segundo o presidente da APLB, Rui Oliveira.
A categoria é contra às propostas enviadas pelo governador reeleito Rui Costa (PT), os funcionários públicos estão no local desde a última terça-feira (11) na tentativa de impedir a votação de projetos.
Até as 9h desta manhã, policias da Choque estavam na porta que dá acesso a entrada oficial da Alba.
Notícias Relacionadas PolíticaBatalhão de Choque está na ALba para garantir votação do pacote de medidas do Governo assédio sexualTribunal de Justiça retoma julgamento de ação penal contra Almiro Sena SalvadorPF prende três mulheres com quase 25 kg de cocaína no Aeroporto PolíticaProfissionais de imprensa são proibidos de entrar na Alba",,"Servidores estão isolados na Alba; PM está no local

12/12/2018 Por: Redação

Servidores públicos do Estado, ocupam a Assembleia Legislativa da Bahia (Alba), nesta quarta-feira (12), estão isolados na Casa, segundo o presidente da APLB, Rui Oliveira.

A categoria é contra às propostas enviadas pelo governador reeleito Rui Costa (PT), os funcionários públicos estão no local desde a última terça-feira (11) na tentativa de impedir a votação de projetos.



Até as 9h desta manhã, policias da Choque estavam na porta que dá acesso a entrada oficial da Alba.

Notícias Relacionadas Política

Batalhão de Choque está na ALba para garantir votação do pacote de medidas do Governo assédio sexual

Tribunal de Justiça retoma julgamento de ação penal contra Almiro Sena Salvador

PF prende três mulheres com quase 25 kg de cocaína no Aeroporto Política

Profissionais de imprensa são proibidos de entrar na Alba",isolados|votação|estão|alba|rui|choque|está|públicos|contra|local|da|servidores
112_12-12-18_19_30.csv,obruto,"Avianca garante que não vai cancelar voos de clientes no Brasil12/12/2018 Por: RedaçãoApós protocolar um pedido de recuperação judicial, na segunda (10), onde foi mencionada a possibilidade de deixar 77 mil passageiros sem viajar, a Avianca Brasil divulgou uma nota, ontem (11), na qual afasta o risco de não atender seus clientes.
Segundo o comunicado, divulgado na noite de ontem, a companhia aérea afirma que obteve uma “primeira decisão da Justiça”, na qual teve garantidos alguns de seus pedidos.
Um deles é a liberação de sua frota “para o cumprimento de todos os voos programados, nos aeroportos onde opera”.
A Avianca ainda afirma que as operações não serão afetadas e que “continuará atendendo todos os clientes e voando para todos os destinos”.
O processo de recuperação judicial corre em segredo de Justiça.",,"Avianca garante que não vai cancelar voos de clientes no Brasil

12/12/2018 Por: Redação

Após protocolar um pedido de recuperação judicial, na segunda (10), onde foi mencionada a possibilidade de deixar 77 mil passageiros sem viajar, a Avianca Brasil divulgou uma nota, ontem (11), na qual afasta o risco de não atender seus clientes.

Segundo o comunicado, divulgado na noite de ontem, a companhia aérea afirma que obteve uma “primeira decisão da Justiça”, na qual teve garantidos alguns de seus pedidos. Um deles é a liberação de sua frota “para o cumprimento de todos os voos programados, nos aeroportos onde opera”.

A Avianca ainda afirma que as operações não serão afetadas e que “continuará atendendo todos os clientes e voando para todos os destinos”. O processo de recuperação judicial corre em segredo de Justiça.

Notícias Relacionadas Loterias

Mega-Sena pode pagar prêmio de R$ 36 milhões nesta quarta (12) Política

Deputado Federal Benito Gama é alvo de operação da Polícia Federal Brasil

Enem: quase 3 mil pessoas farão a segunda aplicação nesta terça e quarta Polícia

Bolsonaro e Mourão são diplomados em solenidade no TSE",uma|vai|garante|os|é|um|voos|seus|que|clientes|todos|cancelar|brasil|não|avianca
112_12-12-18_19_30.csv,obruto,"Mega-Sena pode pagar prêmio de R$ 36 milhões nesta quarta (12)12/12/2018 Por: RedaçãoO concurso 2.106 da Mega-Sena pode pagar um prêmio de R$ 36 milhões para quem acertar as seis dezenas.
O sorteio ocorre às 20h (horário de Brasília) desta quarta (12) em Criciúma (SC).
As apostas podem ser feitas até as 19h (de Brasília) do dia do sorteio, em qualquer lotérica do país ou pela internet.
A aposta mínima custa R$ 3,50.
Notícias Relacionadas recuperação judicialAvianca garante que não vai cancelar voos de clientes no Brasil PolíticaDeputado Federal Benito Gama é alvo de operação da Polícia Federal BrasilEnem: quase 3 mil pessoas farão a segunda aplicação nesta terça e quarta PolíciaBolsonaro e Mourão são diplomados em solenidade no TSE",,"Mega-Sena pode pagar prêmio de R$ 36 milhões nesta quarta (12)

12/12/2018 Por: Redação

O concurso 2.106 da Mega-Sena pode pagar um prêmio de R$ 36 milhões para quem acertar as seis dezenas. O sorteio ocorre às 20h (horário de Brasília) desta quarta (12) em Criciúma (SC).

As apostas podem ser feitas até as 19h (de Brasília) do dia do sorteio, em qualquer lotérica do país ou pela internet. A aposta mínima custa R$ 3,50.

Notícias Relacionadas recuperação judicial

Avianca garante que não vai cancelar voos de clientes no Brasil Política

Deputado Federal Benito Gama é alvo de operação da Polícia Federal Brasil

Enem: quase 3 mil pessoas farão a segunda aplicação nesta terça e quarta Polícia

Bolsonaro e Mourão são diplomados em solenidade no TSE",sorteio|nesta|36|r|quarta|em|pagar|pode|prêmio|megasena|12|milhões
112_12-12-18_19_30.csv,obruto,"Contra PEC do teto de Rui Costa, delegados entregam cargos11/12/2018 Por: RedaçãoA cúpula da Polícia Civil da Bahia decidiu entregar os cargos hoje (11), em protesto contra a reforma administrativa proposta pelo governador Rui Costa (PT).
O problema é a Proposta de Emenda à Constituição que impõe o salário do governador como teto para os servidores públicos.
A decisão de entregar os cargos foi tomada durante uma assembléia com a participação de 400 delegados.
Também ficou decidido que outros profissionais não devem aceitar, se convidados, substituir os que deixaram os postos.
Notícias Relacionadas PolíticaBatalhão de Choque está na ALba para garantir votação do pacote de medidas do Governo assédio sexualTribunal de Justiça retoma julgamento de ação penal contra Almiro Sena SalvadorPF prende três mulheres com quase 25 kg de cocaína no Aeroporto PolíticaProfissionais de imprensa são proibidos de entrar na Alba",,"Contra PEC do teto de Rui Costa, delegados entregam cargos

11/12/2018 Por: Redação

A cúpula da Polícia Civil da Bahia decidiu entregar os cargos hoje (11), em protesto contra a reforma administrativa proposta pelo governador Rui Costa (PT).

O problema é a Proposta de Emenda à Constituição que impõe o salário do governador como teto para os servidores públicos. A decisão de entregar os cargos foi tomada durante uma assembléia com a participação de 400 delegados.

Também ficou decidido que outros profissionais não devem aceitar, se convidados, substituir os que deixaram os postos.

Notícias Relacionadas Política

Batalhão de Choque está na ALba para garantir votação do pacote de medidas do Governo assédio sexual

Tribunal de Justiça retoma julgamento de ação penal contra Almiro Sena Salvador

PF prende três mulheres com quase 25 kg de cocaína no Aeroporto Política

Profissionais de imprensa são proibidos de entrar na Alba",entregar|entregam|rui|costa|pec|delegados|os|que|cargos|teto|para|governador|contra|da|proposta
112_12-12-18_19_30.csv,obruto,"Posto de saúde da Santa Cruz suspende atividades11/12/2018 Por: RedaçãoO Centro de Saúde do bairro de Santa Cruz, em Salvador, suspendeu suas atividades.
De acordo com a Secom, após o sequestro, o posto passa por organização e não há previsão para voltar ao funcionamento normal.
Os atendimentos dos pacientes que eram assistidos no local serão transferidos para a Unidade de Saúde da Família (USF) Clementino Fraga, nos Barris, a partir da próxima segunda-feira (17/12).
As vítimas que eram servidoras da unidade foram realocadas para outros postos da região ou foram afastados temporariamente por licença.
De acordo com o comunicado, a Prefeitura considera a fundação de uma nova unidade de saúde no bairro, em uma região que ofereça “menos riscos para os profissionais e pacientes”.",,"Posto de saúde da Santa Cruz suspende atividades

11/12/2018 Por: Redação

O Centro de Saúde do bairro de Santa Cruz, em Salvador, suspendeu suas atividades. O comunicado foi divulgado pela Secretaria Municipal de Comunicação Social da Prefeitura (Secom) na tarde desta terça-feira (11), um dia após uma ação de criminosos que deixou 16 pessoas reféns por cerca de quatro horas na segunda-feira (10).

De acordo com a Secom, após o sequestro, o posto passa por organização e não há previsão para voltar ao funcionamento normal. Os atendimentos dos pacientes que eram assistidos no local serão transferidos para a Unidade de Saúde da Família (USF) Clementino Fraga, nos Barris, a partir da próxima segunda-feira (17/12).

As vítimas que eram servidoras da unidade foram realocadas para outros postos da região ou foram afastados temporariamente por licença. De acordo com o comunicado, a Prefeitura considera a fundação de uma nova unidade de saúde no bairro, em uma região que ofereça “menos riscos para os profissionais e pacientes”.

Notícias Relacionadas Política

Batalhão de Choque está na ALba para garantir votação do pacote de medidas do Governo assédio sexual

Tribunal de Justiça retoma julgamento de ação penal contra Almiro Sena Salvador

PF prende três mulheres com quase 25 kg de cocaína no Aeroporto recuperação judicial

Avianca garante que não vai cancelar voos de clientes no Brasil",uma|unidade|saúde|suspende|posto|cruz|segundafeira|secom|atividades|que|por|para|com|santa|da
112_12-12-18_19_30.csv,obruto,"Servidores invadem AlBA para manifestar contra reforma administrativa de Rui Costa11/12/2018 Por: RedaçãoServidores públicos invadiram a Assembleia Legislativa da Bahia (Al-BA), na tarde desta terça-feira (11), durante sessão realizada no plenário, onde protestavam contra o projeto de lei proposto pelo Executivo.
A reforma administrativa, mais conhecido como o “Pacotão de Rui” propõe medidas econômicas que estavam em votação na Casa no momento da invasão.
Aos gritos de “Tira da Pauta” e “Servidores unidos, jamais serão vencidos”, os funcionários chegaram até o plenário.
Entre as propostas do Executivo, estão a privatização de órgãos, extinção de cargos comissionados, alteração e criação de taxas no setor de transporte e aumento da contribuição previdenciária, de 12% para 14%.
Notícias Relacionadas PolíticaBatalhão de Choque está na ALba para garantir votação do pacote de medidas do Governo assédio sexualTribunal de Justiça retoma julgamento de ação penal contra Almiro Sena SalvadorPF prende três mulheres com quase 25 kg de cocaína no Aeroporto PolíticaProfissionais de imprensa são proibidos de entrar na Alba",,"Servidores invadem AlBA para manifestar contra reforma administrativa de Rui Costa

11/12/2018 Por: Redação

Servidores públicos invadiram a Assembleia Legislativa da Bahia (Al-BA), na tarde desta terça-feira (11), durante sessão realizada no plenário, onde protestavam contra o projeto de lei proposto pelo Executivo.

A reforma administrativa, mais conhecido como o “Pacotão de Rui” propõe medidas econômicas que estavam em votação na Casa no momento da invasão.

Aos gritos de “Tira da Pauta” e “Servidores unidos, jamais serão vencidos”, os funcionários chegaram até o plenário.

Entre as propostas do Executivo, estão a privatização de órgãos, extinção de cargos comissionados, alteração e criação de taxas no setor de transporte e aumento da contribuição previdenciária, de 12% para 14%.

Notícias Relacionadas Política

Batalhão de Choque está na ALba para garantir votação do pacote de medidas do Governo assédio sexual

Tribunal de Justiça retoma julgamento de ação penal contra Almiro Sena Salvador

PF prende três mulheres com quase 25 kg de cocaína no Aeroporto Política

Profissionais de imprensa são proibidos de entrar na Alba",administrativa|votação|rui|alba|reforma|costa|para|contra|manifestar|da|invadem|medidas|servidores
112_12-12-18_19_30.csv,obruto,"Câncer de mama já matou 217 mulheres em Salvador entre janeiro e setembro deste ano.
Dados da Secretaria Municipal da Saúde (SMS) apontam que, apesar do número elevado da doença, o número de mulheres que fazem mamografia ainda é muito pequeno.
Das 65 mil vagas disponibilizadas gratuitamente esse ano, na rede municipal, para a realização de mamografias, apenas 25 mil foram preenchidas.
No Outubro Rosa, para combater um dos tipos de câncer que mais matam mulheres em idade fértil em Salvador, a Secretaria Municipal da Saúde (SMS) vai intensificar as ações de diagnóstico precoce e prevenção da doença.
No local, serão feitos os encaminhamentos necessários para atender à necessidade de saúde apresentada.",,"Câncer de mama já matou 217 mulheres em Salvador entre janeiro e setembro deste ano. Dados da Secretaria Municipal da Saúde (SMS) apontam que, apesar do número elevado da doença, o número de mulheres que fazem mamografia ainda é muito pequeno. Das 65 mil vagas disponibilizadas gratuitamente esse ano, na rede municipal, para a realização de mamografias, apenas 25 mil foram preenchidas.

No Outubro Rosa, para combater um dos tipos de câncer que mais matam mulheres em idade fértil em Salvador, a Secretaria Municipal da Saúde (SMS) vai intensificar as ações de diagnóstico precoce e prevenção da doença.

Para ter acesso a mamografia gratuita basta que as interessadas procure um dos 126 postos da rede municipal munidas do documento de identificação com foto e o cartão SUS para avaliação médica e de enfermagem. No local, serão feitos os encaminhamentos necessários para atender à necessidade de saúde apresentada.",mulheres|vai|saúde|secretaria|salvador|um|diagnóstico|já|municipal|intensificar|em|matou|este|que|para|sms|mama|da
112_12-12-18_19_30.csv,obruto,"Aeroporto de Salvador vai passar por obra de expansão e modernização09/07/2018 Por: RedaçãoO Aeroporto de Salvador passará por obras de ampliação e modernização a partir do mês que vem.
A previsão é de que a primeira fase, com investimento de R$ 516 milhões, seja concluída em outubro de 2019.
A atual concessionária do equipamento, Vinci Airposts fizeram um acordo com o financiamento do valor, que tem prazo de 20 anos.
Esse será o primeiro financiamento integral sem garantia específica (do tipo non-recourse) do setor aeroportuário do Brasil.
Para Nicolas Notebaert, presidente da VINCI Airports, essa operação de financiamento resultará na transformação do Aeroporto de Salvador Bahia em uma porta de entrada de alto nível para a região Nordeste, transformando a experiência dos passageiros e oferecendo melhores serviços às companhias aéreas.",,"Aeroporto de Salvador vai passar por obra de expansão e modernização

09/07/2018 Por: Redação

O Aeroporto de Salvador passará por obras de ampliação e modernização a partir do mês que vem. A previsão é de que a primeira fase, com investimento de R$ 516 milhões, seja concluída em outubro de 2019.

A atual concessionária do equipamento, Vinci Airposts fizeram um acordo com o financiamento do valor, que tem prazo de 20 anos. Esse será o primeiro financiamento integral sem garantia específica (do tipo non-recourse) do setor aeroportuário do Brasil.

Para Nicolas Notebaert, presidente da VINCI Airports, essa operação de financiamento resultará na transformação do Aeroporto de Salvador Bahia em uma porta de entrada de alto nível para a região Nordeste, transformando a experiência dos passageiros e oferecendo melhores serviços às companhias aéreas.

Notícias Relacionadas Política

Batalhão de Choque está na ALba para garantir votação do pacote de medidas do Governo assédio sexual

Tribunal de Justiça retoma julgamento de ação penal contra Almiro Sena Salvador

PF prende três mulheres com quase 25 kg de cocaína no Aeroporto Política

Profissionais de imprensa são proibidos de entrar na Alba",vai|aeroporto|alba|salvador|modernização|por|que|financiamento|para|em|com|obra|expansão|vinci|passar
112_12-12-18_19_30.csv,obruto,"Ou seja, não será mais permitida travessia pedestres nessa área.
O estacionamento que existe em frente às lojas de automóveis, antes do Cepred, será retirado para a ampliação da calçada.
Já o ponto de ônibus da região do Cidadela, que tem baixo movimento e fica em trecho onde haverá obras, será suprimido.
Em função da área tapumada ocupar parte da via ACM, a pista principal será alargada, preenchendo também o canteiro central.
O primeiro trecho, que está em fase inicial de obras, a cargo do Consórcio BRT, liga as regiões do Parque da Cidade e do Iguatemi.",,"Obras do BRT mudam pontos e tráfego em Salvador

23/07/2018 Por: Redação

Em função das obras de implantação do trecho um do projeto do BRT, a Prefeitura informa que serão necessárias alterações em pontos de ônibus e no fluxo de pedestres entre as proximidades da Igreja Universal do Reino de Deus (IURD) e da Comercial Ramos, nas vias principal e marginal da Avenida ACM, no sentido Cidade Jardim. Essas alterações começam a valer a partir de 1º de agosto, e terão um impacto mais significativo na rotina de quem circula a pé. As mudanças, no entanto, são fundamentais para garantir a segurança da população durante o período de obras, que envolvem a construção de elevados, viadutos, ciclovia e corredores exclusivos de tráfego.

O projeto do BRT vai promover avanços na mobilidade tanto para quem anda de transporte público quanto de carro, de bicicleta ou mesmo a pé, solucionando problemas de engarrafamento e oferecendo mais qualidade de vida, na medida em que as pessoas irão perder menos tempo no trânsito nessa que é a área mais movimentada da cidade. Ou seja, os benefícios no futuro próximo serão consideravelmente maiores do que os eventuais transtornos do presente. Algumas melhorias, por sinal, já serão notadas mesmo durante o período de obras.

No trecho entre a IURB e o Centro de Atenção à Saúde Professor Doutor José Maria de Magalhães Neto (Cepred), por exemplo, a calçada à esquerda da via marginal será revitalizada e alargada, corrigindo problemas de ondulações e facilitando o trânsito de pessoas com mobilidade reduzida, sobretudo cadeirantes.

Já o canteiro por onde passa o canal Camarugipe, depois do Cepred e até a Comercial Ramos, será isolado com tapumes por questões de segurança, tanto na via marginal como na ACM. Ou seja, não será mais permitida travessia pedestres nessa área. A travessia da pista marginal para as vias principais, e vice-versa, só poderá ser feita pelas extremidades, por fora da área tapumada.

O estacionamento que existe em frente às lojas de automóveis, antes do Cepred, será retirado para a ampliação da calçada. Além disso, lombofaixas serão implantadas para permitir o acesso seguro à unidade de saúde. Não haverá alterações no fluxo para automóveis nesse trecho e nem a retirada do estacionamento de Zona Azul que fica ao longo da pista marginal depois do Cepred.

Pontos de ônibus – Em função do isolamento por tapume de toda essa área em obras, o ponto de ônibus localizado na Avenida ACM em frente à Igreja Mundial do Poder de Deus será deslocado para perto da faixa de pedestre e da sinaleira que ficam 350 metros mais adiante, no sentido Comercial Ramos. Quem atualmente pega o ônibus neste local terá como opção o novo ponto mais à frente ou aquele situado nas imediações da IURD, que não sofrerá modificação.

Já o ponto de ônibus da região do Cidadela, que tem baixo movimento e fica em trecho onde haverá obras, será suprimido. Quem pega o transporte público nesse local terá como opção o ponto que fica mais adiante, logo depois da sinaleira que permite a travessia segura para o McDonald’s. Uma segunda opção é a outra parada de ônibus próxima à Comercial Ramos, que também não sofrerá modificação. Vale frisar que não haverá mudanças no itinerário de linhas do transporte público.

Fluxo para automóveis – Nessa etapa de alterações, que deve durar um ano, não haverá mudanças significativas no fluxo viário para quem utiliza o automóvel. Em função da área tapumada ocupar parte da via ACM, a pista principal será alargada, preenchendo também o canteiro central. As obras de preparação para o início das alterações têm início esta semana, mas as mudanças temporárias só serão implementadas a partir de 1º de agosto.

As pistas de entrada e saída de veículos da via marginal, na área do Cidadela (após o retorno da Polêmica), serão fechadas. Outra informação importante é que a velocidade máxima tanto na marginal quanto na principal, em ambos os sentidos da ACM, será de 40km/h enquanto durarem as intervenções (hoje os limites são de 60km/h e 70km/h, respectivamente). Essa modificação temporária é necessária por questões de segurança, já que haverá tráfego de veículos pesados e obras próximas às faixas de rolagem.

Todas essas mudanças serão sinalizadas pela Prefeitura, que intensificará a presença de agentes de trânsito no local para orientar os motoristas no início das alterações. A sinalização será tanto vertical quanto horizontal, para motoristas, pedestres e usuários de transporte público. Essa comunicação visual será reforçada com monitores digitais da Transalvador e distribuição de panfletos, além de campanha publicitária.

Novo modal – O projeto do BRT envolve melhorias na mobilidade, infraestrutura e no transporte públicas das avenidas Vasco da Gama, Juracy Magalhães Júnior e ACM, na área mais movimentada da cidade, com alta empregabilidade e densidade populacional. O primeiro trecho, que está em fase inicial de obras, a cargo do Consórcio BRT, liga as regiões do Parque da Cidade e do Iguatemi.

Serão construídos dois viadutos direcionais nos acessos ao Parque da Cidade e ao Cidade Jardim; dois elevados paralelos na região do Cidadela; dois viadutos na área do Hiperposto; e mais um elevado no Iguatemi que permitirá a integração do BRT com a estação de metrô. Essas estruturas visam melhorar a mobilidade na região, eliminando cruzamentos, semáforos e engarrafamentos.

Além disso, graças aos viadutos e elevados, será possível a criação de duas faixas expressas em cada sentido da Avenida ACM, aproveitando as pistas de rolagem existentes hoje, por onde automóveis poderão transitar sem passar por sinaleiras, de forma livre. Duas faixas feitas em concreto irão assegurar a circulação dos ônibus especiais e com ar-condicionado do BRT, também sem pegar trânsito ou sinaleira.

As pistas lindeiras (duas de cada lado da ACM, nas marginais) irão permitir o acesso às residências, estabelecimentos comerciais e bairros no entorno, bem como a travessia de pedestres em faixas com sinaleiras e o acesso às estações do BRT, que ficarão sob os elevados. Haverá ainda uma ciclovia segregada em toda a extensão do novo modal de transporte.

Uma passarela nova será construída em frente à região do Iguatemi, sobre a Praça Newton Rique. E a passarela do Hospital Teresa de Lisieux será substituída por uma nova, dentro dos padrões universais de acessibilidade. Vale lembrar ainda que as obras do BRT irão acabar não só com os engarrafamentos nessa região por onde circulam 340 mil pessoas diariamente apenas de transporte público, mas também com os alagamentos que frequentemente atingiam vias como a ACM em períodos chuvosos.

Notícias Relacionadas Política

Batalhão de Choque está na ALba para garantir votação do pacote de medidas do Governo assédio sexual

Tribunal de Justiça retoma julgamento de ação penal contra Almiro Sena Salvador

PF prende três mulheres com quase 25 kg de cocaína no Aeroporto Política

Profissionais de imprensa são proibidos de entrar na Alba",mais|salvador|em|que|por|tráfego|obras|para|será|com|da|brt|pontos|mudam
112_12-12-18_19_30.csv,obruto,"ACM Neto divulga grade completa de atrações do Festival Virada Salvador11/12/2018 Por: RedaçãoO prefeito de Salvador, ACM Neto (DEM), vai divulgar a grande completa do Festival da Virada, que vai ocorrer os dias 28 de dezembro e 1º de janeiro, na Arena Daniela Mercury, na Orla da Boca do Rio, nesta terça-feira (11) em coletiva, mas o site Alô Alô Bahia antecipou as atrações.
Confira:Dia 28 – Milton Nascimento, Claudia Leitte, Bell Marques, Xand Avião e Harmonia do Samba.
Dia 29 – Devinho Novaes, Zezé di Camargo & Luciano, Luan Santana, Durval Lelys, Léo Santana e Mano Walter.
Dia 31- Lincoln & Duas Medidas, Wesley Safadão, Alok, Ivete Sangalo, Psirico e MC Kevinho.
Dia 1- Danniel Vieira, Mariene de Castro, Daniela Mercury, Netinho e Rafa e Pipo Marques.",,"ACM Neto divulga grade completa de atrações do Festival Virada Salvador

11/12/2018 Por: Redação

O prefeito de Salvador, ACM Neto (DEM), vai divulgar a grande completa do Festival da Virada, que vai ocorrer os dias 28 de dezembro e 1º de janeiro, na Arena Daniela Mercury, na Orla da Boca do Rio, nesta terça-feira (11) em coletiva, mas o site Alô Alô Bahia antecipou as atrações.

Confira:

Dia 28 – Milton Nascimento, Claudia Leitte, Bell Marques, Xand Avião e Harmonia do Samba.

Dia 29 – Devinho Novaes, Zezé di Camargo & Luciano, Luan Santana, Durval Lelys, Léo Santana e Mano Walter.

Dia 30 – Igor Kannário, La Furia, Anitta, Jorge & Mateus, Matheus & Kauan e Ferrugem.

Dia 31- Lincoln & Duas Medidas, Wesley Safadão, Alok, Ivete Sangalo, Psirico e MC Kevinho.

Dia 1- Danniel Vieira, Mariene de Castro, Daniela Mercury, Netinho e Rafa e Pipo Marques.

Notícias Relacionadas Política

Batalhão de Choque está na ALba para garantir votação do pacote de medidas do Governo assédio sexual

Tribunal de Justiça retoma julgamento de ação penal contra Almiro Sena Salvador

PF prende três mulheres com quase 25 kg de cocaína no Aeroporto Política

Profissionais de imprensa são proibidos de entrar na Alba",mercury|vai|divulga|salvador|santana|grade|virada|completa|acm|neto|daniela|festival|da|atrações|medidas
112_12-12-18_19_30.csv,obruto,"ACM Neto anuncia grade completa e serviços para o Réveillon10/12/2018 Por: RedaçãoA Prefeitura apresenta nesta terça-feira (11), às 9h30, no Teatro Gregório de Mattos, na Praça Castro Alves, a grade completa do Festival Virada Salvador 2019, com o anúncio de novas atrações.
Na ocasião, a Prefeitura vai divulgar informações sobre a estrutura montada para o evento, que contará mais uma vez com roda-gigante e tirolesa, entre outras atrações, e dados sobre movimentação econômica na cidade.
O Festival Virada Salvador 2019 começa no dia 28 de novembro e segue até o primeiro dia de janeiro.
Desabafo: Após assédio Claudia Leitte fala sobre situação com Silvio Santos: ‘Isso é cruel, nos fere e dá medo’ Assista!
Ivete Sangalo publica vídeo em ensaio com gêmea no colo",,"ACM Neto anuncia grade completa e serviços para o Réveillon

10/12/2018 Por: Redação

A Prefeitura apresenta nesta terça-feira (11), às 9h30, no Teatro Gregório de Mattos, na Praça Castro Alves, a grade completa do Festival Virada Salvador 2019, com o anúncio de novas atrações. A coletiva será comandada pelo prefeito ACM Neto e também vai detalhar os serviços de cada secretaria e órgão municipal envolvidos com a organização da festa, a exemplo das operações de trânsito e transporte, saúde, ordenamento, segurança, iluminação, proteção às crianças, adolescentes e mulheres vítimas de assédio, além de limpeza, comunicação e manutenção.

Na ocasião, a Prefeitura vai divulgar informações sobre a estrutura montada para o evento, que contará mais uma vez com roda-gigante e tirolesa, entre outras atrações, e dados sobre movimentação econômica na cidade. O Festival Virada Salvador 2019 começa no dia 28 de novembro e segue até o primeiro dia de janeiro.

Notícias Relacionadas Entretenimento

Veja o Vídeo: Repórter cai ao vivo no estúdio do Brasil Urgente Entretenimento

Bomba! Marca Araketu vai a Leilão por decisão da Justiça Assédio?

Desabafo: Após assédio Claudia Leitte fala sobre situação com Silvio Santos: ‘Isso é cruel, nos fere e dá medo’ Assista!

Ivete Sangalo publica vídeo em ensaio com gêmea no colo",vai|às|anuncia|vídeo|réveillon|serviços|grade|virada|salvador|prefeitura|completa|para|acm|neto|por|com|sobre
112_12-12-18_19_30.csv,obruto,"Veja o Vídeo: Repórter cai ao vivo no estúdio do Brasil Urgente08/12/2018 Por: RedaçãoA cena inusitada aconteceu na última sexta-feira(7) no programa Brasil Urgente da Band Bahia.
Após o apresentador Uziel Bueno fazer uma brincadeira no estúdio, simplesmente a cadeira onde a repórter Gil Lima estava desabou.
A cadeira plástica ficou em pedaços.
O cenário retratava um bar, parte do novo quadro, o Boteco do Bruto.
No estúdio também estavam outros repórteres e o cantor Nenho da música “Desça daí seu corno”.",,"Veja o Vídeo: Repórter cai ao vivo no estúdio do Brasil Urgente

08/12/2018 Por: Redação

A cena inusitada aconteceu na última sexta-feira(7) no programa Brasil Urgente da Band Bahia. Após o apresentador Uziel Bueno fazer uma brincadeira no estúdio, simplesmente a cadeira onde a repórter Gil Lima estava desabou. A cadeira plástica ficou em pedaços. O cenário retratava um bar, parte do novo quadro, o Boteco do Bruto. No estúdio também estavam outros repórteres e o cantor Nenho da música “Desça daí seu corno”. Veja o vídeo:

Notícias Relacionadas Política

Batalhão de Choque está na ALba para garantir votação do pacote de medidas do Governo assédio sexual

Tribunal de Justiça retoma julgamento de ação penal contra Almiro Sena Salvador

PF prende três mulheres com quase 25 kg de cocaína no Aeroporto Política

Profissionais de imprensa são proibidos de entrar na Alba",urgente|repórter|cadeira|alba|vídeonotícias|vídeo|ao|última|cai|vivo|da|brasil|estúdio|veja
112_12-12-18_19_30.csv,obruto,"Marca Araketu vai a Leilão por decisão da Justiça16/11/2018A marca Ara ketu está sendo penhorada pela Justiça.
O valor inicial oferecido pela RJ Leilões é de R$350mil mas o valor total seria de R$700mil, valor avaliado da marca.
Isso é fruto de uma acão trabalhista movido por Arislene Cerqueira do Nascimento.
O processo está na justiça do trabalho (TRT 5°região)desde 2007.
A data do leilão é dia 5 de dezembro deste ano ainda.",,"Bomba! Marca Araketu vai a Leilão por decisão da Justiça

16/11/2018

A marca Ara ketu está sendo penhorada pela Justiça. O valor inicial oferecido pela RJ Leilões é de R$350mil mas o valor total seria de R$700mil, valor avaliado da marca. Isso é fruto de uma acão trabalhista movido por Arislene Cerqueira do Nascimento. O processo está na justiça do trabalho (TRT 5°região)desde 2007. Os donos do Araketu não se manifestaram sobre o assunto. A data do leilão é dia 5 de dezembro deste ano ainda.

Notícias Relacionadas Política

Batalhão de Choque está na ALba para garantir votação do pacote de medidas do Governo assédio sexual

Tribunal de Justiça retoma julgamento de ação penal contra Almiro Sena Salvador

PF prende três mulheres com quase 25 kg de cocaína no Aeroporto Política

Profissionais de imprensa são proibidos de entrar na Alba",justiça|pela|vai|decisão|valor|é|está|por|araketu|bomba|leilão|da|marca
112_12-12-18_19_30.csv,obruto,"Desabafo: Após assédio Claudia Leitte fala sobre situação com Silvio Santos: ‘Isso é cruel, nos fere e dá medo’12/11/2018 Por: RedaçãoA cantora Claudia Leitte utilizou suas redes sociais, na manhã desta segunda-feira (12), onde fez um longo texto explicando como se sentiu após ser assediada pelo apresentador Silvio Santos durante participação no Teleton, no último sábado (10).
Quando passamos por episódios desse tipo, vemos em exemplificação, o que acontece com muitas mulheres todos os dias, em muitos lugares.
Isso é desenfreado, cruel, nos fere e nos dá medo.
A artista prosseguiu seu texto da seguinte forma: “Mas, nós que somos vítimas!
‘Ah, mas se estivéssemos usando outra roupa?’ Definitivamente a culpa não é do que estamos usando!",,"Desabafo: Após assédio Claudia Leitte fala sobre situação com Silvio Santos: ‘Isso é cruel, nos fere e dá medo’

12/11/2018 Por: Redação

A cantora Claudia Leitte utilizou suas redes sociais, na manhã desta segunda-feira (12), onde fez um longo texto explicando como se sentiu após ser assediada pelo apresentador Silvio Santos durante participação no Teleton, no último sábado (10). “Senti-me constrangida sim! Quando passamos por episódios desse tipo, vemos em exemplificação, o que acontece com muitas mulheres todos os dias, em muitos lugares. Isso é desenfreado, cruel, nos fere e nos dá medo. A provocação vem disfarçada de piada, e as pessoas riem, porque acostumaram-se, parece-nos normal!”, afirmou.

A artista prosseguiu seu texto da seguinte forma: “Mas, nós que somos vítimas! ‘Ah, mas se estivéssemos usando outra roupa?’ Definitivamente a culpa não é do que estamos usando! A culpa é dessa atitude constrangedora e de dois pesos e duas medidas. Somos livres! Eu, como cantora, ciente do meu papel e da responsabilidade que carrego, sentia que precisava dizer isso a vocês, meus fãs, e a todas as pessoas, em especial às mulheres, que longe do olhar público sofrem todos os dias”, salientou.

Confira o post de desabafo na íntegra:

Notícias Relacionadas recuperação judicial

Avianca garante que não vai cancelar voos de clientes no Brasil Loterias

Mega-Sena pode pagar prêmio de R$ 36 milhões nesta quarta (12) Política

Deputado Federal Benito Gama é alvo de operação da Polícia Federal Brasil

Enem: quase 3 mil pessoas farão a segunda aplicação nesta terça e quarta",leitte|texto|fere|pessoas|é|santos|nos|usando|em|medo|que|todos|da|sobre|silvio|isso|situação
112_12-12-18_19_30.csv,obruto,"Por Leo Prates: Carta aberta a primeira-dama do Brasil Michelle Bolsonaro03/12/2018 Por: RedaçãoCara Michelle,As pessoas que acompanham a minha trajetória política, sabem que a minha principal bandeira desde o ingresso na Câmara Municipal de Salvador, em 2013, é a garantia dos direitos da pessoa com deficiência.
Nós, que trabalhamos em contato com a causa da pessoa com deficiência, sabemos o papel do poder público na vida desse grupo.
Na reforma, os critérios estabelecem a idade mínima de 55 anos, e eleva para 20 anos de contribuição mínima, reduzindo o valor do benefício para 71% do total.
O texto original da PEC reduz o benefício, incumbindo à lei, dispor sobre o “grau da deficiência” para acesso.
Por isso, Michelle, faço da minha, a voz de entidades e membros da sociedade civil, que defendem essa bandeira, pedindo o seu apoio na garantia dos direitos da pessoa com deficiência ante à Reforma da Previdência.",,"Por Leo Prates: Carta aberta a primeira-dama do Brasil Michelle Bolsonaro

03/12/2018 Por: Redação

Cara Michelle,

As pessoas que acompanham a minha trajetória política, sabem que a minha principal bandeira desde o ingresso na Câmara Municipal de Salvador, em 2013, é a garantia dos direitos da pessoa com deficiência. Por isso, fiquei muito feliz ao conhecer a sua experiência com o aprendizado da Língua Brasileira de Sinais (Libras) e sua sensibilização em favor das políticas de inclusão, afinal é reconfortante saber que uma pauta tão importante, integra a agenda da primeira-dama do Brasil.

Nós, que trabalhamos em contato com a causa da pessoa com deficiência, sabemos o papel do poder público na vida desse grupo. E mesmo que a nossa função enquanto representantes do Estado seja tornar o país, um lugar mais justo para todos, lembro, que ser justo nem sempre quer dizer enquadrar todos sob as mesmas regras, já que o indivíduo com deficiência física ou intelectual, enfrenta desafios imensamente maiores.

Por conta deste entendimento, hoje lhe escrevo esta carta. Apesar de defender que a população seja amparada pelo Estado de forma igualitária, me sinto apreensivo em relação à situação da pessoa com deficiência, junto à Reforma da Previdência (PEC 287/2016), cuja aprovação deverá ser uma ação de prioritária no governo do presidente eleito Jair Bolsonaro.

Minha apreensão não é leviana, pois os aspectos listados no texto original apresentado pelo presidente Michel Temer propunham a anulação da Lei Complementar 142/2013, que instituiu aposentadoria especial para pessoa com deficiência. Um grande passo foi dado, porém, pelo relator da proposta, o deputado Arthur Maia, ao frear prejuízos à legislação atual, removendo pontos como a exigência da idade mínima e preservando o critério do grau de deficiência para concessão do benefício, até que uma lei complementar entre em vigor.

Os esforços empenhados pelo deputado Arthur Maia contudo, terão sido em vão, caso o Congresso decida restaurar as sugestões apresentadas no texto original, pondo em risco as conquista desta luta histórica, que beneficiaram mais de seis mil pessoas, nos últimos cinco anos. Cito a seguir, alguns deles.

No texto do Governo, foi sugerido que o acesso ao benefício será condicionado ao cumprimento da idade e contribuição mínima, independente do grau de deficiência. Defendo que a recomendação do relator seja preservada e as classificações, que determinam períodos distintos de contribuição, para os casos de deficiência grave, moderada ou leve, sejam mantidas, pois o grau de deficiência, na prática, é um dificultador no acesso ao mercado de trabalho.

Outro retrocesso presente no texto original da PEC, é o trecho que obriga a pessoa com deficiência a cumprir idade mínima de 55 anos para requerer a aposentadoria. Na proposta da relatoria, as normas atuais serão preservadas, permitindo que trabalhador com deficiência tenha a opção de se aposentar com um tempo mínimo de contribuição.

Também me assusta, a sugestão do presidente Temer que busca reduzir o valor do benefício por idade, já que a atual legislação garante que a pessoa com deficiência que solicita aposentadoria deve cumprir a idade mínima (60, homem e 55, mulher) e contribuição mínima (15 anos), garantindo 85% do benefício. Na reforma, os critérios estabelecem a idade mínima de 55 anos, e eleva para 20 anos de contribuição mínima, reduzindo o valor do benefício para 71% do total.

Ainda entre os pontos removidos pelo relator, está a alteração prejudicial do LOAS (Lei Orgânica da Assistência Social – 8.742/93), que prevê concessão do benefício de prestação continuada (BPC) à pessoa com deficiência que comprove não ter meios de prover a própria manutenção ou de tê-la provida por sua família, no valor de um salário mínimo. O texto original da PEC reduz o benefício, incumbindo à lei, dispor sobre o “grau da deficiência” para acesso. Isso poderá reduzir a assistência para valores inferiores ao salário mínimo. Claramente outra grande perda.

Ao reconhecer as dificuldades desse grupo que já nasce lutando contra as adversidades de uma sociedade ainda tão pouco inclusiva, precisamos reafirmar a importância dessas conquistas que podem ser extintas caso os pontos citados do texto original da PEC 287/2016 sejam restaurados, aprovados e sancionados pelo presidente. Por isso, Michelle, faço da minha, a voz de entidades e membros da sociedade civil, que defendem essa bandeira, pedindo o seu apoio na garantia dos direitos da pessoa com deficiência ante à Reforma da Previdência. Diariamente temos a oportunidade de transformar o mundo em um lugar melhor e mais justo para quem mais precisa, e te convido a juntar-se a nós nesta nobre missão.

*Leo Prates*

_Presidente da Câmara Municipal de Salvador, Deputado Estadual Eleito e Sócio honorário do Instituto de Organização Neurológico da Bahia (ION)._

Notícias Relacionadas Política

Batalhão de Choque está na ALba para garantir votação do pacote de medidas do Governo assédio sexual

Tribunal de Justiça retoma julgamento de ação penal contra Almiro Sena Salvador

PF prende três mulheres com quase 25 kg de cocaína no Aeroporto Política

Profissionais de imprensa são proibidos de entrar na Alba",aberta|mínima|que|bolsonaro|da|michelle|deficiência|em|prates|brasil|por|para|primeiradama|com|pessoa|leo|à|carta|benefício
