Timestamp,Source,Summary,Authors,Text,Keywords
116_12-12-18_19_32.csv,reporterhoje,"A Prefeitura, por meio da Secretaria Municipal de Gestão (Semge), oferece 60 vagas de estágio para alunos do ensino médio, sendo 40 (quarenta) para o turno matutino e 20 (vinte) para o turno vespertino.
Para participar da seleção, o estudante deve estar matriculado no 1º ou 2º ano do ensino médio, residir em Salvador, ter 16 anos completos na data de inscrição e ter cadastro no IEL.
A instituição de ensino deve ser reconhecida pelo Ministério da Educação (MEC) e estar conveniada com o Instituto Euvaldo Lodi.
A carga horária de atividades é de 20h semanais e o valor da bolsa-auxílio é de R$ 494,94, mais auxílio-transporte.
Os inscritos serão convocados para realização da prova objetiva através de publicação no Diário Oficial do Município e no site www.gestaopublica.salvador.ba.gov.br.",,"A Prefeitura, por meio da Secretaria Municipal de Gestão (Semge), oferece 60 vagas de estágio para alunos do ensino médio, sendo 40 (quarenta) para o turno matutino e 20 (vinte) para o turno vespertino. Os interessados devem se inscrever no período de 29 de novembro até o dia 5 de dezembro, exclusivamente no site do Instituto Euvaldo Lodi (IEL).

Para participar da seleção, o estudante deve estar matriculado no 1º ou 2º ano do ensino médio, residir em Salvador, ter 16 anos completos na data de inscrição e ter cadastro no IEL. A instituição de ensino deve ser reconhecida pelo Ministério da Educação (MEC) e estar conveniada com o Instituto Euvaldo Lodi. A carga horária de atividades é de 20h semanais e o valor da bolsa-auxílio é de R$ 494,94, mais auxílio-transporte.

Os inscritos serão convocados para realização da prova objetiva através de publicação no Diário Oficial do Município e no site www.gestaopublica.salvador.ba.gov.br. A prova contará com 20 (vinte) questões de múltipla escolha, que abordarão os temas Língua Portuguesa, Matemática e Conhecimentos Gerais / Atualidades.

Os estagiários selecionados desenvolverão as atividades no âmbito dos órgãos da administração direta da Prefeitura, cujas atribuições proporcionem experiência prática de aprendizagem, de forma supervisionada, tendo como objetivo a inserção no mercado de trabalho. O edital nº 06/2017 referente ao processo seletivo foi publicado no Diário Oficial do Município (DOM) desta sexta-feira (24) e pode ser consultado na seção Estágio do site mesmo site citado acima.",médio|prefeitura|60|é|ter|ensino|ser|vinte|prova|vagas|para|alunos|site|turno|da|oferece|estágios
116_12-12-18_19_32.csv,reporterhoje,"O advogado de João de Deus, Alberto Toron, disse o seguinte à Agência Brasil: “A informação que nós temos é que efetivamente o MP fez um pedido à Justiça, mas nós não conhecemos o teor desse pedido.
Vou para Abadiânia amanhã mesmo ver se eu consigo avaliar esse pedido.”Toron disse ainda ter reafirmado oficialmente às autoridades que seu cliente segue à disposição da Justiça para quaisquer esclarecimentos.
João de Deus é suspeito de abuso sexual contra mulheres e também adolescentes.
O médium goiano também disse nesta quarta-feira que está à disposição da Justiça brasileira.
Estou nas mãos da Justiça.",,"Acusado de abuso sexual, o médium João de Deus corre o risco de ser preso. Após sua tentativa de continuar atendendo nesta quarta-feira (12), o Ministério Público de Goiás apresentou no final da tarde, segundo apurou a Agência Brasil, o pedido de prisão preventiva. Dois promotores responsáveis pela força-tarefa que investiga mais de 200 denúncias contra o médium estiveram no Fórum de Abadiânia. O pedido deve ser analisado pela comarca local.

O advogado de João de Deus, Alberto Toron, disse o seguinte à Agência Brasil: “A informação que nós temos é que efetivamente o MP fez um pedido à Justiça, mas nós não conhecemos o teor desse pedido. Sem conhecer, eu não tenho como me contrapor a ele. Vou para Abadiânia amanhã mesmo ver se eu consigo avaliar esse pedido.”

Toron disse ainda ter reafirmado oficialmente às autoridades que seu cliente segue à disposição da Justiça para quaisquer esclarecimentos.

João de Deus é suspeito de abuso sexual contra mulheres e também adolescentes. Ele nega as acusações e se diz inocente. O balanço mais recente do MP-GO é de 206 possíveis vítimas.

O médium goiano também disse nesta quarta-feira que está à disposição da Justiça brasileira. Ele esteve hoje por dez minutos na Casa Dom Inácio de Loyola, em Abadiânia (GO), onde realiza, há 42 anos, consultas e aconselhamentos espirituais, além das chamadas cirurgias espirituais. Ele chegou e saiu sob aplausos, afirmando estar sem condições de trabalhar. Circularam informações de que o religioso chegou a voar para São Paulo a fim de se aconselhar com Toron.

“Irmãos e minhas queridas irmãs, agradeço a Deus por estar aqui. Quero cumprir a lei brasileira. Estou nas mãos da Justiça. O João de Deus ainda está vivo”, declarou o médium.(Ag. Brasil) Foto: Marcelo Camargo/Agência Brasil",justiça|abadiânia|se|joão|deus|à|é|que|ele|prisão|pedido|sobre|da|brasil|decidirá
116_12-12-18_19_32.csv,reporterhoje,"Com seis emendas, foi aprovada a Lei Orçamentária Anual (LOA), que estima receita e fixa despesas do Município para o exercício financeiro de 2019.
“Estou de volta à Câmara num momento muito importante para a cidade, em que projetos importantes estão sendo votados.
Elogiou, ainda, a condução do presidente da Câmara, vereador Leo Prates (DEM) e desejou sorte ao futuro gesto do Legislativo, vereador Geraldo Júnior (SD).
Lembro também o baixíssimo orçamento da Secretária de Política para Mulheres e para a Secretaria da Reparação.
Após a votação do orçamento, os vereadores da Câmara Municipal de Salvador, tradicionalmente, encerraram as atividades legislativas do ano de 2018.",,"Com seis emendas, foi aprovada a Lei Orçamentária Anual (LOA), que estima receita e fixa despesas do Município para o exercício financeiro de 2019. O Projeto de Lei nº 275/2018, referendado no Plenário Cosme de Farias por 22 votos a 10, prevê uma receita R$ de 7,78 bilhões para Salvador.

Se as prioridades definidas pela administração municipal foram criticadas pelos oposicionistas, o aumento na capacidade de investimento e o crescimento gradativo da receita foram comemorados pelos vereadores integrantes da bancada da situação.

Ex-presidente da Comissão de Finanças, Orçamento e Fiscalização, o vereador Cláudio Tinoco (DEM), que voltou à Câmara nesta semana após experiência no Poder Executivo, enalteceu a organização financeira da gestão do prefeito ACM Neto.

“Estou de volta à Câmara num momento muito importante para a cidade, em que projetos importantes estão sendo votados. Tive a oportunidade de presidir o colegiado de Finanças desde 2013 e fico muito feliz em ver que, em tão pouco tempo, essa administração municipal conseguiu adquirir uma importante capacidade de arrecadação e investimento”, destacou Tinoco.

Autor das seis emendas incorporadas ao projeto, o atual presidente da Comissão de Finanças, vereador Tiago Correia (PSDB), também ressaltou o equilíbrio financeiro da gestão municipal. Elogiou, ainda, a condução do presidente da Câmara, vereador Leo Prates (DEM) e desejou sorte ao futuro gesto do Legislativo, vereador Geraldo Júnior (SD).

Prioridades questionadas

A bancada da oposição na Câmara questionou algumas das prioridades previstas na LOA. O bloco lamentou a incorporação de apenas seis das 99 emendas apresentadas ao projeto.

O vereador Hilton Coelho lamentou o que considerou “falta de debate com a população”, a diminuição de 80% nos investimentos para prevenção de doenças epidemiológicas e o investimento de R$ 30 milhões previstos para o Programa Pé na Escola.

Integrante da Comissão de Finanças, a vereadora Marta Rodrigues (PT) reclamou também dos investimentos previstos pela LOA. “Hilton Coelho falou muito bem da falta de prioridade na Saúde e na Educação. Lembro também o baixíssimo orçamento da Secretária de Política para Mulheres e para a Secretaria da Reparação. Esta é a matéria mais importante do ano e carecia de mais debates”, opinou.

Votaram contrários a LOA: Aladilce Souza (PCdoB), Ana Rita Tavares (PMB), Hélio Ferreira (PCdoB), Hilton Coelho (PSOL), José Trindade (Podemos), Luiz Carlos Suíca (PT), Marta Rodrigues (PT), Moisés Rocha (PT), Sílvio Humberto (PSB) e Toinho Carolino (Podemos).

Após a votação do orçamento, os vereadores da Câmara Municipal de Salvador, tradicionalmente, encerraram as atividades legislativas do ano de 2018.",finanças|receita|bi|câmara|778|2019|pt|r|municipal|que|para|loa|aprova|também|com|vereador|da
116_12-12-18_19_32.csv,reporterhoje,"A participação do DEM na base de apoio ao futuro governo de Jair Bolsonaro, a partir de 1° de janeiro, deve ser definida nos primeiros dias de janeiro pela Executiva Nacional do partido.
O presidente da legenda, ACM Neto disse hoje (12) que vai colocar a questão em votação em reunião ainda sem data marcada.
“As coisas estão caminhando para isso [apoio à base do governo].
Um dos principais desafios do futuro governo é a reforma da Previdência que ainda aguarda decisão dos parlamentares.
Para ACM neto o novo governo deve apontar o modelo ideal de alteração da lei.",,"A participação do DEM na base de apoio ao futuro governo de Jair Bolsonaro, a partir de 1° de janeiro, deve ser definida nos primeiros dias de janeiro pela Executiva Nacional do partido. O presidente da legenda, ACM Neto disse hoje (12) que vai colocar a questão em votação em reunião ainda sem data marcada.

“As coisas estão caminhando para isso [apoio à base do governo]. Não podemos esconder que o partido tem satisfação de ter três ministros”, disse depois da reunião de 20 parlamentares democratas com o presidente eleito, no gabinete de transição em Brasília.

ACM Neto afirmou apoio mesmo diante do posicionamento de Bolsonaro pelo fim da política do “toma lá dá cá”, que garante apoio em votações de interesse do Executivo em troca de cargos. O DEM elegeu 10 novos deputados em outubro e tem agora 29 parlamentares na Câmara.

Um dos principais desafios do futuro governo é a reforma da Previdência que ainda aguarda decisão dos parlamentares. Para ACM neto o novo governo deve apontar o modelo ideal de alteração da lei. “É precipitado falar sobre esse ou aquele modelo. Temos um novo governo e ele deve dizer o modelo que prefere. O tema deve ser conversado com os partidos. Bolsonaro já falou sobre isso”, afirmou.

Presidência

Perguntado sobre as eleições para a presidência da Câmara e do Senado, ACM Neto defendeu a indepêndencia entre os Poderes. Segundo ele, deixar a “dinâmica” seguir seu curso é a melhor saída para captar apoio posteriormente.(Ag. Brasil)",deve|base|definida|dem|participação|é|governo|em|que|para|neto|será|janeiro|sobre|da|apoio
116_12-12-18_19_32.csv,reporterhoje,"A Assembleia Legislativa da Bahia (ALBA) aprovou, na manhã desta quarta-feira (12), em sessão extraordinária, 14 Projetos de Lei que tramitavam na Casa.
A sessão, que foi realizada no auditório Jornalista Jorge Calmon, sofreu, no início, obstrução da bancada de oposição.
“Existe uma questão de prazos para que essas leis entrem em vigor a partir do dia 1º de janeiro de 2019.
No final da sessão, o presidente Angelo Coronel convocou uma sessão extraordinária para segunda-feira (17), às 10h, para a votação em primeiro turno da PEC e da LDO.
“Se cumprimos esse cronograma, entraremos em recesso já a partir do final da votação do dia 21”, explicou Coronel.",,"A Assembleia Legislativa da Bahia (ALBA) aprovou, na manhã desta quarta-feira (12), em sessão extraordinária, 14 Projetos de Lei que tramitavam na Casa. Destes, cinco proposições de autoria do Poder Executivo, sete de iniciativa do Tribunal de Justiça da Bahia (TJ-BA), um proveniente do Ministério Público da Bahia (MP-BA) e um de autoria do deputado Fabrício Falcão (PCdoB).

A sessão, que foi realizada no auditório Jornalista Jorge Calmon, sofreu, no início, obstrução da bancada de oposição. Segundo o líder, deputado Luciano Ribeiro (DEM), a posição da bancada da minoria teve o objetivo de provocar a discussão dos projetos. “Estamos apreciando essas matérias, que tanto interferem na vida dos servidores públicos do Estado, de forma açodada. É fundamental que façamos uma ampla discussão”, afirmou.

Luciano Ribeiro criticou ainda o fato de a sessão não ser realizada no Plenário Orlando Spínola. “Estamos aqui como se estivéssemos escondidos do povo”, completou. Segundo o presidente da Casa, deputado Angelo Coronel (PSD), o local da sessão foi alterado para o auditório em função do Plenário da Casa estar ocupado pelos servidores. “Tomamos essa decisão para salvaguardar o Poder Legislativo”, afirmou.

Já o líder do governo, deputado Zé Neto (PT), afirmou que não se trata de pressa na votação. “Existe uma questão de prazos para que essas leis entrem em vigor a partir do dia 1º de janeiro de 2019. Por isso, nós pedimos urgência na apreciação. Mas estamos sempre abertos ao diálogo”, completou.

Durante a apreciação do projeto 22.944/2018 que convalida os incentivos fiscais no âmbito do Estado da Bahia, os deputados Adolfo Viana (PSDB), Luciano Ribeiro, Targino Machado (DEM), Tom Araújo (DEM) e Hildécio Meireles (PSC) discutiram cada um durante 20 minutos. Enquanto os parlamentares discursavam, os líderes de governo e oposição tentavam chegar a um acordo para que os servidores públicos que estavam na porta da ALBA tivessem acesso ao local de votação.

Diante da falta de acordo, a bancada da oposição se retirou do plenário logo após a aprovação do projeto 22.944/2018 e, com isso, a sessão prosseguiu sem nenhuma obstrução, o que acelerou todo o processo de votação das proposições.

No final da sessão, o presidente Angelo Coronel convocou uma sessão extraordinária para segunda-feira (17), às 10h, para a votação em primeiro turno da PEC e da LDO. A apreciação no âmbito das comissões de Constituição e Justiça e Finanças e Orçamento destas duas matérias já está agendada para as 10h30 desta quinta-feira (13). Outra sessão extraordinária foi convocada pelo presidente para sexta-feira (21), quando deverá ser votada a Lei Orçamentária Anual (LOA), em segundo turno. “Se cumprimos esse cronograma, entraremos em recesso já a partir do final da votação do dia 21”, explicou Coronel.",votação|rui|pacote|os|um|em|deputados|extraordinária|sessão|que|para|deputado|incluindo|projetos|aprovam|14|da|se
116_12-12-18_19_32.csv,reporterhoje,"Cumprindo agenda em Brasília, nesta quarta-feira (12), o governador Rui Costa participa do Fórum Nacional de Governadores, com a presença do ministro da Justiça anunciado para o próximo governo, Sérgio Moro.
Para Rui, a paz social só será alcançada com efetiva integração entre os estados e governo federal.
Ainda na ocasião, Rui Costa fez uma crítica ao formato do Fundo Penitenciário Nacional (Funpen).
Não faz o menor sentido submeter projetos de cada estado ao Ministério da Justiça, que não tem pessoal para uma checagem eficaz”.
Rui lembrou que outros fundos funcionam na educação e na saúde, sugerindo que o modelo pudesse ser implementado também na segurança.",,"Cumprindo agenda em Brasília, nesta quarta-feira (12), o governador Rui Costa participa do Fórum Nacional de Governadores, com a presença do ministro da Justiça anunciado para o próximo governo, Sérgio Moro. Rui iniciou sua fala se colocando à disposição de forma apartidária para debater e construir alternativas para o grande trauma que o Brasil vive, atualmente, no âmbito da segurança pública.

Para Rui, a paz social só será alcançada com efetiva integração entre os estados e governo federal. “Não podemos reduzir a complexidade deste tema a questões políticas e partidárias. Sugiro uma agenda periódica entre o ministro e os governadores. Sugiro ainda que o envio de matérias ao Legislativo seja, num primeiro momento, do que é consensual entre os estados, para conseguirmos rápida aprovação. É muito melhor ter alguns itens consensuais aprovados de imediato do que nenhuma aprovação ao longo de muito tempo”, afirmou o governador.

Ainda na ocasião, Rui Costa fez uma crítica ao formato do Fundo Penitenciário Nacional (Funpen). “O Fundo nunca funcionou como Fundo. Não faz o menor sentido submeter projetos de cada estado ao Ministério da Justiça, que não tem pessoal para uma checagem eficaz”. Rui lembrou que outros fundos funcionam na educação e na saúde, sugerindo que o modelo pudesse ser implementado também na segurança.

A lista que envolve o tema segurança pública passou ainda pela necessidade de novas fontes de recursos e ações estratégicas para o combate às drogas, sendo esta, com unanimidade de opiniões, responsável por mais da metade dos homicídios ocorridos no país. “Precisamos de estratégias que, de fato, respondam a esta realidade. Os homicídios estão vinculados ao consumo de drogas e todos sabemos disso”, finalizou Rui Costa.

Ainda nesta quarta-feira deve ser construída uma Carta dos Governadores endereçada ao novo governo. Participam da reunião 25 chefes de governos estaduais, além de Sérgio Moro; o atual ministro da Segurança, Raul Jungmann; o presidente do Supremo Tribunal Federal (STF), Dias Toffoli; e o presidente do Superior Tribunal de Justiça (STJ), João Otávio de Noronha.",uma|segurança|fórum|governadores|rui|nacional|participa|costa|ao|os|em|que|para|ministro|da|não|brasília
116_12-12-18_19_32.csv,reporterhoje,"De todos os cantos da Argentina pipocam turistas, num deslocamento de quatro horas e meia de voo para aproveitar o calor soteropolitano.
De acordo com levantamento feito pela Secretaria Municipal de Cultura e Turismo (Secult), os hermanos representam 44,3% do total de turistas estrangeiros que Salvador recebe anualmente durante a alta estação.
“As festas e o clima da cidade são os principais atrativos para os turistas argentinos.
A recepção calorosa e a reestruturação da cidade fazem toda a diferença na hora de escolher um destino para passar feriados ou períodos festivos.
Segundo o diplomata, a razão do aumento no fluxo de turistas argentinos rumo à Salvador nos últimos anos se deve, em grande parte, à percepção de que a cidade está mais acolhedora, mais limpa e com uma infraestrutura mais convidativa para os visitantes.",,"Buenos Aires, Mendoza, Córdova, Rosário, Bariloche, Mar Del Plata. De todos os cantos da Argentina pipocam turistas, num deslocamento de quatro horas e meia de voo para aproveitar o calor soteropolitano. De acordo com levantamento feito pela Secretaria Municipal de Cultura e Turismo (Secult), os hermanos representam 44,3% do total de turistas estrangeiros que Salvador recebe anualmente durante a alta estação.

Durante a realização do Festival Virada Salvador 2019 – entre 28 de dezembro e 1º de janeiro -, quase 461 mil turistas devem desembarcar nos principais canais de acesso da cidade, representando um acréscimo de 7,2% em comparação ao evento do ano passado, quando a capital baiana recebeu 430 mil visitantes.

Destes, 232.158 são do interior baiano, 154.128 de outros estados, e 74.676 de outros países, a maioria argentinos, proporcionando uma injeção de quase R$ 500 milhões na economia local. Isso, de acordo com a Secult, se deve, entre outros fatores, à antecipação do lançamento do Réveillon da capital baiana, ocorrido mais uma vez na cidade de São Paulo, no mês de outubro.

Invasão estrangeira – O verão é o ponto alto, mas a invasão argentina em solo baiano ocorre durante todo o ano. “As festas e o clima da cidade são os principais atrativos para os turistas argentinos. A recepção calorosa e a reestruturação da cidade fazem toda a diferença na hora de escolher um destino para passar feriados ou períodos festivos. Além disso, a capital baiana é repleta de história e belezas naturais, praias de águas mornas, gastronomia e músicas únicas, que dão conforto, alegram e induzem o retorno imediato no ano seguinte”, garante Pablo Virasoro, cônsul da Argentina na Bahia.

Segundo o diplomata, a razão do aumento no fluxo de turistas argentinos rumo à Salvador nos últimos anos se deve, em grande parte, à percepção de que a cidade está mais acolhedora, mais limpa e com uma infraestrutura mais convidativa para os visitantes. “Além disso, voltamos a ter conexão direta para Salvador, podendo chegar à capital baiana em tempo similar ao que fazemos para cidades como Florianópolis e Punta Del Leste (URU), tornando a opção pela Bahia mais atrativa”, completa Virasoro.

Economia – A promoção de Salvador como destino turístico tem sido realizada constantemente nas redes sociais, além das road shows promovidos em parceria com a Associação Brasileira da Indústria de Hotéis, realizadas em 29 cidades brasileiras e estrangeiras, capacitando 4 mil operadores de viagem para apresentar produtos de sucesso como o festival do final de ano, Carnaval e demais eventos do verão.

Este esforço, segundo dados da Secult, será responsável pela movimentação de R$ 500 milhões somente durante os cinco dias do festival da vira, gerando emprego e renda em todos os setores produtivos ligados ao turismo. O setor hoteleiro, por exemplo, espera um acréscimo de pelo menos 11% em relação ao evento anterior, quando a ocupação média foi de 82%, alcançando 98% na noite da virada.

Quanto à média dos recursos deixados por esses visitantes ao longo dos cinco dias de festa, a Secult estima um gasto individual em torno de R$ 980 aplicados em alimentação (35%), deslocamento interno (29%), compras (18%), hospedagem (14%), guias e excursões (2%) e espetáculos em geral (2%).",são|mais|maioria|à|salvador|réveillon|visitam|os|cidade|em|que|turistas|para|ao|da|argentinos|dentre
116_12-12-18_19_32.csv,reporterhoje,"Mais de 500 cidades têm risco de surto de doenças causadas pelo AedesPelo menos 504 municípios brasileiros registram alto índice de infestação pelo Aedes aegypti e apresentam risco de surto para doenças transmitidas pelo vetor – incluindo dengue, zika e chikungunya.
A taxa de incidência, que considera a proporção de casos por habitantes, é de 115,9 casos para cada 100 mil habitantes.
ChikungunyaNo mesmo período, foram notificados 84.294 casos de chikungunya no Brasil – uma redução de 54% em relação ao mesmo período de 2017 (184.344 casos).
A taxa de incidência da doença é de 40,4 casos para cada 100 mil habitantes.
A taxa de incidência é de 3,8 casos para cada 100 mil habitantes.",,"Mais de 500 cidades têm risco de surto de doenças causadas pelo Aedes

Pelo menos 504 municípios brasileiros registram alto índice de infestação pelo Aedes aegypti e apresentam risco de surto para doenças transmitidas pelo vetor – incluindo dengue, zika e chikungunya.

Dados divulgados hoje (12) pelo Ministério da Saúde revelam que, das 5.358 cidades que realizam algum tipo de monitoramento do mosquito, 1.881 estão em situação de alerta, enquanto 2.628 apresentam índices considerados satisfatórios.

Capitais

O mapa da dengue, como é chamado o Levantamento Rápido de Índices de Infestação pelo Aedes aegypti (LIRAa), mostra que, das 27 capitais em todo o país, Palmas (TO), Boa Vista (RR), Cuiabá (MT) e Rio Branco (AC) estão em risco de surto não apenas de dengue, mas também de zika e chikungunya.

Outras 12 capitais, de acordo com o estudo, registram situação de alerta: Manaus (AM), Belo Horizonte (MG), Recife (PE), Rio de Janeiro (RJ), Brasília (DF), São Luís (MA), Belém (PA), Vitória (ES), Salvador (BA), Porto Velho (RO), Goiânia (GO) e Campo Grande (MS).

Já Curitiba (PR), Teresina (PI), João Pessoa (PB), Florianópolis (SC), São Paulo (SP), Macapá (AP), Maceió (AL), Fortaleza (CE) e Aracaju (SE) têm índices considerados satisfatórios. Natal (RN) e Porto Alegre (RS) fizeram a coleta de dados por armadilha – metodologia utilizada quando a infestação pelo mosquito é muito baixa ou inexistente.

Criadouros

Além de identificar onde estão concentrados os focos do mosquito em cada município, o levantamento revela quais os principais tipos de criadouros por região. No Nordeste, por exemplo, o armazenamento de água no nível do solo (doméstico), como tonel, barril e tina, foi o principal tipo identificado.

No Sudeste, o maior número de depósitos encontrados foi em domicílio, caracterizados por vasos e frascos com água e pratos e garrafas retornáveis. Já nas regiões Centro-Oeste, Norte e Sul, predominou o lixo, como recipientes plásticos, garrafas PET, latas, sucatas e entulhos de construção.

Dengue

Dados do ministério apontam que, até 3 de dezembro, foram notificados 241.664 casos de dengue em todo o país – um pequeno aumento em relação ao mesmo período de 2017 (232.372 casos). A taxa de incidência, que considera a proporção de casos por habitantes, é de 115,9 casos para cada 100 mil habitantes.

Em relação ao número de óbitos causados pela doença, a queda é de 19,3% quando comparado ao mesmo período do ano anterior, passando de 176 mortes em 2017 para 142 neste ano.

Chikungunya

No mesmo período, foram notificados 84.294 casos de chikungunya no Brasil – uma redução de 54% em relação ao mesmo período de 2017 (184.344 casos). A taxa de incidência da doença é de 40,4 casos para cada 100 mil habitantes.

Em relação ao número de óbitos, a queda é de 81,6% quando comparado ao mesmo período do ano anterior, passando de 191 mortes em 2017 para 35 neste ano.

Zika

Os números mostram ainda que, até 3 de dezembro, foram notificados 8.024 casos de zika em todo o país – uma redução de 53% em relação ao mesmo período de 2017 (17.025 casos). A taxa de incidência é de 3,8 casos para cada 100 mil habitantes.

Este ano, foram registrados quatro óbitos causados pelo vírus Zika.(Ag. Brasil)",é|risco|casos|que|relação|em|pelo|surto|causadas|ao|para|período|cidades|têm|mesmo|aedes|mais|500|doenças
116_12-12-18_19_32.csv,reporterhoje,"Os 28 membros (titulares e suplentes) do Conselho Municipal de Educação (CME) tomaram posse nesta terça-feira (11), em uma cerimônia no Palácio Thomé de Souza.
Composição – O Conselho Municipal de Educação é composto por representantes do governo, da comunidade escolar e da sociedade civil.
Trata-se de um órgão articulador e mediador entre a sociedade e os gestores da educação municipal.
De acordo com o secretário de Educação, Bruno Barral, a entidade é composta de forma democrática, com representantes de todas as partes interessadas na melhoria da educação pública.
Dos 14 membros empossados, sete são representantes do Executivo municipal, um das universidades, um da APLB; um dos gestores escolares, um dos estudantes; um das escolas comunitárias, um dos pais e um da rede privada com oferta de Educação Infantil.",,"Os 28 membros (titulares e suplentes) do Conselho Municipal de Educação (CME) tomaram posse nesta terça-feira (11), em uma cerimônia no Palácio Thomé de Souza. Após a leitura do termo de posse, o prefeito ACM Neto fez questão de agradecer a atuação da entidade que há 37 anos contribui para a construção das políticas públicas de educação em Salvador. “Desejamos continuar esse trabalho de parceria. Fica aqui o nosso reconhecimento histórico a essa entidade. Estamos juntos nesse espírito de construção permanente, dando as mãos, batalhando pelo desejo de uma educação cada vez mais completa”, ressaltou.

Além de ACM Neto, participaram da solenidade o vice-prefeito Bruno Reis e o secretário de Educação, Bruno Barral, entre outras autoridades. Dadas às boas-vindas, o prefeito fez questão de pontuar os esforços da gestão em prol das melhorias na educação, destacando a importância do conselho nesse processo. “Estamos sempre em busca de novas ferramentas para que nossa rede tenha um padrão de ensino para nossas crianças. Nada disso seria possível se estivéssemos sozinhos. A experiência e história do Conselho é fundamental”.

O aumento da oferta das vagas na rede infantil de 18 mil (2013) para 44 mil (2018) construção, reconstrução ou reforma das escolas desde 2013 foram alguns dos quesitos ressaltados pelo prefeito. “Temos prioridade efetiva com a educação”, afirmou ACM Neto, que toda semana está demolindo uma unidade de ensino antiga e precária para iniciar a reconstrução de uma nova, no mesmo local – serão, no total, 19.

Composição – O Conselho Municipal de Educação é composto por representantes do governo, da comunidade escolar e da sociedade civil. A entidade exerce funções normativas, consultivas e fiscalizadoras. Trata-se de um órgão articulador e mediador entre a sociedade e os gestores da educação municipal.

De acordo com o secretário de Educação, Bruno Barral, a entidade é composta de forma democrática, com representantes de todas as partes interessadas na melhoria da educação pública. “É a reafirmação do processo de democratização da educação. Esse momento ilustra a preocupação da gestão e, além disso, consolida todo respeito que o executivo municipal tem com a entidade”, frisou.

Dos 14 membros empossados, sete são representantes do Executivo municipal, um das universidades, um da APLB; um dos gestores escolares, um dos estudantes; um das escolas comunitárias, um dos pais e um da rede privada com oferta de Educação Infantil. Instituído pelo Decreto nº 6.403, de 30 de novembro de 1981, em decorrência da Lei Municipal n° 3.127/8, o CME é órgão veiculado à Secretaria Municipal da Educação (Smed) e tem por finalidade exercer as funções normativas, deliberativas e consultivas referentes à educação.",empossa|membros|prefeitura|educação|um|conselho|municipal|das|é|em|para|entidade|com|da|novos
116_12-12-18_19_32.csv,reporterhoje,"A Banda de Música da Guarda Civil Municipal (GCM) se apresenta às 14h desta sexta-feira (14) na Escola Municipal Santa Terezinha, no Chame-Chame, durante encerramento do ano letivo da unidade.
No mesmo dia, a banda se apresenta no Largo do Tanque, às 18h30.
Composta por 16 músicos, a Banda de Música da GCM tem uma média de 100 apresentações anuais.
A banda se apresenta em eventos de natureza diversa, como os de cunho social, as apresentações cívicas e solenidades, dentre outros.
Solicitação – Para solicitar a apresentação da banda, é necessário levar ofício do pedido ao gabinete da GCM, situado na Avenida General San Martin, S/N, no bairro Fazenda Grande do Retiro, ao lado do Colégio Estadual Luis Eduardo Magalhães; ou encaminhar o ofício para o e-mail da autarquia.",,"A Banda de Música da Guarda Civil Municipal (GCM) se apresenta às 14h desta sexta-feira (14) na Escola Municipal Santa Terezinha, no Chame-Chame, durante encerramento do ano letivo da unidade. A apresentação ocorrerá para todos os alunos da instituição, com um repertório especial de Natal que conta com músicas internacionais e outras mais populares como “Boas Festas” e “Então é Natal”, versão da música de John Lennon “Happy Xmas (War Is Over)”. No mesmo dia, a banda se apresenta no Largo do Tanque, às 18h30.

Composta por 16 músicos, a Banda de Música da GCM tem uma média de 100 apresentações anuais. Este mês, o grupo já se apresentou no Dique do Tororó, durante lançamento da nova iluminação natalina da cidade; no Salvador Shopping e no Shopping do Cabula. A banda se apresenta em eventos de natureza diversa, como os de cunho social, as apresentações cívicas e solenidades, dentre outros. As apresentações na Câmara Municipal de Salvador são recorrentes.

Solicitação – Para solicitar a apresentação da banda, é necessário levar ofício do pedido ao gabinete da GCM, situado na Avenida General San Martin, S/N, no bairro Fazenda Grande do Retiro, ao lado do Colégio Estadual Luis Eduardo Magalhães; ou encaminhar o ofício para o e-mail da autarquia.",se|gcm|é|municipal|escola|banda|em|próxima|para|apresentações|sexta|da|música|apresenta
116_12-12-18_19_32.csv,reporterhoje,"Desde o mês de agosto, cerca de 280 estudantes de escolas públicas municipais tiveram a oportunidade de visitar e conhecer a história de monumentos históricos de Salvador, através do circuito Reconectar, que possibilita o acesso e divulgação de informações sobre os monumentos públicos da cidade, promovendo a construção de valores e pertencimento a essas obras.
O projeto faz parte do Salvador Memória Viva, programa de educação patrimonial da Fundação Gregório de Mattos (FGM).
Através das 54 de placas QR Code que foram instaladas em monumentos públicos como as estátuas de Zumbi dos Palmares, Padre Norberto, Castro Alves e a Cruz Caída, os estudantes, usando aplicativo de leitor de leitor para celulares e tabletes, têm acesso a informações em três línguas (português, inglês e espanhol) sobre os monumentos e seus homenageados.
As instalações foram e são realizadas em consonância com a disponibilidade da Companhia de Desenvolvimento Urbano de Salvador (Desal), que pretende instalar as placas em todos os monumentos públicos da cidade.
Somente em 2018, cerca de 17 monumentos já foram recuperados pela FGM, dentre eles o Conjunto de escultura Tulipas; Conjunto de escultura Valentinas; Conjunto de escultura Altivas; Estátua João Ubaldo Ribeiro; Estátua de Jesus – O Salvador; Caboclo, cabocla e carruagens; Panteão de Pirajá; Herma de Labatut; Meninas do Brasil; Estátua J. J. Seabra; Painel de Carybé; Marco 4° Centenário de Salvador; Chafariz do Senhor do Bonfim; Estátua Visconde de Cairu; Monumento à Riachuelo; Castro Alves; e Chafariz do Terreiro de Jesus.",,"Desde o mês de agosto, cerca de 280 estudantes de escolas públicas municipais tiveram a oportunidade de visitar e conhecer a história de monumentos históricos de Salvador, através do circuito Reconectar, que possibilita o acesso e divulgação de informações sobre os monumentos públicos da cidade, promovendo a construção de valores e pertencimento a essas obras. O projeto faz parte do Salvador Memória Viva, programa de educação patrimonial da Fundação Gregório de Mattos (FGM).

Através das 54 de placas QR Code que foram instaladas em monumentos públicos como as estátuas de Zumbi dos Palmares, Padre Norberto, Castro Alves e a Cruz Caída, os estudantes, usando aplicativo de leitor de leitor para celulares e tabletes, têm acesso a informações em três línguas (português, inglês e espanhol) sobre os monumentos e seus homenageados. As instalações foram e são realizadas em consonância com a disponibilidade da Companhia de Desenvolvimento Urbano de Salvador (Desal), que pretende instalar as placas em todos os monumentos públicos da cidade.

Somente em 2018, cerca de 17 monumentos já foram recuperados pela FGM, dentre eles o Conjunto de escultura Tulipas; Conjunto de escultura Valentinas; Conjunto de escultura Altivas; Estátua João Ubaldo Ribeiro; Estátua de Jesus – O Salvador; Caboclo, cabocla e carruagens; Panteão de Pirajá; Herma de Labatut; Meninas do Brasil; Estátua J. J. Seabra; Painel de Carybé; Marco 4° Centenário de Salvador; Chafariz do Senhor do Bonfim; Estátua Visconde de Cairu; Monumento à Riachuelo; Castro Alves; e Chafariz do Terreiro de Jesus.",escultura|salvador|os|reconectar|circuito|já|monumentos|em|280|estudantes|participaram|que|cerca|públicos|foram|da|estátua
116_12-12-18_19_32.csv,reporterhoje,"APENAS 77 PESSOAS, DE MAIS DE 6 MILHÕES, TIRARAM NOTA MÁXIMA NA REDAÇÃO DO ENEM",,"APENAS 77 PESSOAS, DE MAIS DE 6 MILHÕES, TIRARAM NOTA MÁXIMA NA REDAÇÃO DO ENEM",pessoas|reforma|serviços|das|creche|da|apenas|milhões|77|ordem|nota|obras|santo|porto|redação|incorporação|tiraram|máxima|enem|mais
116_12-12-18_19_32.csv,reporterhoje,"APENAS 77 PESSOAS, DE MAIS DE 6 MILHÕES, TIRARAM NOTA MÁXIMA NA REDAÇÃO DO ENEM",,"APENAS 77 PESSOAS, DE MAIS DE 6 MILHÕES, TIRARAM NOTA MÁXIMA NA REDAÇÃO DO ENEM",pessoas|reforma|serviços|das|creche|da|apenas|milhões|77|ordem|nota|obras|santo|porto|redação|incorporação|tiraram|máxima|enem|mais
116_12-12-18_19_32.csv,reporterhoje,"Apenas 77 pessoas tiveram nota mil, a nota máxima na redação do Exame Nacional do Ensino Médio (Enem), conforme balanço divulgado hoje (18) pelo Ministério da Educação (MEC).
A prova de linguagens, no Último Enem, registrou a menor nota mínima (287,5) e a menor nota máxima (846,4).
Menos redações nota milA queda no número de redações nota mil vem sendo constatada ano a ano.
De acordo com dados do ministério, o número de redações nota mil equivale a 0,001% dos que fizeram a prova.
Em 2015, as 104 redações com nota mil representaram 0,002% do total de participantes do exame.",,"Apenas 77 pessoas tiveram nota mil, a nota máxima na redação do Exame Nacional do Ensino Médio (Enem), conforme balanço divulgado hoje (18) pelo Ministério da Educação (MEC). O número de notas máximas foi bem abaixo das 104 registradas em 2015. De acordo com o MEC, 6,1 milhões de estudantes fizeram o exame em 2016.

Os temas das redações do Enem foram “Caminhos para combater a intolerância religiosa no Brasil”, nos dias 5 e 6 de novembro, quando a maior parte dos candidatos fez a prova; e “Caminhos para combater o racismo no Brasil”, nos dias 3 e 4 de dezembro. Em 2016, devido às ocupações de escolas e universidades por grupos contrários a mudanças educacionais no Brasil, o Enem foi adiado para alguns participantes.

“Acho que é algo absolutamente esperado. Como tem populações diferentes todos os anos fazendo o Enem, essa comparabilidade de medias tem que ser cuidadosa porque as populações são diferenciadas”, ponderou em coletiva de imprensa a presidente do Instituto Nacional de Estudos e Pesquisas Educacionais Anísio Teixeira (Inep), Maria Inês Fini.

Para a secretária executiva do MEC, Maria Helena Guimarães de Castro, o desempenho na redação está também ligado ao desempenho em linguagens. A prova de linguagens, no Último Enem, registrou a menor nota mínima (287,5) e a menor nota máxima (846,4). “Há, claramente, um desempenho mais insuficiente em linguagens do que nas outras áreas, o que reforça o que as avaliações nacionais já indicam, que é a enorme dificuldade de leitura e escrita dos nossos alunos”, segundo a secretária.

A prova de redação é a única de caráter subjetivo no Enem. Os estudantes são avaliados, entre outros critérios, quanto ao domínio da escrita formal da língua portuguesa, à compreensão e aplicação de conceitos nas áreas de conhecimento, à organização e interpretação de informações e à elaboração de proposta de intervenção.

Menos redações nota mil

A queda no número de redações nota mil vem sendo constatada ano a ano. De acordo com dados do ministério, o número de redações nota mil equivale a 0,001% dos que fizeram a prova. Em 2015, as 104 redações com nota mil representaram 0,002% do total de participantes do exame. Em 2014, foram 250 candidatos com nota mil, equivalentes a 0,004% dos participantes da prova. Em 2013, o número foi ainda maior: 481 candidatos obtiveram nota mil na redação, ou 0,009% do total.

Mesmo com queda na quantidade de notas máximas, o grupo que tirou entre 901 e 999 aumentou em relação ao ano anterior. Foram 55.869 provas nessa faixa de notas, ante 47.770 em 2015 e 35.719 eno Enem de 2014.

Na outra ponta, segundo o MEC, 291.806 candidatos tiraram nota zero ou tiveram a redação anulada no ano passado. Eles não poderão participar dos programas de seleção para vagas no ensino superior da pasta este ano.

Provas do Enem

O MEC divulgou os desempenhos máximos e mínimos em cada prova do Enem. Na avaliação do Inep, o desempenho dos participantes, especialmente dos concluintes do ensino médio, mantém-se constante desde 2008. “O desempenho em todas as áreas está absolutamente estagnado. Não estamos conseguindo fazer com que nossos estudantes do ensino médio aprendam”, afirmou Maria Inês.

Em ciências humanas, a maior nota foi 859,1 e a menor 317,4; em linguagens, as notas variaram entre 287,5 e 846,4; em matemática, a variação foi entre 309,7 e 991,5; e em ciências da natureza, entre 316,5 e 871,3.

Considerando a média total, os participantes obtiveram as maiores médias em ciências humanas (533,5), seguindo-se linguagens (520,5), matemática (489,5) e, por último, ciências da natureza (477,1).

Dos 8.630.306 inscritos no Enem-2016, 2.494.294 (28,90%) faltaram ao exame. Além disso, 3.942 (0,05%) foram eliminados no primeiro dia e 4.780 (0,06%), no segundo dia, por desrespeitar as regras do exame, seja por preencher incorretamente o cartão de respostas ou portar materiais indevidos.(Ag. Brasil) Foto: Reprodução",pessoas|redação|77|mil|dos|prova|em|que|nota|redações|tiraram|apenas|com|máxima|enem|da|mais|milhões
116_12-12-18_19_32.csv,reporterhoje,"Projeto de Lei da Câmara autoriza o Ministério Público a pedir a exclusão do direito à herança do legatário ou herdeiro autor de homicídio doloso, ou tentativa de homicídio, contra aquele que deixa os bens.
A proposta (PLC 9/2017) que altera artigo do Código Civil aguarda leitura no Plenário do Senado para ser encaminhada à Comissão de Constituição, Justiça e Cidadania (CCJ).
A legislação atual não fez essa ressalva, o que deixou dúvidas quanto à atuação do Ministério Público.
O deputado acrescenta que o Superior Tribunal de Justiça (STJ) já decidiu que “o Ministério Público, por força do disposto no artigo 1.815 do Código Civil, desde que presente o interesse público, tem legitimidade para promover ação”.
Dessa forma, abre a possibilidade para a intervenção do Ministério Público e de quem tiver “interesse moral” no assunto.",,"Projeto de Lei da Câmara autoriza o Ministério Público a pedir a exclusão do direito à herança do legatário ou herdeiro autor de homicídio doloso, ou tentativa de homicídio, contra aquele que deixa os bens. A proposta (PLC 9/2017) que altera artigo do Código Civil aguarda leitura no Plenário do Senado para ser encaminhada à Comissão de Constituição, Justiça e Cidadania (CCJ).

De iniciativa do deputado Antonio Bulhões (PRB-SP), o texto destaca que o Código Civil de 1916 mencionava expressamente que a exclusão poderia ser pedida apenas por pessoas com “interesse legítimo” na sucessão — outros herdeiros e credores que se sintam prejudicados, por exemplo. A legislação atual não fez essa ressalva, o que deixou dúvidas quanto à atuação do Ministério Público.

O deputado acrescenta que o Superior Tribunal de Justiça (STJ) já decidiu que “o Ministério Público, por força do disposto no artigo 1.815 do Código Civil, desde que presente o interesse público, tem legitimidade para promover ação”.

Projeto do Senado

Outro projeto que trata da exclusão de herdeiros considerados indignos e dos declarados deserdados é o PLS 118/2010, da senadora Maria do Carmo Alves (DEM-SE), enviado à Câmara dos deputados em 2011.

O texto aprovado no Senado se aplica igualmente a quem cometeu crime de calúnia ou contra a honra da pessoa de quem for beneficiário; e ainda aquele que usou de violência ou fraude para direcionar a destinação da herança.

A proposta da senadora amplia a relação dos legitimados a requerer à Justiça a declaração de impedimento dos considerados indignos de participação na sucessão de bens. Dessa forma, abre a possibilidade para a intervenção do Ministério Público e de quem tiver “interesse moral” no assunto.

Caso Richthofen

O caso mais famoso de perda do direito à herança dos pais nos últimos anos é o de Suzane von Richthofen, condenada a 39 anos de prisão por participação, em outubro de 2002, no assassinato dos próprios pais, Mandred e Marísia von Richthofen.

Em março de 2015, a Justiça de São Paulo determinou que a herança da família, calculada em mais de R$ 3 milhões à época do crime, fosse entregue somente a Andreas Albert Von Richtofen, irmão de Suzane.(Ag. Senado) Foto; Geraldo Magela/Agência Senado",ministério|herdeiro|ou|à|dos|acusado|que|por|para|pedir|senado|homicídio|exclusão|da|poderá|público
116_12-12-18_19_32.csv,reporterhoje,"Presos poderão ser obrigados a ressarcir o Estado pelos custos de sua permanência nos sistemas prisionais.
A contribuição dos presos para as despesas com assistência material poderia ampliar esses recursos e melhorar o sistema.
O trabalho deve ser feito na medida das aptidões e capacidade do preso, com jornada de seis a oito horas e direito a descanso nos domingos e feriados.
O índice varia para cada estado, sendo Rondônia o estado com a maior porcentagem de presos trabalhando (37%) e Sergipe, com a menor (3%).
“Como se pode observar, a parcela dos presos que trabalha é muito baixa.",,"Presos poderão ser obrigados a ressarcir o Estado pelos custos de sua permanência nos sistemas prisionais. A proposta é do senador Waldemir Moka (PMDB-MS), autor do Projeto de Lei do Senado (PLS) 580/2015, em discussão na Comissão de Constituição, Justiça e Cidadania (CCJ). O projeto será votada na CCJ em decisão terminativa. Se aprovada e não houver recursos para sua apreciação em Plenário, seguirá direto para a Câmara dos Deputados. O PLS 580/2015 altera a Lei de Execução Penal (Lei 7.210/1984) para determinar que cada preso contribua com o Estado para custeio de suas despesas no estabelecimento prisional. Caso não possua recursos próprios para o ressarcimento, o preso deverá trabalhar para compensar esses custos. Dados do Grupo de Estudos Carcerários Aplicados da Universidade de São Paulo (USP) calculam que um preso custa à administração pública, mensalmente, em média, cerca de R$ 1.500. Esse valor pode triplicar em caso de o preso estar em presídio federal. A proposta — aberta à opinião da população, através do portal do Senado na internet — havia recebido até esta terça-feira (17) mais de 26 mil manifestações. 97% dos participantes afirmaram ser favoráveis à aprovação da matéria (opine aqui). Para Moka, a grave situação do sistema prisional brasileiro decorre, principalmente, da falta de recursos para mantê-lo. A contribuição dos presos para as despesas com assistência material poderia ampliar esses recursos e melhorar o sistema. De acordo com o último levantamento feito pelo Ministério da Justiça, concluído em 2014, o Brasil tem a quarta maior população carcerária do mundo. São 622 mil presos — número de presos menor apenas que os dos Estados Unidos (2,2 milhões), da China (1,6 milhão) e da Rússia (644 mil). Waldemir Moka destaca que a própria Lei de Execução Penal, no artigo 29, já prevê que a remuneração do trabalho do preso se destine ao ressarcimento ao Estado das despesas realizadas com sua manutenção, sem prejuízo de outras destinações, como a indenização dos danos causados pelo crime, a assistência à família e pequenas despesas pessoais. O trabalho deve ser feito na medida das aptidões e capacidade do preso, com jornada de seis a oito horas e direito a descanso nos domingos e feriados. “Somente transferindo para o preso o custo de sua manutenção no presídio é que o sistema penitenciário poderá melhorar e, ao mesmo tempo, por via oblíqua, proporcionar destinação de mais recursos para outras áreas, como os serviços públicos de saúde e educação”, defendeu o senador na justificação do projeto. Novo relator O PLS chegou a ter na CCJ o senador José Medeiros (PSD-MT) como relator. Porém, como Medeiros deixou a comissão antes da votação da proposta, será preciso designar um novo relator para o texto. Quando avaliou a medida na comissão, Medeiros ponderou que apenas pessoas ricas teriam condições de arcar com os custos prisionais sem trabalho. Informações do Sistema Integrado de Informação Penitenciária (Infopen), também de 2014, revelaram que apenas 16% dos presos se encontravam em atividade laboral. O índice varia para cada estado, sendo Rondônia o estado com a maior porcentagem de presos trabalhando (37%) e Sergipe, com a menor (3%). Outras unidades da federação não divulgam essas informações, como Rio de Janeiro e São Paulo. “Como se pode observar, a parcela dos presos que trabalha é muito baixa. É pela própria ineficiência do Estado e a falência do sistema prisional que a sociedade não vê presos custeando suas estadas no cárcere. Não há oferta de trabalho para todos”, declarou José Medeiros. Para ele, é preciso ampliar a oferta de trabalho dentro das prisões para assegurar ao preso uma atividade remunerada.(Ag. Senado) Foto: Luiz Silveira/ Agência CNJ.",presos|preso|ser|obrigados|dos|estado|poderão|seus|arcar|que|em|custos|para|como|com|da|cadeia
116_12-12-18_19_32.csv,reporterhoje,"APENAS 77 PESSOAS, DE MAIS DE 6 MILHÕES, TIRARAM NOTA MÁXIMA NA REDAÇÃO DO ENEM",,"APENAS 77 PESSOAS, DE MAIS DE 6 MILHÕES, TIRARAM NOTA MÁXIMA NA REDAÇÃO DO ENEM",botec|pessoas|redação|77|nota|milhões|rato|tiraram|apenas|máxima|enem|sobre|mais|fala|edição|decima
116_12-12-18_19_32.csv,reporterhoje,"APENAS 77 PESSOAS, DE MAIS DE 6 MILHÕES, TIRARAM NOTA MÁXIMA NA REDAÇÃO DO ENEM",,"APENAS 77 PESSOAS, DE MAIS DE 6 MILHÕES, TIRARAM NOTA MÁXIMA NA REDAÇÃO DO ENEM",pessoas|redação|77|boteco|10ª|nota|parte|rato|tiraram|máxima|enem|apenas|mais|edição|milhões
116_12-12-18_19_32.csv,reporterhoje,"No trimestre encerrado em fevereiro, o Brasil tinha 13 milhões de desempregados.
Segundo o IBGE, a taxa de desocupação fechou março em 13,7% com alta de 1,7 ponto percentual frente ao trimestre outubro/dezembro de 2016, quando o desemprego estava em 12%.
Em relação ao nível do mesmo trimestre de 2016, quando o nível de ocupação era de 54,7%, houve retração de 1,7 ponto percentual.
Já em relação ao trimestre janeiro/ março do ano passado, a queda foi de 3,5%, ou menos 1,2 milhão de pessoas.
No trimestre anterior o rendimento era de R$ 2.064 e, no primeiro trimestre do ano passado, de R$ 2.059.(Ag.",,"A taxa de desocupação no país continua em alta e o país tem agora 14,2 milhões de desempregados no trimestre encerrado em março, número 14,9% superior ao trimestre imediatamente anterior (outubro, novembro e dezembro de 2016) – o equivalente a 1,8 milhão de pessoas a mais desocupadas.

Os dados fazem parte da Pesquisa Nacional por Amostra de Domicílios Contínua (Pnad Contínua) divulgada hoje, no Rio de Janeiro, pelo Instituto Brasileiro de Geografia e Estatística (IBGE) com os resultados do primeiro trimestre. No trimestre encerrado em fevereiro, o Brasil tinha 13 milhões de desempregados.

Segundo o IBGE, a taxa de desocupação fechou março em 13,7% com alta de 1,7 ponto percentual frente ao trimestre outubro/dezembro de 2016, quando o desemprego estava em 12%. Em relação aos 10,9% da taxa de desemprego do trimestre móvel de igual período do ano passado, a alta foi de 2,8 pontos percentuais. Essa foi a maior taxa de desocupação da série histórica, iniciada no primeiro trimestre de em 2012.

Em relação ao primeiro trimestre móvel do ano passado, a alta da taxa de desocupação chegou a 27,8%, o que significa que mais 3,1 milhões de pessoas estão procurando.

População ocupada recua

A população ocupada do país no trimestre móvel encerrado em março ficou em 88,9 milhões de pessoas, recuando tanto em relação ao trimestre imediatamente anterior (outubro, novembro e dezembro) quanto ao primeiro trimestre móvel do ano passado.

Os números da Pnad Contínua divulgados hoje pelo IBGE indicam ainda que, em relação ao último trimestre de 2016, a queda foi de 1,5%, ou menos 1,3 milhão de pessoas ocupadas, enquanto em relação aos três primeiros meses de 2016 a retração chegou a 1,9%, ou menos 1,7 milhão de pessoas.

Ao fechar o trimestre encerrado em março com uma população ocupada de 88,9 milhões de pessoas, os dados do desemprego registram também outro recorde negativo desde o início da série histórica em 2012. Este é o menor contingente de pessoas ocupadas desde o primeiro trimestre daquele ano, quando a população ocupada era de 88,4 milhões de pessoas.

Este nível de ocupação (percentual de pessoas ocupadas na população em idade de trabalhar) chegou a recuar 53,1% no trimestre de janeiro a março deste ano, com queda de 0,9 ponto percentual, quando comparado ao nível do trimestre imediatamente anterior, de 54%. Em relação ao nível do mesmo trimestre de 2016, quando o nível de ocupação era de 54,7%, houve retração de 1,7 ponto percentual.

Carteira assinada

O aumento crescente das taxas de desemprego no país vem refletindo no número de pessoas com carteira de trabalho assinada, que fechou o trimestre móvel encerrado em março também com o menor contingente já observado na série histórica.

Segundo os dados da pesquisa, o número de empregados com carteira de trabalho assinada fechou março em 33,4 milhões de pessoas, recuando em ambos os períodos de comparação: frente ao trimestre outubro/dezembro de 2016, o recuo foi de 1,8%, ou menos 599 mil pessoas com carteira assinada. Já em relação ao trimestre janeiro/ março do ano passado, a queda foi de 3,5%, ou menos 1,2 milhão de pessoas.

Rendimento

Apesar do número recorde de pessoas desocupadas no país, o rendimento médio real habitual do trabalhador brasileiro manteve-se estável no trimestre encerrado em março: R$ 2.110. No trimestre anterior o rendimento era de R$ 2.064 e, no primeiro trimestre do ano passado, de R$ 2.059.(Ag. Brasil) Foto: Marcelo Camargo/Agência Brasil",desempregados|pessoas|cresce|trimestre|ano|total|ao|atinge|em|março|com|da|relação|ibge|142|milhões
