Timestamp,Source,Summary,Authors,Text,Keywords
119_12-12-18_19_34.csv,salvadordez,"RASTREAMENTO ONLINE VIA CORREIOSPrazo de entrega de 15 a 25 dias úteis, após a confirmação do pagamento.
FRETE GRÁTIS PARA TODO O BRASIL",,"RASTREAMENTO ONLINE VIA CORREIOS

Prazo de entrega de 15 a 25 dias úteis, após a confirmação do pagamento.

FRETE GRÁTIS PARA TODO O BRASIL",rastreamento|grátis|sol|correiosprazo|úteis|todo|para|pagamentofrete|óculos|online|entrega|dias
119_12-12-18_19_34.csv,salvadordez,"A ex-bbb e life coach Mayra Cardi anunciou em seu Instagram, nesta quarta-feira (12), que vai se retirar das redes sociais.
Em uma das postagens, Cardi cobriu o rosto da caçula com uma toalha e foi acusada deixar a criança se sufocar com o tecido (relembre aqui).
Em uma postagem com várias fotos dos integrantes da família, Mayra escreveu seu desabafo informando a mudança.
Mas por mais que eu pense em novas maneiras eu não tenho toda força de Jesus para resistir a tantas fechadas e julgadores.
Não sei não vou e não quero viver uma vida de mentira, uma vida de novela, de revista de faz de conta.",,"A ex-bbb e life coach Mayra Cardi anunciou em seu Instagram, nesta quarta-feira (12), que vai se retirar das redes sociais. A esposa do ator e cantor Arthur Aguiar vem recebendo diversas críticas em suas publicações, principalmente relacionadas a forma como ela exibe a sua filha, Sophia. Em uma das postagens, Cardi cobriu o rosto da caçula com uma toalha e foi acusada deixar a criança se sufocar com o tecido (relembre aqui). Em uma postagem com várias fotos dos integrantes da família, Mayra escreveu seu desabafo informando a mudança. ""É preciso saber a hora de entrar e sair, é preciso saber até onde ir, ninguém muda ninguém e ao mesmo tempo ou você muda o ambiente ou o ambiente muda você. É exatamente por isso que resolvi me retirar... "", iniciou. Em seguida, ela atribuiu a saída das redes sociais com os julgamentos recebidos sobre a forma de criar e exibir Sophia e elencou possibilidades que poderiam fazer ela não se retirar da internet, mas que não foram suficientes para voltar atrás na decisão. ""Pensei em várias maneiras de poder continuar entregando para vocês o conteúdo que tanto amo e estudo. Pensei em como continuar entregando amor e esperança, carinho e gratidão. Mas por mais que eu pense em novas maneiras eu não tenho toda força de Jesus para resistir a tantas fechadas e julgadores. Pensei em parar de postar tudo referente a Sophia, mas neste momento tenho vivido para ela, então poderia criar outras situações sem ela e simplesmente fingir que ela não existe nas redes sociais, mas eu seria julgada por uma ser péssima mãe que não liga nem ama sua filha. Enfim está na hora de me afastar, a energia para continuar não me falta pois eu tenho amor de sobra para todos os que amam e principalmente os que me odeiam, pois acredito que quem mais precisa de amor são eles. É fácil amar sendo correspondido né?"". Por fim, Cardi disse que vai se dedicar a si mesma e sua família longe dos holofotes e agradeceu aos seguidores que estiveram ao lado dela até hoje. ""Estou dando um tempo para ser simplesmente eu na minha casa, no meu mundo. Ser uma pessoa comum como a maioria tem direito, estou pegando de volta meu direito de ser humano e devolvendo aos que não erram a capa de herói! Muito obrigada aos que me seguiram até aqui, obrigada pelo o amor e carinho gratidão aos que me amam e principalmente aos que me odeiam meu verdadeiro sinto, sinto por não ser capaz de ser exatamente como você gostaria. Fecho aqui minhas cortinas"", concluiu. Confira o desabafo na íntegra: Visualizar esta foto no Instagram. É preciso saber a hora de entrar e sair, é preciso saber até onde ir, ninguém muda ninguém e ao mesmo tempo ou você muda o ambiente ou o ambiente muda você. É exatamente por isso que resolvi me retirar... Pensei em varias maneiras de poder continuar entregando para vocês o conteúdo que tanto amo e estudo, pensei em como continuar entregando amor e esperança, carinho e gratidão, mais por mais que eu pense em novas maneiras eu não tenho toda força de jesus para resistir a tantas fechadas e julgadores. Pensei em parar de postar tudo referente a Sophia mas nesse momento tenho vivido para ela, então poderia criar outras situações sem ela e simplesmente fingir que ela não existe nas redes sociais , mas eu seria julgada por uma ser péssima mãe que não liga nem ama sua filha. Enfim está na hora de me afastar, a energia para continuar não me falta pois eu tenho amor de sobra para todos os que amam e principalmente os que me odeiam pois acredito que quem mais precisa de amor são eles, é fácil amar sendo correspondido ne? Não sei não vou e não quero viver uma vida de mentira, uma vida de novela, de revista de faz de conta. Tenho muitos amigos artistas que gostariam muito de dividir com o publico muito mais do que postam gostariam de poder abrir muito mais quem são, suas dores, defeitos, alegrias e acreditem são pessoas muito mais divertidas e fodas do que nas redes sociais, mas escolhem mostrar somente oque a maioria é capaz de ver sem julgar xingar apontar e jogar ódio, e ai as redes sociais viram uma linda vitrine de vidas de faz de conta. Eu não sou capaz de viver assim e peço para sair sim.... Estou dando um tempo para ser simplesmente eu na minha casa no meu mundo ser uma pessoa comum como a maioria tem direito, estou pegando de volta meu direito de ser humano e devolvendo aos que não erram a capa de herói ! Muito obrigada aos que me seguiram até aqui, obrigada pelo o amor e carinho GRATIDÃO aos que me amam e principalmente aos que me odeiam meu verdadeiro sinto sinto por não ser capaz de ser exatamente como você gostaria. Fecho aqui minhas cortinas. ???????? Uma publicação compartilhada por Mayra Cardi (@mayracardi) em 12 de Dez, 2018 às 11:51 PST",ser|é|das|que|minhas|sociais|uma|ela|eu|em|cortinas|críticas|cardi|saída|fecho|por|para|redes|mayra|não
119_12-12-18_19_34.csv,salvadordez,"Tribunal de PE determina prisão de homem que teria apagado as imagens no caso BeatrizPostado dia 12 de Dezembro de 2018O Tribunal de Justiça de Pernambuco (TJPE) determinou a prisão de Alison Henrique, funcionário do colégio Nossa Senhora Auxiliadora em que a menina Beatriz, de sete anos, foi encontrada morta durante uma formatura em dezembro de 2015.
Alison é acusado de apagar as imagens do circuito interno das câmeras de segurança da unidade escolar.
De acordo com o Diário de Pernambuco, o mandado de prisão deverá ser expedido até esta quinta-feira (13).
O Ministério Público de Pernambuco (MPPE) informou que não poderia dar informações sobre Alison, uma vez que a investigação está correndo em sigilo.",,"Tribunal de PE determina prisão de homem que teria apagado as imagens no caso Beatriz

Postado dia 12 de Dezembro de 2018

O Tribunal de Justiça de Pernambuco (TJPE) determinou a prisão de Alison Henrique, funcionário do colégio Nossa Senhora Auxiliadora em que a menina Beatriz, de sete anos, foi encontrada morta durante uma formatura em dezembro de 2015. Alison é acusado de apagar as imagens do circuito interno das câmeras de segurança da unidade escolar. De acordo com o Diário de Pernambuco, o mandado de prisão deverá ser expedido até esta quinta-feira (13). O Ministério Público de Pernambuco (MPPE) informou que não poderia dar informações sobre Alison, uma vez que a investigação está correndo em sigilo.",uma|beatriz|determina|tribunal|é|homem|pe|em|que|dezembro|prisão|teria|alison|pernambuco|imagens|caso
119_12-12-18_19_34.csv,salvadordez,"Arthur Maia pede a Bolsonaro que reaproveite seu relatório da reforma da previdênciaPostado dia 12 de Dezembro de 2018Arthur Maia (DEM) sugeriu que o novo Governo aproveite o seu relatório da reforma da previdência, em tramitação na Câmara dos Deputados.
Para Maia, ""não há como se reinventar a roda"", referindo-se às mudanças que podem ser feitas quanto se trata do tema.
""Obviamente que nosso parecer poderá e deverá ser modificado para se adaptar aos desejos do próximo governo.
Gostaria de, modestamente, sugerir que se aproveite o texto que está em tramitação para que não venhamos a perder meses em uma nova comissão especial refazendo todo esse trabalho desnecessariamente"", disse.
E, na minha humilde opinião, esses pontos poderão perfeitamente ser alterados, para mais ou para menos, no plenário, com as emendas que já existem"", completou.",,"Arthur Maia pede a Bolsonaro que reaproveite seu relatório da reforma da previdência

Postado dia 12 de Dezembro de 2018

Arthur Maia (DEM) sugeriu que o novo Governo aproveite o seu relatório da reforma da previdência, em tramitação na Câmara dos Deputados. O deputado federal baiano defendeu a ideia durante encontro da Bancada do Democratas com o presidente eleito Jair Bolsonaro (PSL) na manhã desta quarta-feira (12). Para Maia, ""não há como se reinventar a roda"", referindo-se às mudanças que podem ser feitas quanto se trata do tema. ""Obviamente que nosso parecer poderá e deverá ser modificado para se adaptar aos desejos do próximo governo. Gostaria de, modestamente, sugerir que se aproveite o texto que está em tramitação para que não venhamos a perder meses em uma nova comissão especial refazendo todo esse trabalho desnecessariamente"", disse. ""Seja qual for, o projeto terá que tratar dos cinco pontos essenciais: idade mínima, aposentadorias especiais, regras de transição, igualdade entre público e privado e a questão do trabalhador rural. E, na minha humilde opinião, esses pontos poderão perfeitamente ser alterados, para mais ou para menos, no plenário, com as emendas que já existem"", completou.",tramitação|relatório|reforma|pede|ser|maia|em|que|reaproveite|seu|bolsonaro|para|previdência|da|se
119_12-12-18_19_34.csv,salvadordez,"Segundo pesquisa, filmes com protagonistas mulheres têm bilheterias maioresPostado dia 12 de Dezembro de 2018Um estudo da CAA e da Shift 7 aponta que, em média, filmes que possuem protagonistas mulheres têm bilheterias maiores do que produções centradas em homens.
De acordo com informações do site Deadline, de janeiro de 2014 a dezembro de 2017, foram analisados 350 filmes, dos quais apenas 105 tinham como personagens principais mulheres.
Em todas as categorias de arrecadação (abaixo de US$10 milhões; entre US$10 milhões e US$30 milhões; entre US$30 milhões e US$50 milhões; entre US$50 milhões e US$100 milhões; e acima de US$100 milhões), estas produções resultaram em um desempenho maior, em média, do que aquelas com homens nos papeis principais.
Na categoria de maior arrecadação, os filmes com protagonistas femininas fizeram US$ 586 milhões, enquanto aqueles com protagonistas homens arrecadaram US$ 514 milhões.
As pessoas que tomam as decisões em Hollywood precisam prestar atenção nisso"", disse Amy Pascal, uma das chefes da pesquisa e antiga executiva da Sony Pictures.",,"Segundo pesquisa, filmes com protagonistas mulheres têm bilheterias maiores

Postado dia 12 de Dezembro de 2018

Um estudo da CAA e da Shift 7 aponta que, em média, filmes que possuem protagonistas mulheres têm bilheterias maiores do que produções centradas em homens. De acordo com informações do site Deadline, de janeiro de 2014 a dezembro de 2017, foram analisados 350 filmes, dos quais apenas 105 tinham como personagens principais mulheres. Em todas as categorias de arrecadação (abaixo de US$10 milhões; entre US$10 milhões e US$30 milhões; entre US$30 milhões e US$50 milhões; entre US$50 milhões e US$100 milhões; e acima de US$100 milhões), estas produções resultaram em um desempenho maior, em média, do que aquelas com homens nos papeis principais. Na categoria de maior arrecadação, os filmes com protagonistas femininas fizeram US$ 586 milhões, enquanto aqueles com protagonistas homens arrecadaram US$ 514 milhões. ""Essa é uma poderosa prova de que o público quer ver todo mundo representado na tela. As pessoas que tomam as decisões em Hollywood precisam prestar atenção nisso"", disse Amy Pascal, uma das chefes da pesquisa e antiga executiva da Sony Pictures.",mulheres|homens|entre|em|que|milhões|têm|segundo|com|bilheterias|protagonistas|da|maiores|filmes|pesquisa
119_12-12-18_19_34.csv,salvadordez,"Magno Malta reitera apoio e diz que imprensa terá que engolir BolsonaroPostado dia 12 de Dezembro de 2018Ao se despedir do Senado, já que não conseguiu se reeleger, Magno Malta (PR-ES) reiterou seu apoio a Jair Bolsonaro (PSL) e disse que a imprensa terá que engoli-lo como presidente eleito.
Mas o senador continuou nesta tarde pedindo que ""Deus abençoe o presidente Bolsonaro, que Deus lhe dê sabedoria"".
""Digo ao senhor, senhor presidente, que eu faria tudo de novo.
Magno Malta agradeceu, genericamente, a seus assessores e criticou os ""esquerdopatas"" que, segundo ele, ""jamais voltarão ao poder"".
""Que Deus nos ajude a todos"", encerrou.",,"Magno Malta reitera apoio e diz que imprensa terá que engolir Bolsonaro

Postado dia 12 de Dezembro de 2018

Ao se despedir do Senado, já que não conseguiu se reeleger, Magno Malta (PR-ES) reiterou seu apoio a Jair Bolsonaro (PSL) e disse que a imprensa terá que engoli-lo como presidente eleito. O senador foi à tribuna na tarde desta quarta-feira (12) e falou por quase 40 minutos. Começou falando de sua trajetória como senador e, ao final, passou a falar sobre Bolsonaro. Malta chegou a ser cotado para ocupar o posto de vice na chapa presidencial, foi dado como certo em um ministério, mas acabou sem nada. À sua revelia, diz ele, a pasta da Mulher, Família e Direitos Humanos foi entregue a uma assessora sua, a pastora Damares Alves. Mas o senador continuou nesta tarde pedindo que ""Deus abençoe o presidente Bolsonaro, que Deus lhe dê sabedoria"". ""Já há alguns anos, cinco anos, quatro anos, três anos, os senhores todos que estão no plenário, os senhores da assistência, me veem nesta tribuna defendendo a candidatura a presidente da República de Jair Messias Bolsonaro. Muitos diziam 'por que não é você?' Eu dizia 'não', Deus levantou ele. É ele. O diabo não levanta autoridade. Quem levanta autoridade é Deus"", disse Magno Malta em retrospectiva. Ao defender Bolsonaro, criticou o ex-presidente Fernando Henrique Cardoso (PSDB). ""Dizia a ele 'bota seu pijama, cala a sua boca e espera 1º de janeiro porque o senhor não será convidado, vai se obrigar a ficar em casa assistindo pela televisão, a posse do novo presidente do Brasil, Jair Messias Bolsonaro'."" Na defesa do presidente eleito, a quem chamou de ""homem de caráter, homem de bem, sujeito sensível às coisas espirituais"", disse ainda que ""o Brasil precisa de um homem patriota que tenha Deus no coração, um país com um homem que esteja disposto a enfrentar a violência no país, que esteja disposto a proteger a escola, proteger as crianças e que, acima de tudo, ame Israel"". ""Digo ao senhor, senhor presidente, que eu faria tudo de novo. Faria tudo de novo"", repetiu, antes de perguntar: ""Quem quer matar Bolsonaro? Quem queria ou ainda quer?"" Magno Malta agradeceu, genericamente, a seus assessores e criticou os ""esquerdopatas"" que, segundo ele, ""jamais voltarão ao poder"". ""Se nada ocorrer no mandato de Bolsonaro, uma coisa maravilhosa já ocorreu: o viés ideológico está quebrado. Está quebrado o muro que separava de uma forma preconceituosa católicos de espíritas, espíritas de evangélicos. Este muro se quebrou neste processo e nós nos abraçamos"", afirmou. Magno Malta já havia encerrado, mas colegas falaram em sua homenagem. O senador, então, voltou a falar e criticou a imprensa. ""Deve ser muito duro, para uma imprensa que o tratou como folclore durante muitos anos, ter de engoli-lo como presidente. Aí, tudo o que pode vir a ataque virá a ataque"", afirmou. ""Que Deus nos ajude a todos"", encerrou.",reitera|se|engolir|diz|imprensa|deus|sua|que|ele|bolsonaro|presidente|malta|terá|apoio|não|magno
119_12-12-18_19_34.csv,salvadordez,Você não está logado(a) ( Acessar meu perfil,,Você não está logado(a) ( Acessar meu perfil,portal|salvador|está|perfil|dez|meu|logadoa|acessar|você|não
119_12-12-18_19_34.csv,salvadordez,Você não está logado(a) ( Acessar meu perfil,,Você não está logado(a) ( Acessar meu perfil,portal|salvador|está|perfil|dez|meu|logadoa|acessar|você|não
119_12-12-18_19_34.csv,salvadordez,Você não está logado(a) ( Acessar meu perfil,,Você não está logado(a) ( Acessar meu perfil,on_line|banda|está|perfil|meu|baixar|logadoa|acessar|você|não
119_12-12-18_19_34.csv,salvadordez,Você não está logado(a) ( Acessar meu perfil,,Você não está logado(a) ( Acessar meu perfil,portal|salvador|está|perfil|dez|meu|logadoa|acessar|você|não
119_12-12-18_19_34.csv,salvadordez,Você não está logado(a) ( Acessar meu perfil,,Você não está logado(a) ( Acessar meu perfil,portal|salvador|está|perfil|dez|meu|logadoa|acessar|você|não
119_12-12-18_19_34.csv,salvadordez,Você não está logado(a) ( Acessar meu perfil,,Você não está logado(a) ( Acessar meu perfil,portal|salvador|está|perfil|dez|meu|logadoa|acessar|você|não
119_12-12-18_19_34.csv,salvadordez,Você não está logado(a) ( Acessar meu perfil,,Você não está logado(a) ( Acessar meu perfil,portal|salvador|está|perfil|dez|meu|logadoa|acessar|você|não
119_12-12-18_19_34.csv,salvadordez,Você não está logado(a) ( Acessar meu perfil,,Você não está logado(a) ( Acessar meu perfil,ferreira|está|chiclete|feat|perfil|meu|logadoa|você|acessar|kannário|igor|não
119_12-12-18_19_34.csv,salvadordez,Você não está logado(a) ( Acessar meu perfil,,Você não está logado(a) ( Acessar meu perfil,leitte|bela|baile|gomes|gileno|está|perfil|feat|meu|logadoa|acessar|você|não|claudia
119_12-12-18_19_34.csv,salvadordez,Você não está logado(a) ( Acessar meu perfil,,Você não está logado(a) ( Acessar meu perfil,portal|salvador|está|perfil|dez|meu|logadoa|acessar|você|não
119_12-12-18_19_34.csv,salvadordez,Você não está logado(a) ( Acessar meu perfil,,Você não está logado(a) ( Acessar meu perfil,portal|salvador|está|perfil|dez|meu|logadoa|acessar|você|não
119_12-12-18_19_34.csv,salvadordez,Você não está logado(a) ( Acessar meu perfil,,Você não está logado(a) ( Acessar meu perfil,léo|kret|está|perfil|meu|logadoa|acessar|você|novinhas|não
119_12-12-18_19_34.csv,salvadordez,Você não está logado(a) ( Acessar meu perfil,,Você não está logado(a) ( Acessar meu perfil,portal|salvador|está|perfil|dez|meu|logadoa|acessar|você|não
119_12-12-18_19_34.csv,salvadordez,Você não está logado(a) ( Acessar meu perfil,,Você não está logado(a) ( Acessar meu perfil,portal|salvador|está|perfil|dez|meu|logadoa|acessar|você|não
119_12-12-18_19_34.csv,salvadordez,Você não está logado(a) ( Acessar meu perfil,,Você não está logado(a) ( Acessar meu perfil,portal|salvador|está|perfil|dez|meu|logadoa|acessar|você|não
119_12-12-18_19_34.csv,salvadordez,Você não está logado(a) ( Acessar meu perfil,,Você não está logado(a) ( Acessar meu perfil,patrão|é|ouro|está|que|perfil|meu|logadoa|acessar|você|usa|não
119_12-12-18_19_34.csv,salvadordez,"Projeto da prefeitura deve dar desconto no IPTU de terrenos na Mata AtlânticaPostado dia 11 de Dezembro de 2018Um dos projetos que deve ser votado na Câmara de Vereadores nesta quarta-feira (12) concede desconto no IPTU de terrenos localizados em área de Mata Atlântica.
De acordo com o sub-secretário da Sefaz, Walter Cairo, o incentivo fiscal tem como objetivo estimular a preservação da Mata Atlântica na cidade.
O trecho que trata da questão ambiental acrescenta um artigo da Lei de Ordenamento do Uso e da Ocupação do Solo (Louos).
Além disso, o texto previa a retirada da isenção do pagamento de IPTU para uma parcela da cidade.
Pela proposta da prefeitura, eles voltarão a ser cobradas apenas como loterias.",,"Projeto da prefeitura deve dar desconto no IPTU de terrenos na Mata Atlântica

Postado dia 11 de Dezembro de 2018

Um dos projetos que deve ser votado na Câmara de Vereadores nesta quarta-feira (12) concede desconto no IPTU de terrenos localizados em área de Mata Atlântica. Segundo informações da Secretaria Municipal da Fazenda (Sefaz), uma das condições para garantir o benefício é que o espaço não tenha área construída. A proposta faz parte do projeto de lei 312/2018, que altera o Código Tributário de Salvador e outras leis municipais. De acordo com o sub-secretário da Sefaz, Walter Cairo, o incentivo fiscal tem como objetivo estimular a preservação da Mata Atlântica na cidade. O trecho que trata da questão ambiental acrescenta um artigo da Lei de Ordenamento do Uso e da Ocupação do Solo (Louos). ""Os terrenos que possuam cobertura vegetal composta de Mata Atlântica nos estágios médio e avançado de regeneração, localizados em áreas delimitadas pela Lei nº 9.148/2016, Mapa 02B - LOUOS, que não sejam edificáveis e que não sejam economicamente explorados terão redução de 50% no valor venal, para efeito de apuração do IPTU a ser pago"", diz o projeto. ""Nós estamos dando uma redução para áreas de Mata Atlântica, desde que não tenha nenhuma construção. São terrenos de preservação, para incentivar essa preservação"", comentou Cairo em entrevista ao BN. O PL 312/2018 busca também renovar incentivos fiscais concedidos como parte do programa Salvador 360. Além disso, o texto previa a retirada da isenção do pagamento de IPTU para uma parcela da cidade. No entanto, após protestos da bancada de oposição na Câmara, a prefeitura voltou atrás neste ponto (veja mais). MAIS MUDANÇAS NOS TRIBUTOS A sessão desta quarta na Câmara também deve ter a votação de uma segunda matéria que altera o Código Tributário de Salvador. O projeto de lei 273/2018 propõe, entre outras medidas, que as concessões da prefeitura, a exemplo do futuro Centro de Convenções, vão ficar isentas do pagamento de IPTU. Além disso, a matéria também atende a uma demanda das casas lotéricas. Segundo Cairo, a aprovação do texto na Câmara vai permitir a elas pagar um valor menor na Taxa de Fiscalização do Funcionamento (TFF). Quando ganharam a atribuição de receber o pagamento de contas, os estabelecimentos passaram a pagar o TFF como instituições financeiras. Pela proposta da prefeitura, eles voltarão a ser cobradas apenas como loterias.",terrenos|uma|desconto|iptu|deve|prefeitura|que|para|mata|projeto|atlântica|da|dar|não
119_12-12-18_19_34.csv,salvadordez,"Procurador baiano vira alvo de processo após escrever artigo crítico a BolsonaroPostado dia 11 de Dezembro de 2018O Conselho Nacional do Ministério Público (CNMP) tomou a decisão de abrir um processo para apurar a conduta de um procurador da Bahia que escreveu um artigo com críticas ao presidente eleito Jair Bolsonaro.
O procurador Rômulo Andrade Moreira dizia no texto que Bolsonaro é um ""sujeito fascista, preconceituoso, desqualificado, homofóbico, racista, misógino, retrógrado, arauto da tortura, adorador de torturadores, amante das ditaduras, subserviente aos militares - especialmente 'os de pijama'"".
O texto de Moreira diz ainda que, na opinião dele, integrantes do Poder Judiciário e do Ministério Público estão ""sempre confortavelmente instalados nas antessalas do Poder"".
Na avaliação do corregedor nacional do Ministério Público, Orlando Rochadel, a conduta de Moreira é incompatível com o cargo e é ""reprovável"".
Um dos argumentos utilizados pela defesa do procurador durante a sessão do CNMP, foi de que no momento em que Moreira escreveu o texto, em 28 de outubro, Bolsonaro ainda não havia sido diplomado.",,"Procurador baiano vira alvo de processo após escrever artigo crítico a Bolsonaro

Postado dia 11 de Dezembro de 2018

O Conselho Nacional do Ministério Público (CNMP) tomou a decisão de abrir um processo para apurar a conduta de um procurador da Bahia que escreveu um artigo com críticas ao presidente eleito Jair Bolsonaro. O procurador Rômulo Andrade Moreira dizia no texto que Bolsonaro é um ""sujeito fascista, preconceituoso, desqualificado, homofóbico, racista, misógino, retrógrado, arauto da tortura, adorador de torturadores, amante das ditaduras, subserviente aos militares - especialmente 'os de pijama'"". A decisão de abrir o processo foi divulgada nesta terça-feira (11). O texto de Moreira diz ainda que, na opinião dele, integrantes do Poder Judiciário e do Ministério Público estão ""sempre confortavelmente instalados nas antessalas do Poder"". Na avaliação do corregedor nacional do Ministério Público, Orlando Rochadel, a conduta de Moreira é incompatível com o cargo e é ""reprovável"". Um dos argumentos utilizados pela defesa do procurador durante a sessão do CNMP, foi de que no momento em que Moreira escreveu o texto, em 28 de outubro, Bolsonaro ainda não havia sido diplomado.",texto|ministério|processo|escrever|após|baiano|alvo|um|é|que|vira|crítico|bolsonaro|artigo|procurador|moreira|público
119_12-12-18_19_34.csv,salvadordez,"O simbolismo da diplomação de Bolsonaro no Dia Internacional dos Direitos HumanosPostado dia 11 de Dezembro de 2018A diplomação de Jair Bolsonaro como presidente da República ser justamente no Dia Internacional dos Direitos Humanos foi uma coincidência.
No entanto, como ressaltou nas entrelinhas a presidente do Tribunal Superior Eleitoral (TSE), ministra Rosa Weber, é uma data simbólica para que um novo presidente seja devidamente reconhecido como eleito.
Ainda assim, não há garantias reais de que respeitará grupos considerados à margem de direitos sociais e humanos.
Pode até ser, mas não deixa de ser simbólico que as mulheres liderem apenas dois ministérios e que não haja nenhum negro na principal linha auxiliar do chefe do Executivo.
Não deu espaço para que se mantenha a guarda levantada para ameaças aos direitos das minorias, algo tácito na Declaração Universal dos Direitos Humanos.",,"O simbolismo da diplomação de Bolsonaro no Dia Internacional dos Direitos Humanos

Postado dia 11 de Dezembro de 2018

A diplomação de Jair Bolsonaro como presidente da República ser justamente no Dia Internacional dos Direitos Humanos foi uma coincidência. No entanto, como ressaltou nas entrelinhas a presidente do Tribunal Superior Eleitoral (TSE), ministra Rosa Weber, é uma data simbólica para que um novo presidente seja devidamente reconhecido como eleito. Nesse ponto, o próximo governo precisa refletir sobre o papel enquanto garantidor desses direitos. Bolsonaro tem um histórico de discursos que atacam minorias. Durante o processo eleitoral, o então candidato do PSL até minimizou ligeiramente o tom, mas ainda assim reforçou preconceitos e levantou dúvidas quanto ao próprio posicionamento enquanto presidente ""para todos os brasileiros"", não apenas para aqueles que votaram nele. Desde o segundo turno, manteve a posição e adotou uma postura mais estadista e menos panfletária. Ainda assim, não há garantias reais de que respeitará grupos considerados à margem de direitos sociais e humanos. A próxima Esplanada dos Ministérios mostra que a diversidade não será necessariamente uma preocupação do governo que se inicia em 1º de janeiro. Aliás, mesmo que tenha havido pequenos avanços nos governos de Luiz Inácio Lula da Silva e Dilma Rousseff, as minorias sempre foram sub-representadas no primeiro escalão federal. A chegada de Michel Temer ao Palácio do Planalto reforçou o estereótipo típico de muitos governos: homens em sua maioria, brancos e com discursos de heteronormatividade clássico. Bolsonaro seguiu a linha. ""Mas o critério foi competência"", ressaltarão os defensores do presidente. Pode até ser, mas não deixa de ser simbólico que as mulheres liderem apenas dois ministérios e que não haja nenhum negro na principal linha auxiliar do chefe do Executivo. Esse discurso de meritocracia esbarra no simples fato de que é impossível que não existam mulheres e negros aptos a exercerem funções de ministros em um país como o Brasil. Há aos montes. Porém é importante dar um destaque ao posicionamento do cargo mais simbólico para a defesa de minorias no alto escalão da União, a ministra da Mulher, Família e Direitos Humanos, Damares Alves. Em discursos prévios, a ex-auxiliar do senador Magno Malta se destacou por posições que vão de encontro ao esperado por movimentos que lutam pelos direitos das mulheres, dos LGBTs e outras minorias. O nome da própria pasta sinaliza que há um quê de conservadorismo na posição e mostra que a construção mais progressista da sociedade - algo muito caro a segmentos à margem de direitos fundamentais - vai encontrar entraves. Por enquanto, Bolsonaro sinalizou que tentará distanciar o discurso do candidato do discurso do presidente. Não deu espaço para que se mantenha a guarda levantada para ameaças aos direitos das minorias, algo tácito na Declaração Universal dos Direitos Humanos. Porém a ministra Rosa Weber foi feliz ao também dar sinais que os brasileiros estarão vigilantes para que o documento que completou 70 anos nesta segunda-feira (10) continue a ser um balizador do Estado que chamamos de nação. Este texto integra o comentário desta terça-feira (11) para a RBN Digital, veiculado às 7h e às 12h30, e para as rádios Excelsior, Irecê Líder FM, Clube FM e RB FM.",dia|dos|um|minorias|humanos|internacional|simbolismo|diplomação|bolsonaro|que|para|presidente|direitos|da|não
119_12-12-18_19_34.csv,salvadordez,"Everaldo defende 'renovação de ideias' e PT moderno com pauta sustentávelPostado dia 11 de Dezembro de 2018Presidente do PT na Bahia, Everaldo Anunciação defendeu que a legenda precisa passar por uma renovação de ideias e não necessariamente nas idades dos seus quadros de liderança.
Precisamos de uma renovação das ideias para discutir esse novo momento da política nacional"", falou Anunciação que terminará o mandato no próximo ano e não poderá ser reconduzido ao cargo.
""Temos um partido que foi criado na base sindical e que tem uma cultura firmada em atividades físicas, como debates e distribuição de panfletos"", narrou.
Everaldo também disse que, na renovação de ideias, o PT deverá incorporar bandeiras mais modernas, como o desenvolvimento sustentável e algumas temáticas mais específicas ligadas aos direitos humanos e a cultura.
FUTURO Após passar dois mandatos no comando do PT baiano, Everaldo diz que tirará um período de férias depois de deixar o cargo.",,"Everaldo defende 'renovação de ideias' e PT moderno com pauta sustentável

Postado dia 11 de Dezembro de 2018

Presidente do PT na Bahia, Everaldo Anunciação defendeu que a legenda precisa passar por uma renovação de ideias e não necessariamente nas idades dos seus quadros de liderança. O dirigente rebateu a fala do novo líder do governo na Assembleia Legislativa da Bahia (AL-BA), Rosemberg Pinto (PT), que defendeu um nome jovem para a presidência estadual do partido em 2019 (veja aqui). ""Eu me prendo mais ao vínculo das ideias do que ao de idade. Precisamos de uma renovação das ideias para discutir esse novo momento da política nacional"", falou Anunciação que terminará o mandato no próximo ano e não poderá ser reconduzido ao cargo. ""Temos um partido que foi criado na base sindical e que tem uma cultura firmada em atividades físicas, como debates e distribuição de panfletos"", narrou. ""Hoje a gente vive no mundo online e o PT precisa se adequar a essas novas ferramentas"", completou. Everaldo também disse que, na renovação de ideias, o PT deverá incorporar bandeiras mais modernas, como o desenvolvimento sustentável e algumas temáticas mais específicas ligadas aos direitos humanos e a cultura. O partido deverá definir seus novos líderes até o fim do primeiro semestre de 2019. FUTURO Após passar dois mandatos no comando do PT baiano, Everaldo diz que tirará um período de férias depois de deixar o cargo. ""Estou na direção da Executiva por dois mandatos. Pretendo, assim que terminar, tirar férias para descarregar o HD. Quero fazer alguma viagem para conhecer novas experiências políticas e realimentar a minha militância"", defendeu. O atual presidente, que não possui qualquer mandato eletivo, também afastou a possibilidade de concorrer a um cargo em 2020, nas eleições municipais. ""Eu sou um militante. Algumas pessoas me sugerem disputa eleitoral, mas não é isso que me move. Eu pretendo tirar férias"", ponderou.",uma|moderno|pt|partido|um|que|ideias|para|everaldo|com|não|sustentável|defende|renovação|pauta
119_12-12-18_19_34.csv,salvadordez,"Bell Marques terá mini turnê por três cidades com projeto Jingle BellPostado dia 11 de Dezembro de 2018Logo após o Carnatal, no Rio Grande do Norte, onde será o único cantor a comandar 4 dias de show, Bell Marques se prepara para uma mini turnê do projeto Jingle Bell, que passará por São Paulo (21/12) e Brasília (22/12) antes de chegar em Salvador (23/12).
No evento, o artista se despede de 2018 em clima festivo, brincando com as referências natalinas.
Bell sugere que os foliões compareçam de branco e promete uma surpresa para o público das três cidades: o DVD Bell Marques - Só As Antigas, gravado na capital baiana, será distribuído em primeira mão.
As apresentações acontecem, respectivamente, no Expo Barra Funda (SP), na Arena Lounge Estado Nacional (BSB) e no Cerimonial Rainha Leonor - Pupileira (SSA).
No show, Bell Marques trará um repertório com novidades para o Carnaval, com novas apostas como ""B de Bell"", que ele já vem testando nas redes sociais e em algumas apresentações.",,"Bell Marques terá mini turnê por três cidades com projeto Jingle Bell

Postado dia 11 de Dezembro de 2018

Logo após o Carnatal, no Rio Grande do Norte, onde será o único cantor a comandar 4 dias de show, Bell Marques se prepara para uma mini turnê do projeto Jingle Bell, que passará por São Paulo (21/12) e Brasília (22/12) antes de chegar em Salvador (23/12). No evento, o artista se despede de 2018 em clima festivo, brincando com as referências natalinas. Bell sugere que os foliões compareçam de branco e promete uma surpresa para o público das três cidades: o DVD Bell Marques - Só As Antigas, gravado na capital baiana, será distribuído em primeira mão. As apresentações acontecem, respectivamente, no Expo Barra Funda (SP), na Arena Lounge Estado Nacional (BSB) e no Cerimonial Rainha Leonor - Pupileira (SSA). No show, Bell Marques trará um repertório com novidades para o Carnaval, com novas apostas como ""B de Bell"", que ele já vem testando nas redes sociais e em algumas apresentações.",jingle|uma|três|mini|turnê|por|bell|em|que|projeto|marques|para|com|será|terá
119_12-12-18_19_34.csv,salvadordez,"RASTREAMENTO ONLINE VIA CORREIOSPrazo de entrega de 15 a 25 dias úteis, após a confirmação do pagamento.
FRETE GRÁTIS PARA TODO O BRASIL",,"RASTREAMENTO ONLINE VIA CORREIOS

Prazo de entrega de 15 a 25 dias úteis, após a confirmação do pagamento.

FRETE GRÁTIS PARA TODO O BRASIL",rastreamento|grátis|correiosprazo|úteis|todo|para|pagamentofrete|online|entrega|virtual|loja|dias
