Timestamp,Source,Summary,Authors,Text,Keywords
122_12-12-18_19_37.csv,teiadenoticias,"O Serviço de Intermediação para o trabalho SineBahia oferece 84 vagas de emprego para esta segunda-feira (03).
Os interessados deverão ir a um dos postos do Sine, levando Carteira de Trabalho, RG, CPF, Comprovante de Residência e Certificado de escolaridade.
Estas são apenas algumas vagas disponíveis, para consultar a lista completa o trabalhador deve comparecer à unidade do SineBahia.
Os interessados deverão ir a um dos postos do Sine, levando Carteira de Trabalho, RG, CPF, Comprovante de Residência e de Escolaridade.
CLIQUE AQUI E CONFIRA A LISTA COM TODAS AS VAGAS PARA ESTA SEGUNDA-FEIRA (03)",,"O Serviço de Intermediação para o trabalho SineBahia oferece 84 vagas de emprego para esta segunda-feira (03). Os interessados deverão ir a um dos postos do Sine, levando Carteira de Trabalho, RG, CPF, Comprovante de Residência e Certificado de escolaridade.

Estas são apenas algumas vagas disponíveis, para consultar a lista completa o trabalhador deve comparecer à unidade do SineBahia. Os interessados deverão ir a um dos postos do Sine, levando Carteira de Trabalho, RG, CPF, Comprovante de Residência e de Escolaridade.

Os interessados devem se apresentar a uma unidade do órgão com carteira de trabalho, RG, CPF, comprovante de residência e certificado de escolaridade e laudo médico (PCD).

O SineBahia informa que as vagas divulgadas são apenas algumas entre as disponíveis. Para consultar a lista completa, o trabalhador deve comparecer à unidade do seu município.

CLIQUE AQUI E CONFIRA A LISTA COM TODAS AS VAGAS PARA ESTA SEGUNDA-FEIRA (03)",lista|unidade|segundafeira|dia|trabalho|rg|03|sinebahia|dezembro|84|vagas|para|cpf|interessados|confira|oferece|residência
122_12-12-18_19_37.csv,teiadenoticias,"O resultado da Lotofácil 1740 será divulgado no dia 21/11/2018, quarta-feira, a partir das 20:00 horas.
A Lotofácil 1740 ocorrerá no dia 21 de novembro de 2018 e o prêmio principal está estimado em R$ 2.000.000,00 para quem acertar o resultado da Lotofácil 1740.
Os valores de cada prêmio da Lotofácil 1740 serão informados no painel de resultado do Teia de Notícias após o rateio.
O sorteio da Lotofácil 1740 será realizado em , no Caminhão da Sorte, e o resultado da Lotofácil 1740 será divulgado a partir das 20:00 horas no painel de resultado do Teia de Notícias.
Apostando no concurso da Lotofácil 1740Para apostar no concurso da Lotofácil 1740 basta comparecer a uma Casa Lotérica e preencher seu jogo no volante de apostas que contém 25 números de 01 a 25.",,"O resultado da Lotofácil 1740 será divulgado no dia 21/11/2018, quarta-feira, a partir das 20:00 horas.

A Lotofácil 1740 ocorrerá no dia 21 de novembro de 2018 e o prêmio principal está estimado em R$ 2.000.000,00 para quem acertar o resultado da Lotofácil 1740. Quem acertar 14, 13, 12 ou 11 números também ganha prêmio de menor valor. Se não houver nenhum ganhador com 15 números no resultado da Lotofácil concurso 1740 o prêmio principal acumula para o .

Os valores de cada prêmio da Lotofácil 1740 serão informados no painel de resultado do Teia de Notícias após o rateio.

Resultado da Lotofacil, concurso 1740 de 21/11/2018

01 02 03 04 05 06 08 09 10 11 16 18 19 22 24

Acertos Ganhadores Prêmio (R$) 15 2 R$ 1.026.966,22 14 279 R$ 2.265,16 13 11.000 R$ 20,00 12 162.878 R$ 8,00 11 917.044 R$ 4,00

Os ganhadores são das cidades de Ananindeua (PA), Rio de Janeiro (RJ).

O sorteio da Lotofácil 1740 será realizado em , no Caminhão da Sorte, e o resultado da Lotofácil 1740 será divulgado a partir das 20:00 horas no painel de resultado do Teia de Notícias.

Este horário é estimado e pode ocorrer atraso por motivo de força maior. O local usual do sorteio também poderá ser alterado pela Caixa sem aviso prévio.

O resultado da Lotofácil é divulgado na segunda-feira, quarta-feira e sexta-feira, todas as semanas. Quando feriado o sorteio é transferido para o dia seguinte.

Apostando no concurso da Lotofácil 1740

Para apostar no concurso da Lotofácil 1740 basta comparecer a uma Casa Lotérica e preencher seu jogo no volante de apostas que contém 25 números de 01 a 25. Em um único jogo você pode escolher entre 15 e 18 números com os respectivos custos de aposta por jogo:

15 números: R$ 2,00

R$ 2,00 16 números: R$ 32,00

R$ 32,00 17 números: R$ 272,00

R$ 272,00 18 números: R$ 1.632,00

As probabilidades de acerto das apostas acima são:

Aposta 15 Acertos 14 Acertos 13 Acertos 12 Acertos 11 Acertos 15 números 1 chance em 3.268.760 jogos 1 em 21.791 1 em 691 1 em 59 1 em 11 16 números 1 chance em 204.297 jogos 1 em 3.026 1 em 162 1 em 21 1 em 5,9 17 números 1 chance em 24.035 jogos 1 em 600 1 em 49 1 em 9,4 1 em 3,7 18 números 1 chance em 4.005 jogos 1 em 152 1 em 18 1 em 5 1 em 2,9

Em um único volante de apostas da Lotofácil é possível marcar até 2 jogos. Há a opção de deixar que o sistema de apostas da Caixa escolha os números por você. Deixe o volante da Lotofácil em branco e marque entre 1 e 7 jogos no campo SURPRESINHA.

Há também a opção TEIMOSINHA, onde você pode repetir o mesmo jogo nos próximos concursos da Lotofácil. Basta marcar 3, 6, 9 ou 12 concursos.

Se desejar apostar em grupo na Lotofácil 1740 você ainda pode fazer o Bolão CAIXA para dividir em cotas por apostador. Assim, cada apostador recebe um bilhete de apostas com todos os jogos realizados para conferência e se ganharem cada um pode retirar a sua parte no prêmio individualmente. A Caixa irá garantir que cada apostador receba a parte do prêmio a que tem direito.

O valor mínimo do Bolão da Lotofácil 1740 é de R$ 32,00, ou seja, 16 jogos de 15 números, e cada cota não pode ser inferior a R$ 2,50 com o mínimo de 2 e máximo de 13 cotas para apostas de até 16 números ou o mínimo de 2 e máximo de 25 cotas para apostas de 17 ou 18 números. No volante de apostas da Lotofácil há um campo onde se marca o número de cotas.

Você também pode comprar cotas de bolões organizados pelas próprias Casas Lotéricas onde poderá ser cobrada Tarifa de Serviço adicional de até 35% do valor de cada cota.

Aos ganhadores da Lotofácil 1740

Caso você seja um dos ganhadores da Lotofácil 1740 saiba que pode receber seu prêmio em qualquer casa Lotérica ou agência da Caixa se o valor do prêmio for igual ou inferior a R$ 1.903,98. Para prêmios acima deste valor somente nas agências da Caixa Econômica Federal. Após apresentar o bilhete premiado na rede bancária da Caixa, se o valor do prêmio for superior a R$ 10.000.000 (dez mil reais), é necessário aguardar 2(dois) dias para que o prêmio seja pago.

O bilhete da Lotofácil 1740 é a única forma de comprovar sua aposta e receber o prêmio caso seus números sejam sorteados neste concurso, portanto, guarde-o em um local seguro e não se esqueça de colocar seu nome e o número de seu CPF no verso do bilhete para evitar o saque do prêmio por outra pessoa. Somente você poderá retirar o prêmio apresentando seu CPF.",resultado|jogos|lotofácil|r|quarta|em|números|para|21112018|pode|prêmio|da|1740
122_12-12-18_19_37.csv,teiadenoticias,"O resultado da Mega Sena 2099 será divulgado no dia 21/11/2018, quarta-feira, a partir das 20:00 horas direto do Caminhão da Sorte.
A Mega Sena 2099 ocorrerá no dia 21 de novembro de 2018 e o prêmio principal está estimado em R$ 43.500.000,00 para quem acertar o resultado da Mega Sena 2099.
Se não houver nenhum ganhador com 6 números no resultado da Mega Sena concurso 2099 o prêmio principal acumula para o próximo concurso da Mega Sena.
Os valores de cada prêmio da Mega Sena 2099 serão informados no painel de resultado do Teia de Notícias após o rateio.
Resultado da Mega Sena, concurso 2099 de 21/11/201805 15 20 27 30 58Acertos Ganhadores Prêmio (R$) Sena 0 R$ 0,00 Quina 97 R$ 34.495,53 Quadra 7.549 R$ 633,20O sorteio da Mega Sena 2099 será realizado em Campos Belos, Goiás, Rua C Doze, 130-270, no Caminhão da Sorte, e o resultado da Mega Sena 2099 será divulgado a partir das 20:00 horas no painel de resultado do Teia de Notícias.",,"O resultado da Mega Sena 2099 será divulgado no dia 21/11/2018, quarta-feira, a partir das 20:00 horas direto do Caminhão da Sorte.

A Mega Sena 2099 ocorrerá no dia 21 de novembro de 2018 e o prêmio principal está estimado em R$ 43.500.000,00 para quem acertar o resultado da Mega Sena 2099. Quem acertar a QUINA com 5 números ou a QUADRA com 4 números também ganha prêmio de menor valor. Se não houver nenhum ganhador com 6 números no resultado da Mega Sena concurso 2099 o prêmio principal acumula para o próximo concurso da Mega Sena.

Os valores de cada prêmio da Mega Sena 2099 serão informados no painel de resultado do Teia de Notícias após o rateio.

Resultado da Mega Sena, concurso 2099 de 21/11/2018

05 15 20 27 30 58

Acertos Ganhadores Prêmio (R$) Sena 0 R$ 0,00 Quina 97 R$ 34.495,53 Quadra 7.549 R$ 633,20

O sorteio da Mega Sena 2099 será realizado em Campos Belos, Goiás, Rua C Doze, 130-270, no Caminhão da Sorte, e o resultado da Mega Sena 2099 será divulgado a partir das 20:00 horas no painel de resultado do Teia de Notícias.

Este horário é estimado e pode ocorrer atraso por motivo de força maior. O local usual do sorteio também poderá ser alterado pela Caixa sem aviso prévio.

O resultado da Mega Sena é divulgado na quarta-feira e no sábado, todas as semanas. Quando feriado, o sorteio é transferido para o dia seguinte. Em caso de feriado no sábado, o sorteio da Mega Sena é antecipado para sexta-feira.

A Mega Sena acumula 22% do valor bruto da premiação dos concursos de final 1, 2, 3 e 4 para o prêmio principal do concurso de final 5 e o mesmo percentual da premiação dos concursos de final 6, 7, 8 e 9 para o prêmio principal do concurso de final 0.

Apostando no concurso da Mega Sena 2099

Para apostar no concurso da Mega Sena 2099 basta comparecer a uma Casa Lotérica e preencher seu jogo no volante de apostas que contém 60 números de 01 a 60. Em um único jogo você pode escolher entre 6 e 15 números com os respectivos custos de aposta por jogo:

06 números: R$ 3,50

07 números: R$ 24,50

08 números: R$ 98,00

09 números: R$ 294,00

10 números: R$ 735,00

11 números: R$ 1.617,00

12 números: R$ 3.234,00

13 números: R$ 6.006,00

14 números: R$ 10.510,50

15 números: R$ 17.517,50

As probabilidades de acerto das apostas acima são:

Aposta SENA QUINA QUADRA

06 números 1 chance em 50.063.860 de jogos 1 em 154.518 1 em 2.332

07 números 1 chance em 7.151.980 jogos 1 em 44.981 1 em 1.038

08 números 1 chance em 1.787.995 jogos 1 em 17.192 1 em 539

09 números 1 chance em 595.998 jogos 1 em 7.791 1 em 312

10 números 1 chance em 238.399 jogos 1 em 3.973 1 em 195

11 números 1 chance em 108.363 jogos 1 em 2.211 1 em 129

12 números 1 chance em 54.182 jogos 1 em 1.317 1 em 90

13 números 1 chance em 29.175 jogos 1 em 828 1 em 65

14 números 1 chance em 16.671 jogos 1 em 544 1 em 48

15 números 1 chance em 10.003 jogos 1 em 370 1 em 37

Em um único volante de apostas da Mega Sena é possível marcar até 2 jogos. Há a opção de deixar que o sistema de apostas da Caixa escolha os números por você. Deixe o volante da Mega Sena em branco e marque entre 1 e 8 jogos no campo SURPRESINHA.

Há também a opção TEIMOSINHA, onde você pode repetir o mesmo jogo nos próximos concursos da Mega Sena. Basta marcar 2, 4 ou 8 concursos.

Se desejar apostar em grupo na Mega Sena 2099 você ainda pode fazer o Bolão CAIXA para dividir em cotas por apostador. Assim, cada apostador recebe um bilhete de apostas com todos os jogos realizados para conferência e se ganharem cada um pode retirar a sua parte no prêmio individualmente. A Caixa irá garantir que cada apostador receba a parte do prêmio a que tem direito.

O valor mínimo do Bolão da Mega Sena 2099 é de R$ 10,00, ou seja, 3 jogos de 6 números, e cada cota não pode ser inferior a R$ 4,00 com o mínimo de 2 e máximo de 100 cotas. No volante de apostas da Mega Sena há um campo onde se marca o número de cotas.

Você também pode comprar cotas de bolões organizados pelas próprias Casas Lotéricas onde poderá ser cobrada Tarifa de Serviço adicional de até 35% do valor de cada cota.

Aos ganhadores da Mega Sena 2099

Caso você seja um dos ganhadores da Mega Sena 2099 saiba que pode receber seu prêmio em qualquer casa Lotérica ou agência da Caixa se o valor do prêmio for igual ou inferior a R$ 1.903,98. Para prêmios acima deste valor somente nas agências da Caixa Econômica Federal. Após apresentar o bilhete premiado na rede bancária da Caixa, se o valor do prêmio for superior a R$ 10.000.000 (dez mil reais), é necessário aguardar 2(dois) dias para que o prêmio seja pago.

O bilhete da Mega Sena 2099 é a única forma de comprovar sua aposta e receber o prêmio caso seus números sejam sorteados neste concurso, portanto, guarde-o em um local seguro e não se esqueça de colocar seu nome e o número de seu CPF no verso do bilhete para evitar o saque do prêmio por outra pessoa. Somente você poderá retirar o prêmio apresentando seu CPF.",resultado|jogos|2099|r|quarta|em|números|para|21112018|mega|prêmio|da|sena
122_12-12-18_19_37.csv,teiadenoticias,"Portanto, é de extrema importância que fotógrafos conheçam e saibam controlar a luz em suas produções.
Você pode se cadastrar no site de transmissão para ser avisado no dia em que a palestra grátis ocorrer: www.danilorusso.com.br/palestragratuita.
Nesta palestra, você aprenderá todas as possibilidades e maneiras de usar a luz em ensaios de estúdio, externa e em locações.
Sobre Danilo RussoNascido em Gênova, Itália, mora no Brasil há 15 anos onde dirige o Instituto Internacional de Fotografia.
Ele atua como fotógrafo e ministra cursos com entusiasmo de quem entende do assunto.",,"A iluminação é nada menos que a essência da fotografia. A própria palavra diz isso: escrever com a luz. Portanto, é de extrema importância que fotógrafos conheçam e saibam controlar a luz em suas produções.

O fotógrafo italiano Danilo Russo, radicado no Brasil e diretor do Instituto Internacional de Fotografia (IIF), ministrará no dia 01/12, às 20h (horário de Brasília), a palestra “Iluminação: a essência de um grande fotógrafo”. Você pode se cadastrar no site de transmissão para ser avisado no dia em que a palestra grátis ocorrer: www.danilorusso.com.br/palestragratuita.

Nesta palestra, você aprenderá todas as possibilidades e maneiras de usar a luz em ensaios de estúdio, externa e em locações. Durante a palestra, haverá participação de Altair Hoppe, especialista em imagem carinhosamente conhecido como “mago do Photoshop”.

Sobre Danilo Russo

Nascido em Gênova, Itália, mora no Brasil há 15 anos onde dirige o Instituto Internacional de Fotografia. Ele atua como fotógrafo e ministra cursos com entusiasmo de quem entende do assunto. Estudou fotografia no Instituto Europeu de Design, em Milão, e no seu portfólio há trabalhos importantes realizados para várias revistas de moda como W América, Vogue, Harper´s Bazaar Uomo, Elle, entre outras. No Brasil, fez editoriais para as revistas Audi Magazine, Elle e Marie Claire, além de fotos para clientes como Camisaria Colombo, Unibanco, Natura, Le Postiche, Olympikus, Sadia, WallMart e muito mais.",fotografia|ministra|minicurso|luz|salvador|em|que|para|como|fotógrafo|instituto|italiano|fotografo|brasil|palestra
122_12-12-18_19_37.csv,teiadenoticias,"O Serviço de Intermediação para o trabalho SineBahia oferece 84 vagas de emprego para esta segunda-feira (03).
Os interessados deverão ir a um dos postos do Sine, levando Carteira de Trabalho, RG, CPF, Comprovante de Residência e Certificado de escolaridade.
Estas são apenas algumas vagas disponíveis, para consultar a lista completa o trabalhador deve comparecer à unidade do SineBahia.
Os interessados deverão ir a um dos postos do Sine, levando Carteira de Trabalho, RG, CPF, Comprovante de Residência e de Escolaridade.
CLIQUE AQUI E CONFIRA A LISTA COM TODAS AS VAGAS PARA ESTA SEGUNDA-FEIRA (03)",,"O Serviço de Intermediação para o trabalho SineBahia oferece 84 vagas de emprego para esta segunda-feira (03). Os interessados deverão ir a um dos postos do Sine, levando Carteira de Trabalho, RG, CPF, Comprovante de Residência e Certificado de escolaridade.

Estas são apenas algumas vagas disponíveis, para consultar a lista completa o trabalhador deve comparecer à unidade do SineBahia. Os interessados deverão ir a um dos postos do Sine, levando Carteira de Trabalho, RG, CPF, Comprovante de Residência e de Escolaridade.

Os interessados devem se apresentar a uma unidade do órgão com carteira de trabalho, RG, CPF, comprovante de residência e certificado de escolaridade e laudo médico (PCD).

O SineBahia informa que as vagas divulgadas são apenas algumas entre as disponíveis. Para consultar a lista completa, o trabalhador deve comparecer à unidade do seu município.

CLIQUE AQUI E CONFIRA A LISTA COM TODAS AS VAGAS PARA ESTA SEGUNDA-FEIRA (03)",lista|unidade|segundafeira|dia|trabalho|rg|03|sinebahia|dezembro|84|vagas|para|cpf|interessados|confira|oferece|residência
122_12-12-18_19_37.csv,teiadenoticias,"O resultado da Lotofácil 1740 será divulgado no dia 21/11/2018, quarta-feira, a partir das 20:00 horas.
A Lotofácil 1740 ocorrerá no dia 21 de novembro de 2018 e o prêmio principal está estimado em R$ 2.000.000,00 para quem acertar o resultado da Lotofácil 1740.
Os valores de cada prêmio da Lotofácil 1740 serão informados no painel de resultado do Teia de Notícias após o rateio.
O sorteio da Lotofácil 1740 será realizado em , no Caminhão da Sorte, e o resultado da Lotofácil 1740 será divulgado a partir das 20:00 horas no painel de resultado do Teia de Notícias.
Apostando no concurso da Lotofácil 1740Para apostar no concurso da Lotofácil 1740 basta comparecer a uma Casa Lotérica e preencher seu jogo no volante de apostas que contém 25 números de 01 a 25.",,"O resultado da Lotofácil 1740 será divulgado no dia 21/11/2018, quarta-feira, a partir das 20:00 horas.

A Lotofácil 1740 ocorrerá no dia 21 de novembro de 2018 e o prêmio principal está estimado em R$ 2.000.000,00 para quem acertar o resultado da Lotofácil 1740. Quem acertar 14, 13, 12 ou 11 números também ganha prêmio de menor valor. Se não houver nenhum ganhador com 15 números no resultado da Lotofácil concurso 1740 o prêmio principal acumula para o .

Os valores de cada prêmio da Lotofácil 1740 serão informados no painel de resultado do Teia de Notícias após o rateio.

Resultado da Lotofacil, concurso 1740 de 21/11/2018

01 02 03 04 05 06 08 09 10 11 16 18 19 22 24

Acertos Ganhadores Prêmio (R$) 15 2 R$ 1.026.966,22 14 279 R$ 2.265,16 13 11.000 R$ 20,00 12 162.878 R$ 8,00 11 917.044 R$ 4,00

Os ganhadores são das cidades de Ananindeua (PA), Rio de Janeiro (RJ).

O sorteio da Lotofácil 1740 será realizado em , no Caminhão da Sorte, e o resultado da Lotofácil 1740 será divulgado a partir das 20:00 horas no painel de resultado do Teia de Notícias.

Este horário é estimado e pode ocorrer atraso por motivo de força maior. O local usual do sorteio também poderá ser alterado pela Caixa sem aviso prévio.

O resultado da Lotofácil é divulgado na segunda-feira, quarta-feira e sexta-feira, todas as semanas. Quando feriado o sorteio é transferido para o dia seguinte.

Apostando no concurso da Lotofácil 1740

Para apostar no concurso da Lotofácil 1740 basta comparecer a uma Casa Lotérica e preencher seu jogo no volante de apostas que contém 25 números de 01 a 25. Em um único jogo você pode escolher entre 15 e 18 números com os respectivos custos de aposta por jogo:

15 números: R$ 2,00

R$ 2,00 16 números: R$ 32,00

R$ 32,00 17 números: R$ 272,00

R$ 272,00 18 números: R$ 1.632,00

As probabilidades de acerto das apostas acima são:

Aposta 15 Acertos 14 Acertos 13 Acertos 12 Acertos 11 Acertos 15 números 1 chance em 3.268.760 jogos 1 em 21.791 1 em 691 1 em 59 1 em 11 16 números 1 chance em 204.297 jogos 1 em 3.026 1 em 162 1 em 21 1 em 5,9 17 números 1 chance em 24.035 jogos 1 em 600 1 em 49 1 em 9,4 1 em 3,7 18 números 1 chance em 4.005 jogos 1 em 152 1 em 18 1 em 5 1 em 2,9

Em um único volante de apostas da Lotofácil é possível marcar até 2 jogos. Há a opção de deixar que o sistema de apostas da Caixa escolha os números por você. Deixe o volante da Lotofácil em branco e marque entre 1 e 7 jogos no campo SURPRESINHA.

Há também a opção TEIMOSINHA, onde você pode repetir o mesmo jogo nos próximos concursos da Lotofácil. Basta marcar 3, 6, 9 ou 12 concursos.

Se desejar apostar em grupo na Lotofácil 1740 você ainda pode fazer o Bolão CAIXA para dividir em cotas por apostador. Assim, cada apostador recebe um bilhete de apostas com todos os jogos realizados para conferência e se ganharem cada um pode retirar a sua parte no prêmio individualmente. A Caixa irá garantir que cada apostador receba a parte do prêmio a que tem direito.

O valor mínimo do Bolão da Lotofácil 1740 é de R$ 32,00, ou seja, 16 jogos de 15 números, e cada cota não pode ser inferior a R$ 2,50 com o mínimo de 2 e máximo de 13 cotas para apostas de até 16 números ou o mínimo de 2 e máximo de 25 cotas para apostas de 17 ou 18 números. No volante de apostas da Lotofácil há um campo onde se marca o número de cotas.

Você também pode comprar cotas de bolões organizados pelas próprias Casas Lotéricas onde poderá ser cobrada Tarifa de Serviço adicional de até 35% do valor de cada cota.

Aos ganhadores da Lotofácil 1740

Caso você seja um dos ganhadores da Lotofácil 1740 saiba que pode receber seu prêmio em qualquer casa Lotérica ou agência da Caixa se o valor do prêmio for igual ou inferior a R$ 1.903,98. Para prêmios acima deste valor somente nas agências da Caixa Econômica Federal. Após apresentar o bilhete premiado na rede bancária da Caixa, se o valor do prêmio for superior a R$ 10.000.000 (dez mil reais), é necessário aguardar 2(dois) dias para que o prêmio seja pago.

O bilhete da Lotofácil 1740 é a única forma de comprovar sua aposta e receber o prêmio caso seus números sejam sorteados neste concurso, portanto, guarde-o em um local seguro e não se esqueça de colocar seu nome e o número de seu CPF no verso do bilhete para evitar o saque do prêmio por outra pessoa. Somente você poderá retirar o prêmio apresentando seu CPF.",resultado|jogos|lotofácil|r|quarta|em|números|para|21112018|pode|prêmio|da|1740
122_12-12-18_19_37.csv,teiadenoticias,"O resultado da Mega Sena 2099 será divulgado no dia 21/11/2018, quarta-feira, a partir das 20:00 horas direto do Caminhão da Sorte.
A Mega Sena 2099 ocorrerá no dia 21 de novembro de 2018 e o prêmio principal está estimado em R$ 43.500.000,00 para quem acertar o resultado da Mega Sena 2099.
Se não houver nenhum ganhador com 6 números no resultado da Mega Sena concurso 2099 o prêmio principal acumula para o próximo concurso da Mega Sena.
Os valores de cada prêmio da Mega Sena 2099 serão informados no painel de resultado do Teia de Notícias após o rateio.
Resultado da Mega Sena, concurso 2099 de 21/11/201805 15 20 27 30 58Acertos Ganhadores Prêmio (R$) Sena 0 R$ 0,00 Quina 97 R$ 34.495,53 Quadra 7.549 R$ 633,20O sorteio da Mega Sena 2099 será realizado em Campos Belos, Goiás, Rua C Doze, 130-270, no Caminhão da Sorte, e o resultado da Mega Sena 2099 será divulgado a partir das 20:00 horas no painel de resultado do Teia de Notícias.",,"O resultado da Mega Sena 2099 será divulgado no dia 21/11/2018, quarta-feira, a partir das 20:00 horas direto do Caminhão da Sorte.

A Mega Sena 2099 ocorrerá no dia 21 de novembro de 2018 e o prêmio principal está estimado em R$ 43.500.000,00 para quem acertar o resultado da Mega Sena 2099. Quem acertar a QUINA com 5 números ou a QUADRA com 4 números também ganha prêmio de menor valor. Se não houver nenhum ganhador com 6 números no resultado da Mega Sena concurso 2099 o prêmio principal acumula para o próximo concurso da Mega Sena.

Os valores de cada prêmio da Mega Sena 2099 serão informados no painel de resultado do Teia de Notícias após o rateio.

Resultado da Mega Sena, concurso 2099 de 21/11/2018

05 15 20 27 30 58

Acertos Ganhadores Prêmio (R$) Sena 0 R$ 0,00 Quina 97 R$ 34.495,53 Quadra 7.549 R$ 633,20

O sorteio da Mega Sena 2099 será realizado em Campos Belos, Goiás, Rua C Doze, 130-270, no Caminhão da Sorte, e o resultado da Mega Sena 2099 será divulgado a partir das 20:00 horas no painel de resultado do Teia de Notícias.

Este horário é estimado e pode ocorrer atraso por motivo de força maior. O local usual do sorteio também poderá ser alterado pela Caixa sem aviso prévio.

O resultado da Mega Sena é divulgado na quarta-feira e no sábado, todas as semanas. Quando feriado, o sorteio é transferido para o dia seguinte. Em caso de feriado no sábado, o sorteio da Mega Sena é antecipado para sexta-feira.

A Mega Sena acumula 22% do valor bruto da premiação dos concursos de final 1, 2, 3 e 4 para o prêmio principal do concurso de final 5 e o mesmo percentual da premiação dos concursos de final 6, 7, 8 e 9 para o prêmio principal do concurso de final 0.

Apostando no concurso da Mega Sena 2099

Para apostar no concurso da Mega Sena 2099 basta comparecer a uma Casa Lotérica e preencher seu jogo no volante de apostas que contém 60 números de 01 a 60. Em um único jogo você pode escolher entre 6 e 15 números com os respectivos custos de aposta por jogo:

06 números: R$ 3,50

07 números: R$ 24,50

08 números: R$ 98,00

09 números: R$ 294,00

10 números: R$ 735,00

11 números: R$ 1.617,00

12 números: R$ 3.234,00

13 números: R$ 6.006,00

14 números: R$ 10.510,50

15 números: R$ 17.517,50

As probabilidades de acerto das apostas acima são:

Aposta SENA QUINA QUADRA

06 números 1 chance em 50.063.860 de jogos 1 em 154.518 1 em 2.332

07 números 1 chance em 7.151.980 jogos 1 em 44.981 1 em 1.038

08 números 1 chance em 1.787.995 jogos 1 em 17.192 1 em 539

09 números 1 chance em 595.998 jogos 1 em 7.791 1 em 312

10 números 1 chance em 238.399 jogos 1 em 3.973 1 em 195

11 números 1 chance em 108.363 jogos 1 em 2.211 1 em 129

12 números 1 chance em 54.182 jogos 1 em 1.317 1 em 90

13 números 1 chance em 29.175 jogos 1 em 828 1 em 65

14 números 1 chance em 16.671 jogos 1 em 544 1 em 48

15 números 1 chance em 10.003 jogos 1 em 370 1 em 37

Em um único volante de apostas da Mega Sena é possível marcar até 2 jogos. Há a opção de deixar que o sistema de apostas da Caixa escolha os números por você. Deixe o volante da Mega Sena em branco e marque entre 1 e 8 jogos no campo SURPRESINHA.

Há também a opção TEIMOSINHA, onde você pode repetir o mesmo jogo nos próximos concursos da Mega Sena. Basta marcar 2, 4 ou 8 concursos.

Se desejar apostar em grupo na Mega Sena 2099 você ainda pode fazer o Bolão CAIXA para dividir em cotas por apostador. Assim, cada apostador recebe um bilhete de apostas com todos os jogos realizados para conferência e se ganharem cada um pode retirar a sua parte no prêmio individualmente. A Caixa irá garantir que cada apostador receba a parte do prêmio a que tem direito.

O valor mínimo do Bolão da Mega Sena 2099 é de R$ 10,00, ou seja, 3 jogos de 6 números, e cada cota não pode ser inferior a R$ 4,00 com o mínimo de 2 e máximo de 100 cotas. No volante de apostas da Mega Sena há um campo onde se marca o número de cotas.

Você também pode comprar cotas de bolões organizados pelas próprias Casas Lotéricas onde poderá ser cobrada Tarifa de Serviço adicional de até 35% do valor de cada cota.

Aos ganhadores da Mega Sena 2099

Caso você seja um dos ganhadores da Mega Sena 2099 saiba que pode receber seu prêmio em qualquer casa Lotérica ou agência da Caixa se o valor do prêmio for igual ou inferior a R$ 1.903,98. Para prêmios acima deste valor somente nas agências da Caixa Econômica Federal. Após apresentar o bilhete premiado na rede bancária da Caixa, se o valor do prêmio for superior a R$ 10.000.000 (dez mil reais), é necessário aguardar 2(dois) dias para que o prêmio seja pago.

O bilhete da Mega Sena 2099 é a única forma de comprovar sua aposta e receber o prêmio caso seus números sejam sorteados neste concurso, portanto, guarde-o em um local seguro e não se esqueça de colocar seu nome e o número de seu CPF no verso do bilhete para evitar o saque do prêmio por outra pessoa. Somente você poderá retirar o prêmio apresentando seu CPF.",resultado|jogos|2099|r|quarta|em|números|para|21112018|mega|prêmio|da|sena
122_12-12-18_19_37.csv,teiadenoticias,"Portanto, é de extrema importância que fotógrafos conheçam e saibam controlar a luz em suas produções.
Você pode se cadastrar no site de transmissão para ser avisado no dia em que a palestra grátis ocorrer: www.danilorusso.com.br/palestragratuita.
Nesta palestra, você aprenderá todas as possibilidades e maneiras de usar a luz em ensaios de estúdio, externa e em locações.
Sobre Danilo RussoNascido em Gênova, Itália, mora no Brasil há 15 anos onde dirige o Instituto Internacional de Fotografia.
Ele atua como fotógrafo e ministra cursos com entusiasmo de quem entende do assunto.",,"A iluminação é nada menos que a essência da fotografia. A própria palavra diz isso: escrever com a luz. Portanto, é de extrema importância que fotógrafos conheçam e saibam controlar a luz em suas produções.

O fotógrafo italiano Danilo Russo, radicado no Brasil e diretor do Instituto Internacional de Fotografia (IIF), ministrará no dia 01/12, às 20h (horário de Brasília), a palestra “Iluminação: a essência de um grande fotógrafo”. Você pode se cadastrar no site de transmissão para ser avisado no dia em que a palestra grátis ocorrer: www.danilorusso.com.br/palestragratuita.

Nesta palestra, você aprenderá todas as possibilidades e maneiras de usar a luz em ensaios de estúdio, externa e em locações. Durante a palestra, haverá participação de Altair Hoppe, especialista em imagem carinhosamente conhecido como “mago do Photoshop”.

Sobre Danilo Russo

Nascido em Gênova, Itália, mora no Brasil há 15 anos onde dirige o Instituto Internacional de Fotografia. Ele atua como fotógrafo e ministra cursos com entusiasmo de quem entende do assunto. Estudou fotografia no Instituto Europeu de Design, em Milão, e no seu portfólio há trabalhos importantes realizados para várias revistas de moda como W América, Vogue, Harper´s Bazaar Uomo, Elle, entre outras. No Brasil, fez editoriais para as revistas Audi Magazine, Elle e Marie Claire, além de fotos para clientes como Camisaria Colombo, Unibanco, Natura, Le Postiche, Olympikus, Sadia, WallMart e muito mais.",fotografia|ministra|minicurso|luz|salvador|em|que|para|como|fotógrafo|instituto|italiano|fotografo|brasil|palestra
122_12-12-18_19_37.csv,teiadenoticias,"Atualização sobre inscrições no Mais MédicosMais Médicos – O Ministério da Saúde informa que recebeu mais de 1 milhão de acessos simultâneos no momento da abertura do sistema para os médicos interessados na inscrição do Mais Médicos.
Para comparação, é mais que o dobro do número de médicos em atuação no país.
A expectativa é que o sistema se normalize.
Mais Médicos é um programa lançado em 8 de julho de 2013 pelo Governo Dilma, cujo objetivo é suprir a carência de médicos nos municípios do interior e nas periferias das grandes cidades do Brasil.
O programa levou 15 mil médicos para as áreas onde faltam profissionais.",,"Atualização sobre inscrições no Mais Médicos

Mais Médicos – O Ministério da Saúde informa que recebeu mais de 1 milhão de acessos simultâneos no momento da abertura do sistema para os médicos interessados na inscrição do Mais Médicos. O volume é característico de ataques cibernéticos. Para comparação, é mais que o dobro do número de médicos em atuação no país.

Para garantir a inscrição dos interessados, o Departamento de Informática do SUS (DATASUS/SE/MS) está isolando a aplicação dos ataques que se mantiveram ao longo da manhã, além de outras ações para estabilidade e performance do site.

Mesmo diante de momentos de instabilidade, o sistema já contabilizou 3.336 inscrições nas primeiras três horas da abertura do sistema.

A expectativa é que o sistema se normalize. Os interessados devem manter a tentativa de acesso.

O Ministério da Saúde alerta que eventuais responsabilidades pela inserção de dados falsos no sistema poderão ser apurados na esfera penal.

Mais Médicos é um programa lançado em 8 de julho de 2013 pelo Governo Dilma, cujo objetivo é suprir a carência de médicos nos municípios do interior e nas periferias das grandes cidades do Brasil. O programa levou 15 mil médicos para as áreas onde faltam profissionais.

Confira o cronograma do Edital

Fonte: portalms.saude.gov.br",se|atualização|saúde|divulga|é|sistema|governo|que|para|interessados|médicos|sobre|da|inscrições|mais
122_12-12-18_19_37.csv,teiadenoticias,"Atualização sobre inscrições no Mais MédicosMais Médicos – O Ministério da Saúde informa que recebeu mais de 1 milhão de acessos simultâneos no momento da abertura do sistema para os médicos interessados na inscrição do Mais Médicos.
Para comparação, é mais que o dobro do número de médicos em atuação no país.
A expectativa é que o sistema se normalize.
Mais Médicos é um programa lançado em 8 de julho de 2013 pelo Governo Dilma, cujo objetivo é suprir a carência de médicos nos municípios do interior e nas periferias das grandes cidades do Brasil.
O programa levou 15 mil médicos para as áreas onde faltam profissionais.",,"Atualização sobre inscrições no Mais Médicos

Mais Médicos – O Ministério da Saúde informa que recebeu mais de 1 milhão de acessos simultâneos no momento da abertura do sistema para os médicos interessados na inscrição do Mais Médicos. O volume é característico de ataques cibernéticos. Para comparação, é mais que o dobro do número de médicos em atuação no país.

Para garantir a inscrição dos interessados, o Departamento de Informática do SUS (DATASUS/SE/MS) está isolando a aplicação dos ataques que se mantiveram ao longo da manhã, além de outras ações para estabilidade e performance do site.

Mesmo diante de momentos de instabilidade, o sistema já contabilizou 3.336 inscrições nas primeiras três horas da abertura do sistema.

A expectativa é que o sistema se normalize. Os interessados devem manter a tentativa de acesso.

O Ministério da Saúde alerta que eventuais responsabilidades pela inserção de dados falsos no sistema poderão ser apurados na esfera penal.

Mais Médicos é um programa lançado em 8 de julho de 2013 pelo Governo Dilma, cujo objetivo é suprir a carência de médicos nos municípios do interior e nas periferias das grandes cidades do Brasil. O programa levou 15 mil médicos para as áreas onde faltam profissionais.

Confira o cronograma do Edital

Fonte: portalms.saude.gov.br",se|atualização|saúde|divulga|é|sistema|governo|que|para|interessados|médicos|sobre|da|inscrições|mais
122_12-12-18_19_37.csv,teiadenoticias,"PARALISAÇÃO NO MUNICÍPIO 24 HORAS.
A Salvamar aderindo a paralisação decretada pelos servidores em assembléia no dia 24 pela majoração das condições da operação carnaval.
Servidores municipais ameaçam continuar com paralisação até o Carnaval25/01/2012 10:14A paralisação dos servidores municipais de Salvador que começou nesta segunda-feira (24) deverá continuar até o Carnaval, se não houver acordo entre funcionários e a Prefeitura.
“O prefeito [João Herique] não pode deixar para negociar na última hora, pois esses serviços são essenciais para a população”, disse Jeiel Soares.
A prefeitura mais uma vez mostra o total descaso que tem com o servidor.",,"PARALISAÇÃO NO MUNICÍPIO 24 HORAS. TODOS A SEPLAG HOJE 25/01 AS 13 HORAS.

A Salvamar aderindo a paralisação decretada pelos servidores em assembléia no dia 24 pela majoração das condições da operação carnaval.

Servidores municipais ameaçam continuar com paralisação até o Carnaval

25/01/2012 10:14

A paralisação dos servidores municipais de Salvador que começou nesta segunda-feira (24) deverá continuar até o Carnaval, se não houver acordo entre funcionários e a Prefeitura. Em conversa com o Política Hoje, o coordenador-geral do Sindicato dos servidores da prefeitura de Salvador (Sindseps) declarou que haverá uma rodada de negociação nesta terça-feira (25), às 13h, na sede da Secretaria Municipal de Planejamento, Tecnologia e Gestão (Seplag).

Se as reividicações da categoria não forem aceitas, como o reajuste de 40% pela hora de trabalho e cumprimento de carga horária de 84 horas, serviços como vistoria dos trios eletricos, ordenamento das vias de trânsito e vigilância nos postos de saúde deixarão de ser realizados durante o carnaval. “O prefeito [João Herique] não pode deixar para negociar na última hora, pois esses serviços são essenciais para a população”, disse Jeiel Soares.

A prefeitura mais uma vez mostra o total descaso que tem com o servidor. Mesmo com uma festa tão lucrativa para os cofres públicos o servidor fica a deriva.Enquanto a prefeitura rifa as praças públicas para o interesse privado diz que não tem dinheiro pra pagar ao servidor que é quem torna a festa possível.Sabemos que nossa carga de trabalho aumenta muito por conta do carnaval e não só nos dias da festa.Todos a SEPLAG nos Barris as 13:00 horasA prefeitura está paralisada até a assembléia na SEPLAG",uma|24|prefeitura|salvador|paralisação|por|horas|decidem|que|para|com|paralisar|da|municipais|não|servidores|servidor
122_12-12-18_19_37.csv,teiadenoticias,"PARALISAÇÃO NO MUNICÍPIO 24 HORAS.
A Salvamar aderindo a paralisação decretada pelos servidores em assembléia no dia 24 pela majoração das condições da operação carnaval.
Servidores municipais ameaçam continuar com paralisação até o Carnaval25/01/2012 10:14A paralisação dos servidores municipais de Salvador que começou nesta segunda-feira (24) deverá continuar até o Carnaval, se não houver acordo entre funcionários e a Prefeitura.
“O prefeito [João Herique] não pode deixar para negociar na última hora, pois esses serviços são essenciais para a população”, disse Jeiel Soares.
A prefeitura mais uma vez mostra o total descaso que tem com o servidor.",,"PARALISAÇÃO NO MUNICÍPIO 24 HORAS. TODOS A SEPLAG HOJE 25/01 AS 13 HORAS.

A Salvamar aderindo a paralisação decretada pelos servidores em assembléia no dia 24 pela majoração das condições da operação carnaval.

Servidores municipais ameaçam continuar com paralisação até o Carnaval

25/01/2012 10:14

A paralisação dos servidores municipais de Salvador que começou nesta segunda-feira (24) deverá continuar até o Carnaval, se não houver acordo entre funcionários e a Prefeitura. Em conversa com o Política Hoje, o coordenador-geral do Sindicato dos servidores da prefeitura de Salvador (Sindseps) declarou que haverá uma rodada de negociação nesta terça-feira (25), às 13h, na sede da Secretaria Municipal de Planejamento, Tecnologia e Gestão (Seplag).

Se as reividicações da categoria não forem aceitas, como o reajuste de 40% pela hora de trabalho e cumprimento de carga horária de 84 horas, serviços como vistoria dos trios eletricos, ordenamento das vias de trânsito e vigilância nos postos de saúde deixarão de ser realizados durante o carnaval. “O prefeito [João Herique] não pode deixar para negociar na última hora, pois esses serviços são essenciais para a população”, disse Jeiel Soares.

A prefeitura mais uma vez mostra o total descaso que tem com o servidor. Mesmo com uma festa tão lucrativa para os cofres públicos o servidor fica a deriva.Enquanto a prefeitura rifa as praças públicas para o interesse privado diz que não tem dinheiro pra pagar ao servidor que é quem torna a festa possível.Sabemos que nossa carga de trabalho aumenta muito por conta do carnaval e não só nos dias da festa.Todos a SEPLAG nos Barris as 13:00 horasA prefeitura está paralisada até a assembléia na SEPLAG",uma|24|prefeitura|salvador|paralisação|por|horas|decidem|que|para|com|paralisar|da|municipais|não|servidores|servidor
122_12-12-18_19_37.csv,teiadenoticias,"A indiana fuma maconha e pensa que é a mais velha do mundo.
Na verdade, a mulher mais velha do mundo não usa tóxico, é polonesa e mora no Brasil: Dona Maria Olívia da Silva.
A mulher mais idosa do mundo é a Dona Maria Olívia da Silva, que completou 126 anos, no último dia 28 de fevereiro.
O Guinnes Book of Records reconhece que Maria Olívia da Silva é a mulher mais idosa do Brasil.
Uma francesa que nasceu em 21 de fevereiro de 1875 e morreu em agosto de 1997.",,"Fulla Nayak realmente é muito doida. A indiana fuma maconha e pensa que é a mais velha do mundo. Pelo menos, é isso que afirma a agência indiana “Ians”. Na verdade, a mulher mais velha do mundo não usa tóxico, é polonesa e mora no Brasil: Dona Maria Olívia da Silva.

Mas voltando a alucinação, Nayak tem 125 anos e, além de beber muito suco de palma e várias xícaras de chá, queima grandes quantidades de erva, todo dia.

Originária de um povoado do estado oriental de Orissa, ela assegura ter completado 125 anos, apesar de seu título de eleitor ter sido emitido pelo Governo em 1995, indicando que ela tem apenas 120 anos.

Segura a onda Nayak. Você já tem uma filha de 92 anos, sofre com alguns problemas de vista e não pode ficar contando inverdades. A mulher mais idosa do mundo é a Dona Maria Olívia da Silva, que completou 126 anos, no último dia 28 de fevereiro.

Dona Maria veio para o Brasil aos três anos de idade e mora no distrito de Içara, em Astorga, no norte do Paraná. Sua simplória casa de madeira, têm as paredes tomadas por recortes de revistas e jornais de todo o mundo sobre o recorde de longevidade da ilustre moradora.

O Guinnes Book of Records reconhece que Maria Olívia da Silva é a mulher mais idosa do Brasil. Agora, só falta a certificação mundial, que ainda não foi expedida. Atualmente, o recorde mundial de longevidade é de 122 anos e pertence a Jeanne-Louise Calment. Uma francesa que nasceu em 21 de fevereiro de 1875 e morreu em agosto de 1997.

Texto: Cassiano Sampaio

Fonte: Redação Saúde em Movimento Wik",mulher|era|segredo|é|tem|em|que|fumar|anos|olívia|mundo|viveu|da|mais|maconha|maria|longevidade
122_12-12-18_19_37.csv,teiadenoticias,"A indiana fuma maconha e pensa que é a mais velha do mundo.
Na verdade, a mulher mais velha do mundo não usa tóxico, é polonesa e mora no Brasil: Dona Maria Olívia da Silva.
A mulher mais idosa do mundo é a Dona Maria Olívia da Silva, que completou 126 anos, no último dia 28 de fevereiro.
O Guinnes Book of Records reconhece que Maria Olívia da Silva é a mulher mais idosa do Brasil.
Uma francesa que nasceu em 21 de fevereiro de 1875 e morreu em agosto de 1997.",,"Fulla Nayak realmente é muito doida. A indiana fuma maconha e pensa que é a mais velha do mundo. Pelo menos, é isso que afirma a agência indiana “Ians”. Na verdade, a mulher mais velha do mundo não usa tóxico, é polonesa e mora no Brasil: Dona Maria Olívia da Silva.

Mas voltando a alucinação, Nayak tem 125 anos e, além de beber muito suco de palma e várias xícaras de chá, queima grandes quantidades de erva, todo dia.

Originária de um povoado do estado oriental de Orissa, ela assegura ter completado 125 anos, apesar de seu título de eleitor ter sido emitido pelo Governo em 1995, indicando que ela tem apenas 120 anos.

Segura a onda Nayak. Você já tem uma filha de 92 anos, sofre com alguns problemas de vista e não pode ficar contando inverdades. A mulher mais idosa do mundo é a Dona Maria Olívia da Silva, que completou 126 anos, no último dia 28 de fevereiro.

Dona Maria veio para o Brasil aos três anos de idade e mora no distrito de Içara, em Astorga, no norte do Paraná. Sua simplória casa de madeira, têm as paredes tomadas por recortes de revistas e jornais de todo o mundo sobre o recorde de longevidade da ilustre moradora.

O Guinnes Book of Records reconhece que Maria Olívia da Silva é a mulher mais idosa do Brasil. Agora, só falta a certificação mundial, que ainda não foi expedida. Atualmente, o recorde mundial de longevidade é de 122 anos e pertence a Jeanne-Louise Calment. Uma francesa que nasceu em 21 de fevereiro de 1875 e morreu em agosto de 1997.

Texto: Cassiano Sampaio

Fonte: Redação Saúde em Movimento Wik",mulher|era|segredo|é|tem|em|que|fumar|anos|olívia|mundo|viveu|da|mais|maconha|maria|longevidade
122_12-12-18_19_37.csv,teiadenoticias,"Senac BA abre 200 vagas para cursos profissionalizantes em SalvadorO Serviço Nacional de Aprendizagem Comercial (Senac) está com 239 vagas abertas para cursos profissionalizantes com mensalidades com valores que variam entre R$ 60 e R$ 300.
As aulas atendem os segmentos de gestão, informática e beleza com cargas horárias entre 4h a 160h.
Entre os cursos oferecidos estão: assistente administrativo, recepcionista e assistente de recursos humanos – com possibilidade de inserção em empresas comerciais, industriais, educacionais ou similares.
As inscrições podem ser realizadas presencialmente em uma das unidades ou através do site.
A lista completa de cursos presenciais, com seus respectivos pré-requisitos, valores e forma de pagamento pode ser encontrada nas unidades do Senac, acessada no portal www.ba.senac.br ou consultada pelo Serviço de Informação Senac: (71) 3186-4000.",,"Senac BA abre 200 vagas para cursos profissionalizantes em Salvador

O Serviço Nacional de Aprendizagem Comercial (Senac) está com 239 vagas abertas para cursos profissionalizantes com mensalidades com valores que variam entre R$ 60 e R$ 300. As aulas atendem os segmentos de gestão, informática e beleza com cargas horárias entre 4h a 160h.



Entre os cursos oferecidos estão: assistente administrativo, recepcionista e assistente de recursos humanos – com possibilidade de inserção em empresas comerciais, industriais, educacionais ou similares. As inscrições podem ser realizadas presencialmente em uma das unidades ou através do site.

A lista completa de cursos presenciais, com seus respectivos pré-requisitos, valores e forma de pagamento pode ser encontrada nas unidades do Senac, acessada no portal www.ba.senac.br ou consultada pelo Serviço de Informação Senac: (71) 3186-4000.",ou|serviço|unidades|cursos|r|valores|ser|em|que|vagas|custam|partir|com|mais|senac|ba
122_12-12-18_19_37.csv,teiadenoticias,"Senac BA abre 200 vagas para cursos profissionalizantes em SalvadorO Serviço Nacional de Aprendizagem Comercial (Senac) está com 239 vagas abertas para cursos profissionalizantes com mensalidades com valores que variam entre R$ 60 e R$ 300.
As aulas atendem os segmentos de gestão, informática e beleza com cargas horárias entre 4h a 160h.
Entre os cursos oferecidos estão: assistente administrativo, recepcionista e assistente de recursos humanos – com possibilidade de inserção em empresas comerciais, industriais, educacionais ou similares.
As inscrições podem ser realizadas presencialmente em uma das unidades ou através do site.
A lista completa de cursos presenciais, com seus respectivos pré-requisitos, valores e forma de pagamento pode ser encontrada nas unidades do Senac, acessada no portal www.ba.senac.br ou consultada pelo Serviço de Informação Senac: (71) 3186-4000.",,"Senac BA abre 200 vagas para cursos profissionalizantes em Salvador

O Serviço Nacional de Aprendizagem Comercial (Senac) está com 239 vagas abertas para cursos profissionalizantes com mensalidades com valores que variam entre R$ 60 e R$ 300. As aulas atendem os segmentos de gestão, informática e beleza com cargas horárias entre 4h a 160h.



Entre os cursos oferecidos estão: assistente administrativo, recepcionista e assistente de recursos humanos – com possibilidade de inserção em empresas comerciais, industriais, educacionais ou similares. As inscrições podem ser realizadas presencialmente em uma das unidades ou através do site.

A lista completa de cursos presenciais, com seus respectivos pré-requisitos, valores e forma de pagamento pode ser encontrada nas unidades do Senac, acessada no portal www.ba.senac.br ou consultada pelo Serviço de Informação Senac: (71) 3186-4000.",ou|serviço|unidades|cursos|r|valores|ser|em|que|vagas|custam|partir|com|mais|senac|ba
122_12-12-18_19_37.csv,teiadenoticias,"Neurocientistas da Universidade de Indiana, nos Estados Unidos, relataram a primeira evidência de que animais não humanos podem repassar mentalmente os eventos que já aconteceram, em ordem cronológica — o que é conhecido como memória episódica.
No entanto, a memória espacial não é o tipo de memória cuja perda causa os efeitos mais debilitantes do Alzheimer.
Após o treinamento, os animais completaram com sucesso sua tarefa em 87% das vezes, em todos os testes.
Os resultados são uma forte evidência de que os animais estavam usando a repetição de memória episódica.
Experimentos adicionais confirmaram que as memórias dos ratos eram duradouras e resistentes à “interferência” de outras memórias — ambas características da memória episódica.",,"Neurocientistas da Universidade de Indiana, nos Estados Unidos, relataram a primeira evidência de que animais não humanos podem repassar mentalmente os eventos que já aconteceram, em ordem cronológica — o que é conhecido como memória episódica. Segundo os estudiosos, a descoberta pode ajudar a avançar no desenvolvimento de novos medicamentos para tratar a doença de Alzheimer.

A pesquisa, liderada pelo professor Jonathon Crystal, foi publicada nesta quinta-feira na revista “Current Biology”.

— A razão pela qual estamos interessados na memória animal não é apenas para entender os animais, mas desenvolver novos modelos de memória que combinem com os tipos de memória prejudicados em doenças humanas, como a doença de Alzheimer — disse Crystal, do Departamento de Ciências Psicológicas e Cerebrais da universidade e diretor do Programa IU Bloomington em Neurociência.

ESTUDOS ATÉ AGORA SE CONCENTRARAM EM MEMÓRIA ESPACIAL

Sob o atual paradigma, Crystal destacou que a maioria dos estudos pré-clínicos sobre o potencial de novas drogas contra o Alzheimer examinam como esses compostos afetam a memória espacial, um dos tipos de memória mais fáceis de avaliar em animais. No entanto, a memória espacial não é o tipo de memória cuja perda causa os efeitos mais debilitantes do Alzheimer.

— Se sua avó está sofrendo de Alzheimer, um dos aspectos mais dolorosos da doença é que ela não consegue lembrar o que você disse a ela na última vez em que a viu — ressaltou Danielle Panoz-Brown, coautora do estudo. — Estamos interessados na memória episódica e na sua repetição, porque é essa que diminui na doença de Alzheimer e no envelhecimento em geral.

Memória episódica é a capacidade de lembrar eventos específicos. Por exemplo, se uma pessoa perde as chaves do carro, pode tentar recordar todos os passos — ou “episódios” — no seu trajeto do carro para a sua localização atual. A capacidade de reproduzir esses eventos em ordem é conhecida como “repetição de memória episódica”.

— As pessoas não conseguiriam entender a maioria dos cenários se não conseguissem lembrar a ordem em que ocorreram — pontuou Crystal.

MEMORIZAÇÃO DE ODORES EM ORDEM

Para avaliar a capacidade dos animais de reproduzir eventos passados de memória, a equipe da pesquisa passou quase um ano trabalhando com 13 camundongos, treinados para memorizar uma lista de até 12 odores diferentes. Os animais foram colocados dentro de uma “arena” com odores diversos e foram recompensados toda vez que identificavam do segundo ao último odor ou so quarto ao último odor da lista.

A equipe mudou o número de odores na lista antes de cada teste para confirmar que os odores foram identificados com base em sua posição, e não apenas pelo odor em si, provando que os animais estavam confiando em sua capacidade de lembrar a lista inteira, em ordem.

Após o treinamento, os animais completaram com sucesso sua tarefa em 87% das vezes, em todos os testes. Os resultados são uma forte evidência de que os animais estavam usando a repetição de memória episódica.

Experimentos adicionais confirmaram que as memórias dos ratos eram duradouras e resistentes à “interferência” de outras memórias — ambas características da memória episódica.

Crystal disse que a necessidade de encontrar formas confiáveis para testar a repetição da memória episódica em camundongos é urgente, uma vez que novas ferramentas genéticas estão permitindo que os cientistas criem animais com condições neurológicas semelhantes às da doença de Alzheimer.

— Estamos realmente chegando aos modelos animais de memória cada vez mais semelhantes aos de um humano, à forma como a memória funciona nas pessoas — afirmou o pesquisador americano. — Se queremos eliminar a doença de Alzheimer, realmente precisamos ter certeza de que estamos tentando proteger o tipo certo de memória, o tipo que é de fato afetado.",evidência|memória|sua|os|é|alzheimer|em|que|encontram|cientistas|animais|da|não|episódica
122_12-12-18_19_37.csv,teiadenoticias,"Neurocientistas da Universidade de Indiana, nos Estados Unidos, relataram a primeira evidência de que animais não humanos podem repassar mentalmente os eventos que já aconteceram, em ordem cronológica — o que é conhecido como memória episódica.
No entanto, a memória espacial não é o tipo de memória cuja perda causa os efeitos mais debilitantes do Alzheimer.
Após o treinamento, os animais completaram com sucesso sua tarefa em 87% das vezes, em todos os testes.
Os resultados são uma forte evidência de que os animais estavam usando a repetição de memória episódica.
Experimentos adicionais confirmaram que as memórias dos ratos eram duradouras e resistentes à “interferência” de outras memórias — ambas características da memória episódica.",,"Neurocientistas da Universidade de Indiana, nos Estados Unidos, relataram a primeira evidência de que animais não humanos podem repassar mentalmente os eventos que já aconteceram, em ordem cronológica — o que é conhecido como memória episódica. Segundo os estudiosos, a descoberta pode ajudar a avançar no desenvolvimento de novos medicamentos para tratar a doença de Alzheimer.

A pesquisa, liderada pelo professor Jonathon Crystal, foi publicada nesta quinta-feira na revista “Current Biology”.

— A razão pela qual estamos interessados na memória animal não é apenas para entender os animais, mas desenvolver novos modelos de memória que combinem com os tipos de memória prejudicados em doenças humanas, como a doença de Alzheimer — disse Crystal, do Departamento de Ciências Psicológicas e Cerebrais da universidade e diretor do Programa IU Bloomington em Neurociência.

ESTUDOS ATÉ AGORA SE CONCENTRARAM EM MEMÓRIA ESPACIAL

Sob o atual paradigma, Crystal destacou que a maioria dos estudos pré-clínicos sobre o potencial de novas drogas contra o Alzheimer examinam como esses compostos afetam a memória espacial, um dos tipos de memória mais fáceis de avaliar em animais. No entanto, a memória espacial não é o tipo de memória cuja perda causa os efeitos mais debilitantes do Alzheimer.

— Se sua avó está sofrendo de Alzheimer, um dos aspectos mais dolorosos da doença é que ela não consegue lembrar o que você disse a ela na última vez em que a viu — ressaltou Danielle Panoz-Brown, coautora do estudo. — Estamos interessados na memória episódica e na sua repetição, porque é essa que diminui na doença de Alzheimer e no envelhecimento em geral.

Memória episódica é a capacidade de lembrar eventos específicos. Por exemplo, se uma pessoa perde as chaves do carro, pode tentar recordar todos os passos — ou “episódios” — no seu trajeto do carro para a sua localização atual. A capacidade de reproduzir esses eventos em ordem é conhecida como “repetição de memória episódica”.

— As pessoas não conseguiriam entender a maioria dos cenários se não conseguissem lembrar a ordem em que ocorreram — pontuou Crystal.

MEMORIZAÇÃO DE ODORES EM ORDEM

Para avaliar a capacidade dos animais de reproduzir eventos passados de memória, a equipe da pesquisa passou quase um ano trabalhando com 13 camundongos, treinados para memorizar uma lista de até 12 odores diferentes. Os animais foram colocados dentro de uma “arena” com odores diversos e foram recompensados toda vez que identificavam do segundo ao último odor ou so quarto ao último odor da lista.

A equipe mudou o número de odores na lista antes de cada teste para confirmar que os odores foram identificados com base em sua posição, e não apenas pelo odor em si, provando que os animais estavam confiando em sua capacidade de lembrar a lista inteira, em ordem.

Após o treinamento, os animais completaram com sucesso sua tarefa em 87% das vezes, em todos os testes. Os resultados são uma forte evidência de que os animais estavam usando a repetição de memória episódica.

Experimentos adicionais confirmaram que as memórias dos ratos eram duradouras e resistentes à “interferência” de outras memórias — ambas características da memória episódica.

Crystal disse que a necessidade de encontrar formas confiáveis para testar a repetição da memória episódica em camundongos é urgente, uma vez que novas ferramentas genéticas estão permitindo que os cientistas criem animais com condições neurológicas semelhantes às da doença de Alzheimer.

— Estamos realmente chegando aos modelos animais de memória cada vez mais semelhantes aos de um humano, à forma como a memória funciona nas pessoas — afirmou o pesquisador americano. — Se queremos eliminar a doença de Alzheimer, realmente precisamos ter certeza de que estamos tentando proteger o tipo certo de memória, o tipo que é de fato afetado.",evidência|memória|sua|os|é|alzheimer|em|que|encontram|cientistas|animais|da|não|episódica
122_12-12-18_19_37.csv,teiadenoticias,"O Instituto Nacional do Seguro Social (INSS) encerra nesta terça-feira (8) o pagamento de R$ 32 milhões em atrasados para 1,4 mil beneficiários baianos.
Neste lote, as diferenças serão pagas para beneficiários que possuem benefícios ativos (situação em 17/04/2012), com idade até 45 anos e com valores a receber a partir de R$ 15.000,01.
Os beneficiários com final 1 e 6 receberam no dia 2 de maio.
Aqueles com final 2 e 7 no dia 3, final 3 e 8 no dia 4, com final 4 e 9 no dia 7 e benefícios com final 5 e 0 receberão as diferenças nesta terça-feira (8).
A revisão foi realizada automaticamente e não é necessário que os beneficiários procurem uma Agência da Previdência Social (APS).",,"O Instituto Nacional do Seguro Social (INSS) encerra nesta terça-feira (8) o pagamento de R$ 32 milhões em atrasados para 1,4 mil beneficiários baianos. Os valores, que começaram a ser pagos no último dia 2, correspondem ao pagamento do sexto lote das diferenças em função processamento de revisão dos benefícios impactados pela mudança na interpretação do inciso II do Artigo 29 da Lei 8.213 de 1991.

A revisão é fruto do cumprimento do acordo firmado, em agosto de 2012, entre o INSS, o Ministério Público Federal e o Sindicato Nacional dos Aposentados e Pensionistas da Força Sindical, homologado pela Justiça Federal em São Paulo, no âmbito da Ação Civil Pública (ACP).

Seguindo o cronograma de pagamento estabelecido no acordo, o sexto lote de atrasados abrange cerca de 30 mil benefícios em todo Brasil das espécies pensão por morte, auxílio doença previdenciário, aposentadoria por invalidez, auxílio acidente previdenciário, auxílio doença por acidente de trabalho, aposentadoria por invalidez por acidente de trabalho, auxílio doença por acidente de trabalho, auxílio acidente e pensão por morte por acidente de trabalho.

Neste lote, as diferenças serão pagas para beneficiários que possuem benefícios ativos (situação em 17/04/2012), com idade até 45 anos e com valores a receber a partir de R$ 15.000,01. No total, serão pagos aproximadamente R$ 660 milhões. Na Bahia, 1.496 pessoas têm direito ao benefício no total de R$ 32.405.475,43.

A data do pagamento foi definida com base no final do número do benefício. Os valores foram depositados nas contas dos beneficiários de acordo com o número do benefício.

Os beneficiários com final 1 e 6 receberam no dia 2 de maio. Aqueles com final 2 e 7 no dia 3, final 3 e 8 no dia 4, com final 4 e 9 no dia 7 e benefícios com final 5 e 0 receberão as diferenças nesta terça-feira (8).

Para os benefícios em que o titular faleceu após o processamento da revisão e antes do recebimento do crédito, e dos quais derivaram pensões por morte, serão realizados os pagamentos das diferenças no decorrer do mês de junho de 2018.

A revisão foi realizada automaticamente e não é necessário que os beneficiários procurem uma Agência da Previdência Social (APS).

Como saber se você tem direito?

O INSS disponibilizou sistema de consulta ao resultado da revisão aqui no site do Portal do INSS na internet (www.inss.gov.br), pelo Meu INSS (meu.inss.gov.br) e por meio da Central de Atendimento 135, que funciona de segunda a sábado, das 7h às 22h. Porém, o valor do pagamento não será informado pela Central 135 e pela internet.",acidente|que|da|revisão|milhões|direito|r|tem|em|quem|inss|os|por|para|paga|com|final|pagamento|veja
122_12-12-18_19_37.csv,teiadenoticias,"O Instituto Nacional do Seguro Social (INSS) encerra nesta terça-feira (8) o pagamento de R$ 32 milhões em atrasados para 1,4 mil beneficiários baianos.
Neste lote, as diferenças serão pagas para beneficiários que possuem benefícios ativos (situação em 17/04/2012), com idade até 45 anos e com valores a receber a partir de R$ 15.000,01.
Os beneficiários com final 1 e 6 receberam no dia 2 de maio.
Aqueles com final 2 e 7 no dia 3, final 3 e 8 no dia 4, com final 4 e 9 no dia 7 e benefícios com final 5 e 0 receberão as diferenças nesta terça-feira (8).
A revisão foi realizada automaticamente e não é necessário que os beneficiários procurem uma Agência da Previdência Social (APS).",,"O Instituto Nacional do Seguro Social (INSS) encerra nesta terça-feira (8) o pagamento de R$ 32 milhões em atrasados para 1,4 mil beneficiários baianos. Os valores, que começaram a ser pagos no último dia 2, correspondem ao pagamento do sexto lote das diferenças em função processamento de revisão dos benefícios impactados pela mudança na interpretação do inciso II do Artigo 29 da Lei 8.213 de 1991.

A revisão é fruto do cumprimento do acordo firmado, em agosto de 2012, entre o INSS, o Ministério Público Federal e o Sindicato Nacional dos Aposentados e Pensionistas da Força Sindical, homologado pela Justiça Federal em São Paulo, no âmbito da Ação Civil Pública (ACP).

Seguindo o cronograma de pagamento estabelecido no acordo, o sexto lote de atrasados abrange cerca de 30 mil benefícios em todo Brasil das espécies pensão por morte, auxílio doença previdenciário, aposentadoria por invalidez, auxílio acidente previdenciário, auxílio doença por acidente de trabalho, aposentadoria por invalidez por acidente de trabalho, auxílio doença por acidente de trabalho, auxílio acidente e pensão por morte por acidente de trabalho.

Neste lote, as diferenças serão pagas para beneficiários que possuem benefícios ativos (situação em 17/04/2012), com idade até 45 anos e com valores a receber a partir de R$ 15.000,01. No total, serão pagos aproximadamente R$ 660 milhões. Na Bahia, 1.496 pessoas têm direito ao benefício no total de R$ 32.405.475,43.

A data do pagamento foi definida com base no final do número do benefício. Os valores foram depositados nas contas dos beneficiários de acordo com o número do benefício.

Os beneficiários com final 1 e 6 receberam no dia 2 de maio. Aqueles com final 2 e 7 no dia 3, final 3 e 8 no dia 4, com final 4 e 9 no dia 7 e benefícios com final 5 e 0 receberão as diferenças nesta terça-feira (8).

Para os benefícios em que o titular faleceu após o processamento da revisão e antes do recebimento do crédito, e dos quais derivaram pensões por morte, serão realizados os pagamentos das diferenças no decorrer do mês de junho de 2018.

A revisão foi realizada automaticamente e não é necessário que os beneficiários procurem uma Agência da Previdência Social (APS).

Como saber se você tem direito?

O INSS disponibilizou sistema de consulta ao resultado da revisão aqui no site do Portal do INSS na internet (www.inss.gov.br), pelo Meu INSS (meu.inss.gov.br) e por meio da Central de Atendimento 135, que funciona de segunda a sábado, das 7h às 22h. Porém, o valor do pagamento não será informado pela Central 135 e pela internet.",acidente|que|da|revisão|milhões|direito|r|tem|em|quem|inss|os|por|para|paga|com|final|pagamento|veja
122_12-12-18_19_37.csv,teiadenoticias,"Daqui a pouco começa o movimento: um bocado de gente vendendo caixas de morangos bem baratinhas nas ruas.
Separamos uma receita bem prática e econômica, que tem apenas quatro ingredientes, para você se deliciar.
Bata o leite condensado, o creme de leite, a gelatina e 300 g de morangos no liquidificador.
Coloque o líquido numa travessa de vidro ou numa forma de silicone de deixe na geladeira por pelo menos 6 horas.
Se não tiver forma de silicone, serve de vidro, metal o plástico também.",,"Daqui a pouco começa o movimento: um bocado de gente vendendo caixas de morangos bem baratinhas nas ruas. E quem não ama a frutinha vermelha, né? Dá para aproveitar em sucos, vitaminas, geleias e até fazer um delicioso mousse.

Separamos uma receita bem prática e econômica, que tem apenas quatro ingredientes, para você se deliciar. Confira.

Ingredientes para Mousse de morango

1 caixa de gelatina de morango

1 lata de creme de leite 1 lata de leite condensado 500 g de morangos

Preparo Mousse de morango

Dissolva a gelatina em água fervente e depois deixe-a esfriar no congelador uns 5 minutos antes de prosseguir com a receita. Bata o leite condensado, o creme de leite, a gelatina e 300 g de morangos no liquidificador. Coloque o líquido numa travessa de vidro ou numa forma de silicone de deixe na geladeira por pelo menos 6 horas. Se não tiver forma de silicone, serve de vidro, metal o plástico também. Mas as de silicone costumam deixar as formas mais bonitas. Wik",só|se|vidro|receita|leite|liquidificador|gelatina|um|numa|mousse|morango|para|ingredientes|com|silicone|não
122_12-12-18_19_37.csv,teiadenoticias,"Daqui a pouco começa o movimento: um bocado de gente vendendo caixas de morangos bem baratinhas nas ruas.
Separamos uma receita bem prática e econômica, que tem apenas quatro ingredientes, para você se deliciar.
Bata o leite condensado, o creme de leite, a gelatina e 300 g de morangos no liquidificador.
Coloque o líquido numa travessa de vidro ou numa forma de silicone de deixe na geladeira por pelo menos 6 horas.
Se não tiver forma de silicone, serve de vidro, metal o plástico também.",,"Daqui a pouco começa o movimento: um bocado de gente vendendo caixas de morangos bem baratinhas nas ruas. E quem não ama a frutinha vermelha, né? Dá para aproveitar em sucos, vitaminas, geleias e até fazer um delicioso mousse.

Separamos uma receita bem prática e econômica, que tem apenas quatro ingredientes, para você se deliciar. Confira.

Ingredientes para Mousse de morango

1 caixa de gelatina de morango

1 lata de creme de leite 1 lata de leite condensado 500 g de morangos

Preparo Mousse de morango

Dissolva a gelatina em água fervente e depois deixe-a esfriar no congelador uns 5 minutos antes de prosseguir com a receita. Bata o leite condensado, o creme de leite, a gelatina e 300 g de morangos no liquidificador. Coloque o líquido numa travessa de vidro ou numa forma de silicone de deixe na geladeira por pelo menos 6 horas. Se não tiver forma de silicone, serve de vidro, metal o plástico também. Mas as de silicone costumam deixar as formas mais bonitas. Wik",só|se|vidro|receita|leite|liquidificador|gelatina|um|numa|mousse|morango|para|ingredientes|com|silicone|não
122_12-12-18_19_37.csv,teiadenoticias,"O Departamento Estadual de Trânsito da Bahia (DETRAN-BA) vai abrir inscrições para concurso público com vagas para nível médio.
Ao todo, são 47 vagas para contração imediata.
Para participar, os interessados devem fazer as inscrições entre os dias 30 de abril e 7 de maio, através dosite de seleção do governo.
Os aprovados irão atuar em jornadas de trabalho de 40h semanais, em Regime Especial de Direito Administrativo (REDA), com remuneração de R$ 1.629,74 ao mês, além de benefícios.
A seleção será válida por dois anos, com possibilidade de prorrogaçã",,"O Departamento Estadual de Trânsito da Bahia (DETRAN-BA) vai abrir inscrições para concurso público com vagas para nível médio. Ao todo, são 47 vagas para contração imediata. Para participar, os interessados devem fazer as inscrições entre os dias 30 de abril e 7 de maio, através do

site de seleção do governo

.

As oportunidades oferecidas são para as cidades de Salvador (21), Alagoinhas (1), Camaçari (2), Catú (2), Feira de Santana (5), Ilhéus (2), Irecê (1), Itaberaba (1), Itabuna (2), Juazeiro (1), Miguel Calmon (1), Morro do Chapéu (1), Paulo Afonso (1), Porto Seguro (1), Riachão do Jacuípe (1), Santo Amaro (1), Vitória da Conquista (2) e Cachoeira (1).

O processo seletivo consiste em avaliação curricular. Os aprovados irão atuar em jornadas de trabalho de 40h semanais, em Regime Especial de Direito Administrativo (REDA), com remuneração de R$ 1.629,74 ao mês, além de benefícios. A seleção será válida por dois anos, com possibilidade de prorrogaçã",são|vai|abrir|os|ao|em|seleção|vagas|para|com|detranba|da|inscrições|concurso|47
122_12-12-18_19_37.csv,teiadenoticias,"O Departamento Estadual de Trânsito da Bahia (DETRAN-BA) vai abrir inscrições para concurso público com vagas para nível médio.
Ao todo, são 47 vagas para contração imediata.
Para participar, os interessados devem fazer as inscrições entre os dias 30 de abril e 7 de maio, através dosite de seleção do governo.
Os aprovados irão atuar em jornadas de trabalho de 40h semanais, em Regime Especial de Direito Administrativo (REDA), com remuneração de R$ 1.629,74 ao mês, além de benefícios.
A seleção será válida por dois anos, com possibilidade de prorrogaçã",,"O Departamento Estadual de Trânsito da Bahia (DETRAN-BA) vai abrir inscrições para concurso público com vagas para nível médio. Ao todo, são 47 vagas para contração imediata. Para participar, os interessados devem fazer as inscrições entre os dias 30 de abril e 7 de maio, através do

site de seleção do governo

.

As oportunidades oferecidas são para as cidades de Salvador (21), Alagoinhas (1), Camaçari (2), Catú (2), Feira de Santana (5), Ilhéus (2), Irecê (1), Itaberaba (1), Itabuna (2), Juazeiro (1), Miguel Calmon (1), Morro do Chapéu (1), Paulo Afonso (1), Porto Seguro (1), Riachão do Jacuípe (1), Santo Amaro (1), Vitória da Conquista (2) e Cachoeira (1).

O processo seletivo consiste em avaliação curricular. Os aprovados irão atuar em jornadas de trabalho de 40h semanais, em Regime Especial de Direito Administrativo (REDA), com remuneração de R$ 1.629,74 ao mês, além de benefícios. A seleção será válida por dois anos, com possibilidade de prorrogaçã",são|vai|abrir|os|ao|em|seleção|vagas|para|com|detranba|da|inscrições|concurso|47
