Timestamp,Source,Summary,Authors,Text,Keywords
127_12-12-18_19_51.csv,gazetapress,"× Ok.Foto adicionada com sucesso na cesta.
× Ops.Foto já foi adicionada na cesta.
12/12/2018 BALANÇO FINANCEIRO DO CORINTHIANS 2018/2019Matias Romano Ávila (e), diretor financeiro, e Roberto Gavioli, gerente financeiro, durante entrevista coletiva sobre o balanço financeiro do Corinthians 2018/2019.",,"× Ok.Foto adicionada com sucesso na cesta. × Ops.Foto já foi adicionada na cesta. 12/12/2018 BALANÇO FINANCEIRO DO CORINTHIANS 2018/2019

Matias Romano Ávila (e), diretor financeiro, e Roberto Gavioli, gerente financeiro, durante entrevista coletiva sobre o balanço financeiro do Corinthians 2018/2019.",balanço|romano|cesta|corinthians|financeiro|adicionada|roberto|sobre|ávila|20182019|sucesso
127_12-12-18_19_51.csv,gazetapress,"× Ok.Foto adicionada com sucesso na cesta.
× Ops.Foto já foi adicionada na cesta.
12/12/2018 BOSQUE DA FAMA EM SÃO PAULOGeral da cerimônia no ""Bosque da Fama"", no Centro Olímpico do Ibirapuera, na Zona Sul da capital paulista.
A meta do evento é manter viva a memória esportiva homenageando, através do plantio de árvores, atletas que tenham atingido grande feito no esporte.
12/012/2018, Foto: Djalma Vassão/Gazeta Press",,"× Ok.Foto adicionada com sucesso na cesta. × Ops.Foto já foi adicionada na cesta. 12/12/2018 BOSQUE DA FAMA EM SÃO PAULO

Geral da cerimônia no ""Bosque da Fama"", no Centro Olímpico do Ibirapuera, na Zona Sul da capital paulista. A meta do evento é manter viva a memória esportiva homenageando, através do plantio de árvores, atletas que tenham atingido grande feito no esporte. 12/012/2018, Foto: Djalma Vassão/Gazeta Press",zona|são|fama|viva|cesta|é|vassãogazeta|em|adicionada|da|paulo|árvores|bosque
127_12-12-18_19_51.csv,gazetapress,"× Ok.Foto adicionada com sucesso na cesta.
× Ops.Foto já foi adicionada na cesta.
11/12/2018 APRESENTAÇÃO DO NOVO ESCUDO E UNIFORME DO ATLÉTICO-PRMario Celso Petraglia, presidente do Conselho Deliberativo do Atlético-PR, durante a apresentação da nova identidade visual da clube, com alterações na grafia do time, no uniforme e no escudo.
Foi apresentado também o novo mascote, a ""Família Furacão"".
As alterações serão usadas a partir da temporada 2019.",,"× Ok.Foto adicionada com sucesso na cesta. × Ops.Foto já foi adicionada na cesta. 11/12/2018 APRESENTAÇÃO DO NOVO ESCUDO E UNIFORME DO ATLÉTICO-PR

Mario Celso Petraglia, presidente do Conselho Deliberativo do Atlético-PR, durante a apresentação da nova identidade visual da clube, com alterações na grafia do time, no uniforme e no escudo. Foi apresentado também o novo mascote, a ""Família Furacão"". As alterações serão usadas a partir da temporada 2019.",uniforme|cesta|novo|apresentação|escudo|foi|com|adicionada|da|alterações|atléticopr
127_12-12-18_19_51.csv,gazetapress,Ordenação dos Resultados Classificação Relevância Data (decrescente) Data (crescente)Digite o que deseja encontrar Editorias Período (Data) àCréditos Selecione a agência Selecione o fotógrafoClassificação da Foto Orientação Horizontal Vertical Cor Colorida Preto e Branco Original Digital Negativo / Cromo Opaco,,"Ordenação dos Resultados Classificação Relevância Data (decrescente) Data (crescente)

Digite o que deseja encontrar Editorias Período (Data) à

Créditos Selecione a agência Selecione o fotógrafo

Classificação da Foto Orientação Horizontal Vertical Cor Colorida Preto e Branco Original Digital Negativo / Cromo Opaco",selecione|press|data|àcréditos|original|relevância|que|preto|vertical|período|resultados|gazeta
127_12-12-18_19_51.csv,gazetapress,Ordenação dos Resultados Classificação Relevância Data (decrescente) Data (crescente)Digite o que deseja encontrar Editorias Período (Data) àCréditos Selecione a agência Selecione o fotógrafoClassificação da Foto Orientação Horizontal Vertical Cor Colorida Preto e Branco Original Digital Negativo / Cromo Opaco,,"Ordenação dos Resultados Classificação Relevância Data (decrescente) Data (crescente)

Digite o que deseja encontrar Editorias Período (Data) à

Créditos Selecione a agência Selecione o fotógrafo

Classificação da Foto Orientação Horizontal Vertical Cor Colorida Preto e Branco Original Digital Negativo / Cromo Opaco",selecione|press|data|àcréditos|original|relevância|que|preto|vertical|período|resultados|gazeta
127_12-12-18_19_51.csv,gazetapress,Ordenação dos Resultados Classificação Relevância Data (decrescente) Data (crescente)Digite o que deseja encontrar Editorias Período (Data) àCréditos Selecione a agência Selecione o fotógrafoClassificação da Foto Orientação Horizontal Vertical Cor Colorida Preto e Branco Original Digital Negativo / Cromo Opaco,,"Ordenação dos Resultados Classificação Relevância Data (decrescente) Data (crescente)

Digite o que deseja encontrar Editorias Período (Data) à

Créditos Selecione a agência Selecione o fotógrafo

Classificação da Foto Orientação Horizontal Vertical Cor Colorida Preto e Branco Original Digital Negativo / Cromo Opaco",selecione|press|data|àcréditos|original|relevância|que|preto|vertical|período|resultados|gazeta
127_12-12-18_19_51.csv,gazetapress,Ordenação dos Resultados Classificação Relevância Data (decrescente) Data (crescente)Digite o que deseja encontrar Editorias Período (Data) àCréditos Selecione a agência Selecione o fotógrafoClassificação da Foto Orientação Horizontal Vertical Cor Colorida Preto e Branco Original Digital Negativo / Cromo Opaco,,"Ordenação dos Resultados Classificação Relevância Data (decrescente) Data (crescente)

Digite o que deseja encontrar Editorias Período (Data) à

Créditos Selecione a agência Selecione o fotógrafo

Classificação da Foto Orientação Horizontal Vertical Cor Colorida Preto e Branco Original Digital Negativo / Cromo Opaco",selecione|press|data|àcréditos|original|relevância|que|preto|vertical|período|resultados|gazeta
127_12-12-18_19_51.csv,gazetapress,"× Ok.Foto adicionada com sucesso na cesta.
× Ops.Foto já foi adicionada na cesta.
12/12/2018 COPA SUL-AMERICANA 2018: FINAL - ATLÉTICO-PR (BRA) X JUNIOR BARRANQUILLA (COL)Torcedores do Atlético-PR recepcionam o ônibus com a delegação no entorno da Arena da Baixada, em Curitiba (PR), antes da segunda partida contra o Junior Barranquilla, da Colômbia, válida pela final da Copa Sul-americana 2018.",,"× Ok.Foto adicionada com sucesso na cesta. × Ops.Foto já foi adicionada na cesta. 12/12/2018 COPA SUL-AMERICANA 2018: FINAL - ATLÉTICO-PR (BRA) X JUNIOR BARRANQUILLA (COL)

Torcedores do Atlético-PR recepcionam o ônibus com a delegação no entorno da Arena da Baixada, em Curitiba (PR), antes da segunda partida contra o Junior Barranquilla, da Colômbia, válida pela final da Copa Sul-americana 2018.",bra|copa|cesta|junior|col|x|sulamericana|adicionada|com|final|da|barranquilla|atléticopr
127_12-12-18_19_51.csv,gazetapress,"× Ok.Foto adicionada com sucesso na cesta.
× Ops.Foto já foi adicionada na cesta.
12/07/1998 COPA DO MUNDO 1998: SELEÇÃO BRASILEIRA DE FUTEBOL X FRANÇAOs jogadores da Seleção Brasileira de futebol (da esquerda para a direita), em pé: o goleiro Taffarel, César Sampaio, Rivaldo, Aldair, Júnior Baiano e Cafu; agachados: Ronaldo, o Fenômeno, Roberto Carlos, Leonardo, Bebeto e Dunga, posam para a foto antes da partida contra a França, válida pela final da Copa do Mundo 1998, na França.",,"× Ok.Foto adicionada com sucesso na cesta. × Ops.Foto já foi adicionada na cesta. 12/07/1998 COPA DO MUNDO 1998: SELEÇÃO BRASILEIRA DE FUTEBOL X FRANÇA

Os jogadores da Seleção Brasileira de futebol (da esquerda para a direita), em pé: o goleiro Taffarel, César Sampaio, Rivaldo, Aldair, Júnior Baiano e Cafu; agachados: Ronaldo, o Fenômeno, Roberto Carlos, Leonardo, Bebeto e Dunga, posam para a foto antes da partida contra a França, válida pela final da Copa do Mundo 1998, na França.",copa|cesta|brasileira|seleção|para|1998|x|adicionada|da|mundo|futebol|frança
127_12-12-18_19_51.csv,gazetapress,"× Ok.Foto adicionada com sucesso na cesta.
× Ops.Foto já foi adicionada na cesta.
11/07/1998 COPA DO MUNDO 1998: SELEÇÃO BRASILEIRA DE FUTEBOL X HOLANDAOs jogadores da Seleção Brasileira de Futebol (da esquerda para a direita), em pé: o goleiro Taffarel, César Sampaio, Aldair, Rivaldo, Júnior Baiano e Cafu; agachados: Ronaldo, o Fenômeno, Roberto Carlos, Leonardo, Bebeto e Dunga, posam para foto antes da partida contra a Holanda, válida pela semifinal da Copa do Mundo 1998, na França.",,"× Ok.Foto adicionada com sucesso na cesta. × Ops.Foto já foi adicionada na cesta. 11/07/1998 COPA DO MUNDO 1998: SELEÇÃO BRASILEIRA DE FUTEBOL X HOLANDA

Os jogadores da Seleção Brasileira de Futebol (da esquerda para a direita), em pé: o goleiro Taffarel, César Sampaio, Aldair, Rivaldo, Júnior Baiano e Cafu; agachados: Ronaldo, o Fenômeno, Roberto Carlos, Leonardo, Bebeto e Dunga, posam para foto antes da partida contra a Holanda, válida pela semifinal da Copa do Mundo 1998, na França.",copa|cesta|brasileira|seleção|para|1998|x|adicionada|mundo|futebol|da|holanda
127_12-12-18_19_51.csv,gazetapress,"× Ok.Foto adicionada com sucesso na cesta.
× Ops.Foto já foi adicionada na cesta.
11/12/2018 NOVO BASQUETE BRASIL (NBB) 2018/2019: VASCO X PINHEIROSOkorie (com a bola), jogador do Vasco, durante partida contra o Pinheiros, válida pela nona semana do primeiro turno do Novo Basquete Brasil (NBB) 2018/2019.",,"× Ok.Foto adicionada com sucesso na cesta. × Ops.Foto já foi adicionada na cesta. 11/12/2018 NOVO BASQUETE BRASIL (NBB) 2018/2019: VASCO X PINHEIROS

Okorie (com a bola), jogador do Vasco, durante partida contra o Pinheiros, válida pela nona semana do primeiro turno do Novo Basquete Brasil (NBB) 2018/2019.",nbb|cesta|novo|vasco|x|basquete|adicionada|com|brasil|pinheiros|20182019
127_12-12-18_19_51.csv,gazetapress,"× Ok.Foto adicionada com sucesso na cesta.
× Ops.Foto já foi adicionada na cesta.
11/12/2018 CAMPEONATO PAULISTA DE BASQUETE FEMININO 2018: SANTO ANDRÉ X CAMPINASIzabela Andrade, jogadora do Santo André, comemora a vitória, por 69 a 67, na segunda partida contra o Campinas, válida pelo playoff final (melhor de três) do Campeonato Paulista de Basquete Feminino 2018.
Com esse resultado, a equipe de Santo André (SP) forçou o terceiro jogo.",,"× Ok.Foto adicionada com sucesso na cesta. × Ops.Foto já foi adicionada na cesta. 11/12/2018 CAMPEONATO PAULISTA DE BASQUETE FEMININO 2018: SANTO ANDRÉ X CAMPINAS

Izabela Andrade, jogadora do Santo André, comemora a vitória, por 69 a 67, na segunda partida contra o Campinas, válida pelo playoff final (melhor de três) do Campeonato Paulista de Basquete Feminino 2018. Com esse resultado, a equipe de Santo André (SP) forçou o terceiro jogo.",santo|andré|campeonato|2018|cesta|paulista|basquete|adicionada|com|final|feminino
127_12-12-18_19_51.csv,gazetapress,"× Ok.Foto adicionada com sucesso na cesta.
× Ops.Foto já foi adicionada na cesta.
11/12/2018 SUPERLIGA NACIONAL FEMININA DE VÔLEI 2018/2019: PINHEIROS X CURITIBA VÔLEIPriscila Souza (16), jogadora do Curitiba Vôlei, e suas companheiras de equipe comemoram ponto durante partida contra o Pinheiros, válida pela sétima rodada do primeiro turno da Superliga Nacional Feminina de Vôlei 2018/2019.",,"× Ok.Foto adicionada com sucesso na cesta. × Ops.Foto já foi adicionada na cesta. 11/12/2018 SUPERLIGA NACIONAL FEMININA DE VÔLEI 2018/2019: PINHEIROS X CURITIBA VÔLEI

Priscila Souza (16), jogadora do Curitiba Vôlei, e suas companheiras de equipe comemoram ponto durante partida contra o Pinheiros, válida pela sétima rodada do primeiro turno da Superliga Nacional Feminina de Vôlei 2018/2019.",feminina|vôlei|superliga|nacional|curitiba|cesta|x|adicionada|pinheiros|20182019
127_12-12-18_19_51.csv,gazetapress,"× Ok.Foto adicionada com sucesso na cesta.
× Ops.Foto já foi adicionada na cesta.
11/12/2018 ARENA ALLIANZ PARQUE RECEBE O SELO DE ACESSIBILIDADE ARQUITETÔNICAA Arena Allianz Parque, do Palmeiras, na Zona Oeste da capital paulista, recebe nesta terça-feira (11) o Selo de Acessibilidade Arquitetônica por parte da Comissão Permanente de Acessibilidade (CPA), órgão vinculado à Secretaria Municipal da Pessoa com Deficiência (SMPED) da Prefeitura de São Paulo.
O estádio do Palmeiras é o primeiro da América Latina a receber tal certificado, que é concedido para edificações que garantam acessibilidade para pessoas com deficiência.
Na foto, Eduardo Rigotto (c), atrás, gerente do Allianz Parque, recebe o Selo durante evento.",,"× Ok.Foto adicionada com sucesso na cesta. × Ops.Foto já foi adicionada na cesta. 11/12/2018 ARENA ALLIANZ PARQUE RECEBE O SELO DE ACESSIBILIDADE ARQUITETÔNICA

A Arena Allianz Parque, do Palmeiras, na Zona Oeste da capital paulista, recebe nesta terça-feira (11) o Selo de Acessibilidade Arquitetônica por parte da Comissão Permanente de Acessibilidade (CPA), órgão vinculado à Secretaria Municipal da Pessoa com Deficiência (SMPED) da Prefeitura de São Paulo. O estádio do Palmeiras é o primeiro da América Latina a receber tal certificado, que é concedido para edificações que garantam acessibilidade para pessoas com deficiência. Na foto, Eduardo Rigotto (c), atrás, gerente do Allianz Parque, recebe o Selo durante evento.",acessibilidade|é|selo|arena|allianz|que|para|recebe|arquitetônica|parque|com|da
127_12-12-18_19_51.csv,gazetapress,"× Ok.Foto adicionada com sucesso na cesta.
× Ops.Foto já foi adicionada na cesta.
10/12/2018 NOVO BASQUETE BRASIL (NBB) 2018/2019: PAULISTANO X JOINVILLETorcedores do Paulistano no Ginásio Antônio Prado Júnior, na Zona Sul da capital paulista, durante partida contra o Joinville, válida pela nona semana do primeiro turno do Novo Basquete Brasil (NBB) 2018/2019.",,"× Ok.Foto adicionada com sucesso na cesta. × Ops.Foto já foi adicionada na cesta. 10/12/2018 NOVO BASQUETE BRASIL (NBB) 2018/2019: PAULISTANO X JOINVILLE

Torcedores do Paulistano no Ginásio Antônio Prado Júnior, na Zona Sul da capital paulista, durante partida contra o Joinville, válida pela nona semana do primeiro turno do Novo Basquete Brasil (NBB) 2018/2019.",zona|nbb|cesta|novo|joinville|paulistano|x|basquete|adicionada|brasil|20182019
127_12-12-18_19_51.csv,gazetapress,"Foto já foi adicionada na cesta.
Ok. Foto adicionada com sucesso na cesta.
Jarlan Barrera, jogador do Junior Barranquilla, da Colômbia, durante treino no CT do Cajú, em Curitiba (PR).",,"Ops. Foto já foi adicionada na cesta.

Ok. Foto adicionada com sucesso na cesta.

Jarlan Barrera, jogador do Junior Barranquilla, da Colômbia, durante treino no CT do Cajú, em Curitiba (PR).",jogador|treino|foto|ops|curitiba|junior|já|em|col|pr|adicionada|sucesso|foi|barranquilla
127_12-12-18_19_52.csv,gazetapress,"× Ok.Foto adicionada com sucesso na cesta.
× Ops.Foto já foi adicionada na cesta.
09/12/2018 CAMPEONATO GAÚCHO FEMININO 2018: FINAL - INTERNACIONAL-RS X GRÊMIOA goleira Lua (D) e a jogadora Isa, do Internacional-RS, durante a segunda partida contra o Grêmio, válida pela final do Campeonato Gaúcho de Futebol Feminino 2018.",,"× Ok.Foto adicionada com sucesso na cesta. × Ops.Foto já foi adicionada na cesta. 09/12/2018 CAMPEONATO GAÚCHO FEMININO 2018: FINAL - INTERNACIONAL-RS X GRÊMIO

A goleira Lua (D) e a jogadora Isa, do Internacional-RS, durante a segunda partida contra o Grêmio, válida pela final do Campeonato Gaúcho de Futebol Feminino 2018.",campeonato|2018|cesta|válida|gaúcho|x|adicionada|final|futebol|internacionalrs|feminino
127_12-12-18_19_52.csv,gazetapress,"× Ok.Foto adicionada com sucesso na cesta.
× Ops.Foto já foi adicionada na cesta.
09/12/2018 JOGO BENEFICENTE 2018: AMIGOS DO ELIASFábio Santos, jogador do Atlético-MG, durante partida beneficente promovida pelo Projeto Elias, na Zona Norte da capital paulista.
A instituição ajuda mais de 500 crianças carentes na comunidade onde o jogador cresceu.",,"× Ok.Foto adicionada com sucesso na cesta. × Ops.Foto já foi adicionada na cesta. 09/12/2018 JOGO BENEFICENTE 2018: AMIGOS DO ELIAS

Fábio Santos, jogador do Atlético-MG, durante partida beneficente promovida pelo Projeto Elias, na Zona Norte da capital paulista. A instituição ajuda mais de 500 crianças carentes na comunidade onde o jogador cresceu.",jogador|zona|amigos|elias|promovida|beneficente|2018|cesta|santos|jogo|pelo|projeto|adicionada|sucesso
127_12-12-18_19_52.csv,gazetapress,"× Ok.Foto adicionada com sucesso na cesta.
× Ops.Foto já foi adicionada na cesta.
09/12/2018 STOCK CAR LIGHT 2018: 8ª ETAPA - INTERLAGOSO piloto Raphael Reis, da equipe W2 Racing, comemora a conquista do título da temporada 2018 após chegar em quinto lugar na oitava etapa da Stock Car Light 2018, no Autódromo José Carlos Pace (Interlagos), na Zona Sul da capital paulista.",,"× Ok.Foto adicionada com sucesso na cesta. × Ops.Foto já foi adicionada na cesta. 09/12/2018 STOCK CAR LIGHT 2018: 8ª ETAPA - INTERLAGOS

O piloto Raphael Reis, da equipe W2 Racing, comemora a conquista do título da temporada 2018 após chegar em quinto lugar na oitava etapa da Stock Car Light 2018, no Autódromo José Carlos Pace (Interlagos), na Zona Sul da capital paulista.",zona|w2|2018|stock|cesta|adicionada|etapa|car|da|8ª|light
127_12-12-18_19_52.csv,gazetapress,"× Ok.Foto adicionada com sucesso na cesta.
× Ops.Foto já foi adicionada na cesta.
08/12/2018 COPA SÃO PAULO LIGHT DE KART 2018: DÉCIMA ETAPA - BARUERI-SPO piloto Pedro Aizza (35), da categoria Júnior Maior, cruza a linha de chegada em primeiro lugar durante a décima etapa da Copa São Paulo Light de Kart 2018, no Kartódromo Internacional de Aldeia da Serra, em Barueri (SP).",,"× Ok.Foto adicionada com sucesso na cesta. × Ops.Foto já foi adicionada na cesta. 08/12/2018 COPA SÃO PAULO LIGHT DE KART 2018: DÉCIMA ETAPA - BARUERI-SP

O piloto Pedro Aizza (35), da categoria Júnior Maior, cruza a linha de chegada em primeiro lugar durante a décima etapa da Copa São Paulo Light de Kart 2018, no Kartódromo Internacional de Aldeia da Serra, em Barueri (SP).",são|décima|copa|2018|cesta|em|kart|etapa|da|paulo|light
127_12-12-18_19_52.csv,gazetapress,"× Ok.Foto adicionada com sucesso na cesta.
× Ops.Foto já foi adicionada na cesta.
08/12/2018 SUPERLIGA NACIONAL MASCULINA DE VÔLEI 2018/2019: SESI-SP X VÔLEI TAUBATÉOs jogadores do Vôlei Taubaté (da esquerda para a direita): Lucarelli, Douglas Souza, Raphael Oliveira e Thales, durante partida contra o Sesi-SP, válida pela oitava rodada do primeiro turno da Superliga Nacional Masculina de Vôlei 2018/2019.",,"× Ok.Foto adicionada com sucesso na cesta. × Ops.Foto já foi adicionada na cesta. 08/12/2018 SUPERLIGA NACIONAL MASCULINA DE VÔLEI 2018/2019: SESI-SP X VÔLEI TAUBATÉ

Os jogadores do Vôlei Taubaté (da esquerda para a direita): Lucarelli, Douglas Souza, Raphael Oliveira e Thales, durante partida contra o Sesi-SP, válida pela oitava rodada do primeiro turno da Superliga Nacional Masculina de Vôlei 2018/2019.",vôlei|superliga|taubaté|nacional|cesta|x|sesisp|adicionada|da|masculina|20182019
127_12-12-18_19_52.csv,gazetapress,"× Ok.Foto adicionada com sucesso na cesta.
× Ops.Foto já foi adicionada na cesta.
07/12/2018 ENTREVISTA COM O JOGADOR LUCARELLI DO VÔLEI TAUBATÉLucarelli, jogador do Vôlei Taubaté, durante entrevista exclusiva para a Gazeta Esportiva.com, no Ramada Encore, em Osasco (SP).",,"× Ok.Foto adicionada com sucesso na cesta. × Ops.Foto já foi adicionada na cesta. 07/12/2018 ENTREVISTA COM O JOGADOR LUCARELLI DO VÔLEI TAUBATÉ

Lucarelli, jogador do Vôlei Taubaté, durante entrevista exclusiva para a Gazeta Esportiva.com, no Ramada Encore, em Osasco (SP).",lucarelli|jogador|sp|vôlei|taubaté|cesta|adicionada|com|entrevista|taubatélucarelli|sucesso
127_12-12-18_19_52.csv,gazetapress,"× Ok.Foto adicionada com sucesso na cesta.
× Ops.Foto já foi adicionada na cesta.
07/12/2018 NOVO BASQUETE BRASIL (NBB) 2018/2019: FLAMENGO X BOTAFOGO-RJO jogadores do Flamengo (de branco) e do Botafogo-RJ, durante partida válida pela oitava semana do primeiro turno do Novo Basquete Brasil (NBB) 2018/2019.",,"× Ok.Foto adicionada com sucesso na cesta. × Ops.Foto já foi adicionada na cesta. 07/12/2018 NOVO BASQUETE BRASIL (NBB) 2018/2019: FLAMENGO X BOTAFOGO-RJ

O jogadores do Flamengo (de branco) e do Botafogo-RJ, durante partida válida pela oitava semana do primeiro turno do Novo Basquete Brasil (NBB) 2018/2019.",flamengo|nbb|cesta|novo|válida|x|basquete|adicionada|brasil|20182019|botafogorj
127_12-12-18_19_52.csv,gazetapress,"× Ok.Foto adicionada com sucesso na cesta.
× Ops.Foto já foi adicionada na cesta.
07/12/2018 AMISTOSO BENEFICENTE 2018: DESPEDIDA DE EMERSON SHEIKO ex-jogador Emerson(c), com a Taça da Copa Libertadores da América de 2012, recebe homenagem antes de partida válida em Amistoso Beneficente 2018, que marca sua despedida dos gramados.",,"× Ok.Foto adicionada com sucesso na cesta. × Ops.Foto já foi adicionada na cesta. 07/12/2018 AMISTOSO BENEFICENTE 2018: DESPEDIDA DE EMERSON SHEIK

O ex-jogador Emerson(c), com a Taça da Copa Libertadores da América de 2012, recebe homenagem antes de partida válida em Amistoso Beneficente 2018, que marca sua despedida dos gramados.",emerson|beneficente|2018|cesta|taça|válida|adicionada|com|da|exjogador|despedida|amistoso
127_12-12-18_19_52.csv,gazetapress,"× Ok.Foto adicionada com sucesso na cesta.
× Ops.Foto já foi adicionada na cesta.
07/12/2018 COPA SÃO PAULO LIGHT DE KART 2018: BARUERI - DÉCIMA ETAPAO piloto Nicolas Loretti (18), da categoria Cadete, durante a décima etapa da Copa São Paulo Light de Kart 2018, no Kartódromo Internacional Aldeia da Serra, em Barueri (SP)",,"× Ok.Foto adicionada com sucesso na cesta. × Ops.Foto já foi adicionada na cesta. 07/12/2018 COPA SÃO PAULO LIGHT DE KART 2018: BARUERI - DÉCIMA ETAPA

O piloto Nicolas Loretti (18), da categoria Cadete, durante a décima etapa da Copa São Paulo Light de Kart 2018, no Kartódromo Internacional Aldeia da Serra, em Barueri (SP)",são|décima|barueri|copa|2018|cesta|kart|adicionada|etapa|da|paulo|light
127_12-12-18_19_52.csv,gazetapress,"× Ok.Foto adicionada com sucesso na cesta.
× Ops.Foto já foi adicionada na cesta.
07/12/2018 COPA DO BRASIL SUB-17 DE 2018: FLUMINENSE X FLAMENGOMarcos Pedro (E) e Marcos Paulo, jogadores do Fluminense, comemoram o gol marcado por João Pedro durante a primeira partida contra o Flamengo, válida pela final da Copa do Brasil Sub-17 2018.",,"× Ok.Foto adicionada com sucesso na cesta. × Ops.Foto já foi adicionada na cesta. 07/12/2018 COPA DO BRASIL SUB-17 DE 2018: FLUMINENSE X FLAMENGO

Marcos Pedro (E) e Marcos Paulo, jogadores do Fluminense, comemoram o gol marcado por João Pedro durante a primeira partida contra o Flamengo, válida pela final da Copa do Brasil Sub-17 2018.",flamengo|fluminense|copa|2018|cesta|pedro|válida|x|sub17|adicionada|brasil
127_12-12-18_19_52.csv,gazetapress,"× Ok.Foto adicionada com sucesso na cesta.
× Ops.Foto já foi adicionada na cesta.
07/12/2018 STOCK CAR LIGHT 2018: 8ª ETAPA - INTERLAGOS - TREINO LIVRECarro do piloto Raphael Teixeira, da equipe Motor Fast Racing, durante o treino livre para a oitava etapa da Stock Car Light 2018, no Autódromo José Carlos Pace (Interlagos), na Zona Sul da capital paulista.",,"× Ok.Foto adicionada com sucesso na cesta. × Ops.Foto já foi adicionada na cesta. 07/12/2018 STOCK CAR LIGHT 2018: 8ª ETAPA - INTERLAGOS - TREINO LIVRE

Carro do piloto Raphael Teixeira, da equipe Motor Fast Racing, durante o treino livre para a oitava etapa da Stock Car Light 2018, no Autódromo José Carlos Pace (Interlagos), na Zona Sul da capital paulista.",treino|interlagos|2018|stock|cesta|adicionada|etapa|car|da|8ª|light
127_12-12-18_19_52.csv,gazetapress,"× Ok.Foto adicionada com sucesso na cesta.
× Ops.Foto já foi adicionada na cesta.
07/12/2018 STOCK CAR 2018: 12ª ETAPA - INTERLAGOS - TREINO LIVREO piloto Diego Nunes, da equipe Full Time Bassani, durante o treino livre para a décima segunda etapa da Stock Car 2018, no Autódromo José Carlos Pace (Interlagos), na Zona Sul da capital paulista.",,"× Ok.Foto adicionada com sucesso na cesta. × Ops.Foto já foi adicionada na cesta. 07/12/2018 STOCK CAR 2018: 12ª ETAPA - INTERLAGOS - TREINO LIVRE

O piloto Diego Nunes, da equipe Full Time Bassani, durante o treino livre para a décima segunda etapa da Stock Car 2018, no Autódromo José Carlos Pace (Interlagos), na Zona Sul da capital paulista.",zona|treino|interlagos|2018|stock|cesta|12ª|adicionada|etapa|car|da
127_12-12-18_19_52.csv,gazetapress,"× Ok.Foto adicionada com sucesso na cesta.
× Ops.Foto já foi adicionada na cesta.
03/07/1998 COPA DO MUNDO 1998: SELEÇÃO BRASILEIRA DE FUTEBOL X DINAMARCAMoller, jogador da Dinamarca, durante a partida contra a Seleção Brasileira de futebol, válida pelas quartas de final da Copa do Mundo 1998, na França.",,"× Ok.Foto adicionada com sucesso na cesta. × Ops.Foto já foi adicionada na cesta. 03/07/1998 COPA DO MUNDO 1998: SELEÇÃO BRASILEIRA DE FUTEBOL X DINAMARCA

Moller, jogador da Dinamarca, durante a partida contra a Seleção Brasileira de futebol, válida pelas quartas de final da Copa do Mundo 1998, na França.",copa|cesta|brasileira|seleção|1998|x|dinamarca|adicionada|mundo|futebol|da
127_12-12-18_19_52.csv,gazetapress,"× Ok.Foto adicionada com sucesso na cesta.
× Ops.Foto já foi adicionada na cesta.
06/12/2018 NOVO BASQUETE BRASIL (NBB) 2018/2019: MOGI X JOINVILLECafferata (com a bola), jogador do Mogi, durante partida contra o Joinville, válida pela oitava semana do primeiro turno da Liga Nacional de Basquete (NBB) 2018/2019.",,"× Ok.Foto adicionada com sucesso na cesta. × Ops.Foto já foi adicionada na cesta. 06/12/2018 NOVO BASQUETE BRASIL (NBB) 2018/2019: MOGI X JOINVILLE

Cafferata (com a bola), jogador do Mogi, durante partida contra o Joinville, válida pela oitava semana do primeiro turno da Liga Nacional de Basquete (NBB) 2018/2019.",nbb|cesta|novo|joinville|turno|válida|x|basquete|adicionada|com|brasil|20182019|mogi
127_12-12-18_19_52.csv,gazetapress,"× Ok.Foto adicionada com sucesso na cesta.
× Ops.Foto já foi adicionada na cesta.
06/12/2018 SUPERLIGA NACIONAL MASCULINA DE VÔLEI 2018/2019: VÔLEI RIBEIRÃO X SÃO JUDASMatheus Gonçalves (5) e Willian Rabel (7), atrás da rede, jogadores do São Judas, durante partida contra o Vôlei Ribeirão, válida pela nona rodada do segundo turno da Superliga Nacional Masculina de Vôlei 2018/2019.",,"× Ok.Foto adicionada com sucesso na cesta. × Ops.Foto já foi adicionada na cesta. 06/12/2018 SUPERLIGA NACIONAL MASCULINA DE VÔLEI 2018/2019: VÔLEI RIBEIRÃO X SÃO JUDAS

Matheus Gonçalves (5) e Willian Rabel (7), atrás da rede, jogadores do São Judas, durante partida contra o Vôlei Ribeirão, válida pela nona rodada do segundo turno da Superliga Nacional Masculina de Vôlei 2018/2019.",são|ribeirão|vôlei|superliga|nacional|cesta|x|adicionada|da|masculina|20182019|judas
127_12-12-18_19_52.csv,gazetapress,"× Ok.Foto adicionada com sucesso na cesta.
× Ops.Foto já foi adicionada na cesta.
06/12/2018 LANÇAMENTO DA BIOGRAFIA DO ATLETA ALFREDO GOMESLançamento do livro sobre o ex-atleta Alfredo Gomes, vencedor da primeira edição da Corrida São Silvestre, em 1925, o evento acontece no Clube Espéria, na Zona Norte da capital paulista.
Na foto, Antônio Carlos de Paula, autor do livro e neto do atleta.",,"× Ok.Foto adicionada com sucesso na cesta. × Ops.Foto já foi adicionada na cesta. 06/12/2018 LANÇAMENTO DA BIOGRAFIA DO ATLETA ALFREDO GOMES

Lançamento do livro sobre o ex-atleta Alfredo Gomes, vencedor da primeira edição da Corrida São Silvestre, em 1925, o evento acontece no Clube Espéria, na Zona Norte da capital paulista. Na foto, Antônio Carlos de Paula, autor do livro e neto do atleta.",zona|são|gomes|cesta|vencedor|biografia|lançamento|adicionada|atleta|livro|alfredo|da|sucesso
127_12-12-18_19_52.csv,gazetapress,"× Ok.Foto adicionada com sucesso na cesta.
× Ops.Foto já foi adicionada na cesta.
06/12/2018 CIDADANIA: EVENTO COM DEFICIENTES VISUAIS NA STOCK CARA Fundação Dornia Nowill para Cegos, trouxe para o Autódromo José Carlos Pace (Interlagos), na Zona Sul da capital paulista, deficientes visuais para terem um experiência sensorial a bordo de um carro da categoria Stock Car, pilotado por Daniel Serra (e).",,"× Ok.Foto adicionada com sucesso na cesta. × Ops.Foto já foi adicionada na cesta. 06/12/2018 CIDADANIA: EVENTO COM DEFICIENTES VISUAIS NA STOCK CAR

A Fundação Dornia Nowill para Cegos, trouxe para o Autódromo José Carlos Pace (Interlagos), na Zona Sul da capital paulista, deficientes visuais para terem um experiência sensorial a bordo de um carro da categoria Stock Car, pilotado por Daniel Serra (e).",zona|deficientes|cidadania|cesta|stock|um|para|visuais|evento|adicionada|com|car|da
127_12-12-18_19_52.csv,gazetapress,"× Ok.Foto adicionada com sucesso na cesta.
× Ops.Foto já foi adicionada na cesta.
27/06/1998 COPA DO MUNDO 1998: SELEÇÃO BRASILEIRA DE FUTEBOL X CHILELeonardo (D), jogador da Seleção Brasileira de futebol, durante partida contra o Chile, válida pelas oitavas de final da Copa do Mundo 1998, na França.",,"× Ok.Foto adicionada com sucesso na cesta. × Ops.Foto já foi adicionada na cesta. 27/06/1998 COPA DO MUNDO 1998: SELEÇÃO BRASILEIRA DE FUTEBOL X CHILE

Leonardo (D), jogador da Seleção Brasileira de futebol, durante partida contra o Chile, válida pelas oitavas de final da Copa do Mundo 1998, na França.",copa|cesta|brasileira|seleção|1998|x|adicionada|mundo|futebol|da|chile
127_12-12-18_19_52.csv,gazetapress,"× Ok.Foto adicionada com sucesso na cesta.
× Ops.Foto já foi adicionada na cesta.
05/12/2018 AMISTOSO BENEFICENTE 2018: GRAACC - GRUPO DE APOIO AO ADOLESCENTE E A CRIANÇA COM CÂNCERJuninho Paulista, diretor de futebol do Ituano, atuando durante partida organizada pelo GRAACC (Grupo de Apoio ao Adolescente e a Criança com Câncer), válida em Amistoso Beneficente 201.",,"× Ok.Foto adicionada com sucesso na cesta. × Ops.Foto já foi adicionada na cesta. 05/12/2018 AMISTOSO BENEFICENTE 2018: GRAACC - GRUPO DE APOIO AO ADOLESCENTE E A CRIANÇA COM CÂNCER

Juninho Paulista, diretor de futebol do Ituano, atuando durante partida organizada pelo GRAACC (Grupo de Apoio ao Adolescente e a Criança com Câncer), válida em Amistoso Beneficente 201.",grupo|criança|beneficente|adolescente|cesta|ao|graacc|amistoso|com|apoio|câncer
127_12-12-18_19_52.csv,gazetapress,"× Ok.Foto adicionada com sucesso na cesta.
× Ops.Foto já foi adicionada na cesta.
05/12/2018 NOVO BASQUETE BRASIL (NBB) 2018/2019: CORINTHIANS X SÃO JOSÉFaixa da torcida do Corinthians no Ginásio Wlamir Marques, no Parque São Jorge, em São Paulo (SP), durante partida contra o São José, válida pela oitava semana do primeiro turno do Novo Basquete Brasil (NBB) 2018/2019.",,"× Ok.Foto adicionada com sucesso na cesta. × Ops.Foto já foi adicionada na cesta. 05/12/2018 NOVO BASQUETE BRASIL (NBB) 2018/2019: CORINTHIANS X SÃO JOSÉ

Faixa da torcida do Corinthians no Ginásio Wlamir Marques, no Parque São Jorge, em São Paulo (SP), durante partida contra o São José, válida pela oitava semana do primeiro turno do Novo Basquete Brasil (NBB) 2018/2019.",são|nbb|cesta|novo|20182019|x|josé|basquete|adicionada|brasil|corinthians
127_12-12-18_19_52.csv,gazetapress,"× Ok.Foto adicionada com sucesso na cesta.
× Ops.Foto já foi adicionada na cesta.
09/11/2003 CAMPEONATO BRASILEIRO 2003 - SÉRIE C: SANTO ANDRÉ X BRAGANTINOLance de jogo, durante a partida Santo André e Bragantino, válida pelo quadrangular final do Campeonato Brasileiro da Série C,",,"× Ok.Foto adicionada com sucesso na cesta. × Ops.Foto já foi adicionada na cesta. 09/11/2003 CAMPEONATO BRASILEIRO 2003 - SÉRIE C: SANTO ANDRÉ X BRAGANTINO

Lance de jogo, durante a partida Santo André e Bragantino, válida pelo quadrangular final do Campeonato Brasileiro da Série C,",santo|campeonato|série|c|cesta|brasileiro|bragantino|nov2003|válida|x|adicionada|andré|futebol_campeonato|09
