Timestamp,Source,Summary,Authors,Text,Keywords
129_12-12-18_20_02.csv,blogspot,,Coisas De Agora,,caribe|coisas|eua|vendas|latino|para|diretorageral|latina|nova|flórida
129_12-12-18_20_02.csv,blogspot,,Coisas De Agora,,coisas|espécie|fundação|conservação|azul|para|buscam|instituto|da|toyota
129_12-12-18_20_02.csv,blogspot,,Coisas De Agora,,coisas|à|câmara|agora|dá|brasilalemanha|início|nova|programa|edição
129_12-12-18_20_02.csv,blogspot,,Coisas De Agora,,aeronáutica|comando|coisas|agora|hipersônico|motor|com|da|manufatura|desenvolve
129_12-12-18_20_02.csv,blogspot,,Coisas De Agora,,max|coisas|anuncia|agora|gol|para|frota|aceleração|da|renovação
129_12-12-18_20_02.csv,blogspot,,Coisas De Agora,,coisas|marli|agora|joana|por|mãe|casa|da|gonçalves
129_12-12-18_20_02.csv,blogspot,,Coisas De Agora,,coisas|inovação|identidade|mastercard|unem|microsoft|em|para|digital|se
129_12-12-18_20_02.csv,blogspot,,Coisas De Agora,,pela|fornecido|veículo|novo|lançamento|será|mhi|inmarsat|primeira|h3
129_12-12-18_20_02.csv,blogspot,,Coisas De Agora,,coisas|2019|agora|air|para|trainee|liquide|abre|inscrições|programa
129_12-12-18_20_02.csv,blogspot,,Coisas De Agora,,pela|pessoas|é|onu|deficiência|projeto|reconhecido|com|da|inclusão
129_12-12-18_20_02.csv,blogspot,,O Brasil Sobre Rodas,,rodas|emissões|testes|em|veículos|da|sobre|tecnológico|delphi|certifica
129_12-12-18_20_02.csv,blogspot,,O Brasil Sobre Rodas,,rodas|audi|anuncia|novo|conselho|presidente|sobre|brasil|administração
129_12-12-18_20_02.csv,blogspot,,O Brasil Sobre Rodas,,rodas|automóveis|mil|celebra|50|group|produzidos|bmw|sobre|brasil
129_12-12-18_20_02.csv,blogspot,,O Brasil Sobre Rodas,,rodas|grupo|argentina|anuncia|novo|volkswagen|ceo|presidente|sobre|brasil
129_12-12-18_20_02.csv,blogspot,,O Brasil Sobre Rodas,,rodas|cultura|gratuita|tem|em|antigos|mostra|sobre|elíseos|sábado
129_12-12-18_20_02.csv,blogspot,,O Brasil Sobre Rodas,,rodas|são|à|um|primeiros|que|ônibus|projeto|sobre|transporte
129_12-12-18_20_02.csv,blogspot,,O Brasil Sobre Rodas,,rodas|taubaté|fábrica|volkswagen|em|produzidos|veículos|sobre|da|milhões
129_12-12-18_20_02.csv,blogspot,,O Brasil Sobre Rodas,,rodas|gonzalez|wagner|pista|por|conversa|sobre|brasil
129_12-12-18_20_02.csv,blogspot,,O Brasil Sobre Rodas,,rodas|usados|experiência|brasil|123carros|comércio|cliente|sobre|carros|revoluciona
129_12-12-18_20_02.csv,blogspot,,O Brasil Sobre Rodas,,rodas|melhores|excelência|técnicos|representantes|consultores|premia|sobre|brasil|toyota
