Timestamp,Source,Summary,Authors,Text,Keywords
12_12-12-18_12_38.csv,colunapolitica,"Por Carla Castro de Nóbrega |O futuro ministro da Cidadania, Osmar Terra, ficará a frente da Secretaria de Economia Solidária que, atualmente, pertence ao Ministério do Trabalho.
A realocação faz sentido, visto que Osmar Terra já foi ministro do Desenvolvimento Social e implementou projetos que fomentam a geração de empregos e a inclusão social.
A ideia é alçar a renda das famílias carentes por meio da qualificação profissional e do trabalho.
A tarefa de Osmar Terra será a de atuar conjuntamente com o Ministério da Economia para gerar vagas de emprego e direcioná-las aos mais necessitados.
Já há programas nesse sentido que deverão ser fundidos à economia solidária e atuarão em múltiplas frentes no intuito de tornar esse país menos injusto na questão da distribuição da renda, do acesso ao emprego, da oportunidade de qualificação e da interrupção do ciclo da pobreza.",,"Por Carla Castro de Nóbrega |

O futuro ministro da Cidadania, Osmar Terra, ficará a frente da Secretaria de Economia Solidária que, atualmente, pertence ao Ministério do Trabalho. Com a extinção da pasta, anunciada por Jair Bolsonaro, essa secretaria que atua na inclusão de pessoas em situação de vulnerabilidade econômica ficará sob o guarda-chuva da Cidadania que engloba as áreas de Desenvolvimento Social, Esporte e Cultura.

A realocação faz sentido, visto que Osmar Terra já foi ministro do Desenvolvimento Social e implementou projetos que fomentam a geração de empregos e a inclusão social. A Secretaria de Economia Solidária tem como princípio básico o compartilhamento dos espaços, a execução conjunta de atividades e o desenvolvimento de uma atividade produtiva por meio do cooperativismo. O intuito é gerar desenvolvimento econômico promovendo inclusão, renda e sustentabilidade ambiental, a exemplo das cooperativas de catadores que auxiliam na coleta seletiva aquecendo a indústria da reciclagem.

A ideia é que as ações que já estão sendo desenvolvidas no âmbito do Ministério do Trabalho sejam incorporadas a outras iniciativas maiores, como o Plano Progredir que atua conjuntamente com programas como o Bolsa Família. O portal do Plano Progredir oferece qualificação e vagas de emprego aos inscritos no Cadastro Único que são beneficiários do Bolsa Família. A ideia é alçar a renda das famílias carentes por meio da qualificação profissional e do trabalho.

O emprego e a inclusão social ganham mais repercussão com a divulgação recente do IBGE que aponta um aprofundamento das discrepâncias na distribuição de renda no Brasil. Segundo o relatório, divulgado dia 5/12, os 10% mais ricos ganham mais de 17 vezes o rendimento dos 40% mais pobres, enquanto poucos têm mais de R$ 6.600 por mês, muitos vivem com apenas R$ 376 reais.

Essa realidade é especialmente cruel com os mais jovens, de acordo com dados do relatório, são mais de 18 milhões de jovens vivendo em situação de pobreza, com menos de 406 reais por mês, e mais de 5 milhões vivendo na extrema pobreza, com menos de U$ 1,90 dólares por dia, cerca de 140 reais por mês.

A tarefa de Osmar Terra será a de atuar conjuntamente com o Ministério da Economia para gerar vagas de emprego e direcioná-las aos mais necessitados. Já há programas nesse sentido que deverão ser fundidos à economia solidária e atuarão em múltiplas frentes no intuito de tornar esse país menos injusto na questão da distribuição da renda, do acesso ao emprego, da oportunidade de qualificação e da interrupção do ciclo da pobreza.

Quer mandar uma sugestão de pauta? Então, envie e-mail para o endereço:

redacao@colunapolitica.com.br",economia|osmar|terra|irá|é|renda|por|meio|promover|que|social|inclusão|com|solidária|da|mais|emprego|geração
12_12-12-18_12_38.csv,colunapolitica,"O ingresso em ambas as escolas é muito disputado pelo fato da excelência não só em formar bons alunos, mas em formar bons cidadãos.
O Tenente Davi é militar do Exército há 30 anos, formado em Direito, com especialização em Prestação Jurisdicional.
Exemplos bem-sucedidos desse modelo já foram implantados no Amazonas e em Goiás, em localidades dominadas pelo crime organizado.
Nessa linha de raciocínio, a proposta do Tenente Davi se difere dessas iniciativas, porque é uma expansão pensada, articulada com as comunidades, com a gestão pré-existente, com professores, pais e alunos.
Neste sentido é lógico, que o Tenente Davi venha colaborar com o sucesso do governo Bolsonaro na implantação de projetos com o apoio da Secretaria Geral da Presidência da República.",,"Por Carla Castro de Nóbrega |

A Educação é, sem dúvidas, a melhor forma de proporcionar um salto qualitativo para o povo brasileiro. No Distrito Federal, a proposta do Tenente Davi de ampliar o número de escolas administradas por militares, e distribuí-las nas cidades satélites, chamou atenção para um fato que muitos brasileiros já conhecem: a excelência das escolas militares.

No DF, a Escola Militar de Brasília (EMB), administrada pelo Exército, e o Colégio Dom Pedro II, gerido pelo Corpo de Bombeiros Militar do Distrito Federal, são referências em ensino. O ingresso em ambas as escolas é muito disputado pelo fato da excelência não só em formar bons alunos, mas em formar bons cidadãos. O Tenente Davi é militar do Exército há 30 anos, formado em Direito, com especialização em Prestação Jurisdicional. Além disso, o currículo do jovem tenente inclui 5 condecorações no Exército, entre elas a Medalha Marechal Osório, garantida aqueles que apresentem excelente desempenho funcional, irrepreensível conduta civil e militar e destaque por excepcional preparo físico.

O Tenente Davi é natural do Maranhão, filho de uma família de dez irmãos, chegou a Brasília após concluir o Curso de Sargentos em Três Corações – MG. Militar da ativa há mais de 30 anos, resolveu disputar as eleições de 2018 com a bandeira de implantar uma nova gestão para escolas públicas baseada nos melhores aspectos da administração militar. A ideia dele é implantar uma escola conduzida por militares em cada Região Administrativa do Distrito Federal.

Apesar de não ter sido eleito, o militar que, assim como Bolsonaro, é paraquedista do Exército, mantém seu pensamento de que a administração militar em algumas escolas públicas seria um ponto chave para transformar a juventude de locais mais marginalizados. Exemplos bem-sucedidos desse modelo já foram implantados no Amazonas e em Goiás, em localidades dominadas pelo crime organizado. Nessas zonas, a Polícia Militar, literalmente, tomou a escola melhorando o ensino, a assiduidade, o desempenho e o interesse dos alunos nesses estados. Rapidamente os policiais viraram uma referência para os jovens daquelas comunidades que só possuíam exemplos ligados ao crime.

Nessa linha de raciocínio, a proposta do Tenente Davi se difere dessas iniciativas, porque é uma expansão pensada, articulada com as comunidades, com a gestão pré-existente, com professores, pais e alunos. A ideia é formar um modelo que seja aplicável e customizável às diferentes realidades por todo o Brasil, proporcionando escolas públicas de qualidade com vistas à erradicação da evasão escolar, da violência, da indisciplina e do baixo desempenho escolar. A gestão militar entraria no contexto do aprendizado para retomar valores morais e éticos importantes como civismo, patriotismo, disciplina e respeito. Caso o protótipo, no DF, fosse bem-sucedido o projeto poderia se tornar uma referência nacional em educação.

Visto que o governo de Bolsonaro pretende retirar os dogmas de esquerda das escolas, essa seria uma proposta interessante, ainda mais com a relação de Gustavo Bebbiano e do Tenente Davi, que são amigos de longa data. Bolsonaro também apoiou a candidatura do Tenente Davi, gravando vídeos nas redes sociais e afirmando que as escolas administradas pelos militares são uma boa opção para o Brasil. Neste sentido é lógico, que o Tenente Davi venha colaborar com o sucesso do governo Bolsonaro na implantação de projetos com o apoio da Secretaria Geral da Presidência da República.

Quer mandar uma sugestão de pauta? Então, envie e-mail para o endereço:

redacao@colunapolitica.com.br",uma|implantada|gestão|tenente|ser|é|militar|em|todo|que|para|escolas|públicas|pode|com|da|proposta
12_12-12-18_12_38.csv,colunapolitica,"BRASÍLIA – Autor da Proposta de Emenda à Constituição que prevê o fim do chamado “Foro Privilegiado”, o senador Álvaro Dias (Pode-PR) quer ver a matéria aprovada na Comissão Especial da Câmara ainda no ano de 2018.
Do Senado, foi imediatamente remetida à Câmara dos Deputados onde recebeu nova numeração, PEC nº 333/2017.
A expectativa de Álvaro Dias e das autoridades que buscam moralizar o país é que a PEC seja aprovada na Câmara e dependa de aprovação do Plenário a partir de 2019.
Já a expectativa da população é que, além de extinguir o foro privilegiado, essa proposta traduza o sentimento de que ninguém está acima da lei.
Isso acontece em função de um sistema que proporciona recursos infindáveis, longas demoras e, na prática, gera impunidade para as autoridades.",,"BRASÍLIA – Autor da Proposta de Emenda à Constituição que prevê o fim do chamado “Foro Privilegiado”, o senador Álvaro Dias (Pode-PR) quer ver a matéria aprovada na Comissão Especial da Câmara ainda no ano de 2018. A PEC nº 333, de 2017, modifica a Constituição para extinguir o Foro Especial por Prerrogativa de Função, em caso de crimes comuns, praticados pelas autoridades dos poderes Legislativo, Executivo e Judiciário.

A lista dos que deverão perder o Foro Privilegiado se estende à governadores, prefeitos, deputados, senadores, juízes, desembargadores, ministros do STF, membros do Ministério Público e dos Tribunais de Contas. De acordo com a proposta, somente algumas autoridades manteriam o Foro Privilegiado: o Presidente da República, o Vice-Presidente da República, o Presidente da Câmara dos Deputados, o Presidente do Senado Federal e o Presidente do Supremo Tribunal Federal.

A proposta visa corrigir uma distorção do sistema Judiciário que garante a essas autoridades serem processadas e julgadas nas instâncias superiores: STJ, STF e TRFs, o que acarreta longas demoras na apreciação das ações, visto que a demanda de processos nesses tribunais é enorme. De acordo com estudo da Fundação Getúlio Vargas, “Supremo em Números”, de 2011 a 2016 somente 1,04% das autoridades julgadas pelo STF foram condenadas e 65% das ações prescrevem ou sofrem declínio de competência. Isso gera na sociedade um sentimento de impunidade, especialmente nos crimes envolvendo atos de corrupção.

O texto que está, atualmente, na Comissão Especial da Câmara teve parecer favorável do Relator Efraim Filho (DEM-PB), na última terça-feira (04/12), mas houve um pedido coletivo de vista que suspendeu a votação até quinta-feira (06/12), a expectativa é que a matéria seja apreciada na próxima semana, na sessão de terça-feira (11/12). O texto inicial, elaborado por Álvaro Dias, já foi aprovado pelo Senado Federal. Caso seja aprovado na Câmara, da forma em que o relator Efraim Filho propôs, sem modificações, poderá ser apreciado pelo Plenário da Câmara no início de 2019 e virar lei já no primeiro semestre do novo governo.

A proposta tem maciça aprovação popular e está, diametralmente, alinhada à pauta anticorrupção de Jair Bolsonaro, de Sérgio Moro e de Álvaro Dias. As manifestações em torno do assunto levaram o promotor de Justiça, Roberto Livianu, a entregar um abaixo-assinado com 700 mil assinaturas em apoio à PEC 333/2017. Livianu também é presidente do Instituto “Não Aceito Corrupção”, uma organização apartidária, sem fins lucrativos que atua na ampliação da Pesquisa, na promoção de Políticas Públicas e na Educação e Mobilização contra a corrupção.

A despeito de parecer um tema simples, a extinção do Foro Privilegiado afeta mais de 54 mil autoridades que fazem movimentos contrários para que essa proposta não caminhe. A iniciativa de Álvaro Dias se iniciou ainda em 2013, no Senado Federal, quando apresentou a PEC 10/2013. A matéria se arrastou no Senado durante 4 anos até ser aprovada por unanimidade, em julho de 2017, após grandes tensões.

Do Senado, foi imediatamente remetida à Câmara dos Deputados onde recebeu nova numeração, PEC nº 333/2017. Nas comissões da Câmara se iniciou mais um longo período de votações, ficou parada durante 4 meses e correu o risco de ser arquivada. Após a criação da Comissão Especial, em maio de 2018, foram 44 sessões e dezenas de audiências públicas para, enfim, um relatório pela aprovação da matéria sem nenhuma modificação, o que facilita o trâmite até que vire lei.

Em virtude da Intervenção Federal no Rio de Janeiro, decretada pelo Presidente Michel Temer, nenhuma modificação à Constituição pode ser feita, porém nada impede que ela seja apreciada pelas comissões. A expectativa de Álvaro Dias e das autoridades que buscam moralizar o país é que a PEC seja aprovada na Câmara e dependa de aprovação do Plenário a partir de 2019.

Já a expectativa da população é que, além de extinguir o foro privilegiado, essa proposta traduza o sentimento de que ninguém está acima da lei. Mais do que perder o direito de ser processado e julgado por instâncias superiores, o fim dessa prerrogativa mostra que nenhuma autoridade é inatingível à justiça. Os brasileiros querem um novo momento na história do Judiciário que, efetivamente, puna aqueles que desviam dinheiro público em benefício próprio e, muitas vezes, não pagam por seus crimes. Isso acontece em função de um sistema que proporciona recursos infindáveis, longas demoras e, na prática, gera impunidade para as autoridades.

O novo governo, que começa a partir de janeiro de 2019, terá a força das urnas, as vozes de milhões de brasileiros que clamam por mais transparência e pelo fim da corrupção. Essa pressão deve ser utilizada para aprovar uma extensa pauta anticorrupção no país já nos primeiros meses de funcionamento do Congresso e dar uma contraprestação à sociedade. A votação dessa PEC poderá ser, inclusive, o início de um movimento que irá, de fato, acabar com privilégios e moralizar o Brasil.

Da redação (Justiça Em Foco) por Lúcia Guerra e Mário Benisti.",ser|é|que|da|votada|proposta|privilegiado|câmara|um|em|foro|esse|álvaro|seja|por|para|à|pec|se
12_12-12-18_12_38.csv,colunapolitica,"Por Carla Castro de Nóbrega |A mais nova ministra do Governo Bolsonaro, Damares Alves, é a mulher que vai assumir a pasta dos Direitos Humanos.
A escolha de Bolsonaro está alinhada com o pensamento de Damares em prol da família tradicional brasileira, contra o aborto e contra a ideologia de gênero.
Além disso, a futura ministra declarou que pretende tirar do anonimato as trabalhadoras brasileiras desassistidas pelas políticas públicas e promover a igualdade salarial entre homens e mulheres que exercem a mesma função.
Essa linha de atuação, em defesa dos direitos das mulheres, já vinha sendo promovida por Fátima Pelaes, que foi Secretária Especial de Políticas para as Mulheres no Governo Michel Temer.
Agora, com status de Ministério, Damares terá ainda mais força para ampliar essas ações desenvolvidas por Fátima Pelaes.",,"Por Carla Castro de Nóbrega |

A mais nova ministra do Governo Bolsonaro, Damares Alves, é a mulher que vai assumir a pasta dos Direitos Humanos. Além de pastora, Damares é advogada e atuou como assessora do Senador Magno Malta de 2015 até 2018. O novo ministério terá três eixos de atuação: mulheres, família e direitos humanos, além de ser responsável pela gestão da FUNAI (Fundação Nacional do Índio) que deixa de ser comandada pelo Ministério da Justiça.

A escolha de Bolsonaro está alinhada com o pensamento de Damares em prol da família tradicional brasileira, contra o aborto e contra a ideologia de gênero. Além disso, a futura ministra declarou que pretende tirar do anonimato as trabalhadoras brasileiras desassistidas pelas políticas públicas e promover a igualdade salarial entre homens e mulheres que exercem a mesma função. Essa linha de atuação, em defesa dos direitos das mulheres, já vinha sendo promovida por Fátima Pelaes, que foi Secretária Especial de Políticas para as Mulheres no Governo Michel Temer.

Fátima Pelaes possui amplo conhecimento sobre o assunto, formada em Sociologia pela Universidade Federal do Pará, já foi deputada federal por cinco mandatos. À frente da Secretaria Especial de Políticas para as Mulheres, Pelaes, em 2017, conseguiu dobrar os recursos de emendas individuais para a Secretaria, de 5 milhões para 11 milhões de reais, e aumentou em mais de 540% as emendas coletivas, que saltaram de 10 milhões para 54 milhões. Esse dinheiro, que constou do orçamento de 2018, foi obtido pelo diálogo entre Pelaes e a coordenadora da bancada feminina na Câmara dos Deputados, deputada Soraya Santos. O aumento expressivo do orçamento possibilitou a ampliação de diversos programas de promoção da mulher na sociedade e de combate à violência contra mulheres.

Agora, com status de Ministério, Damares terá ainda mais força para ampliar essas ações desenvolvidas por Fátima Pelaes. Certamente, a pauta de empoderamento feminino será uma prioridade da gestão de Damares, visto que o tema ganha cada vez mais força na sociedade. Isso se reflete também no aumento expressivo de deputadas na nova composição da Câmara e, consequentemente, na ampliação da bancada feminina. Nesse ponto, Damares poderá ter uma aliada de peso, já que Fátima Pelaes possui boas relações com a bancada feminina, demonstrada ao longo de sua gestão.

Quer mandar uma sugestão de pauta? Então, envie e-mail para o endereço:

redacao@colunapolitica.com.br",vai|que|da|milhões|mulher|ministra|família|em|humanos|pelaes|fátima|direitos|damares|por|para|mulheres|trabalho|dar|mais
12_12-12-18_12_38.csv,colunapolitica,"Por Carla Castro de Nóbrega |O ex-ministro da educação, Mendonça Filho, poderá ser convidado para presidir o Fundo Nacional de Desenvolvimento da Educação (FNDE).
Mendonça Filho é formado em Administração de Empresas pela Universidade de Pernambuco e especialista em Gestão Pública pela Kennedy School, Escola de Governo da Universidade de Harvard (EUA).
A atuação de Mendonça Filho como Secretário de Estado, como Vice-Governador e como Governador foram consistentes na área da Educação.
Grande parte desses projetos vai receber recursos do FNDE o que facilitaria a gestão de Mendonça Filho pelo conhecimento do assunto.
Mendonça Filho, no comando do FNDE, daria uma grande contribuição à gestão de Jair Bolsonaro, especialmente como um interlocutor dentro do Ministério da Educação que já possui experiência.",,"Por Carla Castro de Nóbrega |

O ex-ministro da educação, Mendonça Filho, poderá ser convidado para presidir o Fundo Nacional de Desenvolvimento da Educação (FNDE). Mendonça Filho comandou o MEC durante o governo de Michel Temer e conhece bem as atribuições do Fundo, já que o FNDE é o principal órgão financiador do sistema da educação básica, por onde tramitam e são aprovados todos os projetos voltados para o ensino fundamental. Além disso, é por meio do FNDE que os convênios e parcerias com os governos estaduais são firmados com o intuito de melhorar o ensino público no Brasil.

Nesse sentido, o FNDE necessita de uma pessoa experiente que entenda a situação da educação básica e que possa contribuir para melhorá-la. Mendonça Filho é formado em Administração de Empresas pela Universidade de Pernambuco e especialista em Gestão Pública pela Kennedy School, Escola de Governo da Universidade de Harvard (EUA). A vida pública de José Mendonça Bezerra Filho começou ainda na década de 1980, quando foi o deputado estadual mais novo a ser eleito no país. Com apenas 20 anos de idade ingressou na política pernambucana e foi crescendo, exerceu dois cargos de deputado federal, foi secretário de estado e vice-governador em duas ocasiões, assumindo o Governo de Pernambuco, de 2005 a 2006, com a saída de Jarbas Vasconcelos que se candidatou ao Senado.

A atuação de Mendonça Filho como Secretário de Estado, como Vice-Governador e como Governador foram consistentes na área da Educação. Dentre as iniciativas criadas na gestão de Mendonça Filho está a Universidade Democrática, que garantiu acesso gratuito aos jovens da rede pública estadual à Universidade de Pernambuco. Também foi autor do Projeto Jovem Campeão, um projeto de fomento ao esporte que garantiu a construção de quadras poliesportivas nas escolas em todo o estado. Em função da boa atuação e dos projetos bem-sucedidos na área educacional, Mendonça Filho foi convidado a assumir o Ministério da Educação, na atual gestão de Michel Temer, substituindo Aloizio Mercadante.

Em sua rápida passagem pelo MEC, entre maio de 2016 e abril de 2018, teve a oportunidade de deixar um legado que será implantado a partir de 2019. Uma das principais mudanças será a reforma do ensino médio, que prevê alteração das matérias na grade curricular comum, visando atualizar o aprendizado para se tornar condizente com a realidade da nova juventude, conectada às mudanças do século XXI. Além disso, Mendonça Filho deixou diretrizes para mudanças no investimento do ensino fundamental e para criação de creches e adoção da pré-escola pelo Governo Federal. Grande parte desses projetos vai receber recursos do FNDE o que facilitaria a gestão de Mendonça Filho pelo conhecimento do assunto.

A tarefa do próximo Ministro da Educação será complexa, visto que o ensino, no Brasil, depende de uma complexa rede de autarquias e secretarias autônomas. Uma rede imensa de órgãos de difícil acesso, dirigidas por intelectuais e suas equipes “cristalizadas” há décadas no seio destes organismos.

A capacidade, experiência em gestão e comando do ex-ministro Mendonça Filho, que já governou um estado, serviu-lhe de suporte para elaborar, além dos programas já destacados, outros inúmeros que estão em andamento. Fazer transitar um processo de modernização do modelo de ensino passa, invariavelmente, pelo financiamento prioritário da educação básica. Usando sua capacidade “política”, Mendonça Filho circulou entre os diferentes grupos do MEC com desenvoltura. Dialogou, discutiu; acatou sugestões e conquistou soluções consensuais, que se sobrepujaram as ideologias e seus conceitos dogmáticos.

Mendonça Filho, no comando do FNDE, daria uma grande contribuição à gestão de Jair Bolsonaro, especialmente como um interlocutor dentro do Ministério da Educação que já possui experiência. Além disso, ele pode auxiliar Ricardo Vélez na condução dos projetos que já estão em andamento e pode atuar com seu capital político na aprovação de projetos sensíveis para a Educação junto ao Congresso Nacional.

Quer mandar uma sugestão de pauta? Então, envie e-mail para o endereço:

redacao@colunapolitica.com.br",fnde|uma|gestão|educação|filho|em|que|para|mendonça|com|da|presidir|poderá
12_12-12-18_12_38.csv,colunapolitica,"O deputado fez doações de equipamentos da Câmara Federal para seu estado em ano eleitoral– Por Mário Benisti |O deputado federal Fernando Giacobo (PR-PR) está sendo investigado junto ao Tribunal Regional Eleitoral do Paraná por abuso de poder.
O integrante da 1ª Secretaria da Mesa Diretora da Câmara dos Deputados é acusado de articular, em pleno ano eleitoral, doações de equipamentos da Câmara para municípios paranaenses.
Na ação, Giacobo é acusado de assinar diversos despachos no final de 2017, autorizando a doação de equipamentos para prefeituras do Paraná.
Dentre os materiais distribuidos por Giacobo, estavam 15 computadores seminovos.
InfluênciaA 1ª Secretaria, comandada por Fernando Giacobo, é responsável pelo Departamento de Material e Patrimônio da Câmara dos Deputados.",,"O deputado fez doações de equipamentos da Câmara Federal para seu estado em ano eleitoral

– Por Mário Benisti |

O deputado federal Fernando Giacobo (PR-PR) está sendo investigado junto ao Tribunal Regional Eleitoral do Paraná por abuso de poder. O integrante da 1ª Secretaria da Mesa Diretora da Câmara dos Deputados é acusado de articular, em pleno ano eleitoral, doações de equipamentos da Câmara para municípios paranaenses. As irregularidades nas ações foram repercutidas pela imprensa em julho deste ano.

Na ação, Giacobo é acusado de assinar diversos despachos no final de 2017, autorizando a doação de equipamentos para prefeituras do Paraná. De acordo com o processo, as doações foram realizadas visando a autopromoção do parlamentar no pleito eleitoral de 2018, por serem direcionadas apenas para municípios paranaenses. A acusação alega que a doação dos patrimônios é desnecessária, pelo fato de estarem em boas condições de uso.

Dentre os materiais distribuidos por Giacobo, estavam 15 computadores seminovos. Além disso, foi entregue para o município de São Miguel de Iguaçu, situado no oeste paranaense, um tomógrafo no valor aproximado de R$ 450 mil. Em outra doação autorizada, Giacobo entregou equipamentos agrícolas para o município de Três Barras. O jornal Estadão ressaltou que o deputado atuou em sua publicidade, declarando em suas Redes Sociais que “escolas recebem computadores doados pelo Deputado Fernando Giacobo”, diz.

Ação Judicial

Caso a acusação seja confirmada, Fernando Giacobo poderá perder o mandato parlamentar. Como consequência pode ficar inelegível por 08 anos, com base no artigo 22 da Lei Complementar Nº 64/1990. O relator do processo, desembargador Tito Campos de Paula notificou ontem (05) e Giacobo tem até cinco dias para apresentar sua defesa. A ação (Nº 0603941-26.2018.6.16.0000) foi ajuizada pelo deputado Alfredo Kaefer.

Influência

A 1ª Secretaria, comandada por Fernando Giacobo, é responsável pelo Departamento de Material e Patrimônio da Câmara dos Deputados. O setor é encarregado de gerenciar os bens da Câmara Federal, o que facilitou a execução das doações.",câmara|é|poder|abuso|giacobo|em|por|deputado|para|que|pelo|denunciado|da|fernando
12_12-12-18_12_38.csv,colunapolitica,"Coluna Política: Boa tarde, Hélio, minha primeira pergunta é: qual a diferença entre o ensino tradicional e o ensino à distância?
Coluna Política: O que é o Residência Educação?
Hélio Laranjeira: É a maior plataforma de ensino à distância do Brasil.
A capilaridade do ensino à distância é tão grande quanto a proliferação dos smartphones.
Gostaria que as mudanças fossem mais profundas e mais céleres, mas sei que isso é um pouco difícil de acontecer.",,"Por Carla Castro de Nóbrega |

A entrevista de hoje será feita com Hélio Laranjeira, presidente e proprietário do Residência Educação, um dos maiores portais de Ensino à Distância (EAD) do Brasil e o único certificado pelo MEC a oferecer o Ensino Médio completo à distância.

Coluna Política: Boa tarde, Hélio, minha primeira pergunta é: qual a diferença entre o ensino tradicional e o ensino à distância?

Hélio Laranjeira: Boa tarde! A principal diferença está no alcance do Ensino à Distância (EAD), que pode ir para os 4 cantos do Brasil sem a necessidade de um ambiente físico. Além disso, os métodos de aprendizado no EAD são voltados para a realidade das futuras gerações. Quadro negro e giz branco não prendem a atenção dessa garotada conectada 24h, mas um jogo interativo no qual ele participa ativamente da aula pode significar ganhos expressivos na absorção do conhecimento.

Coluna Política: É possível ensinar por meio de games?

Hélio Laranjeira: Claro! Essa é uma tendência mundial, não só nas salas de aula, mas também nos treinamentos de ambientes corporativos e, em outras arenas nas quais o conhecimento é peça chave para a inovação, geração de renda e empregos. A Gameficação está voltada ao conhecimento prático, o ensino técnico, por exemplo, prepara os jovens para o mercado de trabalho, além do conhecimento teórico, formamos um profissional que está apto a trabalhar. O Brasil carece de mão-de-obra em todos os setores, o Residência Educação proporciona uma plêiade de cursos técnicos que poderá ser uma base para uma futura graduação na área.

Coluna Política: O que é o Residência Educação?

Hélio Laranjeira: É a maior plataforma de ensino à distância do Brasil. Em suma, o Residência Educação supre a falta de educadores das escolas básicas, prepara técnicos capacitados para a indústria e é o único a oferecer o Ensino Médio à distância reconhecido pelo MEC. Nossos professores são mestres e doutores, temos estúdios em São Paulo, Brasília, Maceió e Cuiabá, além de Polos de Apoio Presencial, como o CETEB, em Brasília. O diferencial dos nossos produtos é a utilização do processo Blended Learning, no qual existe um mix de métodos que otimiza a aprendizagem. Basicamente, o Residência é a utilização da tecnologia a serviço da Educação.

Coluna Política: Qual é o papel da tecnologia no futuro do ensino do Brasil?

Hélio Laranjeira: A tecnologia quebra as barreiras físicas e impulsiona a economia de um país. Os países mais ricos do mundo investem pesado em Tecnologia e em Educação, o EAD junta esses dois pilares. No Brasil, muita gente não completa o Ensino Médio por falta de oportunidade, porque teve que trabalhar muito cedo. Nós temos uma modalidade que permite o Ensino de Jovens e Adultos (EJA) à distância, a pessoa pode trabalhar normalmente durante o dia e terminar o Ensino Médio à noite, em casa. A internet já revolucionou o mundo e é a partir dela que as grandes transformações continuarão acontecendo. Nas localidades onde a internet é precária, o Residência Educação pode chegar por meio de satélite. A capilaridade do ensino à distância é tão grande quanto a proliferação dos smartphones. Se um jovem é capaz de passar horas no celular assistindo o Youtube ou no Netflix, porque ele não passa 1 ou 2 horas aprendendo um curso técnico?

Coluna Política: Qual a vantagem do Ensino Técnico?

Hélio Laranjeira: A primeira vantagem do Ensino Técnico é formar um profissional, num período de tempo mais curto que será, rapidamente, contratado. A segunda vantagem é proporcionar experiência de trabalho ao jovem antes de ele decidir ficar 4 anos estudando numa faculdade e não atuar na sua área. Hoje, o Brasil investe 70% do dinheiro da Educação nas faculdades e, somente, 30% na formação básica. Isso causa uma inversão que faz com que: os pobres estudem o Ensino Médio na escola pública, enquanto os ricos estudam nas particulares. Depois disso, os ricos passam nos vestibulares e ingressam nas universidades públicas, que são gratuitas, e os pobres vão pagar um ensino superior numa faculdade particular. Os impostos da sociedade estão sendo duplamente mal-empregados na Educação.

Coluna Política: Essa inversão possui reflexos maiores?

Hélio Laranjeira: Muito maiores, por exemplo, a população carcerária do Brasil supera os 700 mil presos. O Estado gasta 5 mil reais com um preso por mês e 3 mil reais com um aluno da escola básica por ano. O retorno que o Brasil tem investindo pouco na Educação Básica e muito na Ensino Superior é o agravamento das desigualdades de renda, de oportunidades e até de direitos. Isso vai gerar, entre outras coisas, maior criminalidade entre as pessoas de baixa renda e um ciclo vicioso da pobreza. De outro lado, a ressocialização prometida pelo Estado aos presidiários é nula, por isso nós temos um projeto de levar o conhecimento para os presídios utilizando a plataforma de EAD. A perspectiva de mudança nos próximos anos e no novo governo que irá assumir em 2019 é imensa!

Coluna Politíca: Qual a sua expectativa para a Educação nos próximos anos?

Hélio Laranjeira: Estou muito otimista! O simples fato de a nova administração reconhecer que existe a possibilidade de mudança e de aceitar novos métodos e novos canais, provoca uma grande expectativa. Gostaria que as mudanças fossem mais profundas e mais céleres, mas sei que isso é um pouco difícil de acontecer. Por exemplo, existem conhecimentos que são muito relevantes e que não entrarão na Base Comum Curricular, como o relacionamento interpessoal. Hoje, essa habilidade é um grande diferencial no mercado de trabalho. O grande problema da Educação no Brasil é se desvincular da realidade, tanto de não acompanhar os avanços tecnológicos e fazer com que eles se tornem aliados no aprendizado, quanto de separar o conhecimento teórico e prático. Nas escolas básicas e nas universidades não formamos profissionais, formamos uma pessoa com uma bagagem teórica gigantesca e, não raras vezes, com zero de prática, sem ter feito um estágio na área.

Quer mandar uma sugestão de pauta? Então, envie e-mail para o endereço: redacao@colunapolitica.com.br",uma|revela|à|é|educação|distância|ensino|laranjeira|um|que|os|por|para|entrevista|da|futuro|hélio
12_12-12-18_12_38.csv,colunapolitica,"A Rede Sustentabilidade, uma das siglas atingidas pela Cláusula de Barreira, deve protocolar nos próximos dias um questionamento junto ao Tribunal Superior Eleitoral (TSE) sobre a validade das novas regras eleitorais.
Para a sigla, na lei aprovada há uma diferença de interpretação, sendo necessária a manifestação da corte eleitoral sobre a validade das novas regras.
Para a cúpula da Rede Sustentabilidade, a regra anterior que dispõe sobre a distribuição do fundo partidário e do tempo de TV ainda está valendo.
QuestionamentosUma outra legenda partidária, o Democracia Cristã (DC), teve um entendimento similar ao da Rede.
No processo, o presidente da sigla José Maria Eymael ressalta que as novas regras “devem ocorrer necessariamente no curso da legislatura que tem início após as eleições de 2018, ou seja, 2019 a 2022”, avalia.",,"A Rede Sustentabilidade, uma das siglas atingidas pela Cláusula de Barreira, deve protocolar nos próximos dias um questionamento junto ao Tribunal Superior Eleitoral (TSE) sobre a validade das novas regras eleitorais. De acordo com os advogados da legenda, existem dois conceitos jurídicos diferentes usados para avaliar o desempenho eleitoral dos partidos políticos, de acordo com a lei aprovada no ano passado.

Para a Rede, no texto inicial foi definido como parâmetro as eleições de 2018. Em momento posterior, houve mudança na proposta para conter a ‘legislatura seguinte às eleições de 2018’ no texto. Para a sigla, na lei aprovada há uma diferença de interpretação, sendo necessária a manifestação da corte eleitoral sobre a validade das novas regras. O documento foi endereçado à presidente do TSE, a ministra Rosa Weber.

Para a cúpula da Rede Sustentabilidade, a regra anterior que dispõe sobre a distribuição do fundo partidário e do tempo de TV ainda está valendo. Os advogados aguardam a autorização do diretório nacional para ajuizar a ação.

Questionamentos

Uma outra legenda partidária, o Democracia Cristã (DC), teve um entendimento similar ao da Rede. A sigla protocolou um questionamento junto ao TSE, conforme noticiado pelo site Coluna Política. No processo, o presidente da sigla José Maria Eymael ressalta que as novas regras “devem ocorrer necessariamente no curso da legislatura que tem início após as eleições de 2018, ou seja, 2019 a 2022”, avalia.

Por Mário Benisti

Foto: TSE Flickr",pela|sustentabilidade|cláusula|novas|regras|é|um|que|para|rede|sigla|tse|questionado|sobre|da|validação
12_12-12-18_12_38.csv,colunapolitica,"Uma das lideranças na Câmara dos Deputados que se pronunciou contra a matéria do Estadão foi o deputado Roberto de Lucena (Pode-SP).
Um dos mais influentes da frente parlamentar no Congresso Nacional, Lucena ressaltou que “não existe guerra de bancada evangélica contra Bolsonaro”.
Ainda de acordo com o paulista “a bancada [evangélica] é patriota, nacionalista e apoiará o governo Bolsonaro porque isso é bom para o Brasil e vai estar junto enquanto ele se mantiver lutando por um país melhor”, disse.
Para o congressista, a frente parlamentar não atua na indicação de nomes para compor o governo de Bolsonaro.
Se há um movimento para indicação de nomes por parte da bancada evangélica esse movimento está equivocado”, pontua Lucena.",,"Após rumores de que a bancada evangélica estaria em guerra contra o presidente eleito Jair Bolsonaro, noticiado na última semana pelo jornal O Estado de São Paulo, lideranças da frente parlamentar se manifestaram contrários a informação. De acordo com a Coluna do Estadão, a bancada discordou da indicação de Osmar Terra para o Ministério da Cidadania.

Uma das lideranças na Câmara dos Deputados que se pronunciou contra a matéria do Estadão foi o deputado Roberto de Lucena (Pode-SP). Um dos mais influentes da frente parlamentar no Congresso Nacional, Lucena ressaltou que “não existe guerra de bancada evangélica contra Bolsonaro”. Ainda de acordo com o paulista “a bancada [evangélica] é patriota, nacionalista e apoiará o governo Bolsonaro porque isso é bom para o Brasil e vai estar junto enquanto ele se mantiver lutando por um país melhor”, disse.

Para o congressista, a frente parlamentar não atua na indicação de nomes para compor o governo de Bolsonaro. Na opinião de Lucena, qualquer especulação do tipo pode ser descartada. “Não se trata apenas de fazer política. Trata-se de posição profética. Se há um movimento para indicação de nomes por parte da bancada evangélica esse movimento está equivocado”, pontua Lucena.

Na opinião de Lucena, a Frente Parlamentar pode até apoiar alguma indicação, mas isso é diferente de indicar. “Quem indica torna-se base e a bancada evangélica não é base do governo, nem será, mesmo que a maioria dos seus integrantes possam sê-lo. A nossa frente parlamentar é base de sua própria agenda prioritária, que é a defesa da família e de um Brasil mais justo socialmente, mais ético, mais eficiente e desenvolvido”, justifica.

Sobre a composição governamental montada por Bolsonaro, Lucena avalia que mesmo sem dialogar com as legendas partidárias, o presidente eleito “tem montado uma boa equipe de primeiro escalão até o momento”. As informações são do portal Guiame.



Por Mário Benisti

DRT: 0011753/DF

Foto: Agência Câmara",se|lucena|é|parlamentar|governo|que|frente|para|bolsonaro|porque|brasil|da|bom|bancada|roberto|isso|evangélica
12_12-12-18_12_38.csv,colunapolitica,"A proposta do novo governo é de enxugar a máquina pública promovendo uma maior interlocução entre as pastas e divulgando as principais ações.
Este modelo de comunicação institucional de governo é adotado, com sucesso, pela Casa Branca desde a década de 1930 ainda no século passado.
De outro lado, sites, blogs e comunicadores isolados, possuem milhões de “seguidores”, com um perfil diferente do tradicional “leitor”.
Este novo modelo midiático, do século XXI, terá seu experimento inaugural a partir do governo Bolsonaro, que é um adepto das mídias sociais.
Nesse ponto, Carlos Campbell está apto a gerenciar tanto a informação para os grandes veículos midiáticos, quanto para a comunicação na internet.",,"Por Carla Castro de Nóbrega |

Mesmo tendo um excelente canal de comunicação direta com o povo brasileiro, por meio das redes sociais, o Presidente Jair Bolsonaro aceitou a ideia de nomear um porta-voz para o seu governo. Com a missão de unificar o conteúdo das comunicações oficiais e de fornecer notícias, nos moldes do jornalismo tradicional, o porta-voz será o encarregado de responder as perguntas e de estabelecer um “briefing” diário que servirá para pautar a mídia nacional.

Dos nomes sugeridos, o jornalista Carlos Campbell ganha a preferência da equipe de transição devido a sua vasta experiência, conhecimento e respeito nos meios de comunicação. Campbell trabalhou na Rede Globo, já foi apresentador do Jornal Nacional, nos anos oitenta, e também do Bom dia DF, trabalhou no Fantástico dentre outras funções. Além de jornalista, é advogado e tem bacharelado em Química Industrial.

Em outros momentos de sua vida profissional, esteve na extinta TV Manchete e foi assessor de imprensa do Senado Federal. Para Carlos Campbell será mais um dos grandes desafios de sua carreira, tendo em vista o novo momento que viverá o país a partir de janeiro próximo (2019). A proposta do novo governo é de enxugar a máquina pública promovendo uma maior interlocução entre as pastas e divulgando as principais ações. Afinal, manter a população bem informada sobre o dia-a-dia do Palácio do Planalto e de toda a esplanada Ministerial é o dever que impera na democracia sobre o princípio da publicidade, por isso se faz imprescindível a presença de um porta-voz competente.

Este modelo de comunicação institucional de governo é adotado, com sucesso, pela Casa Branca desde a década de 1930 ainda no século passado. O porta-voz tem um papel fundamental para “desafogar” a agenda do presidente e evitar informações contraditórias. Por outro lado, o porta-voz atua também como “relações públicas” junto à mídia credenciada pelo Palácio, para a cobertura diária do noticiário produzido a partir das ações governamentais.

O porta-voz do governo atuará também na alocação de recursos para a propaganda institucional de mais de 300 empresas públicas, dentre elas, Petrobras, Caixa Econômica e Banco do Brasil. Isto sem levar em consideração as ações dos Ministérios, que num formato de anúncios, reportagens ou “matérias pagas” são indispensáveis para que o povo tome conhecimento da execução do programa de governo. Carlos Campbell será influente nas decisões sobre os veículos ou cadeias que devem receber a propaganda governamental, obedecendo os critérios de audiência e de prioridade que indiquem quais os órgãos mais acessados e seus públicos alvos.

A chegada de Carlos Campbell ao novo governo deve ser vista também como um novo marco inaugural da publicidade oficial. Nos dias atuais, sites ou portais de notícias estão muito além dos tradicionais “jornalões” ou revistas semanais. Dos periódicos existentes, pouquíssimos alcançam a marca de um milhão de leitores. De outro lado, sites, blogs e comunicadores isolados, possuem milhões de “seguidores”, com um perfil diferente do tradicional “leitor”. Este novo modelo midiático, do século XXI, terá seu experimento inaugural a partir do governo Bolsonaro, que é um adepto das mídias sociais. É sabido que grande parte de sua campanha foi baseada na internet e foi ela que o alçou a atual condição de Presidente da República, nada mais justo que retribuir massificando as ações de governo por meio das mídias sociais.

Nesse ponto, Carlos Campbell está apto a gerenciar tanto a informação para os grandes veículos midiáticos, quanto para a comunicação na internet. Além disso, a partir de janeiro, a mídia internacional estará totalmente voltada para a posse do governo. Cheios de expectativas com o modelo de um maior liberalismo econômico, os principais parceiros comerciais do Brasil deverão lidar com uma assessoria de comunicação gabaritada para que o diálogo flua e os negócios se concretizem, nessa seara, ninguém melhor que Campbell para intermediar as negociações.

Quer mandar uma sugestão de pauta? Então, envie e-mail para o endereço: redacao@colunapolitica.com.br",ser|é|um|os|campbell|governo|carlos|que|para|bolsonaro|por|portavoz|com|cotado
