Timestamp,Source,Summary,Authors,Text,Keywords
140_12-12-18_21_10.csv,folhapaulistana,"Ele também afirmou que alguns prefeitos, que reclamam da saída dos cubanos, querem se eximir de responsabilidades.
Bolsonaro acrescentou que ainda não é o presidente, mas que “dia 1º vamos apresentar [uma solução para a saída dos médicos cubanos].
ReaçõesA Associação Brasileira de Saúde Coletiva (Abrasco) divulgou nota neste domingo alertando sobre o impacto da saída dos médicos cubanos.
O grupo cita a presença dos profissionais em 2,8 mil municípios e destaca que em 611 municípios todos os médicos atuantes eram cubanos.
Em seguida, Bolsonaro detalhou que irá ao Tribunal de Contas da União e também à Controladoria Geral da União.",,"O presidente eleito Jair Bolsonaro voltou a afirmar hoje (18) que Cuba submete seus profissionais, vinculados ao programa Mais Médicos, a uma situação de “trabalho análogo a escravidão”. Ele também afirmou que alguns prefeitos, que reclamam da saída dos cubanos, querem se eximir de responsabilidades.

“A prefeitura mandou embora seu médico para pegar um cubano. Quer ficar livre da responsabilidade. A Saúde [municipal] também tem sua responsabilidade”, afirmou Bolsonaro, que foi à Arena Carioca 1, na Barra da Tijuca, no Rio de Janeiro acompanhar as finais do evento de Jiu-Jitsu Abu Dhabi Grand Slam Rio.

Bolsonaro acrescentou que ainda não é o presidente, mas que “dia 1º vamos apresentar [uma solução para a saída dos médicos cubanos]. Não podemos admitir escravos cubanos no Brasil nem continuar alimentando a ditadura cubana também”.

O presidente eleito reiterou o que disse há dois dias, lembrando que muitos cubanos deixam para trás as famílias, pois não podem trazê-las para o Brasil e são obrigados a repassar 70% dos salários para o governo de Cuba.

Reações

A Associação Brasileira de Saúde Coletiva (Abrasco) divulgou nota neste domingo alertando sobre o impacto da saída dos médicos cubanos. O grupo cita a presença dos profissionais em 2,8 mil municípios e destaca que em 611 municípios todos os médicos atuantes eram cubanos.

De acordo com a entidade, as dificuldades de lotação e fixação de médicos em áreas de difícil acesso ou de alta vulnerabilidade social é um problema histórico e estrutural do sistema de saúde brasileiro que começou a melhorar em 1994, com a implantação da Estratégia Saúde da Família (ESF) e, especialmente em 2013, quando foi criado Programa Mais Médicos para o Brasil (PMMB).

Ao elencar os avanços do programa, a Abrasco ainda cita uma série de sugestões de medidas para que o governo evite prejuízos à população como a imediata negociação com Cuba, a abertura do processo de chamada pública de médicos para as vagas desocupadas pelos cubanos e a implantação de proposta de carreira pública para os profissionais de saúde que optarem pela dedicação ao SUS.

Exames

Bolsonaro confirmou que irá a São Paulo, no próximo dia 23, para se submeter a exames pré-operatórios para a retirada da bolsa de colostomia. No sábado (24) ele segue para o Rio de Janeiro. “Estarei na minha Brigada de Infantaria Paraquedista [no Rio] onde verei milhares de colegas que serviram comigo naquela grande unidade”, afirmou.

O presidente eleito afirmou que terá uma agenda intensa em Brasília, a partir de terça-feira (20), e defendeu a união dos poderes para buscar soluções para os problemas do país: “Temos que nos unir. Não posso governar sozinho. O Executivo apesar de falar que é um Poder independente, em grande parte depende do Parlamento brasileiro. Temos que nos aproximar e muito do Parlamento”, disse.

Em seguida, Bolsonaro detalhou que irá ao Tribunal de Contas da União e também à Controladoria Geral da União. “Esta semana continuam mais visitas protocolares às instituições para demonstrar não só nossa humildade bem como a vontade de governar junto o Brasil.

Ao deixar a Arena 1, o presidente eleito parou em um quiosque, na Barra da Tijuca, onde tomou água de coco, tirou fotos e cumprimentou quem passava pelo local.

Da Agência Brasil

Edição final: William Camargo/Folha Paulistana",são|volta|ditadura|saúde|dizer|dos|em|que|para|bolsonaro|cubanos|escravos|médicos|presidente|da|não
140_12-12-18_21_10.csv,folhapaulistana,"O atendimento psicológico online é uma realidade, há alguns anos, no Brasil e no mundo.
O atendimento online é vedado em algumas situações, como quando o paciente estiver em situação de violência ou de violação de direitos.
“De 2012 para cá, parece que não é tanto tempo.
Ela explica que, se o profissional cometer alguma falha ética e for denunciado, ele poderá ser localizado e processado.
Experiência individualCriado há três anos, o Fala Freud é hoje a maior plataforma em operação que oferece atendimento psicológico online, no país.",,"O atendimento psicológico online é uma realidade, há alguns anos, no Brasil e no mundo. Atento a esse cenário, o Conselho Federal de Psicologia (CFP) elaborou uma nova resolução com o objetivo de garantir que o serviço seja passível de fiscalização e prestado dentro de padrões éticos. As mudanças passaram a valer a partir dessa semana.

Com a nova resolução, cada profissional precisará se cadastrar no site do CFP, preenchendo um formulário que pede dados pessoais e profissionais, detalhes do serviço que será prestado, indicação das plataformas que serão utilizadas, entre outras informações. Os cuidados que serão tomados em relação ao sigilo do paciente também precisam ser descritos.

O atendimento online é vedado em algumas situações, como quando o paciente estiver em situação de violência ou de violação de direitos. Também não pode ser prestado a vítimas de desastres. Diante da vulnerabilidade desses pacientes, o apoio psicológico deve ser presencial. Além disso, crianças e adolescentes só podem ser atendidos por plataformas online se houver concordância dos pais. Há outras situações em que o serviço é permitido apenas de forma complementar, sendo obrigatório o contato presencial.

“É mais uma maneira de ajudar as pessoas. Mais uma maneira de possibilitar, por exemplo, o atendimento de quem mora longe, quem mora no interior, quem está viajando e quer continuar um atendimento, quem tem dificuldade de locomoção. Há casos também em que a pessoa se sente desconfortável em falar presencialmente, se sentindo mais a vontade no computador”, avalia a conselheira Rosane Lorena Granzotto.

Ela lembra que a demanda por atendimento psicológico é cada vez maior. A Organização Mundial de Saúde (OMS) estima que cerca de 300 milhões de pessoas em todo o mundo sofrem de depressão. Em agosto, reportagens da Agência Brasilmostraram a preocupação das universidades com o aumento significativo de casos de suicídio, depressão, ansiedade e outros quadros relacionados à saúde mental que tem afetado a população jovem.

Aprovada em 11 de maio, a Resolução 11/2018 entrou em vigor nesta semana após a conclusão do prazo estipulado de 180 dias. Segundo Rosane, a iniciativa surgiu tanto a partir da demanda de parte da categoria, como também da necessidade de se adequar à realidade. “Nós estávamos até um pouco atrasados. Agora nos atualizamos. Nossa resolução é similar à de outros países”, diz a conselheira, citando Canadá, Estados Unidos, Inglaterra, Portugal e Espanha.

Discussão antiga

Rosana explica que o uso da tecnologia na profissão é uma discussão que vem sendo feita desde a década de 1990 e a resolução que vigorava até então, de 2012, já previa atendimentos online, mas com muitas restrições. Eram permitidas orientações psicológicas de diversos tipos até o limite de 20 sessões por ano para cada paciente. A psicoterapia era vedada, exceto quando realizadas em caráter experimental para fins de pesquisa. O psicólogo ou psicóloga deveria ainda ter um site exclusivo para a oferta dos serviços online, registrado em domínio nacional e cadastrado no CFP.

“De 2012 para cá, parece que não é tanto tempo. Mas com a rapidez do desenvolvimento tecnológico, nós tivemos muitas mudanças. Nesse período, surgiu o Whatsapp e outras plataformas. Também foi aumentando muito o número de profissionais que estava realizando atendimento online e nós não tínhamos como controlar que tipo de serviço estava sendo oferecido”, diz Rosane.

A partir de agora, não haverá mais limite para o número de sessões por ano e a psicoterapia está liberada. A exigência do site também não existe mais. “Será responsabilidade do psicólogo avaliar as questões técnicas e metodológicas. Caberá a ele avaliar se aquilo que o paciente está buscando é compatível com esse tipo de atendimento. Porque há situações que demandam o atendimento presencial”, afirma a conselheira.

Desde o último sábado (10), o profissional já pode realizar o cadastro no site do Conselho Federal de Psicologia. Segundo Rosane, apenas nos três primeiros dias, foram preenchidos mais de mil formulários. Ela explica que, se o profissional cometer alguma falha ética e for denunciado, ele poderá ser localizado e processado. O CFP também pode aplicar sanções e até cassar o registro profissional. O cadastro é público e fica disponível para a consulta da população. “Sabemos que podem ocorrer violações éticas, mas que também acontecem nas consultas presenciais”, avalia a conselheira. Ela afirma que a resolução busca dar transparência ao serviço, facilitando assim a apuração de desvios de conduta e as denúncias.

A psicóloga Laura Quadros, chefe do Serviço de Psicologia Aplicada da Universidade do Estado do Rio de Janeiro (Uerj), reconhece que alguns colegas não são favoráveis ao atendimento online. Em sua visão, porém, trata-se um algo inevitável e desafiante. “Já vivemos na era virtual e temos uma geração que está muito atravessada pela tecnologia. Portanto, um serviço como esse pode ser até um facilitador. Há pessoas que vão se sentir melhor usando essas ferramentas. Isso nos faz rever o modelo tradicional. Quando trabalhamos com pessoas é importante estar aberto ao novo”, avalia. Segundo ela, a resolução abrange os cuidados necessários em relação às situações mais agudas e aos menores de idade.

Experiência individual

Criado há três anos, o Fala Freud é hoje a maior plataforma em operação que oferece atendimento psicológico online, no país. De acordo com o empresário Yuri Faber, um dos fundadores, a ideia surgiu de uma experiência individual. “Eu já estava morando nos Estados Unidos, prestes a me casar, mas com alguns atritos de relacionamento que são comuns na vida de casal. E aí eu procurei minha antiga psicóloga no Brasil e começamos a nos falar por Whatsapp. Comecei a perceber que muitas pessoas poderiam ter interesse em falar com um psicólogo por uma plataforma online“, conta.

De acordo com Yuri, as normas no Brasil estavam ultrapassadas e colocavam limites que já não existem há anos nos Estados Unidos e na Europa. Segundo ele, houve atritos com o CFP até que o conselho sinalizou enfim a elaboração de uma nova resolução e pediu sugestões ao Fala Freud. Yuri Faber aprovou as mudanças.

“Tem muita gente que não quer ir a um consultório, que mora fora do país, que mudou de cidade e não quer perder o vínculo com seu psicólogo. A resolução anterior limitava isso. Uma pessoa que mora no exterior só poderia fazer 20 sessões ao ano, o que corresponde a quatro ou cinco meses. Depois teria que abandonar a terapia”, explica.

Uma das usuárias do Fala Freud é Beatriz Tonon, de 23 anos. Ela sentiu necessidade de recorrer à ajuda profissional depois que se mudou a trabalho de Campinas para São Paulo. São dois anos na capital paulista. Há seis meses, ela recorreu à plataforma e aprovou o resultado. “Desde que vim para cá, minha vida mudou completamente. Meu dia a dia é muito corrido, o ritmo é muito frenético. Eu tenho muita ansiedade. Fico muito preocupada com o que vai acontecer mais à frente”, conta.

Tempo e dinheiro

Beatriz revela que a escolha pelo Fala Freud se deu com base em dois fatores: tempo e dinheiro. Ela chegou a pesquisar valores do atendimento presencial e achou o serviço online mais barato. Ao mesmo tempo, considerou que não teria tempo para o deslocamento até um consultório.

Ela conta que respondeu um questionário apresentando suas necessidades e escolheu uma psicóloga a partir de uma lista de profissionais apresentada pela plataforma, que trazia informações sobre cada um deles. Beatriz diz ter acesso à profissional diariamente e que ela é bastante atenciosa. Os contatos se dão por mensagens de texto e áudios e, uma vez por semana, há uma sessão em vídeo. “Eu consigo contar para ela quando acontece alguma coisa no calor do momento. E ela consegue me ajudar. Não preciso esperar até o dia da próxima consulta”.

Segundo o Fala Freud, desde sua fundação, já passaram pela plataforma mais de 650 mil pessoas. Os psicólogos estão disponíveis 24 horas dia. Alguns moram no exterior. A plataforma afirma que só trabalha com profissionais que têm no mínimo 10 anos de experiência. Também garante que observam a legislação brasileira sobre tráfego de informações e que as mensagens, como no Whatsapp, são criptografadas de ponta a ponta, sendo acessíveis apenas ao psicólogo e ao paciente. A próxima novidade que será anunciada é o atendimento através de planos de saúde. “Em breve, vamos divulgar quais deles já toparam”, diz Yuri.

Da Agência Brasil

Edição final: William Camargo/Folha Paulistana",uma|atendimento|é|um|psicológico|em|que|resolução|para|online|possibilidades|com|amplia|se|não
140_12-12-18_21_10.csv,folhapaulistana,"“Realmente, não está indo na velocidade proposta pelo Supremo”, admite a coordenadora-geral de Promoção à Cidadania do Departamento Penitenciário Nacional (Depen), Mara Fregapani Barreto.
Ela e a professora da Universidade Estadual do Piauí Bruna Stefanni, coordenadora do laboratório do Instituto Brasileiro de Ciências Criminais, Regional do Distrito Federal, são as convidadas do programa Diálogo Brasil, que vai ao ar nesta segunda-feira (19), às 22h150, na TV Brasil.
Segundo ela, havia 10,8 mil mulheres encarceradas nas condições previstas pelo Supremo, em fevereiro, quando a segunda turma da Corte tomou a decisão.
“Muitas delas levando a droga na hora da visita pro seu companheiro ou pra quem determinado”, conta a professora.
Apresentado pelo jornalista Maranhão Viegas, o Diálogo Brasil vai ao ar toda segunda-feira, às 22h15.",,"O cumprimento do habeas corpuscoletivo concedido pelo Supremo Tribunal Federal, no início do ano, para que presas grávidas, lactantes e com filhos de até 12 anos, sem sentença definitiva, tenham direito a prisão domiciliar vem sendo implementado de maneiro lenta no país. “Realmente, não está indo na velocidade proposta pelo Supremo”, admite a coordenadora-geral de Promoção à Cidadania do Departamento Penitenciário Nacional (Depen), Mara Fregapani Barreto.

Ela e a professora da Universidade Estadual do Piauí Bruna Stefanni, coordenadora do laboratório do Instituto Brasileiro de Ciências Criminais, Regional do Distrito Federal, são as convidadas do programa Diálogo Brasil, que vai ao ar nesta segunda-feira (19), às 22h150, na TV Brasil.

Mara Fregapani explica que, apesar do habeas corpus coletivo, quem dá a palavra final é o juiz de cada processo, sendo necessária a avaliação caso a caso. Segundo ela, havia 10,8 mil mulheres encarceradas nas condições previstas pelo Supremo, em fevereiro, quando a segunda turma da Corte tomou a decisão. No mês passado, esse número havia caído para 9,7 mil.

“O que é mais prejudicial para a sociedade: a prisão dessas mulheres ou o abandono que a prisão dessas mulheres pode provocar em suas famílias, em suas comunidades?”, questiona a professora Bruna Stefanni, lembrando que nos últimos 16 anos esse tipo de encarceramento aumentou 680%. “Somos a quarta população prisional feminina no mundo”, acrescenta.

Ela observa que metade das presas são jovens entre 18 e 24 anos e 62% cumprem pena por tráfico de entorpecente. “Muitas delas levando a droga na hora da visita pro seu companheiro ou pra quem determinado”, conta a professora.

Também participam do programa, com depoimentos gravados em vídeo, a pesquisadora e professora do Mackenzie Bruna Angotti, estudiosa do encarceramento feminino e da maternidade de mulheres em situação de prisão, e o promotor de Justiça titular da 8ª Promotoria de Justiça da Comarca de Ponta Grossa (Paraná), João Conrado Blum Júnior, um crítico do habeas corpus coletivo concedido pelo Supremo.

Apresentado pelo jornalista Maranhão Viegas, o Diálogo Brasil vai ao ar toda segunda-feira, às 22h15.

Da Agência Brasil

Edição final: William Camargo/Folha Paulistana",habeas|cumprimento|mulheres|decisão|demora|em|supremo|que|pelo|para|prisão|diálogo|professora|da|brasil|aborda
140_12-12-18_21_10.csv,folhapaulistana,"Pesquisa do Instituto Datafolha, divulgada no inicio do final de semana, indica que o candidato Jair Bolsonaro (PSL) tem 59% das intenções de votos válidos, e que o candidato Fernando Haddad (PT) tem 41%.
Considerando os votos totais (válidos, nulos, brancos e indecisos), Bolsonaro tem 50% das preferências e Haddad, 35%.
A proporção de entrevistados que declaram voto em branco ou nulo é de 10%, dois pontos percentuais acima do verificado anteriormente.
No caso de Haddad, 54% dos entrevistados afirmaram que “não votaria de jeito nenhum” em Fernando Haddad.
Segundo o instituto, 48% declararam que “votaria com certeza” em Bolsonaro, e 10% admitiram que “talvez votasse”, 1% não sabe.",,"Pesquisa do Instituto Datafolha, divulgada no inicio do final de semana, indica que o candidato Jair Bolsonaro (PSL) tem 59% das intenções de votos válidos, e que o candidato Fernando Haddad (PT) tem 41%. Os dados excluem os votos nulos, brancos e indecisos.

Na comparação com a pesquisa realizada no dia 10, os candidatos oscilaram um ponto percentual dentro da margem de erro que é de dois pontos percentuais para mais ou para menos. O ex-capitão do Exército tinha 58% das intenções declaradas e o ex-prefeito de São Paulo tinha 42%.

Considerando os votos totais (válidos, nulos, brancos e indecisos), Bolsonaro tem 50% das preferências e Haddad, 35%.

A proporção de entrevistados que declaram voto em branco ou nulo é de 10%, dois pontos percentuais acima do verificado anteriormente. Cinco por cento declararam não saber, um porcento acima do observado no levantamento da semana passada.

Rejeição

Como em outras edições das pesquisas de intenção de voto, o instituto Datafolha também levantou a rejeição dos candidatos, 41% dos entrevistados disseram que “não votaria de jeito nenhum” em Jair Bolsonaro. No caso de Haddad, 54% dos entrevistados afirmaram que “não votaria de jeito nenhum” em Fernando Haddad.

Segundo o instituto, 48% declararam que “votaria com certeza” em Bolsonaro, e 10% admitiram que “talvez votasse”, 1% não sabe. No caso de Haddad, 33% responderam que “votaria com certeza” no candidato; e 12% ponderaram que “talvez votasse” e 1% não sabe.

Grau de decisão de voto

Sobre o grau de decisão dos entrevistados, 95% declaram estar “totalmente decidido” a votar no candidato do PSL, e 5% consideram que o “voto ainda pode mudar”. No caso do candidato do PT, 89% disseram estar “totalmente decidido” nele, e 10% admitiram que o “voto ainda pode mudar”.

Três de cada quatro pessoas que afirmaram votar em branco ou nulo confirmaram estar “totalmente decidido” a não votar em nenhum dos candidatos.

Noventa e quatro por cento dos eleitores respondentes de Jair Bolsonaro sabem o número do candidato (17), 5% admitem não saber, e 1% erram na menção. No caso de Fernando Haddad, 91% confirmam o número correto do candidato (13), 8% admitem não saber, e 2% erram na menção.

A pesquisa do Datafolha ouviu 9.137 eleitores em 341 municípios os dias (17) e (18). O levantamento, encomendado pela Rede Globo e pela Folha de S. Paulo, está registrado na Justiça Eleitoral (BR-07528/2018). No site do Tribunal Superior Eleitoral estão disponíveis o questionário da pesquisa e a lista de locais de aplicação. Como em outras pesquisas, o nível de confiança da pesquisa é de 95%.

Da Agência Brasil

Foto: Tânia Rego/Agência Brasil

Edição final: William Camargo/Folha Paulistana",datafolha|aponta|válidos|voto|os|dos|tem|em|haddad|votos|que|bolsonaro|eleitoral|candidato|não|pesquisa
140_12-12-18_21_10.csv,folhapaulistana,"Os estudantes que vão fazer o Exame Nacional do Ensino Médio (Enem) 2018 podem acessar a partir de (22) os cartões de confirmação da inscrição.
O MEC recomenda também que o estudante faça antes o trajeto até o local da prova, organizando o planejamento.
A sugestão é que os participantes comecem a ajustar o horário de sono e dormir mais cedo uma semana antes do dia da prova.
No Amazonas, em Rondônia e Roraima, os portões abrem às 10h e fecham às 11h.
No Acre, os portões abrem às 9h e fecham às 10h, no horário local.",,"Os estudantes que vão fazer o Exame Nacional do Ensino Médio (Enem) 2018 podem acessar a partir de (22) os cartões de confirmação da inscrição. Para consultar o documento, é necessário acessar a página do participante, onde deve ser colocado o CPF e senha ou baixar em seu celular o aplicativo Enem 2018. A primeira etapa do exame será aplicada no domingo, dia .

O cartão reúne os dados do estudante, o endereço do local, a data e hora da aplicação da prova, além das informações sobre a língua estrangeira escolhida e recursos de acessibilidade, se tiverem sido solicitados. Caso tenha problema com as informações do cartão ou dificuldade de acesso ao documento, o estudante pode entrar em contato com o MEC pelo telefone 0800616161 ou pelo link Fale Conosco, no site do Enem.

Com a entrada em vigor do horário de verão no mesmo dia da primeira etapa do Exame, em , o Ministério da Educação recomenda que os inscritos fiquem atentos aos horários de abertura e fechamento dos portões dos locais de prova em cada estado.

O MEC recomenda também que o estudante faça antes o trajeto até o local da prova, organizando o planejamento. A sugestão é que os participantes comecem a ajustar o horário de sono e dormir mais cedo uma semana antes do dia da prova.

Confira os horários do fechamento dos portões

No Distrito Federal e nos estados do Espírito Santo, de Goiás, Minas Gerais, do Paraná, Rio , Rio Grande do Sul, de Santa Catarina e São Paulo, os portões abrem às 12h e fecham às 13h.

Nos estados de Alagoas, do Amapá, da Bahia, do Ceará, Maranhão, de Mato Grosso, Mato Grosso do Sul, do Pará, da Paraíba, de Pernambuco, do Piauí, Rio Grande do Norte, de Sergipe, do Tocantins, os portões abrem às 11h e fecham às 12h.

No Amazonas, em Rondônia e Roraima, os portões abrem às 10h e fecham às 11h. No Acre, os portões abrem às 9h e fecham às 10h, no horário local.

Da Agência Brasil

Foto: Wilson Dias / Agência Brasil

Edição final: William Camargo/Folha Paulistana",hoje|rio|que|da|prova|fecham|inscritos|em|partir|abrem|checar|local|2018|os|enem|portões|podem|provas|às|22
140_12-12-18_21_10.csv,folhapaulistana,"Os dados indicam que Barueri continua num panorama muito seguro.
O percentual de queda salta aos olhos quando se observa que em 2017, no mesmo período, já havia uma redução de 27% em relação ao ano anterior, ou seja, em dois anos (2018 x 2016) a criminalidade caiu 32,8%.
Queremos diminuir ainda mais a criminalidade em Barueri.
Para o tenente-coronel da Polícia Militar, Ricardo Augusto Nascimento de Melo Araújo, comandante da Rota, essa parceria tem um único objetivo.
“Nossa expectativa é de prender criminosos, trazer segurança para a população e diminuir o crime.",,"Patrulhamento policial dia e noite. Esse é um dos segredos para manter baixo o índice de crimes na cidade. A Guarda Municipal de Barueri conta com o apoio da Secretaria de Segurança e Mobilidade Urbana para garantir mais qualidade de vida e segurança aos baruerienses.

Os resultados do trabalho preventivo e ostensivo na cidade estão apontados pela Secretaria da Segurança Pública do Estado de São Paulo (SSP-SP), que divulgou as estatísticas de crimes ocorridos em julho. Os dados indicam que Barueri continua num panorama muito seguro. Na comparação com o ano passado, a cidade diminuiu em 7,5%, no acumulado do ano (de janeiro a julho), as ocorrências de homicídios dolosos, roubos, furtos e veículos subtraídos. O percentual de queda salta aos olhos quando se observa que em 2017, no mesmo período, já havia uma redução de 27% em relação ao ano anterior, ou seja, em dois anos (2018 x 2016) a criminalidade caiu 32,8%.

“Isso não é o bastante. Queremos diminuir ainda mais a criminalidade em Barueri. Por isso, a GCMB vem realizando operações especiais nos bairros que apresentam maior número de ocorrências. Também aumentamos o número de viaturas nas ruas durante as madrugadas. A população de Barueri não tem que apenas se sentir segura, mas de fato, ter a segurança”, ressaltou Regina Mesquita, secretária de Segurança e Mobilidade Urbana de Barueri.

Nos últimos dois meses, a Guarda Municipal de Barueri realizou operações especiais em conjunto com a Polícia Militar e Polícia Civil, nas quais foram apreendidos grande número de entorpecentes e dezenas de traficantes detidos. Para o tenente-coronel da Polícia Militar, Ricardo Augusto Nascimento de Melo Araújo, comandante da Rota, essa parceria tem um único objetivo. “Nossa expectativa é de prender criminosos, trazer segurança para a população e diminuir o crime. Barueri já está indo bem se comparado aos municípios da região, mas precisamos somar forças cada vez mais.”

Por João Carlos Amaral e Renato Bueno/Secom Barueri

Foto: Fernando Foca/Secom Barueri

Edição final: William Camargo/Folha Paulistana",criminalidade|barueri|segurança|dois|é|há|em|que|anos|32|menor|para|número|polícia|da|se
140_12-12-18_21_10.csv,folhapaulistana,"Inicialmente, Yin e Yang eram termos topográficos, Yang o lado iluminado da montanha e Yin o lado escuro.
Estresse, na acupuntura, é toda condição de trabalho, alimentação, estilo de vida e emocional que rompe o equilíbrio entre o Yin/Yang.
O tratamento por acupuntura, que consiste basicamente na estimulação de regiões especificas do corpo, chamadas pontos de acupuntura, visa reequilibrar o Yin/Yang e com isso devolver ao organismo sua condição de homeostase.
Em termos relacionais podemos classificar as funções do sistema nervoso autônomo Simpático como Yang e as do Parassimpático como Yin.
Por regular as funções fisiológicas próprias do organismo o tratamento por Acupuntura realizado por médicos é praticamente isento de riscos e efeitos adversos.",,"Por Dr. Luiz Sampaio – Em 1936, no livro “The Wisdown of the Body” (a Sabedoria do Corpo), Walter Cannon, eminente fisiologista americano, postulou o conceito de Homeostase, o conceito refere-se à constante busca de equilíbrio interno do organismo, fundamental para a realização de seus processos fisiológicos, tais como digestão de alimentos, absorção dos nutrientes deles derivados e síntese de substâncias fundamentais para nossa vida como as proteínas. As doenças seriam, a partir desse ponto de vista, consequentes a ruptura desse equilíbrio e subsequente alteração nos processos fisiológicos.

Em 1959, o endocrinologista húngaro Hans Selye definiu o conceito de “Stress” (estresse) e autores brasileiros(Mello Filho, Je Diniz Moreira, M 1992) definiram estresse (físico, psicológico ou social) como um “termo que compreende um conjunto de reações e estímulos que causam distúrbios no equilíbrio do organismo, freqüentemente com efeitos danosos.”

O estresse é hoje um mal que assombra a vida de jovens, adultos, idosos e, até mesmo, de crianças e leva nosso organismo a situações de desequilíbrio, evidenciadas por sintomas psicológicos, respiratórios, digestórios, cardíacos, entre outros.

Atualmente, são muitos os fatores externos que aceleram esse desequilíbrio: as questões climáticas, por exemplo, inadequações alimentares – vivemos a era dos “fast foods”; mudanças abruptas no clima, sobrecarga de trabalho, insegurança social e política, excesso de informações, isolamento social etc.

Até mesmo situações que consideramos prazeirosas são consideradas estressantes, tais como: mudança de trabalho ou de casa, viagens, relacionamentos amorosos, nascimento de filhos ou netos, sair para um “happy hour”,aposentadoria, que geram desequilíbrio emocional, e podem desencadear sintomas e doenças.

Os sintomas decorrentes do estresse variam de paciente para paciente, pois dependem de qual sistema é mais susceptível no seu organismo (o chamado de órgão de choque, ou seja: naquele em que são descarregadas as pressões). No caso do estômago as dificuldades de digestão, os refluxos, as gastrites, as úlceras. Nos intestinos as distensões, as cólicas, as diarréias; no pulmão as bronquites, asma, rinites; no coração as dores no peito, taquicardia ou outras palpitações; no psiquismo a insônia, a falta de concentração (muitas vezes referidas como distúrbio de memória), as sensações de angústia ou tristeza. No músculo-esquelético as dores fibro-musculares (fibromialgia).

De modo geral esses sintomas são tratados isoladamente, não raro por vários especialistas, por meio de medicamentos específicos para cada sistema afetado, que, não raro, acabam desencadeando uma série de efeitos colaterais.

Acupuntura – Há mais de 2000 anos os médicos chineses, através de observações minuciosas, chegaram às mesmas conclusões que os dois cientistas modernos.

Definiram que doença é quando temos um desequilíbrio na homeostase interna – na terminologia Chinesa desequilíbrio entre o Yin e o Yang.

Inicialmente, Yin e Yang eram termos topográficos, Yang o lado iluminado da montanha e Yin o lado escuro. Através de generalizações e analogias os termos passaram a representar lados opostos de todos os fenômenos que ocorrem na natureza e nos seres vivos, dentre eles o homem.

Yang é a luz, o Sol, o dia, o movimento, o calor, o brilho, a primavera e o verão – Yin a escuridão, a Lua, a noite, o repouso, o opaco, o outono e inverno. Alimentos: cebola, alho, pimenta, gengibre, bebidas alcóolicas, café – Yang; o sal, a salsinha, a hortelã, a camomila, o maracujá, as folhas verdes em geral – Yin. Atividades profissionais que exijam força física – Yang, atividades intelectuais – Yin. Emoções de raiva, alegria – Yang, tristeza, pesar, medo – Yin.

Estresse, na acupuntura, é toda condição de trabalho, alimentação, estilo de vida e emocional que rompe o equilíbrio entre o Yin/Yang.

O tratamento por acupuntura, que consiste basicamente na estimulação de regiões especificas do corpo, chamadas pontos de acupuntura, visa reequilibrar o Yin/Yang e com isso devolver ao organismo sua condição de homeostase.

A estimulação dos pontos de acupuntura podem ser realizadas mediante a inserção de agulhas muito finas, através da digitopressão (massagem), aplicação de calor (moxabustão), estimulação elétrica (eletroacupuntura), laser (acupuntura com laser, muito aplicado em crianças) ou ventosas.

Estudos atuais demonstraram que o tratamento por Acupuntura equilibra as funções do sistema nervoso autônomo, o Simpático – hiperativado nas situações de estresse com liberação de adrenalina, noradrenalina e cortisol – e o Parassimpático – hipoativo nas situações de estresse. Em termos relacionais podemos classificar as funções do sistema nervoso autônomo Simpático como Yang e as do Parassimpático como Yin.

Como visto, não podemos evitar o estresse, ele faz parte de nossa vida. Quando sua gravidade ou intensidade provoca doenças, a Acupuntura Médica oferece uma alternativa importante e eficaz a esse cenário, a partir de um diagnóstico onde o paciente é avaliado no seu todo: seus sintomas, seus hábitos de vida, suas emoções, sua alimentação, sua historia, dentre outros. Por regular as funções fisiológicas próprias do organismo o tratamento por Acupuntura realizado por médicos é praticamente isento de riscos e efeitos adversos.

Autor: Dr. Luiz Sampaio é médico acupunturiatra, psiquiatra e membro do Colégio Médico de Acupuntura de São Paulo (CMAeSP).

Lindinalva Oliveira

Agência A+

Edição final: William Camargo/Folha Paulistana",benefícios|ou|é|um|yang|acupuntura|sofre|que|para|por|como|estresse|da|quem|yin
140_12-12-18_21_10.csv,folhapaulistana,"A Mega-Sena 2104 está acumulada e pode pagar nesta quinta-feira (6) o prêmio de R$ 12 milhões para o acertador das seis dezenas da Sorte.
Confira as dezenas sorteadas do concurso 2104 do Resultado da Mega-Sena de hoje dia 6 de dezembro de 2018, que foram:00 – 00 – 00 – 00 – 00 – 00 – Aguardando o Sorteio depois das 20h.
Confira aqui o resultado da Mega-Sena 2103 do dia 4 de dezembro de 2018 – Clique aquiComo jogarA Mega-Sena paga milhões para o acertador dos 6 números sorteados.
SorteiosOs sorteios da Mega-Sena são realizados duas vezes por semana, às quartas e aos sábados.
Caso o prêmio líquido seja superior a R$ 1.332,78 (bruto de R$ 1.903,98) o pagamento pode ser realizado somente nas agências da Caixa.",,"A Mega-Sena 2104 está acumulada e pode pagar nesta quinta-feira (6) o prêmio de R$ 12 milhões para o acertador das seis dezenas da Sorte. O Sorteio acontece hoje depois das 20h (horário de Brasília), na cidade de Santo Anastácio (SP), no Caminhão da Sorte da Caixa Estacionado no Centro da Cidade.

Confira as dezenas sorteadas do concurso 2104 do Resultado da Mega-Sena de hoje dia 6 de dezembro de 2018, que foram:

00 – 00 – 00 – 00 – 00 – 00 – Aguardando o Sorteio depois das 20h.

00 apostadores acertaram seis dezenas e cada um ganhou 0.000,00. Outras 000 apostas acertaram cinco dezenas e cada uma leva o prêmio de R$ 0.000,00. Já a Quadra, quando o apostador acerta quatro dezenas, houve um total de 0.000 acertadores e cada um faturou o prêmio mínimo de 000,00. Aguardando o Rateio realizado pela Caixa e divulgado depois das 21h30.

Os sorteios da Mega-Sena acontecem todas as quartas-feiras e sábados, porém nesta semana especial, três sorteios estão sendo realizados, um foi na terça-feira (4), outro hoje (6) e mais um no sábado (8).

Confira aqui o resultado da Mega-Sena 2103 do dia 4 de dezembro de 2018 – Clique aqui

Como jogar

A Mega-Sena paga milhões para o acertador dos 6 números sorteados. Ainda é possível ganhar prêmios ao acertar 4 ou 5 números dentre os 60 disponíveis no volante de apostas. Para realizar o sonho de ser o próximo milionário, você deve marcar de 6 a 15 números do volante, podendo deixar que o sistema escolha os números para você (Surpresinha) e/ou concorrer com a mesma aposta por 2, 4 ou 8 concursos consecutivos (Teimosinha).

Sorteios

Os sorteios da Mega-Sena são realizados duas vezes por semana, às quartas e aos sábados.

Apostas

A aposta mínima, de 6 números, custa R$ 3,50. Quanto mais números marcar, maior o preço da aposta e maiores as chances de faturar o prêmio mais cobiçado do país.

Premiação

O prêmio bruto corresponde a 43,35% da arrecadação. Dessa porcentagem:

35% são distribuídos entre os acertadores dos 6 números sorteados (Sena);

19% entre os acertadores de 5 números (Quina);

19% entre os acertadores de 4 números (Quadra);

22% ficam acumulados e são distribuídos aos acertadores dos 6 números nos concursos de final 0 ou 5.

5% ficam acumulados para a primeira faixa – sena – do último concurso do ano de final 0 ou 5 (Mega da Virada).

Recebimento de prêmios

Você pode receber seu prêmio em qualquer casa lotérica credenciada ou nas agências da Caixa. Caso o prêmio líquido seja superior a R$ 1.332,78 (bruto de R$ 1.903,98) o pagamento pode ser realizado somente nas agências da Caixa. Valores iguais ou acima de R$ 10.000,00 são pagos após 2 dias de sua apresentação na agência da Caixa.

Por William Camargo/Folha Paulistana

Foto: Marcelo Casal Jr./Agência Brasil

Com informações da Caixa Econômica Federal",ou|hoje|dezenas|os|um|r|pagar|números|para|2104|pode|megasena|prêmio|da|12|0612|milhões
140_12-12-18_21_10.csv,folhapaulistana,"Resultado da Mega-Sena de hoje – Nenhuma aposta acertou as seis dezenas do concurso 2.103 da Mega-Sena e o prêmio principal acumulou.
O sorteio foi realizado nessa terça-feira (4), no Caminhão da Sorte estacionado na cidade de Santo Anastácia, no interior do estado de São Paulo.
Foram sorteadas as seguintes dezenas do Resultado da Mega-Sena 2103: 03 – 13 – 40 – 44 – 46 – 50.
Normalmente, eles ocorrem em dois dias da semana: quarta-feira e sábado.
A aposta simples, com seis dezenas, custa R$ 3,50.",,"Resultado da Mega-Sena de hoje – Nenhuma aposta acertou as seis dezenas do concurso 2.103 da Mega-Sena e o prêmio principal acumulou. O sorteio foi realizado nessa terça-feira (4), no Caminhão da Sorte estacionado na cidade de Santo Anastácia, no interior do estado de São Paulo. A quina registrou 40 apostas vencedoras, e cada ganhador receberá R$ 34.939,71. A quadra teve 2.226 apostas ganhadoras; cada acertador receberá o prêmio de R$ 896,92.

Foram sorteadas as seguintes dezenas do Resultado da Mega-Sena 2103: 03 – 13 – 40 – 44 – 46 – 50.

O prêmio estimado pela Caixa para o próximo concurso, que será realizado nesta quinta-feira (6), é R$ 12 milhões.

Com a Mega Semana de Verão, mais dois sorteios serão realizados esta semana: um amanhã e outro no próximo sábado (8). Normalmente, eles ocorrem em dois dias da semana: quarta-feira e sábado.

As apostas podem ser feitas até as 19h (horário de Brasília) desta quinta-feira, em qualquer casa lotérica credenciada pela Caixa em todo o país. A aposta simples, com seis dezenas, custa R$ 3,50.

Com informações da Agência Brasil

Edição final: William Camargo/Folha Paulistana",resultado|dia|dezenas|2018|apostas|r|dezembro|semana|em|seis|megasena|prêmio|confira|da|05|2103
140_12-12-18_21_10.csv,folhapaulistana,"Inicialmente, Yin e Yang eram termos topográficos, Yang o lado iluminado da montanha e Yin o lado escuro.
Estresse, na acupuntura, é toda condição de trabalho, alimentação, estilo de vida e emocional que rompe o equilíbrio entre o Yin/Yang.
O tratamento por acupuntura, que consiste basicamente na estimulação de regiões especificas do corpo, chamadas pontos de acupuntura, visa reequilibrar o Yin/Yang e com isso devolver ao organismo sua condição de homeostase.
Em termos relacionais podemos classificar as funções do sistema nervoso autônomo Simpático como Yang e as do Parassimpático como Yin.
Por regular as funções fisiológicas próprias do organismo o tratamento por Acupuntura realizado por médicos é praticamente isento de riscos e efeitos adversos.",,"Por Dr. Luiz Sampaio – Em 1936, no livro “The Wisdown of the Body” (a Sabedoria do Corpo), Walter Cannon, eminente fisiologista americano, postulou o conceito de Homeostase, o conceito refere-se à constante busca de equilíbrio interno do organismo, fundamental para a realização de seus processos fisiológicos, tais como digestão de alimentos, absorção dos nutrientes deles derivados e síntese de substâncias fundamentais para nossa vida como as proteínas. As doenças seriam, a partir desse ponto de vista, consequentes a ruptura desse equilíbrio e subsequente alteração nos processos fisiológicos.

Em 1959, o endocrinologista húngaro Hans Selye definiu o conceito de “Stress” (estresse) e autores brasileiros(Mello Filho, Je Diniz Moreira, M 1992) definiram estresse (físico, psicológico ou social) como um “termo que compreende um conjunto de reações e estímulos que causam distúrbios no equilíbrio do organismo, freqüentemente com efeitos danosos.”

O estresse é hoje um mal que assombra a vida de jovens, adultos, idosos e, até mesmo, de crianças e leva nosso organismo a situações de desequilíbrio, evidenciadas por sintomas psicológicos, respiratórios, digestórios, cardíacos, entre outros.

Atualmente, são muitos os fatores externos que aceleram esse desequilíbrio: as questões climáticas, por exemplo, inadequações alimentares – vivemos a era dos “fast foods”; mudanças abruptas no clima, sobrecarga de trabalho, insegurança social e política, excesso de informações, isolamento social etc.

Até mesmo situações que consideramos prazeirosas são consideradas estressantes, tais como: mudança de trabalho ou de casa, viagens, relacionamentos amorosos, nascimento de filhos ou netos, sair para um “happy hour”,aposentadoria, que geram desequilíbrio emocional, e podem desencadear sintomas e doenças.

Os sintomas decorrentes do estresse variam de paciente para paciente, pois dependem de qual sistema é mais susceptível no seu organismo (o chamado de órgão de choque, ou seja: naquele em que são descarregadas as pressões). No caso do estômago as dificuldades de digestão, os refluxos, as gastrites, as úlceras. Nos intestinos as distensões, as cólicas, as diarréias; no pulmão as bronquites, asma, rinites; no coração as dores no peito, taquicardia ou outras palpitações; no psiquismo a insônia, a falta de concentração (muitas vezes referidas como distúrbio de memória), as sensações de angústia ou tristeza. No músculo-esquelético as dores fibro-musculares (fibromialgia).

De modo geral esses sintomas são tratados isoladamente, não raro por vários especialistas, por meio de medicamentos específicos para cada sistema afetado, que, não raro, acabam desencadeando uma série de efeitos colaterais.

Acupuntura – Há mais de 2000 anos os médicos chineses, através de observações minuciosas, chegaram às mesmas conclusões que os dois cientistas modernos.

Definiram que doença é quando temos um desequilíbrio na homeostase interna – na terminologia Chinesa desequilíbrio entre o Yin e o Yang.

Inicialmente, Yin e Yang eram termos topográficos, Yang o lado iluminado da montanha e Yin o lado escuro. Através de generalizações e analogias os termos passaram a representar lados opostos de todos os fenômenos que ocorrem na natureza e nos seres vivos, dentre eles o homem.

Yang é a luz, o Sol, o dia, o movimento, o calor, o brilho, a primavera e o verão – Yin a escuridão, a Lua, a noite, o repouso, o opaco, o outono e inverno. Alimentos: cebola, alho, pimenta, gengibre, bebidas alcóolicas, café – Yang; o sal, a salsinha, a hortelã, a camomila, o maracujá, as folhas verdes em geral – Yin. Atividades profissionais que exijam força física – Yang, atividades intelectuais – Yin. Emoções de raiva, alegria – Yang, tristeza, pesar, medo – Yin.

Estresse, na acupuntura, é toda condição de trabalho, alimentação, estilo de vida e emocional que rompe o equilíbrio entre o Yin/Yang.

O tratamento por acupuntura, que consiste basicamente na estimulação de regiões especificas do corpo, chamadas pontos de acupuntura, visa reequilibrar o Yin/Yang e com isso devolver ao organismo sua condição de homeostase.

A estimulação dos pontos de acupuntura podem ser realizadas mediante a inserção de agulhas muito finas, através da digitopressão (massagem), aplicação de calor (moxabustão), estimulação elétrica (eletroacupuntura), laser (acupuntura com laser, muito aplicado em crianças) ou ventosas.

Estudos atuais demonstraram que o tratamento por Acupuntura equilibra as funções do sistema nervoso autônomo, o Simpático – hiperativado nas situações de estresse com liberação de adrenalina, noradrenalina e cortisol – e o Parassimpático – hipoativo nas situações de estresse. Em termos relacionais podemos classificar as funções do sistema nervoso autônomo Simpático como Yang e as do Parassimpático como Yin.

Como visto, não podemos evitar o estresse, ele faz parte de nossa vida. Quando sua gravidade ou intensidade provoca doenças, a Acupuntura Médica oferece uma alternativa importante e eficaz a esse cenário, a partir de um diagnóstico onde o paciente é avaliado no seu todo: seus sintomas, seus hábitos de vida, suas emoções, sua alimentação, sua historia, dentre outros. Por regular as funções fisiológicas próprias do organismo o tratamento por Acupuntura realizado por médicos é praticamente isento de riscos e efeitos adversos.

Autor: Dr. Luiz Sampaio é médico acupunturiatra, psiquiatra e membro do Colégio Médico de Acupuntura de São Paulo (CMAeSP).

Lindinalva Oliveira

Agência A+

Edição final: William Camargo/Folha Paulistana",benefícios|ou|é|um|yang|acupuntura|sofre|que|para|por|como|estresse|da|quem|yin
140_12-12-18_21_10.csv,folhapaulistana,"A Mega-Sena 2104 está acumulada e pode pagar nesta quinta-feira (6) o prêmio de R$ 12 milhões para o acertador das seis dezenas da Sorte.
Confira as dezenas sorteadas do concurso 2104 do Resultado da Mega-Sena de hoje dia 6 de dezembro de 2018, que foram:00 – 00 – 00 – 00 – 00 – 00 – Aguardando o Sorteio depois das 20h.
Confira aqui o resultado da Mega-Sena 2103 do dia 4 de dezembro de 2018 – Clique aquiComo jogarA Mega-Sena paga milhões para o acertador dos 6 números sorteados.
SorteiosOs sorteios da Mega-Sena são realizados duas vezes por semana, às quartas e aos sábados.
Caso o prêmio líquido seja superior a R$ 1.332,78 (bruto de R$ 1.903,98) o pagamento pode ser realizado somente nas agências da Caixa.",,"A Mega-Sena 2104 está acumulada e pode pagar nesta quinta-feira (6) o prêmio de R$ 12 milhões para o acertador das seis dezenas da Sorte. O Sorteio acontece hoje depois das 20h (horário de Brasília), na cidade de Santo Anastácio (SP), no Caminhão da Sorte da Caixa Estacionado no Centro da Cidade.

Confira as dezenas sorteadas do concurso 2104 do Resultado da Mega-Sena de hoje dia 6 de dezembro de 2018, que foram:

00 – 00 – 00 – 00 – 00 – 00 – Aguardando o Sorteio depois das 20h.

00 apostadores acertaram seis dezenas e cada um ganhou 0.000,00. Outras 000 apostas acertaram cinco dezenas e cada uma leva o prêmio de R$ 0.000,00. Já a Quadra, quando o apostador acerta quatro dezenas, houve um total de 0.000 acertadores e cada um faturou o prêmio mínimo de 000,00. Aguardando o Rateio realizado pela Caixa e divulgado depois das 21h30.

Os sorteios da Mega-Sena acontecem todas as quartas-feiras e sábados, porém nesta semana especial, três sorteios estão sendo realizados, um foi na terça-feira (4), outro hoje (6) e mais um no sábado (8).

Confira aqui o resultado da Mega-Sena 2103 do dia 4 de dezembro de 2018 – Clique aqui

Como jogar

A Mega-Sena paga milhões para o acertador dos 6 números sorteados. Ainda é possível ganhar prêmios ao acertar 4 ou 5 números dentre os 60 disponíveis no volante de apostas. Para realizar o sonho de ser o próximo milionário, você deve marcar de 6 a 15 números do volante, podendo deixar que o sistema escolha os números para você (Surpresinha) e/ou concorrer com a mesma aposta por 2, 4 ou 8 concursos consecutivos (Teimosinha).

Sorteios

Os sorteios da Mega-Sena são realizados duas vezes por semana, às quartas e aos sábados.

Apostas

A aposta mínima, de 6 números, custa R$ 3,50. Quanto mais números marcar, maior o preço da aposta e maiores as chances de faturar o prêmio mais cobiçado do país.

Premiação

O prêmio bruto corresponde a 43,35% da arrecadação. Dessa porcentagem:

35% são distribuídos entre os acertadores dos 6 números sorteados (Sena);

19% entre os acertadores de 5 números (Quina);

19% entre os acertadores de 4 números (Quadra);

22% ficam acumulados e são distribuídos aos acertadores dos 6 números nos concursos de final 0 ou 5.

5% ficam acumulados para a primeira faixa – sena – do último concurso do ano de final 0 ou 5 (Mega da Virada).

Recebimento de prêmios

Você pode receber seu prêmio em qualquer casa lotérica credenciada ou nas agências da Caixa. Caso o prêmio líquido seja superior a R$ 1.332,78 (bruto de R$ 1.903,98) o pagamento pode ser realizado somente nas agências da Caixa. Valores iguais ou acima de R$ 10.000,00 são pagos após 2 dias de sua apresentação na agência da Caixa.

Por William Camargo/Folha Paulistana

Foto: Marcelo Casal Jr./Agência Brasil

Com informações da Caixa Econômica Federal",ou|hoje|dezenas|os|um|r|pagar|números|para|2104|pode|megasena|prêmio|da|12|0612|milhões
140_12-12-18_21_10.csv,folhapaulistana,"Resultado da Mega-Sena de hoje – Nenhuma aposta acertou as seis dezenas do concurso 2.103 da Mega-Sena e o prêmio principal acumulou.
O sorteio foi realizado nessa terça-feira (4), no Caminhão da Sorte estacionado na cidade de Santo Anastácia, no interior do estado de São Paulo.
Foram sorteadas as seguintes dezenas do Resultado da Mega-Sena 2103: 03 – 13 – 40 – 44 – 46 – 50.
Normalmente, eles ocorrem em dois dias da semana: quarta-feira e sábado.
A aposta simples, com seis dezenas, custa R$ 3,50.",,"Resultado da Mega-Sena de hoje – Nenhuma aposta acertou as seis dezenas do concurso 2.103 da Mega-Sena e o prêmio principal acumulou. O sorteio foi realizado nessa terça-feira (4), no Caminhão da Sorte estacionado na cidade de Santo Anastácia, no interior do estado de São Paulo. A quina registrou 40 apostas vencedoras, e cada ganhador receberá R$ 34.939,71. A quadra teve 2.226 apostas ganhadoras; cada acertador receberá o prêmio de R$ 896,92.

Foram sorteadas as seguintes dezenas do Resultado da Mega-Sena 2103: 03 – 13 – 40 – 44 – 46 – 50.

O prêmio estimado pela Caixa para o próximo concurso, que será realizado nesta quinta-feira (6), é R$ 12 milhões.

Com a Mega Semana de Verão, mais dois sorteios serão realizados esta semana: um amanhã e outro no próximo sábado (8). Normalmente, eles ocorrem em dois dias da semana: quarta-feira e sábado.

As apostas podem ser feitas até as 19h (horário de Brasília) desta quinta-feira, em qualquer casa lotérica credenciada pela Caixa em todo o país. A aposta simples, com seis dezenas, custa R$ 3,50.

Com informações da Agência Brasil

Edição final: William Camargo/Folha Paulistana",resultado|dia|dezenas|2018|apostas|r|dezembro|semana|em|seis|megasena|prêmio|confira|da|05|2103
140_12-12-18_21_10.csv,folhapaulistana,"A Mega-Sena 2104 está acumulada e pode pagar nesta quinta-feira (6) o prêmio de R$ 12 milhões para o acertador das seis dezenas da Sorte.
O Sorteio...",,A Mega-Sena 2104 está acumulada e pode pagar nesta quinta-feira (6) o prêmio de R$ 12 milhões para o acertador das seis dezenas da Sorte. O Sorteio...,sorteio|hoje|resultado|nesta|r|pagar|quintafeira|para|seis|pode|mega|sorte|prêmio|da|sena
140_12-12-18_21_10.csv,folhapaulistana,"Resultado da Mega-Sena de hoje – Nenhuma aposta acertou as seis dezenas do concurso 2.103 da Mega-Sena e o prêmio principal acumulou.
O sorteio...",,Resultado da Mega-Sena de hoje – Nenhuma aposta acertou as seis dezenas do concurso 2.103 da Mega-Sena e o prêmio principal acumulou. O sorteio...,sorteio|resultado|hoje|terça|dezenas|dezembro|megasena|prêmio|nenhuma|principal|da|seis
140_12-12-18_21_10.csv,folhapaulistana,"As apostas para a 10ª edição da Mega da Virada, sorteada no dia 31 de dezembro, começam nesta segunda-feira (5), com estimativa de prêmio de 200 milhões para quem acertar os seis números.
Caso não haja apostas premiadas com seis números, o valor será dividido entre acertadores de cinco números (quina), e assim sucessivamente.
As apostas podem ser feitas com volantes específicos da Mega da Virada nas lotéricas e também no Portal Loterias Online.
Clientes da CAIXA que têm acesso ao Internet Banking CAIXA podem fazer suas apostas por meio do aplicativo.
A assessoria da CAIXA fez uma estimativa que mostra que, se o prêmio for para apenas um apostador e ele aplicar todo o valor na Poupança da CAIXA, receberia R$ 743 mil em rendimentos mensais.",,"As apostas para a 10ª edição da Mega da Virada, sorteada no dia 31 de dezembro, começam nesta segunda-feira (5), com estimativa de prêmio de 200 milhões para quem acertar os seis números. As apostas podem ser feitas até as 19h horas do próprio dia 31.

Neste concurso, por ser uma edição especial, o prêmio principal não acumula. Caso não haja apostas premiadas com seis números, o valor será dividido entre acertadores de cinco números (quina), e assim sucessivamente.

A aposta simples custa R$ 3,50. Quem quiser aumentar as chances de ganhar também pode fazer um Bolão CAIXA, no valor mínimo de R$ 10, com cada cota de no mínimo R$ 4. É possível fazer bolão de 2 a 100 cotas. Também é possível comprar cotas de bolão organizado pelas lotéricas.

As apostas podem ser feitas com volantes específicos da Mega da Virada nas lotéricas e também no Portal Loterias Online. Clientes da CAIXA que têm acesso ao Internet Banking CAIXA podem fazer suas apostas por meio do aplicativo.

A assessoria da CAIXA fez uma estimativa que mostra que, se o prêmio for para apenas um apostador e ele aplicar todo o valor na Poupança da CAIXA, receberia R$ 743 mil em rendimentos mensais.

Da Agência Brasil

Edição final: William Camargo/Folha Paulistana",lotéricas|ser|que|possuem|da|r|mega|jogos|abertos|apostas|já|virada|também|com|comanda|estão|valor|prêmio|caixa
140_12-12-18_21_10.csv,folhapaulistana,"As apostas para a 10ª edição da Mega da Virada, sorteada no dia 31 de dezembro, começam nesta segunda-feira (5), com estimativa de prêmio de 200 milhões para quem acertar os seis números.
Caso não haja apostas premiadas com seis números, o valor será dividido entre acertadores de cinco números (quina), e assim sucessivamente.
As apostas podem ser feitas com volantes específicos da Mega da Virada nas lotéricas e também no Portal Loterias Online.
Clientes da CAIXA que têm acesso ao Internet Banking CAIXA podem fazer suas apostas por meio do aplicativo.
A assessoria da CAIXA fez uma estimativa que mostra que, se o prêmio for para apenas um apostador e ele aplicar todo o valor na Poupança da CAIXA, receberia R$ 743 mil em rendimentos mensais.",,"As apostas para a 10ª edição da Mega da Virada, sorteada no dia 31 de dezembro, começam nesta segunda-feira (5), com estimativa de prêmio de 200 milhões para quem acertar os seis números. As apostas podem ser feitas até as 19h horas do próprio dia 31.

Neste concurso, por ser uma edição especial, o prêmio principal não acumula. Caso não haja apostas premiadas com seis números, o valor será dividido entre acertadores de cinco números (quina), e assim sucessivamente.

A aposta simples custa R$ 3,50. Quem quiser aumentar as chances de ganhar também pode fazer um Bolão CAIXA, no valor mínimo de R$ 10, com cada cota de no mínimo R$ 4. É possível fazer bolão de 2 a 100 cotas. Também é possível comprar cotas de bolão organizado pelas lotéricas.

As apostas podem ser feitas com volantes específicos da Mega da Virada nas lotéricas e também no Portal Loterias Online. Clientes da CAIXA que têm acesso ao Internet Banking CAIXA podem fazer suas apostas por meio do aplicativo.

A assessoria da CAIXA fez uma estimativa que mostra que, se o prêmio for para apenas um apostador e ele aplicar todo o valor na Poupança da CAIXA, receberia R$ 743 mil em rendimentos mensais.

Da Agência Brasil

Edição final: William Camargo/Folha Paulistana",lotéricas|ser|que|possuem|da|r|mega|jogos|abertos|apostas|já|virada|também|com|comanda|estão|valor|prêmio|caixa
140_12-12-18_21_10.csv,folhapaulistana,"O dólar comercial encerrou o primeiro pregão da semana em alta de 0,65%, cotado a R$ 3,7645 para venda.
A valorização do dólar interrompe com a série de queda registrada na última semana, quando encerrou em baixa de 1,28%, cotado a R$ 3,73.
O índice B3, da Bolsa de Valores de São Paulo (Bovespa), fechou o pregão de (19) em queda de 0,69%, com 87.900 pontos.
A semana começa com a tendência invertida da última -feira, quando a Bovespa registrou forte alta, subindo 2,96% com 88.515 pontos.
Os papéis da Petrobras registraram alta de 0,78%, enquanto Itau teve pequena queda de 0,06% e Bradesco com menos 1,07%.",,"O dólar comercial encerrou o primeiro pregão da semana em alta de 0,65%, cotado a R$ 3,7645 para venda. O movimento da moeda norte-americana deverá ser de baixa liquidez na semana, considerando o feriado de amanhã (20) do Dia da Consciência Negra e na -feira (22) no mercado norte-americano com o Dia de .

A valorização do dólar interrompe com a série de queda registrada na última semana, quando encerrou em baixa de 1,28%, cotado a R$ 3,73. O Banco Central manteve a política tradicional de swaps cambiais, sem efetuar leilões extraordinários da moeda norte-americana.

O índice B3, da Bolsa de Valores de São Paulo (Bovespa), fechou o pregão de (19) em queda de 0,69%, com 87.900 pontos. A semana começa com a tendência invertida da última -feira, quando a Bovespa registrou forte alta, subindo 2,96% com 88.515 pontos.

Os papéis da Petrobras registraram alta de 0,78%, enquanto Itau teve pequena queda de 0,06% e Bradesco com menos 1,07%.

Da Agência Brasil

Edição final: William Camargo/Folha Paulistana",alta|quando|fecha|dia|r|pregão|bovespa|em|semana|última|queda|teve|da|com|cotado|dólar
140_12-12-18_21_10.csv,folhapaulistana,"Acusado de tráfico internacional, falsidade ideológica e homicídios, Marcelo Pinheiro Vieira, o Marcelo Piloto, foi transferido para a Penitenciária Federal de Catanduvas, no oeste do Paraná, na tarde de hoje (19).
Sua transferência para a penitenciária federal foi determinada pelo juiz Rafael Estrela, titular da Vara de Execuções Penais do Tribunal de Justiça do Estado do Rio de Janeiro.
Inicialmente, para a delegacia da Polícia Federal em Foz do Iguaçu (PR), onde permaneceu até o meio da tarde, quando foi conduzido para Catanduvas.
No último sábado (17), Vieira matou com 17 facadas uma jovem de 18 anos que o visitava em sua cela, no Paraguai.
Autoridades paraguaias acreditam que ele cometeu o crime para tentar evitar sua extradição para o Brasil.",,"Acusado de tráfico internacional, falsidade ideológica e homicídios, Marcelo Pinheiro Vieira, o Marcelo Piloto, foi transferido para a Penitenciária Federal de Catanduvas, no oeste do Paraná, na tarde de hoje (19). Sua transferência para a penitenciária federal foi determinada pelo juiz Rafael Estrela, titular da Vara de Execuções Penais do Tribunal de Justiça do Estado do Rio de Janeiro.

O juiz atendeu pedido da Secretaria de Segurança Pública do Rio, que considerava uma ameaça à segurança que o traficante ficasse detido em um presídio estadual. Na decisão, o magistrado destacou que Marcelo Piloto “possui um histórico de diversas ações criminosas”, fugiu de uma unidade prisional estadual em agosto de 2017 e foi preso no Paraguai no mesmo ano. Ele é acusao de tráfico internacional, falsidade ideológica e homicídios.

Esta manhã, as autoridades paraguaias o extraditaram para o Brasil. Inicialmente, para a delegacia da Polícia Federal em Foz do Iguaçu (PR), onde permaneceu até o meio da tarde, quando foi conduzido para Catanduvas.

Um dos líderes da facção criminosa Comando Vermelho, Vieira deixou o Brasil após ser condenado a 26 anos de prisão. Em dezembro de 2017, ele foi detido na cidade de Encarnación, no Paraguai, alvo de uma operação internacional conjunta entre várias agências.

No último sábado (17), Vieira matou com 17 facadas uma jovem de 18 anos que o visitava em sua cela, no Paraguai. Autoridades paraguaias acreditam que ele cometeu o crime para tentar evitar sua extradição para o Brasil.

Da Agência Brasil

Edição final: William Camargo/Folha Paulistana",uma|sua|federal|é|extraditado|marcelo|traficante|brasileiro|em|transferido|que|para|piloto|foi|da|paraguai|vieira|penitenciária
140_12-12-18_21_10.csv,folhapaulistana,"A mais recente edição da revista gratuita Science in School já se encontra disponível, tanto online como na versão impressa.
A revista pretende promover o ensino das ciências ao encorajar a comunicação entre professores, cientistas e todos os intervenientes da educação científica na Europa.
A revista Science in School é publicada pelo EIROforum, uma colaboração entre oito organizações europeias intergovernamentais de investigação científica, das quais o ESO faz parte.
A revista trata do ensino da ciências tanto a nível europeu como a nível interdisciplinar, destacando o que de melhor se faz no ensino e na pesquisa de ponta.
Se você quiser se voluntariar para traduzir artigos da Science in School na sua língua materna, para a publicação online, consulte por favor as diretrizes no site da Science in School.",,"A mais recente edição da revista gratuita Science in School já se encontra disponível, tanto online como na versão impressa. Esta revista europeia destinada a professores de ciências apresenta, em cada edição, informação atualizada sobre ciência de ponta, materiais para ensino e projetos em educação científica, entrevistas com cientistas e professores, revisões de livros e outros conteúdos úteis a professores. A revista pretende promover o ensino das ciências ao encorajar a comunicação entre professores, cientistas e todos os intervenientes da educação científica na Europa.

Alguns dos destaques desta edição incluem: uma entrevista com o astronauta da ESA Matthias Maurer; um artigo sobre as bactérias comedoras de ferro nos destroços do Titanic; e 10 coisas que você talvez não saiba sobre perfuração hidráulica.

As atividades práticas para realizar em sala de aula incluem: coloridas reações oxidação-redução com pirulitos; e um conjunto de desafios com objetos saltitantes para investigar princípios físicos simples.

A revista Science in School é publicada pelo EIROforum, uma colaboração entre oito organizações europeias intergovernamentais de investigação científica, das quais o ESO faz parte. A revista trata do ensino da ciências tanto a nível europeu como a nível interdisciplinar, destacando o que de melhor se faz no ensino e na pesquisa de ponta. A submissão de artigos para números futuros é bem vinda, tanto da parte de pesquisadores, fornecendo uma compreensão mais aprofundada de um tópico científico específico, como da parte de professores ou outros elementos envolvidos na educação científica, descrevendo atividades inovadoras que introduzam ciência moderna na sala de aula. Consulte as diretrizes para submissões nesta página.

Estão disponíveis online vários artigos e as respetivas versões traduzidas em muitas línguas europeias. Se você quiser se voluntariar para traduzir artigos da Science in School na sua língua materna, para a publicação online, consulte por favor as diretrizes no site da Science in School.

Do ESO

Edição final> William Camargo/Folha Paulistana",se|já|está|ensino|em|número|school|para|científica|professores|com|revista|science|da|43|disponível
140_12-12-18_21_10.csv,folhapaulistana,"Resultado Mega-Sena 2082 do dia 26/09/2018 – Nesta quarta-feira (26/09/2018) aconteceu o sorteio da Mega-Sena 2082 no valor de R$ 2.420.701,10 e...",,"Resultado Mega-Sena 2082 do dia 26/09/2018 – Nesta quarta-feira (26/09/2018) aconteceu o sorteio da Mega-Sena 2082 no valor de R$ 2.420.701,10 e...",sorteio|26092018|2082|valor|dia|resultado|nesta|r|mega|megasena|quartafeira|da|sena
140_12-12-18_21_10.csv,folhapaulistana,"A Mega-Sena concurso 2084 acumulou novamente nesta quarta-feira 03 de outubro e pode pagar no próximo sábado (6) R$ 19 milhões.
O sorteio desta quarta-feira...",,A Mega-Sena concurso 2084 acumulou novamente nesta quarta-feira 03 de outubro e pode pagar no próximo sábado (6) R$ 19 milhões. O sorteio desta quarta-feira...,outubro|hora|sorteio|nesta|r|pagar|próximo|pode|mega|quartafeira|da|sábado|novamente|sena
