Timestamp,Source,Summary,Authors,Text,Keywords
144_12-12-18_21_22.csv,acidadedesp,"Nesta, que é uma das esquinas mais movimentadas de Pinheiros, na maioria das vezes é preciso contar com a sorte para não levar um susto com a moto ou o ônibus que invadem a faixa.
E se não bastasse tudo isso, São Pedro – mesmo sem querer, é claro – tem dado uma ajudinha para complicar o trânsito não só em Pinheiros como na cidade inteira.
“O problema é que esse cálculo parece não levar em conta o tempo suficiente para que uma pessoa com dificuldade de locomoção atravesse com tranquilidade”, diz o jornalista Eduardo Trombetti, que costuma caminhar pela região.
De acordo com o órgão, os semáforos da região de Pinheiros estão sendo modernizados através do Programa de Revitalização Semafórica realizado pela Secretaria Municipal de Transportes com apoio da Prefeitura.
Ela possibilita que semáforos apagados, em amarelo intermitente ou estacionados sejam detectados de forma automática, sem a necessidade de aviso pela população, agentes de trânsito ou órgãos de imprensa.",,"Os problemas de sinalização nos principais cruzamentos de Pinheiros são tantos que nem adianta seguir o conselho que nossas mães e avós nos davam quando éramos crianças e íamos atravessar a rua sozinhos.

Usar a faixa de segurança e esperar o farol verde de pedestre para atravessar no cruzamento das avenidas Rebouças e Faria Lima não significa que você fará uma travessia segura. Nesta, que é uma das esquinas mais movimentadas de Pinheiros, na maioria das vezes é preciso contar com a sorte para não levar um susto com a moto ou o ônibus que invadem a faixa. Também é preciso andar apertando bem o passo – ou melhor, correr mesmo – para não ficar no meio da rua quando o farol abrir, o que acontece, digamos, em um piscar de olhos… Se para o pedestre comum esse já é um momento de tensão, para uma pessoa com deficiência ou com mobilidade reduzida, para a mulherada que não dispensa o salto alto, e para mamães com carrinhos de bebê esse exercício diário transforma-se em uma aventura perigosa.

O mesmo acontece no Largo da Batata. Quem passa por lá tem a facilidade de contar com a estação do metrô Faria Lima na porta e não precisa mais ‘driblar’ os bolsões de parada de ônibus, que com as obras de reconversão foram transferidos de local. As faixas de pedestres estão bem pintadas, mas, como a via ali é muito larga, atravessar no tempo do semáforo também é um desafio. E se não bastasse tudo isso, São Pedro – mesmo sem querer, é claro – tem dado uma ajudinha para complicar o trânsito não só em Pinheiros como na cidade inteira. Como todo mundo já percebeu, e não para de reclamar disso, com as chuvas abundantes dos últimos meses os faróis teimam em ‘pifar’ cada vez mais e ficar no amarelo piscante, atrapalhando a vida de pedestres e motoristas.

Responsável pela operação do trânsito na cidade – ou seja, pelas ações coordenadas que propiciam a mobilidade de pessoas e bens com segurança e fluidez – a Companhia de Engenharia de Tráfego – CET explica que os tempos nos cruzamentos com semáforos (travessia de pedestres/fluxo veicular) levam em consideração aspectos como adensamento de pedestres na região, alta ou baixa densidade de veículos circulantes nas vias principais e adjacentes, presença de estabelecimentos (comércio/ensino/saúde), bem como outros elementos que geram impactos no trânsito. A partir dos resultados auferidos em monitoramentos, então, define-se a programação dos equipamentos, sempre, de acordo com o órgão, valorizando a segurança de todos os agentes envolvidos na malha viária.

“O problema é que esse cálculo parece não levar em conta o tempo suficiente para que uma pessoa com dificuldade de locomoção atravesse com tranquilidade”, diz o jornalista Eduardo Trombetti, que costuma caminhar pela região. “É comum ver vários pedestres encurralados no meio do cruzamento porque o farol abriu antes dele conseguir chegar ao outro lado da rua”. Segundo a CET, os tempos de verde e vermelho piscantes dos semáforos destinado à travessia de pedestres na cidade estão sendo alterados de forma gradativa, dentro do Programa de Proteção à Vida (PPV). De acordo com o órgão, os semáforos da região de Pinheiros estão sendo modernizados através do Programa de Revitalização Semafórica realizado pela Secretaria Municipal de Transportes com apoio da Prefeitura. Quem tem dificuldades para cumprir a travessia no tempo do semáforo em um determinado cruzamento pode entrar em contato com a CET pelo telefone 1188 e pedir uma análise no local. O mesmo telefone pode ser usado para passar informações sobre semáforos apagados e outros problemas frequentes de trânsito.

Em relação ao grande número de semáforos com problemas na cidade, a CET esclarece que desde 2013 está em operação a Central de Manutenção Semafórica de controle dos dados. Ela possibilita que semáforos apagados, em amarelo intermitente ou estacionados sejam detectados de forma automática, sem a necessidade de aviso pela população, agentes de trânsito ou órgãos de imprensa. Assim, de acordo com o órgão, a manutenção é agilizada, podendo, inclusive, algumas falhas serem reparadas remotamente.

Serviço:

Mais informações podem ser obtidas no site da CET – www.cetsp.com.br",uma|só|ou|dois|semáforos|os|cidade|é|em|s|que|para|olhar|com|lados|paulo|não
144_12-12-18_21_22.csv,acidadedesp,"Uau!”Anos depois, depois de centenas de tentativas de encontro, ela concluiu que o amava, mas ele não.
Amar alguém não quer dizer que esse alguém nos ame de volta.
Se ele ou ela chegarem a amar você, não é sistêmico que você ame.
É claro que eu sei que ninguém sonha que, por amar alguém, esse alguém vai nos amar.
Eu amo aquele ser mas se ele não me amar não há nada que eu possa fazer.",,"Ele a beijou. De repente uma força imensa nasce nela. “Eu amo esse homem! Uau!”

Anos depois, depois de centenas de tentativas de encontro, ela concluiu que o amava, mas ele não. Para ele tinha sido um desejo. Só.

O verbo é uma mera conjugação. Mas conjugar o verbo amar na vida é de lascar. Demora muito para captar a sua prática. Amar alguém não quer dizer que esse alguém nos ame de volta. Parece ridículo, mas não estamos espertamente atentos. E a chance do outro ser, o ser amado, não ter percebido é alta.

O inverso, em outra situação, também pode ser verdadeiro. Se ele ou ela chegarem a amar você, não é sistêmico que você ame. Eu amo todos eles mas se eles não me amarem não quer dizer que eu perceba de verdade talvez nem um centésimo desse não amor.

Por mais que alguém me ame, honestamente, eu não posso fazer nada. Eu não tenho esse piloto automático – amar quando quero.

Nem desamar… Ele cometeu tantos desamores comigo que eu me esforcei para parar de amá-lo. E não consegui. Embora AMAR se conjugue no imperativo, por forca da gramática, na prática essa é uma conjugação totalmente inútil e falsa na vida. Talvez plástica, como diria algum artista.

AME! … NÃO AME! …. Não há a menor chance de obedecer. Talvez se consiga chegar a uma espécie de sorriso amarelo, “que pessoa simpática”.

Mas o pior é quando chegamos às expressões inúteis: “Me ame!” ou “Eu juro que vou te amar”.

A culpa de tanto desencontro não tem nada a ver com o piloto automático da gramática. Tem a ver com o desejo, com a riquíssima e potente cegueira de quem ama, de quem desfrua internamente dessa imensa força ativa. Dizer isso parece bobo. É claro que eu sei que ninguém sonha que, por amar alguém, esse alguém vai nos amar.

Será?

Mas saber é algo racional. Só. Eu amo aquele ser mas se ele não me amar não há nada que eu possa fazer. Ou seja, o problema é a nossa eterna tentativa de ignorância do seu modo e ação reflexivos. E do inexorável tempo da ação de amar. Presente, passado, mas talvez, especialmente, também algo sem futuro.

Virginia Murano, jornalista (Veja, Jornal da Tarde, Folha de S. Paulo, Jornal do Brasil; Expresso e Pagina UM -Lisboa), correspondente em Roma para rádio Capital e revista Manchete; locutora RAI, Roma.",se|alguém|amar|nexo|mas|cidade|é|eu|ame|s|que|ele|conjugando|sem|paulo|verbo|não
144_12-12-18_21_22.csv,acidadedesp,"Um marco importante foi 1981, Ano Internacional das Pessoas com Deficiência.
Passamos pela Integração, onde a sociedade aceitou conviver nas ruas e espaços públicos com as pessoas com deficiência.
Avançando, surgiram práticas baseadas no conceito da Inclusão, onde se reconhece a necessidade de ajustes arquitetônicos, culturais e tecnológicos.
O caminho da inclusão e da vida independente estão corretos, o desafio é tornar realidade a oferta de serviços e atendimento de forma equânime.
Marco Pellegrini, tetraplégico, foi secretario-adjunto da Secretaria de Estado dos Direitos da Pessoa com Deficiência do Estado de São Paulo.",,"Aqui no Brasil, a pessoa com deficiência, sob o olhar do direito e da cidadania, é uma invenção moderna. Um marco importante foi 1981, Ano Internacional das Pessoas com Deficiência. A partir de um movimento filosófico organizado, a transformação vem se estabelecendo.

Passamos pela Integração, onde a sociedade aceitou conviver nas ruas e espaços públicos com as pessoas com deficiência. Avançando, surgiram práticas baseadas no conceito da Inclusão, onde se reconhece a necessidade de ajustes arquitetônicos, culturais e tecnológicos. Além disso, os conceitos de vida independente e empoderamento tornaram-se mais fortes (autonomia nas tomadas de decisão e na condução da própria vida). Temos a Convenção Internacional dos Direitos das Pessoas com Deficiência, documento importante e completo construído na ONU a muitas mãos, que entrou em vigência no Brasil em 2008, como Emenda Constitucional. Outras Leis como BPC/LOAS estão sendo revistas, em especial ao aumento dos albergues e residências inclusivas, hoje em quantidade tímida e pouco proporcional.

A Lei de Cotas (reserva de vagas no mercado de trabalho para pessoas com deficiência) e programas inclusivos de capacitação são realidades que, apesar de aquém da ocupação, produz impacto positivo na imagem do sujeito como cidadão de direitos. Regras de aposentadoria específicas já estão sendo aplicadas. A habilitação e a reabilitação, mola mestra da autonomia e saúde, possuem uma rede desarticulada, apoiada no SUS, salvo os exemplos da Rede Lucy Montoro em São Paulo e a rede Sara Kubitschek, entre outras iniciativas pontuais. A educação tem contado com alguns investimentos do MEC na compra de produtos assistivos, no entanto, isso não significa que todo usuário tenha o equipamento disponível. No ambiente escolar, faltam dois atores: o cuidador e o profissional que adapte os conteúdos e que domine a tecnologia para oferecer o material corretamente para resultados efetivos.O processo de inclusão escolar acabou, equivocadamente, estabelecendo a concorrência entre a rede convencional e as instituições especializadas. Contudo, tivemos uma evolução significativa, mas creio estarmos num momento estratégico importantíssimo. É hora de reconhecermos erros continuados e promovermos uma inovação: mudando o formato de financiamento da inclusão, misturando as redes de ensino convencional com as instituições especializadas que deveriam estar presentes com toda sua experiência e conhecimento, dentro da sala de aula. Fortalecer o SUS e “carimbar” recursos para reabilitação, promovendo assim uma grande capacitação dos profissionais envolvidos nos processos na saúde, educação e assistência.

O caminho da inclusão e da vida independente estão corretos, o desafio é tornar realidade a oferta de serviços e atendimento de forma equânime. E, para, isso precisamos de mão forte e gente trabalhando no sentido certo. Não podemos esmorecer.

Marco Pellegrini, tetraplégico, foi secretario-adjunto da Secretaria de Estado dos Direitos da Pessoa com Deficiência do Estado de São Paulo.",uma|retroagir|pessoas|cidade|deficiência|em|s|inclusão|que|para|rede|com|podemos|da|paulo|não
144_12-12-18_21_22.csv,acidadedesp,"Líder do Governo no Senado Federal, o senador Aloysio Nunes Ferreira atendeu a equipe do A Cidade de S. Paulo em seu escritório, em Pinheiros.
O recado para sua missão neste período não podia ser mais claro: “o que espero é deixar o País mais organizado, crescendo, absorvendo o desemprego e dando um pouco mais de esperança às pessoas”.",,"Líder do Governo no Senado Federal, o senador Aloysio Nunes Ferreira atendeu a equipe do A Cidade de S. Paulo em seu escritório, em Pinheiros. O recado para sua missão neste período não podia ser mais claro: “o que espero é deixar o País mais organizado, crescendo, absorvendo o desemprego e dando um pouco mais de esperança às pessoas”.",senador|agosto|sua|cidade|é|um|ser|em|s|seu|2016|senado|às|paulo|mais
144_12-12-18_21_22.csv,acidadedesp,"Quando o assunto é fornecimento de energia elétrica, os problemas são muitos e as dúvidas também, por isso damos aqui algumas dicas para você entender como e quando pode reclamar e evitar ser lesado por erros na conta ou medição.",,"Quando o assunto é fornecimento de energia elétrica, os problemas são muitos e as dúvidas também, por isso damos aqui algumas dicas para você entender como e quando pode reclamar e evitar ser lesado por erros na conta ou medição.",são|quando|ser|cidade|é|reclamar|problemas|s|por|2016|também|você|pode|paulo|julho
144_12-12-18_21_22.csv,acidadedesp,"O Teatro das Artes, no Shopping Eldorado, é muito mais do que um local de exibição de peças teatrais e shows.
É também um lugar de eventos.
Entre uma apresentação e outra, o espaço é muito usado por grandes empresas para a realização de seminários e cursos ou reuniões de confraternização.",,"O Teatro das Artes, no Shopping Eldorado, é muito mais do que um local de exibição de peças teatrais e shows. É também um lugar de eventos. Entre uma apresentação e outra, o espaço é muito usado por grandes empresas para a realização de seminários e cursos ou reuniões de confraternização.",uma|cidade|é|junho|um|usado|shows|s|teatro|shopping|2016|muito|também|teatrais|paulo
144_12-12-18_21_22.csv,acidadedesp,"Que nunca falte a esperança de dias melhores.
A fé, segundo o dicionário, é o estado ou atitude de quem acredita em algo – nos move para além das montanhas, para além de nós mesmos.",,"Que nunca falte a esperança de dias melhores. A fé, segundo o dicionário, é o estado ou atitude de quem acredita em algo – nos move para além das montanhas, para além de nós mesmos.",ou|além|cidade|é|nunca|nos|s|que|para|2016|segundo|maio|paulo|quem|nós
144_12-12-18_21_23.csv,acidadedesp,"Não será bem um parque, mas a proposta tem a cara da Vila Madalena.",,"Não será bem um parque, mas a proposta tem a cara da Vila Madalena.",abril|mas|cidade|um|tem|s|2016|será|parque|vila|madalena|da|paulo|não|proposta
144_12-12-18_21_23.csv,acidadedesp,"Os bairros são espaços que em vez de separar e isolar, comunica e integra: a casa com a rua, a família com a vizinhança, a cultura com a vida.",,"Os bairros são espaços que em vez de separar e isolar, comunica e integra: a casa com a rua, a família com a vizinhança, a cultura com a vida.",rua|são|vizinhança|isolar|cidade|separar|os|s|que|março|2016|vez|com|paulo|vida
144_12-12-18_21_23.csv,acidadedesp,"Um marco importante foi 1981, Ano Internacional das Pessoas com Deficiência.
Passamos pela Integração, onde a sociedade aceitou conviver nas ruas e espaços públicos com as pessoas com deficiência.
Avançando, surgiram práticas baseadas no conceito da Inclusão, onde se reconhece a necessidade de ajustes arquitetônicos, culturais e tecnológicos.
O caminho da inclusão e da vida independente estão corretos, o desafio é tornar realidade a oferta de serviços e atendimento de forma equânime.
Marco Pellegrini, tetraplégico, foi secretario-adjunto da Secretaria de Estado dos Direitos da Pessoa com Deficiência do Estado de São Paulo.",,"Aqui no Brasil, a pessoa com deficiência, sob o olhar do direito e da cidadania, é uma invenção moderna. Um marco importante foi 1981, Ano Internacional das Pessoas com Deficiência. A partir de um movimento filosófico organizado, a transformação vem se estabelecendo.

Passamos pela Integração, onde a sociedade aceitou conviver nas ruas e espaços públicos com as pessoas com deficiência. Avançando, surgiram práticas baseadas no conceito da Inclusão, onde se reconhece a necessidade de ajustes arquitetônicos, culturais e tecnológicos. Além disso, os conceitos de vida independente e empoderamento tornaram-se mais fortes (autonomia nas tomadas de decisão e na condução da própria vida). Temos a Convenção Internacional dos Direitos das Pessoas com Deficiência, documento importante e completo construído na ONU a muitas mãos, que entrou em vigência no Brasil em 2008, como Emenda Constitucional. Outras Leis como BPC/LOAS estão sendo revistas, em especial ao aumento dos albergues e residências inclusivas, hoje em quantidade tímida e pouco proporcional.

A Lei de Cotas (reserva de vagas no mercado de trabalho para pessoas com deficiência) e programas inclusivos de capacitação são realidades que, apesar de aquém da ocupação, produz impacto positivo na imagem do sujeito como cidadão de direitos. Regras de aposentadoria específicas já estão sendo aplicadas. A habilitação e a reabilitação, mola mestra da autonomia e saúde, possuem uma rede desarticulada, apoiada no SUS, salvo os exemplos da Rede Lucy Montoro em São Paulo e a rede Sara Kubitschek, entre outras iniciativas pontuais. A educação tem contado com alguns investimentos do MEC na compra de produtos assistivos, no entanto, isso não significa que todo usuário tenha o equipamento disponível. No ambiente escolar, faltam dois atores: o cuidador e o profissional que adapte os conteúdos e que domine a tecnologia para oferecer o material corretamente para resultados efetivos.O processo de inclusão escolar acabou, equivocadamente, estabelecendo a concorrência entre a rede convencional e as instituições especializadas. Contudo, tivemos uma evolução significativa, mas creio estarmos num momento estratégico importantíssimo. É hora de reconhecermos erros continuados e promovermos uma inovação: mudando o formato de financiamento da inclusão, misturando as redes de ensino convencional com as instituições especializadas que deveriam estar presentes com toda sua experiência e conhecimento, dentro da sala de aula. Fortalecer o SUS e “carimbar” recursos para reabilitação, promovendo assim uma grande capacitação dos profissionais envolvidos nos processos na saúde, educação e assistência.

O caminho da inclusão e da vida independente estão corretos, o desafio é tornar realidade a oferta de serviços e atendimento de forma equânime. E, para, isso precisamos de mão forte e gente trabalhando no sentido certo. Não podemos esmorecer.

Marco Pellegrini, tetraplégico, foi secretario-adjunto da Secretaria de Estado dos Direitos da Pessoa com Deficiência do Estado de São Paulo.",uma|retroagir|pessoas|cidade|deficiência|em|s|inclusão|que|para|rede|com|podemos|da|paulo|não
144_12-12-18_21_23.csv,acidadedesp,"Em palestra na Distrital Pinheiros da Associação Comercial, o vereador Andrea Matarazzo (PSD), pré-candidato à prefeitura de São Paulo, aponta esses como requisitos básicos para quem pretende ser um bom gestor público.
“Não dá para se propor a administrar uma cidade do tamanho de São Paulo sem ter muita experiência acumulada em gestão pública e disposição de sobra para ouvir a população”.
Esse foi o recado que o vereador e pré-candidato à prefeitura paulista, Andrea Matarazzo (PSD), deixou a empresários presentes, na terça-feira, 5, em evento organizado pela Associação Comercial de São Paulo – Distrital Pinheiros.
Para Andrea Matarazzo, analisar as necessidades de uma cidade do porte de São Paulo requer pensar em planejamentos específicos para a região do centro expandido e para a periferia.
Em Pinheiros, o vereador destacou o aumento da população de rua e a falta de estrutura para acolher essas pessoas.",,"Em palestra na Distrital Pinheiros da Associação Comercial, o vereador Andrea Matarazzo (PSD), pré-candidato à prefeitura de São Paulo, aponta esses como requisitos básicos para quem pretende ser um bom gestor público.

“Não dá para se propor a administrar uma cidade do tamanho de São Paulo sem ter muita experiência acumulada em gestão pública e disposição de sobra para ouvir a população”. Esse foi o recado que o vereador e pré-candidato à prefeitura paulista, Andrea Matarazzo (PSD), deixou a empresários presentes, na terça-feira, 5, em evento organizado pela Associação Comercial de São Paulo – Distrital Pinheiros.

Em sua palestra “Experiência de Gestão Municipal”, Mararazzo analisou os pequenos e grandes problemas que a cidade enfrenta do ponto de vista de quem já esteve à frente de diversos cargos públicos executivos nos poderes estadual e municipal. O atual vereador foi, em 1998, Secretário de Energia do Governo do Estado; Secretário Municipal de Serviços em 2005/2006; esteve à frente da Subprefeitura da Sé entre 2005 e 2007; e foi Secretário de Coordenação das Subprefeituras de São Paulo entre 2007 e 2009, além de Secretário Estadual da Cultura (2010/2012).

Para Andrea Matarazzo, analisar as necessidades de uma cidade do porte de São Paulo requer pensar em planejamentos específicos para a região do centro expandido e para a periferia. “Os problemas aqui de Pinheiros ou da Vila Madalena são bem diferentes dos de Parelheiros ou Itaim Paulista”, disse. “Enquanto os moradores dos bairros mais centrais são afetados por problemas como trânsito, barulho, segurança, calçamento e poda de árvore, na periferia o grande desafio é trabalhar para que os bairros ganhem infraestrutura que traga oportunidades de emprego para quem mora lá, de forma que essas pessoas não precisem passar mais de quatro horas por dia se deslocando para trabalhar”, explicou.

Andrea Matarazzo citou a importância da regulamentação fundiária como forma de abrir espaço para o desenvolvimento imobiliário e do comércio nos bairros periféricos. No caso específico da Vila Madalena, o vereador criticou duramente os principais tópicos aprovados na nova Lei de Zoneamento referentes à região. “Do jeito que ficou, vão acabar com a Vila Madalena”, enfatizou. Segundo ele, o novo zoneamento criará um adensamento ainda maior no bairro, sem a contrapartida estrutural para acompanhá-lo. “A lei deu permissão para construir, mas não se pensou em como vai ficar o trânsito ou a questão do fornecimento de água, esgoto e iluminação pública para suprir o aumento de demanda que será gerado pela especulação imobiliária”, afirmou. Em Pinheiros, o vereador destacou o aumento da população de rua e a falta de estrutura para acolher essas pessoas. “A região conta com apenas um Centro de Acolhida, o Esperança, na Rua Cardeal Arcoverde”, lembrou.",são|à|ouvido|cidade|os|secretário|em|s|que|para|experiência|bom|vereador|da|paulo|muita
144_12-12-18_21_23.csv,acidadedesp,"Em palestra na Distrital Pinheiros da Associação Comercial, o vereador Andrea Matarazzo (PSD), pré-candidato à prefeitura de São Paulo, aponta esses como requisitos básicos para quem pretende ser um bom gestor público.
“Não dá para se propor a administrar uma cidade do tamanho de São Paulo sem ter muita experiência acumulada em gestão pública e disposição de sobra para ouvir a população”.
Esse foi o recado que o vereador e pré-candidato à prefeitura paulista, Andrea Matarazzo (PSD), deixou a empresários presentes, na terça-feira, 5, em evento organizado pela Associação Comercial de São Paulo – Distrital Pinheiros.
Para Andrea Matarazzo, analisar as necessidades de uma cidade do porte de São Paulo requer pensar em planejamentos específicos para a região do centro expandido e para a periferia.
Em Pinheiros, o vereador destacou o aumento da população de rua e a falta de estrutura para acolher essas pessoas.",,"Em palestra na Distrital Pinheiros da Associação Comercial, o vereador Andrea Matarazzo (PSD), pré-candidato à prefeitura de São Paulo, aponta esses como requisitos básicos para quem pretende ser um bom gestor público.

“Não dá para se propor a administrar uma cidade do tamanho de São Paulo sem ter muita experiência acumulada em gestão pública e disposição de sobra para ouvir a população”. Esse foi o recado que o vereador e pré-candidato à prefeitura paulista, Andrea Matarazzo (PSD), deixou a empresários presentes, na terça-feira, 5, em evento organizado pela Associação Comercial de São Paulo – Distrital Pinheiros.

Em sua palestra “Experiência de Gestão Municipal”, Mararazzo analisou os pequenos e grandes problemas que a cidade enfrenta do ponto de vista de quem já esteve à frente de diversos cargos públicos executivos nos poderes estadual e municipal. O atual vereador foi, em 1998, Secretário de Energia do Governo do Estado; Secretário Municipal de Serviços em 2005/2006; esteve à frente da Subprefeitura da Sé entre 2005 e 2007; e foi Secretário de Coordenação das Subprefeituras de São Paulo entre 2007 e 2009, além de Secretário Estadual da Cultura (2010/2012).

Para Andrea Matarazzo, analisar as necessidades de uma cidade do porte de São Paulo requer pensar em planejamentos específicos para a região do centro expandido e para a periferia. “Os problemas aqui de Pinheiros ou da Vila Madalena são bem diferentes dos de Parelheiros ou Itaim Paulista”, disse. “Enquanto os moradores dos bairros mais centrais são afetados por problemas como trânsito, barulho, segurança, calçamento e poda de árvore, na periferia o grande desafio é trabalhar para que os bairros ganhem infraestrutura que traga oportunidades de emprego para quem mora lá, de forma que essas pessoas não precisem passar mais de quatro horas por dia se deslocando para trabalhar”, explicou.

Andrea Matarazzo citou a importância da regulamentação fundiária como forma de abrir espaço para o desenvolvimento imobiliário e do comércio nos bairros periféricos. No caso específico da Vila Madalena, o vereador criticou duramente os principais tópicos aprovados na nova Lei de Zoneamento referentes à região. “Do jeito que ficou, vão acabar com a Vila Madalena”, enfatizou. Segundo ele, o novo zoneamento criará um adensamento ainda maior no bairro, sem a contrapartida estrutural para acompanhá-lo. “A lei deu permissão para construir, mas não se pensou em como vai ficar o trânsito ou a questão do fornecimento de água, esgoto e iluminação pública para suprir o aumento de demanda que será gerado pela especulação imobiliária”, afirmou. Em Pinheiros, o vereador destacou o aumento da população de rua e a falta de estrutura para acolher essas pessoas. “A região conta com apenas um Centro de Acolhida, o Esperança, na Rua Cardeal Arcoverde”, lembrou.",são|à|ouvido|cidade|os|secretário|em|s|que|para|experiência|bom|vereador|da|paulo|muita
144_12-12-18_21_23.csv,acidadedesp,"Dicas para dividir a cama – sem brigas – com seu pet ou ensiná-lo a dormir na caminha dele, do seu lado, a noite toda, como um anjinho.
Ponto pro seu pet: a chance dele vir a dividir a cama com você – e ronronar feliz a noite toda – é grande.
Além do mais, não é nada mal ter uma companhia quentinha prá dividir o lençol de toda noite.
É por isso que, desde o primeiro dia, você deve fazer com que ele entenda que essa cama é sua e não dele.
Não é nada fácil, mas uma forma de conseguir isso é tirá-lo da cama toda vez que ele rosnar quando você se mexe.",Newton Carneiro,"Dicas para dividir a cama – sem brigas – com seu pet ou ensiná-lo a dormir na caminha dele, do seu lado, a noite toda, como um anjinho.

Se você mora sozinho, tudo bem. Ponto pro seu pet: a chance dele vir a dividir a cama com você – e ronronar feliz a noite toda – é grande. Afinal, ele provavelmente passa boa parte do tempo sozinho enquanto você trabalha e você, à noite, precisa compensar a ausência. Além do mais, não é nada mal ter uma companhia quentinha prá dividir o lençol de toda noite. Então, como se diz, juntou o útil ao agradável…

Os problemas na hora de ‘por o cão ou gato prá dormir’ aparecem mesmo entre os casados. Há quem jure que bicho na cama é um passo para o relacionamento esfriar. Será? O problema é resistir àquela carinha de piedade, principalmente no frio. Uma pesquisa recente divulgada pela Associação Americana de Produtos Pets revela que quase metade dos cães e 62% dos gatos adotados por uma família, nos Estados Unidos, dormem na mesma cama que seus donos. No Brasil, os números não devem ser muito diferentes.

Mas enquanto você discute a relação com seu parceiro (a) e decide se vai dormir ‘de conchinha’ com ele (a) ou com seu pet, é bom pensar em adotar algumas regras e cuidados caso seu cachorro ou gato ganhem essa parada.

Se você permitir que o pet durma em sua cama, pode ocorrer de um dia não ser possível dormir com ele, o que pode fazer com que ele chore a noite inteira ou que faça alguma bagunça, destruindo coisas. Se um dia, de repente, seu pet subir na cama e você permitir, certamente ele vai querer subir sempre. É por isso que, desde o primeiro dia, você deve fazer com que ele entenda que essa cama é sua e não dele. Não é nada fácil, mas uma forma de conseguir isso é tirá-lo da cama toda vez que ele rosnar quando você se mexe.

Quando o casal tem filhos – e as crianças não sofrem de problemas alérgicos – uma solução é colocar o bichinho na cama deles. O benefício é duplo: vocês dormem tranquilos e as crianças terão companhia para espantar o medo do escuro.

Seja na sua cama ou na das crianças, manter a higiene dos pets é básico. “Vacinas e medicação contra vermes em dia e banhos semanais, além de escovar o pelo diariamente – para evitar a queda excessiva – são alguns dos cuidados”, ensina a veterinária Amanda Giroto. Não custa, ainda, criar o hábito de escovar regularmente os dentes do animal – o que é ótimo também para a saúde dele – e nunca esquecer de limpar suas patas antes de colocá-lo na cama. Se for dormir com um gato, pode ser que ele te arranhe durante a noite e às vezes você nem perceba. É por isso que os gatos devem estar sempre com as unhas bem cortadas e lixadas. É importante também que, antes de ir dormir, o pet faça suas necessidades, assim surpresas serão evitadas durante a noite.

Mas se você preferir que cada membro da família tenha seu espaço na cama, incluindo o pet, tem que se dispor a ensinar seu bichinho, desde o primeiro dia em casa, a dormir no canto dele. Como os filhotes, nos primeiros dias no novo lar, vão sentir falta da mãe e dos irmãos, o melhor é colocar a caminha deles no chão, ao lado da sua. Assim eles se sentirão mais protegidos e talvez não chorem tanto. Mais para frente, você pode até escolher outro lugar para colocar a caminha dele que ele vai ficar quietinho.

Agora, se o seu pet já é adulto e você decidir expulsá-lo da cama, a veterinária dá uma dica: “grude várias tiras de esparadrapo nas beiradas da cama. Quando seu animal subir, elas vão grudar na pata dele e ele vai se sentir incomodado, passando a evitar subir na cama”, ensina Amanda Giroto.",mandar|hora|se|tá|é|dormir|s|espere|seu|cão|que|ele|você|com|pet|paulo|não|cama
144_12-12-18_21_23.csv,acidadedesp,"Dicas para dividir a cama – sem brigas – com seu pet ou ensiná-lo a dormir na caminha dele, do seu lado, a noite toda, como um anjinho.
Ponto pro seu pet: a chance dele vir a dividir a cama com você – e ronronar feliz a noite toda – é grande.
Além do mais, não é nada mal ter uma companhia quentinha prá dividir o lençol de toda noite.
É por isso que, desde o primeiro dia, você deve fazer com que ele entenda que essa cama é sua e não dele.
Não é nada fácil, mas uma forma de conseguir isso é tirá-lo da cama toda vez que ele rosnar quando você se mexe.",Newton Carneiro,"Dicas para dividir a cama – sem brigas – com seu pet ou ensiná-lo a dormir na caminha dele, do seu lado, a noite toda, como um anjinho.

Se você mora sozinho, tudo bem. Ponto pro seu pet: a chance dele vir a dividir a cama com você – e ronronar feliz a noite toda – é grande. Afinal, ele provavelmente passa boa parte do tempo sozinho enquanto você trabalha e você, à noite, precisa compensar a ausência. Além do mais, não é nada mal ter uma companhia quentinha prá dividir o lençol de toda noite. Então, como se diz, juntou o útil ao agradável…

Os problemas na hora de ‘por o cão ou gato prá dormir’ aparecem mesmo entre os casados. Há quem jure que bicho na cama é um passo para o relacionamento esfriar. Será? O problema é resistir àquela carinha de piedade, principalmente no frio. Uma pesquisa recente divulgada pela Associação Americana de Produtos Pets revela que quase metade dos cães e 62% dos gatos adotados por uma família, nos Estados Unidos, dormem na mesma cama que seus donos. No Brasil, os números não devem ser muito diferentes.

Mas enquanto você discute a relação com seu parceiro (a) e decide se vai dormir ‘de conchinha’ com ele (a) ou com seu pet, é bom pensar em adotar algumas regras e cuidados caso seu cachorro ou gato ganhem essa parada.

Se você permitir que o pet durma em sua cama, pode ocorrer de um dia não ser possível dormir com ele, o que pode fazer com que ele chore a noite inteira ou que faça alguma bagunça, destruindo coisas. Se um dia, de repente, seu pet subir na cama e você permitir, certamente ele vai querer subir sempre. É por isso que, desde o primeiro dia, você deve fazer com que ele entenda que essa cama é sua e não dele. Não é nada fácil, mas uma forma de conseguir isso é tirá-lo da cama toda vez que ele rosnar quando você se mexe.

Quando o casal tem filhos – e as crianças não sofrem de problemas alérgicos – uma solução é colocar o bichinho na cama deles. O benefício é duplo: vocês dormem tranquilos e as crianças terão companhia para espantar o medo do escuro.

Seja na sua cama ou na das crianças, manter a higiene dos pets é básico. “Vacinas e medicação contra vermes em dia e banhos semanais, além de escovar o pelo diariamente – para evitar a queda excessiva – são alguns dos cuidados”, ensina a veterinária Amanda Giroto. Não custa, ainda, criar o hábito de escovar regularmente os dentes do animal – o que é ótimo também para a saúde dele – e nunca esquecer de limpar suas patas antes de colocá-lo na cama. Se for dormir com um gato, pode ser que ele te arranhe durante a noite e às vezes você nem perceba. É por isso que os gatos devem estar sempre com as unhas bem cortadas e lixadas. É importante também que, antes de ir dormir, o pet faça suas necessidades, assim surpresas serão evitadas durante a noite.

Mas se você preferir que cada membro da família tenha seu espaço na cama, incluindo o pet, tem que se dispor a ensinar seu bichinho, desde o primeiro dia em casa, a dormir no canto dele. Como os filhotes, nos primeiros dias no novo lar, vão sentir falta da mãe e dos irmãos, o melhor é colocar a caminha deles no chão, ao lado da sua. Assim eles se sentirão mais protegidos e talvez não chorem tanto. Mais para frente, você pode até escolher outro lugar para colocar a caminha dele que ele vai ficar quietinho.

Agora, se o seu pet já é adulto e você decidir expulsá-lo da cama, a veterinária dá uma dica: “grude várias tiras de esparadrapo nas beiradas da cama. Quando seu animal subir, elas vão grudar na pata dele e ele vai se sentir incomodado, passando a evitar subir na cama”, ensina Amanda Giroto.",mandar|hora|se|tá|é|dormir|s|espere|seu|cão|que|ele|você|com|pet|paulo|não|cama
