Timestamp,Source,Summary,Authors,Text,Keywords
151_12-12-18_21_56.csv,jornalnoticiasdesaopaulo,"Começando pelo óleo para barba, que auxilia na proteção diária contra os efeitos climáticos, sujeira etc, além de deixar com um bom perfume para determinadas ocasiões.
Para a estação, utilize um shampoo específico para barba, que vai limpá-la profundamente, remover as impurezas e proporcionar uma sensação refrescante.
Famoso nos anos 80 ele chega com um dos cortes mais aceitos e fáceis de se produzir.
O corte consiste em uma raspagem total do cabelo mantendo o mesmo tamanho em todas as partes da cabeça.
Na sequência apresentamos o topete baixo com degrade é uma das apostas para o ano que inicia.",,"Todo homem quer causar boa impressão. Cuidados com a barba e o cabelo são alguns dos pontos mais considerados por eles na hora de se submeterem aos tratamentos. Para as comemorações do final de ano, durante o ínicio do verão, veja as dicas que a rede O Barbeiro da Esquina sugere:

Com os dias mais agitados em função do final de ano, muitos cuidados podem passar desapercebidos como uso de produtos, corte, etc. Um kit com produtos básicos é recomendado para o dia a dia, pois além de conter produtos necessários o tamanho é compacto e pode ser alocado em uma mochila ou bolsa.

Começando pelo óleo para barba, que auxilia na proteção diária contra os efeitos climáticos, sujeira etc, além de deixar com um bom perfume para determinadas ocasiões.

Além de dezembro ser um dos meses mais agitados do ano, é o início do verão no Brasil. Para a estação, utilize um shampoo específico para barba, que vai limpá-la profundamente, remover as impurezas e proporcionar uma sensação refrescante. barba também precisa de filtro solar! Se você possui uma barba menor, é preciso aplicar o filtro em toda a sua extensão para protegê-la. Já quem possui barbas mais cheias já estão protegidos contra os raios solares.

Para os cortes de cabelo é possível observar uma tendência em cortes curtos. 2019 chega com cortes inspirados nos anos 80, topetes, entre outros.

O primeiro modelo que destacamos é o Buzz Cut. Famoso nos anos 80 ele chega com um dos cortes mais aceitos e fáceis de se produzir. O corte consiste em uma raspagem total do cabelo mantendo o mesmo tamanho em todas as partes da cabeça.

Na sequência apresentamos o topete baixo com degrade é uma das apostas para o ano que inicia. As laterais podem ser aparadas para gerar uma diferença mais nítida entre elas e o topete.

O ano de 2019 promete novos cortes, naturalmente, mas resgata tradicionais que foram moda entre nos anos 80 e 90.

Serviço:

Moema: Av. Jacutinga, 270 – Telefone: (11) 99774-7000

Pinheiros: R. Joaquim Antunes, 430 – Telefone: (11) 99658-5100

Tatuapé: Rua Serra de Japi, 982 – Telefone: (11) 99693-0982

Moema 2: Av. Jamaris, 485 – Telefone: (11) 97117-5100

Morumbi: Av. Giovanni Gronchi, 5595 – Telefone: (11) 97422-5100

Mais informações:

Facebook: O Barbeiro da Esquina

Instagram: @obarbeirodaesquina",jornal|é|dicas|cuidados|que|telefone|cortes|uma|são|um|em|para|com|paulo|natal|sugere|corte|mais|notícias
151_12-12-18_21_56.csv,jornalnoticiasdesaopaulo,"Jojo Todynho, que já está em São Paulo, foi convidada por Lisa Gomes, repórter do programa e organizadora da festa, para ser a apresentadora da comemoração aos 19 anos do Programa TV Fama, que acontece nesta quinta-feira (13), na Casa Fernandes, conceituado espaço de eventos no Tatuapé.
A lista de confirmados ainda é um segredo, mas a organização promete muito glamour, convidados renomados e um serviço gastronômico impecável.
Uma novidade para este ano, é a transmissão, ao vivo, via link de internet, onde quem estiver em casa poderá acompanhar toda a festa.
Lisa Gomes afirma que existe a possibilidade de mais duas mulheres famosas formarem um trio com Jojo na apresentação e condução do evento, mas que aí, já é surpresa.
Realmente, a festa do TV Fama deste ano, promete!",,"Para apresentar uma festa tão grandiosa e esperada, nada melhor que a cantora que, só no ano de 2018, foi Musa do Baile Vogue, homenageada no Miss e Mister Brasil, além de ter sido um dos nomes mais convidados para programas de TV, shows e eventos. Jojo Todynho, que já está em São Paulo, foi convidada por Lisa Gomes, repórter do programa e organizadora da festa, para ser a apresentadora da comemoração aos 19 anos do Programa TV Fama, que acontece nesta quinta-feira (13), na Casa Fernandes, conceituado espaço de eventos no Tatuapé.

A lista de confirmados ainda é um segredo, mas a organização promete muito glamour, convidados renomados e um serviço gastronômico impecável.

Uma novidade para este ano, é a transmissão, ao vivo, via link de internet, onde quem estiver em casa poderá acompanhar toda a festa.

Lisa Gomes afirma que existe a possibilidade de mais duas mulheres famosas formarem um trio com Jojo na apresentação e condução do evento, mas que aí, já é surpresa.

Realmente, a festa do TV Fama deste ano, promete!

Michelasi Produções – Assessoria de Imprensa",são|todynho|jojo|jornal|ano|é|um|tv|festa|mas|que|para|programa|nome|paulo|mais|notícias
151_12-12-18_21_56.csv,jornalnoticiasdesaopaulo,"Para encerrar o ano de 2018, a Folk Valley vai unir atrações inéditas, nacionais e internacionais, a um velho conhecido da casa para um dia inesquecível de muita música, comemorações e experiências únicas.
Unidos pelo sangue e pelo gosto musical os irmãos Matheus Aleixo Pinto (Matheus) e Osvaldo P. Rosa Filho (Kauan), naturais de Itapuranga- GO, escolheram o amor pela música como profissão desde cedo.
Hoje, os goianos apaixonados por sertanejo tem uma brilhante carreira a percorrer com diversos sucessos e parcerias marcantes.
Com uma carreira sólida e diversos sucessos, o funkeiro foi apelidado de hitmaker por ter todas as suas músicas nas listas de mais tocadas no país.
Criados em uma família musical nascida em Los Angeles, eles decidiram passar a produzir música eletrônica depois de conhecerem o DJ Alok na Europa em Outubro de 2015.",,"Para encerrar o ano de 2018, a Folk Valley vai unir atrações inéditas, nacionais e internacionais, a um velho conhecido da casa para um dia inesquecível de muita música, comemorações e experiências únicas. A dupla sertaneja Matheus e Kauan, a revelação do pagode Dilsinho e o projeto norte-americano de música eletrônica Sevenn sobem ao palco da casa pela primeira vez acompanhados do HitMaker Kevinho que volta a Folk para mais um grande show no sábado, 15 de novembro, a partir das 17h.

Unidos pelo sangue e pelo gosto musical os irmãos Matheus Aleixo Pinto (Matheus) e Osvaldo P. Rosa Filho (Kauan), naturais de Itapuranga- GO, escolheram o amor pela música como profissão desde cedo. Hoje, os goianos apaixonados por sertanejo tem uma brilhante carreira a percorrer com diversos sucessos e parcerias marcantes.

O Campineiro Kevinho já mostrou que chegou pra ficar. Com uma carreira sólida e diversos sucessos, o funkeiro foi apelidado de hitmaker por ter todas as suas músicas nas listas de mais tocadas no país. Dono dos hits “O bebê”, “Rabiola”, “Pega a Receita”, “Olha a Explosão” e muitos outros já balançou a Folk Valley em sua primeira passagem pela casa em março e promete um show ainda mais inesquecível desta vez.

Cantor e compositor, Dilsinho está no principal momento de sua carreira solo – iniciada em 2014, com o lançamento do disco Dilsinho. Com shows cada vez mais lotados e com o público cantando em coro seus sucessos, Dilsinho foi disco de ouro com o single “Refém”, e figura no TOP 200 Chart Streaming da ABPD. O carioca de 26 anos também é autor de sucessos muito conhecidos do público que foram gravados por nomes como Alexandre Pires, Thiaguinho e o grupo Sorriso Maroto.

Os irmãos americanos Sean e Kevin Brauer passaram a vida produzindo música e fazendo shows pelo mundo. Criados em uma família musical nascida em Los Angeles, eles decidiram passar a produzir música eletrônica depois de conhecerem o DJ Alok na Europa em Outubro de 2015. Durante esses quase 2 anos, o SEVENN já lançou 4 hits mundiais, incluindo “BOOM” com a lenda Tiesto, “Byob” com o Alok, “Tam Tam” com Bhaskar e “Colors of the Rainbow”.

Com tantos ritmos e sucessos, não há dúvidas eu a última edição de 2018 será exatamente igual as outras, um grande sucesso!

Consciência social

Além de proporcionar experiências únicas ao seu público e também aos artistas que se apresentam na casa, a Folk Valley tem consciência de sua responsabilidade em fazer do mundo um lugar melhor.

Pensando na segurança de seus frequentadores, o club realiza a campanha “se beber, não dirija” através de suas redes sociais e mantém uma parceria com a Polícia Rodoviária, ARTESP e a Rota das Bandeiras, concessionária responsável pela Rodovia Dom Pedro I onde a Folk Valley está localizada.",pela|jornal|que|uma|são|um|sobem|em|valley|música|sucessos|folk|com|paulo|kauan|matheus|palco|notícias|sábado
151_12-12-18_21_56.csv,jornalnoticiasdesaopaulo,"Na última segunda feira (10), o Casal Jake Leal (Ex BBB) e Douglas D’amore (Ex Power Couple) marcaram presença na gravação do DVD do cantor, Aldair Playbloy na Barbearia Corleone em São Paulo.
Aldair Playboy é cantor do ritmo “Batidão” que surgiu no nordeste e faz a mistura do novo brega com o reggae, dentre suas músicas mais conhecidas está o hit “Amor Falso” que conquistou o Brasil e está no topo das paradas.",,"Na última segunda feira (10), o Casal Jake Leal (Ex BBB) e Douglas D’amore (Ex Power Couple) marcaram presença na gravação do DVD do cantor, Aldair Playbloy na Barbearia Corleone em São Paulo.

Aldair Playboy é cantor do ritmo “Batidão” que surgiu no nordeste e faz a mistura do novo brega com o reggae, dentre suas músicas mais conhecidas está o hit “Amor Falso” que conquistou o Brasil e está no topo das paradas.",jornal|cantor|é|gravação|que|suas|são|surgiu|ex|topo|leal|marcaram|playboy|jake|paulo|presença|está|última|notícias
151_12-12-18_21_56.csv,jornalnoticiasdesaopaulo,"No início da noite deste domingo (09), foi preparado um festão realizado no Espaço CasAventura, situado no centro de São Bernardo do Campo, em São Paulo, para o chá de bebê da Bella, filha da musa fitness e atriz Fabi Frota com o ator Alexandre Frota, atualmente deputado federal por São Paulo.
Com a organização do evento realizado pela Mônica Santos, a equipe da Timu Festas Kids juntamente com a Lu Balão, pensaram em cada detalhe da decoração da festa, que foi preparado inteiramente na cor rosa com o tema de bailarina.
Totalmente Fitness, Fabi escolheu a dedo os petiscos e comidas para seus convidados, através da culinária funcional, com os quais puderam degustar do melhor através da Astress Vida Saudável, que preparou itens com baixo carboidrato, glúten e lactose free.
Atualmente Fabi já é mãe de Enzo Gabriel, de 11 anos, fruto de um relacionamento anterior.
Crédito das Fotos: Moment Family",,"No início da noite deste domingo (09), foi preparado um festão realizado no Espaço CasAventura, situado no centro de São Bernardo do Campo, em São Paulo, para o chá de bebê da Bella, filha da musa fitness e atriz Fabi Frota com o ator Alexandre Frota, atualmente deputado federal por São Paulo.

Com a organização do evento realizado pela Mônica Santos, a equipe da Timu Festas Kids juntamente com a Lu Balão, pensaram em cada detalhe da decoração da festa, que foi preparado inteiramente na cor rosa com o tema de bailarina.

Totalmente Fitness, Fabi escolheu a dedo os petiscos e comidas para seus convidados, através da culinária funcional, com os quais puderam degustar do melhor através da Astress Vida Saudável, que preparou itens com baixo carboidrato, glúten e lactose free.

Na reta final de sua segunda gestação, com 31 semanas, Fabi chegou ao evento toda elegante a bordo de um vestido branco de rendas, contendo um ousado decote e as costas de fora, deixando em evidencia a linda barriga de gestação da pequena Bella, que será a primeira filha da beldade com Frota.

Atualmente Fabi já é mãe de Enzo Gabriel, de 11 anos, fruto de um relacionamento anterior.

Crédito das Fotos: Moment Family",herdeira|são|pura|jornal|um|preparado|em|que|para|frota|fabi|com|realizado|da|paulo|felicidade|notícias
151_12-12-18_21_56.csv,jornalnoticiasdesaopaulo,"Marcelo Bandeira é um viajante contumaz.
Basta dar aquela espiada no Instagram para perceber que o colunista da Super Rádio 1150 AM (de São Paulo) não esconde sua paixão por conhecer novos lugares e culturas.
Quando completou 40 anos, ele embarcou para Nova York e foi surpreendido por uma festa pilotada pela empresária artística Marcília Luzbet.
E foi exatamente isso o que aconteceu”, destacou Marcelo, que ainda ganhou dois bolos decorados, tão perfeitos que pareciam de mentirinha.
Um da cake designerAndrea Rangel e o outro da chef pâtissier Jaque Alves, que está à frente do Cereja Flor Café Bistrô.",,"Marcelo Bandeira é um viajante contumaz. Basta dar aquela espiada no Instagram para perceber que o colunista da Super Rádio 1150 AM (de São Paulo) não esconde sua paixão por conhecer novos lugares e culturas. Quando completou 40 anos, ele embarcou para Nova York e foi surpreendido por uma festa pilotada pela empresária artística Marcília Luzbet. A partir daí, passou a celebrar longe de casa e com poucos e bons amigos. Na semana passada, por exemplo, o rapaz — lembrado até hoje por dividir a cena e ‘salvar’ Claudete Troiano de uma das gafes mais memoráveis da televisão aberta — fez 43 e passou sua virada de ano no sossego de Monte Verde, distrito de Camanducaia (MG), mais precisamente na Pousada Cantos e Contos. “Queria desfrutar de momentos únicos. E foi exatamente isso o que aconteceu”, destacou Marcelo, que ainda ganhou dois bolos decorados, tão perfeitos que pareciam de mentirinha. Um da cake designerAndrea Rangel e o outro da chef pâtissier Jaque Alves, que está à frente do Cereja Flor Café Bistrô.

Fotos: Paulo Pedron/Divulgação",uma|são|paulo|jornal|sua|um|marcelo|que|por|para|passou|viagem|idade|comemora|com|da|nova|notícias
151_12-12-18_21_56.csv,jornalnoticiasdesaopaulo,"Marlon Oliveira comemorou seus 41 anos na última quarta feira (06), em São Paulo.
A festa aconteceu no Buffet Laços de Amor, no bairro do Tatuapé.
O cantor chegou no local, acompanhado da esposa Leticia Vieira, e do filho Carlos Eduardo Oliveira.
A festa contou com a presença de familiares e de famosos como Maicon, Rita Cadilac, Aritana maroni, Paulo Rogério, Douglas D’amore, Jaque Leal, Ronan Oliveira, Denize taccto, Jaqueline GrohalskiAs fotos ficaram por conta do fotógrafo John Edgar.",,"Marlon Oliveira comemorou seus 41 anos na última quarta feira (06), em São Paulo. A festa aconteceu no Buffet Laços de Amor, no bairro do Tatuapé. O cantor chegou no local, acompanhado da esposa Leticia Vieira, e do filho Carlos Eduardo Oliveira.

A festa contou com a presença de familiares e de famosos como Maicon, Rita Cadilac, Aritana maroni, Paulo Rogério, Douglas D’amore, Jaque Leal, Ronan Oliveira, Denize taccto, Jaqueline Grohalski

As fotos ficaram por conta do fotógrafo John Edgar.",são|jornal|festa|oliveira|seus|em|última|ronan|tatuapé|taccto|grande|comemora|com|marlon|paulo|notícias|vieira
151_12-12-18_21_56.csv,jornalnoticiasdesaopaulo,"Já não é de hoje que falamos sobre o Eme dj.
Ele que vem locomovendo multidões de fãs por onde passa, agora está fazendo shows com jato particular.
Em pouco mais de 1 ano de carreira, o dj já tocou nas maiores festas do Brasil e tem sido bastante elogiado por onde passa.
Natural de Uberaba, Eme está sempre na mídia, participou recentemente do Programa Mega Senha da RedeTV e TV Fama quando tocou no Caldas Country.
Além disso, Eme namora uma das maiores Youtubers do Brasil, Kefera, que também é atriz da novela Espelho da Vida da rede globo.",,"Já não é de hoje que falamos sobre o Eme dj. Ele que vem locomovendo multidões de fãs por onde passa, agora está fazendo shows com jato particular. É isso mesmo! Em pouco mais de 1 ano de carreira, o dj já tocou nas maiores festas do Brasil e tem sido bastante elogiado por onde passa. Natural de Uberaba, Eme está sempre na mídia, participou recentemente do Programa Mega Senha da RedeTV e TV Fama quando tocou no Caldas Country. As suas 3 músicas bateram o top do Spotify e vem se destacando por ter um estilo comercial. Além disso, Eme namora uma das maiores Youtubers do Brasil, Kefera, que também é atriz da novela Espelho da Vida da rede globo. Quem pode parar esse homem!?",voando|jornal|é|galã|que|da|passa|são|maiores|eme|tocou|dj|alto|por|onde|paulo|está|vem|notícias
151_12-12-18_21_56.csv,jornalnoticiasdesaopaulo,"No próximo dia 11, acontece o show do cantor e pianista francês Aymeric Frerejean, no bar Obelisco, espaço anexo do Vista Ibirapuera.
O espetáculo faz parte da turnê de divulgação do seu primeiro álbum, “Overseas Telegram”.
Em seu repertório, o pianista mescla canções em francês, inglês e português.
Clássicos contemporâneos franceses como de Aznavour, Piaf Trenet e Zaz, também fazem parte do repertório.
Serviço:Data: 11/12 (terça-feira)Horário: 22hLocal: Bar Obelisco – espaço anexo Vista IbirapueraEndereço: Avenida Pedro Álvares Cabral, 1301 – MezaninoIngressos: R$40,00Informações: http://vistasaopaulo.com.br/Acesse Aymeric:http://instagram.com/aymericmusichttps://www.youtube.com/user/aymericmusichttps://twitter.com/aymericmusic",,"No próximo dia 11, acontece o show do cantor e pianista francês Aymeric Frerejean, no bar Obelisco, espaço anexo do Vista Ibirapuera. O espetáculo faz parte da turnê de divulgação do seu primeiro álbum, “Overseas Telegram”.

Em seu repertório, o pianista mescla canções em francês, inglês e português. Além dos temas que compõem o disco, ele também interpreta músicas brasileiras como “Você é Linda” (Caetano Veloso),“Pela Luz dos Olhos Teus” (Antônio Carlos Jobim/ Vinícius de Moraes) e Evidências, sucesso sertanejo nas vozes de Chitãozinho & Xororó. Clássicos contemporâneos franceses como de Aznavour, Piaf Trenet e Zaz, também fazem parte do repertório.

Aymeric recebe influências de artistas como Michal Bublé, Diana Krall, Elton John, Jamie Cullum, Norah Jones e Sinatra, e vem se apresentando no circuito de jazz da capital desde que chegou ao Brasil.

Em 2019 o pianista entra em estúdio para finalizar seu segundo disco.

Serviço:

Data: 11/12 (terça-feira)

Horário: 22h

Local: Bar Obelisco – espaço anexo Vista Ibirapuera

Endereço: Avenida Pedro Álvares Cabral, 1301 – Mezanino

Ingressos: R$40,00

Informações: http://vistasaopaulo.com.br/

Acesse Aymeric:

http://instagram.com/aymericmusic

https://www.youtube.com/user/aymericmusic

https://twitter.com/aymericmusic",jornal|overseas|pianista|que|frerejean|são|espaço|vista|aymeric|parte|como|também|francês|paulo|telegram|obelisco|notícias|seu|apresenta
151_12-12-18_21_56.csv,jornalnoticiasdesaopaulo,"Zeeba lança música com o novo AlokCantor de vários sucessos como Hear me Now, Ocean, Never let me Go, o cantor Zeeba tem uma voz cativante e bem diferente.
Zeeba viveu a maior parte do tempo no Brasil, conhecendo bem a cultura do país, mas suas inspirações são internacionais, quando fez faculdade de música nos EUA.
Zeeba decidiu agora lançar seu novo sucesso com o EME, que vem movendo multidões por onde passa.
Eme tem sido bastante elogiado por suas produções e constantemente comparado com o fenômeno Alok.
Será que vem um novo ídolo do cenário eletrônico?",,"Zeeba lança música com o novo Alok

Cantor de vários sucessos como Hear me Now, Ocean, Never let me Go, o cantor Zeeba tem uma voz cativante e bem diferente. Nascido na Califórnia, é filho de pais brasileiros. Zeeba viveu a maior parte do tempo no Brasil, conhecendo bem a cultura do país, mas suas inspirações são internacionais, quando fez faculdade de música nos EUA. É conhecido internacionalmente pela música Hear me Now, quando fez várias turnês pelo mundo. Zeeba decidiu agora lançar seu novo sucesso com o EME, que vem movendo multidões por onde passa. O nome do novo single é How I Feel. Eme tem sido bastante elogiado por suas produções e constantemente comparado com o fenômeno Alok. Será que vem um novo ídolo do cenário eletrônico? Creio que sim.

Triangulo Mídias",são|quando|jornal|é|novo|lança|tem|que|música|alok|zeeba|vem|com|suas|paulo|notícias
151_12-12-18_21_56.csv,jornalnoticiasdesaopaulo,"A dupla Rodrigo Lessa & Miguel lança hoje (7) a música “Na Hora H”, faixa que leva o mesmo nome do CD/DVD, previsto para o início de 2019.
Miguel se tornou estudante de odontologia e chegou a cursar medicina, mas, a paixão pela música falou mais alto e ele acabou interrompendo a faculdade.
Rodrigo também optou pela medicina, demonstrando bastante aptidão herdada pelos pais, porém era no palco que ele se sentia realizado.
Hoje, Rodrigo Lessa divide sua vida entre o consultório e os palcos.
Já Miguel deixou a medicina apenas na memória e cuida somente dos projetos da dupla.",,"A dupla Rodrigo Lessa & Miguel lança hoje (7) a música “Na Hora H”, faixa que leva o mesmo nome do CD/DVD, previsto para o início de 2019.

Com um ritmo dançante por ser uma bachata – ritmo musical originário da República Dominicana -, ela tem uma levada envolvente e arranjos com elementos das músicas latinas, porém não deixa de ser romântica.

Rodrigo Lessa tem um carinho especial pela música e considera sua preferida: “É uma música diferente, ela envolve quem ouve e contagia com o ritmo dançante”

Para o Miguel, a sintonia entre eles nesta música está bem afinada: “Essa nova canção define bem o nosso gosto apurado pela boa harmonia e sonorização e transmite muito nossas características como dupla “pelo nosso dueto nas cantatas” Acredito muito nele … Afinal na hora H … nos garantimos” rs

Refrão: Mas na hora H você não vai, não vai fazer do jeito que ela gosta, não vai saber como massagear as costas dela, nem as vontades dela…

Mas na hora H você não vai, não vai fazer do jeito que ela gosta, não vai saber como massagear as costas dela, não se impressione, se ela te chamar pelo meu nome

Para assistir “Na Hora H” acesse: https://www.youtube.com/watch?v=6GxkMoRtf8A&feature=youtu.be

+ sobre Rodrigo Lessa & Miguel

Nascidos em Minas Gerais, Rodrigo Lessa & Miguel cresceram sob forte influência sertaneja, porém seguiram por outros rumos. Miguel se tornou estudante de odontologia e chegou a cursar medicina, mas, a paixão pela música falou mais alto e ele acabou interrompendo a faculdade. Rodrigo também optou pela medicina, demonstrando bastante aptidão herdada pelos pais, porém era no palco que ele se sentia realizado. No fim de 2013, os dois fecharam parceria como dupla, começando ali a realização de um grande sonho. Hoje, Rodrigo Lessa divide sua vida entre o consultório e os palcos. Já Miguel deixou a medicina apenas na memória e cuida somente dos projetos da dupla.

Redes

www.rodrigolessaemiguel.com.br

www.facebook.com/rodrigolessaemiguel/

www.instagram.com/rodrigolessaemiguel

www.youtube.com/rodrigolessaemiguel",são|hora|h|vai|ela|jornal|se|música|rodrigo|miguel|lessa|paulo|não|notícias
151_12-12-18_21_56.csv,jornalnoticiasdesaopaulo,"Em parceria com a Associação Cultura Reggae, a banda Mato Seco fará show gratuito em São Miguel Paulista, zona leste de São Paulo.
Tudo começou em 2002, em São Caetano do Sul, São Paulo, quando 7 amigos de infância amantes do mais puro reggae resolveram se unir e formar uma banda.
Com letras bem elaboradas e com uma filosofia que prega a paz e a resistência.
A banda tem participado de grandes festivais de todos os segmentos da música, também neste ano fez uma apresentação memorável na Casa Natura Musical em São Paulo.
Com a agenda cheia, o Mato Seco tem programada diversas apresentações em casas de show de grande importância no Brasil inteiro até o final do ano.",,"Em parceria com a Associação Cultura Reggae, a banda Mato Seco fará show gratuito em São Miguel Paulista, zona leste de São Paulo. O show encerra a agenda, reggae, música e cultura, da associação em 2018.

O Mato cantará os maiores sucessos que marcaram sua história, como Resistência, Tudo Nos é Dado, Caminho da Luz e Pedras Pesadas.

Formado por Rodrigo Piccolo (vocal e guitarra), Eric Oliveira (guitarra), Osvaldo Ciziniaukas Jr.(contrabaixo), João Paz (órgão e piano), Tiago Rezende (bateria),Carlos Eduardo Gonçalves (percussão e voz) e Mauro Peres (percussão e voz), o Mato Seco vem há 16 anos trazendo letras bem elaboradas com mensagens positivas.

Tudo começou em 2002, em São Caetano do Sul, São Paulo, quando 7 amigos de infância amantes do mais puro reggae resolveram se unir e formar uma banda. Mesmo sem experiência, cada um dos integrantes pegou um instrumento e foi aprender a tocar. A ideia não podia ter sido melhor, com o passar do tempo foram se harmonizando e abrindo caminho para que a carreira da banda crescesse, e dessa “brincadeira” nasceu uma das maiores potências do reggae brasileiro.

Com letras bem elaboradas e com uma filosofia que prega a paz e a resistência. O Mato foi conquistando um público fiel e ganhando cada vez mais espaço na mídia. Os números comprovam que a carreira do Mato está em ascensão, somando mais de 15 milhões de visualizações no YouTube e mais de 758.964 mil seguidores nas redes sociais.

A banda tem participado de grandes festivais de todos os segmentos da música, também neste ano fez uma apresentação memorável na Casa Natura Musical em São Paulo. Recentemente mixou algumas canções no Mosh studios e masterizou no famoso Abbey Road Studios, de Londres. Com a agenda cheia, o Mato Seco tem programada diversas apresentações em casas de show de grande importância no Brasil inteiro até o final do ano.

Confira o mais recente videoclipe do Mato “Levante a cabeça, Jah não vai te deixar”

https://www.youtube.com/watch?v=TGbItnjNzno

E o videoclipe de “Vou na fé”:

https://www.youtube.com/watch?v=A4L3ttqg_7c

Mato Seco no programa SuperStar da rede globo:

http://gshow.globo.com/Musica/noticia/2016/04/mato-seco-do-superstar-lista-influencias-da-banda-depois-do-reggae-vem-o-rock-n-roll.html

Serviço:

Local: São Miguel Paulista

Endereço: Av. Deputado Dr. Aristódemo Pinotti, São Miguel Paulista, SP

Data: 09/12

Horário: 12:00 – 22:00

Evento: https://www.facebook.com/events/198177337769986/

*Retire seu ingresso gratuitamente pelo site: http://www.gritoculturalreggae.com.br/eventos/reggae-musica-e-cultura/

Siga o Mato nas Redes sociais:

Facebook: https://www.facebook.com/matosecoficial/

Instagram: https://www.instagram.com/matosecoficial/

Youtube: https://www.youtube.com/channel/UCpo5MmygEHw8Vj5y3aM9rEA

Site: https://www.matoseco.com.br/",zona|são|se|gratuito|uma|jornal|reggae|em|que|leste|mato|com|seco|da|paulo|mais|notícias
151_12-12-18_21_56.csv,jornalnoticiasdesaopaulo,"Celebridades, Vips, empresários e personalidades da noite paulistana, prestigiaram ontem 04/12, a inauguração da primeira loja tecnológica da Sono Quality, em Moema.
O espaço totalmente digital convida o cliente para uma imersão no universo da marca.
O presidente da Sono Quality Ricardo Eloi, chegou ao evento cumprimentando e agradecendo a presença de todos, atendeu a imprensa e falou da grande alegria da inauguração.
“Hoje a Sono Quality conquista mais um espaço importante na trajetória e expansão da empresa para os próximos anos.
Na loja, poderá conferir conteúdos exclusivos e vivenciar uma noite de sono completa, nos quartos do sono“, finaliza Ricardo.",,"Celebridades, Vips, empresários e personalidades da noite paulistana, prestigiaram ontem 04/12, a inauguração da primeira loja tecnológica da Sono Quality, em Moema. O espaço totalmente digital convida o cliente para uma imersão no universo da marca. Estão expostos 6 colchões mostrando todas as tecnologias e diferenciais dos produtos.

Dentre os convidados estiveram presentes na loja, o consultor de estilo e etiqueta Fabio Arruda, as cantoras Mary e Marilene Galvão (as Galvão), Tânia Oliveira, Ronaldo Von e Dani Duff, o palestrante e empresário Cesar Frazão, o apresentador Amaury Jr, a apresentadora Mara Bastos, Aritana Maroni e Paulo Rogério (participantes do Power Couple da Record TV), apresentadora Sônia Abrão, o ator e youtuber Taiguara Nazaré, cantora Sertaneja Tuta Guedes, a Drag Queen Salete Campari, os empresários Marcelo Montone e Kiki Romano, Celso Zucatelli e Ana Cláudia, entre outros.

O presidente da Sono Quality Ricardo Eloi, chegou ao evento cumprimentando e agradecendo a presença de todos, atendeu a imprensa e falou da grande alegria da inauguração. “Hoje a Sono Quality conquista mais um espaço importante na trajetória e expansão da empresa para os próximos anos. Mais um canal de venda para os nossos clientes e queremos que o consumidor Sono Quality tenha cada vez mais opções de compra. Na loja, poderá conferir conteúdos exclusivos e vivenciar uma noite de sono completa, nos quartos do sono“, finaliza Ricardo.

Brincando com o presidente da empresa, Salete Campari e Tchaka Rainha das festas, chegaram ao evento levando cor e muita alegria.

Um dos momentos mais divertidos da noite, foi quando o apresentador Amaury Jr, convidou Sonia Abrão para entrevista e dois deitaram na cama e rindo Amaury disparou: “O que vão falar?” com o jeito extrovertido e alegre do colunista.

A loja está localizada na Av. Ibirapuera, 2671 – Moema – São Paulo.",uma|são|jornal|os|celebridades|amaury|quality|em|lançamento|para|da|noite|prestigiam|paulo|mais|notícias|sono|loja
151_12-12-18_21_56.csv,jornalnoticiasdesaopaulo,"São tantas opções, que fica difícil escolher o melhor hotel para deixar seu companheiro.
A veterinária destaca que é muito importante conhecer o local pessoalmente e levar o bichinho de estimação.
O ideal é que o hotel tenha um profissional responsável ou uma clínica 24 horas disponível para atender possíveis ocorrências.
Para os donos que farão viagens mais longas, a separação deve ser feita de forma gradativa.
O pet deve ir ao hotel alguns dias e permanecer um período para se acostumar com o ambiente e entender que o proprietário voltará para buscá-lo.",,"Com a chegada das festas e férias de fim de ano, muitas pessoas se programam com antecedência para viajar. Os preparativos envolvem a escolha de um destino, as datas, as passagens, a hospedagem, os passeios e etc. Porém, atualmente, os animais de estimação fazem parte da família e o planejamento de onde deixar o pet também virou uma prioridade. São tantas opções, que fica difícil escolher o melhor hotel para deixar seu companheiro.

De acordo com a veterinária Dra. Natália Gouvêa, da Clínica Soft Dogs e Cats, com duas unidades em Moema, a primeira dica é procurar indicações, tanto de pessoas que já tenham utilizado o serviço de determinado local, como também buscar referências na internet e nas redes sociais.

A veterinária destaca que é muito importante conhecer o local pessoalmente e levar o bichinho de estimação. “Na visita, os tutores devem sempre avaliar a higiene do lugar, o espaço, as instalações, os monitores e o comportamento dos cães que estiverem no hotel. Além disso, verificar a reação do próprio animal é imprescindível”, explica Natália.

Outra dica importante é questionar sobre a presença de um veterinário de plantão. O ideal é que o hotel tenha um profissional responsável ou uma clínica 24 horas disponível para atender possíveis ocorrências.

Para os donos que farão viagens mais longas, a separação deve ser feita de forma gradativa. O pet deve ir ao hotel alguns dias e permanecer um período para se acostumar com o ambiente e entender que o proprietário voltará para buscá-lo. Segundo a veterinária, esse processo costuma evitar que o animal fique triste nos primeiros dias. “Outra forma de minimizar a separação é mandar uma manta ou peça de roupa do dono para o animal se sentir em casa. O cheiro traz tranquilidade”, finaliza a veterinária.

Também é importante saber, que a maioria dos hotéis adotam como regra, só aceitar animais com todas as vacinas em dia, como antirrábica, V10, pneumonia e giárdia, além de tomar vermífugo e utilizar antipulgas.

Sobre a Soft Dogs e Cats

A Clínica Soft Dogs e Cats está localizada no bairro de Moema há 23 anos e é administrada por José Francisco Costa Neto, veterinário e especialista em homeopatia e Natália Gouvêa, veterinária e especialista em fisioterapia e nutrição animal. A clínica conta com diversos serviços, como banho e tosa, pet shop, centro veterinário, day care, fisioterapia e reabilitação, hotel, natação, exames laboratoriais e de imagem. Entre as especialidades, a clínica possui dermatologia, oftalmologia, fisioterapia, nutrição e acupuntura e ainda oferece um amplo espaço para atividades, como recreação, aula de natação e hotel para cães e gatos.",são|hotel|clínica|quais|ser|é|um|os|tomados|em|que|seu|para|como|com|pet|paulo|notícias
151_12-12-18_21_56.csv,jornalnoticiasdesaopaulo,"A Maca Peruana vem ganhando cada vez mais adeptos e se tornou a queridinha de quem busca uma alimentação equilibrada por ser um alimento muito rico em nutrientes, repleto de vitaminas, minerais essenciais, aminoácidos e gorduras saudáveis.
Por ser rica em vitaminas B1, B2, C e E, além de minerais essenciais, ômega 3 e 9, fibras e aminoácidos, esta planta é sinônimo de bem estar”, explica Evelin Egedy, engenheira química da Schraiber.
Para facilitar o consumo, a Schraiber – empresa que produz suplementos alimentares, phytocosméticos e insumos homeopáticos – desenvolveu a Maca em cápsulas.
Assim, a dose diária recomendada é uma unidade, duas vezes ao dia, junto com líquido.
No entanto, a dosagem pode variar de acordo com o tipo de tratamento ou o problema a tratar.",,"Uma planta nativa da Cordilheira dos Andes está sendo apontada como uma poderosa aliada na manutenção da saúde, já que consegue combater doenças, auxiliar no emagrecimento e ao mesmo tempo contém efeito afrodisíaco. A Maca Peruana vem ganhando cada vez mais adeptos e se tornou a queridinha de quem busca uma alimentação equilibrada por ser um alimento muito rico em nutrientes, repleto de vitaminas, minerais essenciais, aminoácidos e gorduras saudáveis.

“Ela é considerada um energizante natural e pode ser consumida in natura e também em cápsulas ou em pó, misturada às vitaminas e sucos que fazem parte do dia a dia das pessoas. Por ser rica em vitaminas B1, B2, C e E, além de minerais essenciais, ômega 3 e 9, fibras e aminoácidos, esta planta é sinônimo de bem estar”, explica Evelin Egedy, engenheira química da Schraiber.

Para facilitar o consumo, a Schraiber – empresa que produz suplementos alimentares, phytocosméticos e insumos homeopáticos – desenvolveu a Maca em cápsulas. Assim, a dose diária recomendada é uma unidade, duas vezes ao dia, junto com líquido. No entanto, a dosagem pode variar de acordo com o tipo de tratamento ou o problema a tratar.

De forma prática, a Maca Peruana pode ser usada para diversos fins, no entanto, os efeitos cientificamente comprovados são: aumentar a libido; reduzir ansiedade, cansaço e fraqueza; diminuir sentimentos de depressão; otimizar a produção hormonal e o ciclo menstrual; aumentar a sensação de bem estar; amenizar os sintomas da menopausa; reduzir problemas de fertilidade; melhorar a concentração e acelerar a queima de gorduras.

Sobre a Schraiber

A Schraiber, empresa que produz suplementos alimentares, probióticos, phytocosméticos e insumos homeopáticos vem há 30 anos ampliando sua participação no mercado brasileiro de produtos naturais.

Desde sua fundação, a Schraiber tem como objetivos suprir as necessidades dos clientes, oferecendo produtos com qualidade por meio do desenvolvimento de pesquisas técnicas para introdução de novos itens no mercado e investindo em equipamentos e instalações adequadas ao processo de fabricação.",maca|jornal|ser|é|que|da|conheça|uma|são|saúde|seus|em|vitaminas|por|peruana|para|paulo|schraiber|pode|notícias
151_12-12-18_21_56.csv,jornalnoticiasdesaopaulo,"E nada melhor do que encerrar o ciclo com um bom churrasco.
Os produtos são fabricados em policarbonato, material de alta tecnologia e resistente ao impacto e a temperatura.
“Nosso produtos são versáteis, práticos e resistentes.
Sobre a VemplastPresente no mercado gastronômico desde 2009, a Vemplast é uma indústria especializada em desenvolver produtos para o segmento de cozinhas industriais, utilidades domésticas e decorações.
Localizada na Zona Leste de São Paulo a empresa desenvolve diversos utensílio de cozinha, com design diferenciado aliado à inovação, tecnologia e originalidade.",,"Linha é composta por vinte peças em policarbonato, material de alta tecnologia e resistente ao impacto e a temperatura

Com a chegada do fim de ano e a proximidade das férias, é dada a largada para as comemorações e confraternizações entre amigos, familiares e colegas de trabalho. E nada melhor do que encerrar o ciclo com um bom churrasco.

Normalmente, os anfitriões focam apenas na quantidade e qualidade da carne e da bebida, no carvão, nos temperos, nos acompanhamentos e na sobremesa. E muitos se esquecem dos utensílios para servir os convidados.

Pensando em facilitar a organização das festividades, a Vemplast – empresa paulista, que desde 2009 atua no desenvolvimento de artigos de cozinhas industriais e utilidades domésticas – criou um conjunto completo com os utensílios necessários. O Kit Churrasco é composto por seis copos Tulipa, seis pratos Elegance (19 cm), duas saladeiras Moove M, uma saladeira Moove P, uma prancha Star, dois galheteiros Square com bico de vinagre e azeite, uma faca e um garfo para churrasco.

Os produtos são fabricados em policarbonato, material de alta tecnologia e resistente ao impacto e a temperatura. Além disso, podem ser usados em máquina de lavar louças, freezer e micro-ondas. “Nosso produtos são versáteis, práticos e resistentes. São atóxicos e inodoros, não trincam, não lascam e não estilhaçam, garantindo segurança para o uso doméstico e profissional”, explica Renata Cristina dos Santos Oliveira, diretora administrativa da Vemplast.

Sobre a Vemplast

Presente no mercado gastronômico desde 2009, a Vemplast é uma indústria especializada em desenvolver produtos para o segmento de cozinhas industriais, utilidades domésticas e decorações. Localizada na Zona Leste de São Paulo a empresa desenvolve diversos utensílio de cozinha, com design diferenciado aliado à inovação, tecnologia e originalidade. Entre seu cliente estão cozinhas industriais, hotéis, redes de restaurantes, hospitais, escolas, bares e em 2016 passou a investir no consumidor final com uma linha de produtos que visa as novas tendências e anseios do mercado, cheia de cor e brilho com mais de 40 opções disponíveis em lojas do ramo em todo o país. Mais informações: www.vemplast.com.br .",uma|são|vemplast|jornal|é|um|fim|tecnologia|em|que|organização|para|festas|com|produtos|paulo|notícias|kit
151_12-12-18_21_56.csv,jornalnoticiasdesaopaulo,"A marca de Street Fashion, Hundred Limit, realizou na última semana, no Galleria Bar, uma festa em comemoração ao lançamento da coleção de verão Freedom que, pela primeira vez, trará peças femininas.
O almoço ainda serviu para que os canais de venda fizessem seus pedidos da coleção, que está em franca produção, com compras aguardando novas entregas pela fábrica da HL.
Freedom traz 45 modelos, no masculino e feminino, atendendo a toda grade de tamanhos e, uma segunda parte da coleção feminina é aguardada ainda para o mês de dezembro.
Camisetas, calças, inclusive na novidade Denin Jeans, shorts, vestidos, tops e bonés são as opções desta coleção preparada para o verão 2018-2019.
Para saber mais sobre a HL e conhecer as peças da coleção Freedom, acesse @hundredlimit ou www.hundredlimit.com",,"A marca de Street Fashion, Hundred Limit, realizou na última semana, no Galleria Bar, uma festa em comemoração ao lançamento da coleção de verão Freedom que, pela primeira vez, trará peças femininas.

Dentre as personalidades, MC Kevin, Carol Narizinho, Mulher Filé, os atores Nicholas Torres e Nill Marcondes, a repórter da Record TV, Adriana Amaral, os gêmeos Willow e Watson, atualmente considerados um dos maiores youtubers do Brasil, MC Kevinho, Lisa Gomes, repórter do TV Fama, o apresentador Thiago Rocha, Alline Gonçalves, que hoje faz parte do balé do Faustão e diversos jogadores de futebol, foram alguns dos destaques.

Os sócios Guga Veríssimo, JP, Fábio e Andrezinho – Gil Cebola não pode estar presente por morar na França – se revesavam para as fotos, entrevistas e bate papo com os clientes presentes que, na terça-feira (27), puderam conhecer todas as peças da coleção Freedom em um almoço oferecido no Varanda Pizza Bar, conceituado restaurante localizado no Tatuapé, almoço coroado com uma mesa de bolos e petiscos assinados pela Chef Jaque Alves, do Cereja Flor Café Bistrô.

O almoço ainda serviu para que os canais de venda fizessem seus pedidos da coleção, que está em franca produção, com compras aguardando novas entregas pela fábrica da HL.

Nomes como os jogadores Michel e Matheus Vital, do Corinthians e Antonio Carlos e Victor Luz do Palmeiras, estiveram no almoço que ainda recebeu Andressa Soares, Mulher Melancia.

Freedom traz 45 modelos, no masculino e feminino, atendendo a toda grade de tamanhos e, uma segunda parte da coleção feminina é aguardada ainda para o mês de dezembro.

Camisetas, calças, inclusive na novidade Denin Jeans, shorts, vestidos, tops e bonés são as opções desta coleção preparada para o verão 2018-2019. O tecido predominante é o Cotton Egípcio e, para a palheta de cores, tons quentes que variam do laranja ao vermelho.

Recortes, listras, estampas na parte posterior e inferior das peças, gola padre em T-Shirts, cetim e mistura de texturas, e de tecidos, tornaram a coleção uma das mais esperadas.

A Hundred Limit se destaca na moda Street Fashion pela exclusividade e pelo toque fashionista de suas peças, além da qualidade que, para nós, é o mínimo que podemos oferecer aos nossos clientes”, ressalta Guga Veríssimo, design da HL. Guga finaliza: “lançamos coleções a cada 40 dias, em média, primamos por termos canais de vendas que sigam nosso estilo mais fashion e exclusivo e, a coleção Freedom vem para coroar o ano de 2018”.

Para saber mais sobre a HL e conhecer as peças da coleção Freedom, acesse @hundredlimit ou www.hundredlimit.com",pela|peças|jornal|festa|que|da|uma|são|em|reúne|famosos|imprensa|os|freedom|para|paulo|lançamento|coleção|notícias
151_12-12-18_21_56.csv,jornalnoticiasdesaopaulo,"Em noite de gala e muito glamour, foi realizado nesta segunda-feira (03), no Espaço Fernandes, situado no bairro do Tatuapé, na zona leste da capital paulistana, a Premiação ‘Prêmio Oscar Projeção Nacional e Êxito Profissional 2018’.
Com organização da EP Produções e Eventos da Tatiane Berlitz, o evento que é considerado uma das maiores premiações de beleza do Brasil, laureou profissionais da área de beleza, afim de reconhecer o seu trabalho e dedicação durante todo o ano.
Este ano a Ykas esteve como apoiadora Oficial na Premiação organizada pela Anfitriã Tatiana Berliz.
A CEO da marca Adriana Tetilla recebeu pela empresa Ykas o Oscar Projeção Nacional e a Técnica Lucyene Rangel levou o troféu Êxito Profissional.
De grande importância para os profissionais da área da beleza, o troféu carrega o título de ser considerado uma grande conquista para os vencedores.",,"Em noite de gala e muito glamour, foi realizado nesta segunda-feira (03), no Espaço Fernandes, situado no bairro do Tatuapé, na zona leste da capital paulistana, a Premiação ‘Prêmio Oscar Projeção Nacional e Êxito Profissional 2018’.

Com organização da EP Produções e Eventos da Tatiane Berlitz, o evento que é considerado uma das maiores premiações de beleza do Brasil, laureou profissionais da área de beleza, afim de reconhecer o seu trabalho e dedicação durante todo o ano.

Logo no início o evento contou com um desfile de vestido de noivas, onde entre as modelos estava a Ex BBB Janaina do Mar, que adentrou a passarela utilizando um modelo tomara que caia, acompanhada de seu marido, o modelo e hair stylist, Marcio Xavier.

Logo em seguida dando início a premiação, um dos apresentadores do evento, foi Marcos Manzano, que ficou conhecido por atuar no Clube das Mulheres, foi o responsável por anunciar no palco os mais renomados profissionais que gerou um grande encontro nacional das celebridades do segmento de beleza.

Entre as personalidades que foram laureadas, estava Milene Pavorô, assistente de palco do Programa do Ratinho do SBT, a atriz Luziane Baierle do Programa Humorístico A Praça é Nossa, Sandrinha Sargentelli, sobrinha do embaixador do samba Osvaldo Sargentelli, o ator Sebah Vieira, além dos integrantes do Grupo Negritude Jr, que além de premiados, ainda abrilhantaram a festa com um Pocket Show de seus maiores sucessos, levando todos os presentes a cantar e dançar juntos.

Este ano a Ykas esteve como apoiadora Oficial na Premiação organizada pela Anfitriã Tatiana Berliz. A CEO da marca Adriana Tetilla recebeu pela empresa Ykas o Oscar Projeção Nacional e a Técnica Lucyene Rangel levou o troféu Êxito Profissional.

De grande importância para os profissionais da área da beleza, o troféu carrega o título de ser considerado uma grande conquista para os vencedores.

Crédito das Fotos: Renato Cipriano / RZ Comunicação",sp|são|premiação|notícias|jornal|os|participação|um|tem|das|profissionais|que|nacional|grande|foi|da|paulo|área
151_12-12-18_21_56.csv,jornalnoticiasdesaopaulo,"No início da noite da última quinta-feira (29), um dos salões do elegante Palácio Tangará, situado no bairro do Panamby, na zona sul da capital paulistana, sediou um grande Leilão de jóias e quadros, realizado pela empresária Dani Rigon.
E quem marcou presença e abrilhantou ainda mais o evento, foi o ator Henri Castelli que encantou a todos com o seu carisma e simpatia, além de esbanjar muita beleza entre o público feminino que estava presente.
O leilão foi organizado pelo leiloeiro Victor Hugo da Galeria de Arte Victor Hugo, e o mesmo convidou o ator Henri Castelli para dar o arremate final em cada lote e assim bater o martelo ao término de cada lance.
Toda verba arrecadada durante o leilão, será destinado ao Instituto Boas Novas, situado no bairro da Vila Prudente, na zona leste da capital paulistana.
Crédito das Fotos: Renato Cipriano / Divulgação",,"No início da noite da última quinta-feira (29), um dos salões do elegante Palácio Tangará, situado no bairro do Panamby, na zona sul da capital paulistana, sediou um grande Leilão de jóias e quadros, realizado pela empresária Dani Rigon.

O evento que recebeu diversas empresárias, foi brindado com muito espumante e um luxuoso coquetel servido aos convidados, enquanto a querida Mônica Salgado, jornalista e atualmente repórter do Vídeo Show da Rede Globo, realizava um Talk (mini palestra) com o tema “Como os influenciadores mudaram a moda e o mundo”.

E quem marcou presença e abrilhantou ainda mais o evento, foi o ator Henri Castelli que encantou a todos com o seu carisma e simpatia, além de esbanjar muita beleza entre o público feminino que estava presente.

Entre os convidados também estavam a Dra.Kátia Volpe, que possui uma tradicional clínica médica e é considerada a queridinha dos artistas, além da blogueira e influenciadora digital Lalá Noleto, que dita moda em suas redes sociais e arrasta uma multidão de seguidores.

O leilão foi organizado pelo leiloeiro Victor Hugo da Galeria de Arte Victor Hugo, e o mesmo convidou o ator Henri Castelli para dar o arremate final em cada lote e assim bater o martelo ao término de cada lance.

Toda verba arrecadada durante o leilão, será destinado ao Instituto Boas Novas, situado no bairro da Vila Prudente, na zona leste da capital paulistana.

Crédito das Fotos: Renato Cipriano / Divulgação",victor|jornal|empresária|que|da|uma|são|situado|um|rigon|participa|henri|leilão|com|paulo|zona|dani|foi|notícias
151_12-12-18_21_56.csv,jornalnoticiasdesaopaulo,"Na noite desta quarta-feira (28), grandes nomes da música popular brasileira se reuniram no ‘Templo Bar de Fé’, situado no bairro da Mooca na zona leste da capital paulistana.
Com a presença de grande público que interagiram com os músicos, cantando e sambando os maiores sucessos que foram realizados ao vivo pela madrugada a dentro.
“Samba Neles!
Noite deliciosa e ao lado de grandes amigos que eu admiro muito”, declarou Almirzinho.
Crédito das Fotos: Adilson Marques / Renato Cipriano – Divulgação",,"Na noite desta quarta-feira (28), grandes nomes da música popular brasileira se reuniram no ‘Templo Bar de Fé’, situado no bairro da Mooca na zona leste da capital paulistana.

Na ocasião foi celebrado o aniversário do músico e sambista Almirzinho Serra, atualmente em carreira solo, instrumentista, compositor, arranjador e produtor musical, no passado já integrou o Grupo de Samba Revelação, nascido em uma tradicional família de sambistas, é filho do saudoso Almir Guineto, um dos maiores representantes do samba de raiz e fundador do Grupo Os Originais do Samba.



Entre os famosos que fizeram questão de prestigiar o amigo aniversariante, estava o apresentador Luciano Faccioli, que foi até o camarim parabenizar o amigo e depois ficou para curtir o show com a grande roda de samba que foi formada com a participação especial dos Sambistas Salgadinho, Adryana Ribeiro, Marcio Art, Marcelinho Freitas, Walmir Borges, Netinho de Paula, entre outros.

Com a presença de grande público que interagiram com os músicos, cantando e sambando os maiores sucessos que foram realizados ao vivo pela madrugada a dentro.

No repertório além de várias canções de autoria dos músicos, ainda foi realizado uma grande homenagem a outros grandes sambistas, ao serem cantado clássicos como “Conselho” do mestre Jorge Aragão, “Vou Botar Teu Nome Na Macumba” de Zeca Pagodinho, “Só Pra Contrariar” do grupo Fundo de Quintal e “Insensato Destino” do saudoso compositor e sambista Almir Guineto, pai de Almirzinho.

“Samba Neles! Noite deliciosa e ao lado de grandes amigos que eu admiro muito”, declarou Almirzinho.

Crédito das Fotos: Adilson Marques / Renato Cipriano – Divulgação",jornal|que|serra|comemoração|da|são|dos|em|famosos|sambistas|os|recebe|grande|samba|paulo|vários|grandes|grupo|foi|notícias
151_12-12-18_21_56.csv,jornalnoticiasdesaopaulo,"No mês do maior evento nerd do país, “Comic Com Experience” o clube de jogos de tabuleiro e RPG, Doidos Por Dados dará desconto no valor de R$ 5,00 para quem visitar a casa e trazerContinue reading",,"No mês do maior evento nerd do país, “Comic Com Experience” o clube de jogos de tabuleiro e RPG, Doidos Por Dados dará desconto no valor de R$ 5,00 para quem visitar a casa e trazerContinue reading",são|país|valor|novembro|jornal|2018|r|rpg|visitar|por|tabuleiro|quem|trazercontinue|paulo|reading|notícias
151_12-12-18_21_56.csv,jornalnoticiasdesaopaulo,"No início da noite da última quinta-feira (29), um dos salões do elegante Palácio Tangará, situado no bairro do Panamby, na zona sul da capital paulistana, sediou um grande Leilão de jóias e quadros, realizadoContinue reading",,"No início da noite da última quinta-feira (29), um dos salões do elegante Palácio Tangará, situado no bairro do Panamby, na zona sul da capital paulistana, sediou um grande Leilão de jóias e quadros, realizadoContinue reading",zona|são|tangará|situado|jornal|sul|2018|um|sediou|dezembro|última|salões|realizadocontinue|da|paulo|notícias
151_12-12-18_21_56.csv,jornalnoticiasdesaopaulo,"A marca de Street Fashion, Hundred Limit, realizou na última semana, no Galleria Bar, uma festa em comemoração ao lançamento da coleção de verão Freedom que, pela primeira vez, trará peças femininas.
Dentre asContinue reading",,"A marca de Street Fashion, Hundred Limit, realizou na última semana, no Galleria Bar, uma festa em comemoração ao lançamento da coleção de verão Freedom que, pela primeira vez, trará peças femininas. Dentre asContinue reading",uma|são|trará|jornal|2018|dezembro|última|verão|semana|realizou|vez|que|street|paulo|reading|notícias
151_12-12-18_21_56.csv,jornalnoticiasdesaopaulo,"Já não é de hoje que falamos sobre o Eme dj.
Ele que vem locomovendo multidões de fãs por onde passa, agora está fazendo shows com jato particular.
É isso mesmo!
Em pouco mais deContinue reading",,"Já não é de hoje que falamos sobre o Eme dj. Ele que vem locomovendo multidões de fãs por onde passa, agora está fazendo shows com jato particular. É isso mesmo! Em pouco mais deContinue reading",são|jornal|2018|é|passa|dezembro|que|shows|por|vem|sobre|particular|paulo|reading|notícias|pouco
151_12-12-18_21_56.csv,jornalnoticiasdesaopaulo,"Marlon Oliveira comemorou seus 41 anos na última quarta feira (06), em São Paulo.
A festa aconteceu no Buffet Laços de Amor, no bairro do Tatuapé.
O cantor chegou no local, acompanhado da esposa LeticiaContinue reading",,"Marlon Oliveira comemorou seus 41 anos na última quarta feira (06), em São Paulo. A festa aconteceu no Buffet Laços de Amor, no bairro do Tatuapé. O cantor chegou no local, acompanhado da esposa LeticiaContinue reading",são|jornal|2018|oliveira|seus|dezembro|última|quarta|tatuapé|marlon|local|paulo|reading|notícias
151_12-12-18_21_56.csv,jornalnoticiasdesaopaulo,"Marcelo Bandeira é um viajante contumaz.
Basta dar aquela espiada no Instagram para perceber que o colunista da Super Rádio 1150 AM (de São Paulo) não esconde sua paixão por conhecer novos lugares e culturas.
Quando completouContinue reading",,Marcelo Bandeira é um viajante contumaz. Basta dar aquela espiada no Instagram para perceber que o colunista da Super Rádio 1150 AM (de São Paulo) não esconde sua paixão por conhecer novos lugares e culturas. Quando completouContinue reading,são|quando|jornal|sua|2018|é|um|viajante|dezembro|rádio|que|super|paulo|reading|notícias
151_12-12-18_21_56.csv,jornalnoticiasdesaopaulo,"No início da noite deste domingo (09), foi preparado um festão realizado no Espaço CasAventura, situado no centro de São Bernardo do Campo, em São Paulo, para o chá de bebê da Bella, filha daContinue reading",,"No início da noite deste domingo (09), foi preparado um festão realizado no Espaço CasAventura, situado no centro de São Bernardo do Campo, em São Paulo, para o chá de bebê da Bella, filha daContinue reading",são|situado|jornal|2018|um|preparado|dezembro|para|realizado|noite|da|paulo|reading|notícias
151_12-12-18_21_56.csv,jornalnoticiasdesaopaulo,"Na última segunda feira (10), o Casal Jake Leal (Ex BBB) e Douglas D’amore (Ex Power Couple) marcaram presença na gravação do DVD do cantor, Aldair Playbloy na Barbearia Corleone em São Paulo.
Aldair PlayboyContinue reading",,"Na última segunda feira (10), o Casal Jake Leal (Ex BBB) e Douglas D’amore (Ex Power Couple) marcaram presença na gravação do DVD do cantor, Aldair Playbloy na Barbearia Corleone em São Paulo. Aldair PlayboyContinue reading",são|presença|aldair|jornal|ex|2018|segunda|dezembro|última|playboycontinue|playbloy|11|paulo|reading|notícias|power
151_12-12-18_21_56.csv,jornalnoticiasdesaopaulo,"Todo homem quer causar boa impressão.
Cuidados com a barba e o cabelo são alguns dos pontos mais considerados por eles na hora de se submeterem aos tratamentos.
Para as comemorações do final de ano, duranteContinue reading",,"Todo homem quer causar boa impressão. Cuidados com a barba e o cabelo são alguns dos pontos mais considerados por eles na hora de se submeterem aos tratamentos. Para as comemorações do final de ano, duranteContinue reading",são|se|jornal|2018|12|dezembro|todo|tratamentos|por|para|quer|submeterem|paulo|reading|notícias|pontos
