Timestamp,Source,Summary,Authors,Text,Keywords
153_12-12-18_21_58.csv,propmark,"A poucos meses de completar 25 anos, a F/Nazca Saatchi & Saatch está com uma série de novidades e mudanças.
Você é startup ou é game over"", diz Fabio Fernandes, presidente e CCO.
""Mais que uma agência de briefing, somos uma agência de pautas"", diz Fernandes.
A ideia é fazer com que as principais lideranças se aproximem ainda mais da gestão da casa e das marcas atendidas.
O primeiro é um hub de que integra as áreas de produção e está baseado no conceito de real time creativity.",,"A poucos meses de completar 25 anos, a F/Nazca Saatchi & Saatch está com uma série de novidades e mudanças. O plano de reposicionamento dentro do Grupo Publicis inclui quatro grandes pontos, que foram anunciados no encontro ""F/Nazca + Muitos"" na manhã desta quarta-feira (12). ""Estamos falando de muitas coisas, muitas pessoas e muitos anos que pretendemos ter pela frente sempre com essa visão de se renovar, adaptar e puxar a vanguarda do negócio. Você é startup ou é game over"", diz Fabio Fernandes, presidente e CCO.

1 - Parceria estratégia

A agência fechou uma parceria inédita com o BuzzFeed. O BuzzFeed Connections vai operar e atender de maneira dedicada e exclusiva os clientes da agência. O trabalho será diário e a agência ganha espaço para crescer como hub criativo de pulso e olhar nos dados para gerar ideias e conteúdo digital. ""Mais que uma agência de briefing, somos uma agência de pautas"", diz Fernandes.

2 - Mudanças na operação

Outra grande mudança acontece na gestão. Por decisão pessoal, o sócio fundador Ivan Marques deixa o dia a dia e passa a ser chairman do novo board executivo, que é formado por heads e diretores das áreas de planejamento, mídia, data, atendimento, comunicação e criação.

O grupo se reunirá uma vez por mês para discutir, resolver e aprofundar questões relativas à agência e seus clientes. A ideia é fazer com que as principais lideranças se aproximem ainda mais da gestão da casa e das marcas atendidas.

Marques fará um trabalho de passagem e de compartilhamento de suas habilidades e funções. Segundo o profissional, uma das funções do novo board é trazer oportunidades que possam significar um aperfeiçoamento e um incremento de qualidade para a agência.

""Isso vai evoluir para maior autonomia deles. O board tem uma preocupação com as pessoas da agência, discutir programas de reciclagem, treinamentos e valorização; acordos estratégicos, a exemplo do que fizemos com o BuzzFeed; e questões relacionadas com a compra e incorporação de tecnologias dentro dos serviços que a agência presta"", explica.

O novo board executivo é formado pelos diretores de criação Pedro Padro, Rodrigo Castellari, Toni Fernandes, Leonardo Claret (criação), Rita Almeida (planejamento), Marcelo Ribeiro (criação e design), Mauricio Almeida (mídia), Saulo Sanchez e Ricardo Forli (atendimento), Carolina Aranha (PR).

Alê Oliveira Ivan Marques deixa gradativamente o dia a dia da F/Nazca

3 - Data first

Outra mudança foi a promoção de Diego Mattera a head of Data Science, área recém-criada e que vai impactar diretamente a entrega da agência. A ideia é ter especialistas em dados para monitorar resultados, garantir eficiência e gerar insights estratégicos e criativos em todos os trabalhos.

""O pensamento 'data first' é um novo jeito de operar, mas, de maneira alguma ele coloca a criatividade em segundo lugar. Pelo contrário, a intenção é otimizá-la. Nossa missão, é transformar quantidade em qualidade, hipóteses em certezas, matemática em emoção, números em sorrisos"", diz Mattera, que está na agência há cerca de um ano e meio.

Segundo Fernandes, o principal papel de Mattera é tornar essa informação transversal em toda a agência. ""Não deve ser um pensamento 'de planejamento' ou 'de mídia', mas para todas as áreas. Ele vai se responsabilizar para que essa informação esteja em todos os níveis e seja reformulada conforme as necessidades.""

4 - Agilidade e colaboração

Ainda nessa parte de conteúdo, a agência anunciou o F/Agile e o F/Colab. O primeiro é um hub de que integra as áreas de produção e está baseado no conceito de real time creativity. A ideia é otimizar e desburocratizar processos a fim de dar mais agilidade e versatilidade às produções. O segundo é um produto de solução colaborativa, que junta cliente e parceiros estratégicos para encontrar respostas práticas e resolver problemas de negócios das marcas da casa.

Alê Oliveira Parceria entre Buzzfeed e F/Nazca é inédita e começa a valer em janeiro de 2019

Otimismo com futuro

Fernandes também fez um balanço sobre 2018 e indicou as perspectivas para os próximos 12 meses. Em sua visão, o ano foi difícil para o mercado como um todo e para a agência por ter perdido uma conta importante, a Sadia.

""Mas também ganhamos contas como a Quasar, de O Boticário, a seguradora francesa Axa, CBMM, uma a Mercedes Benz (via Publicis-Emil), a cerveja Beck's, da Ambev e, essa semana, o BTG Pactual. Acho que 2019 será melhor do ponto de vista macroeconômico. E estamos nos preparando para o que o mercado exigir"", comenta.

Ao final da coletiva, em tom bem humorado, Fernandes desmentiu rumores de que deixaria a F/Nazca. ""Não vou sair. Vão ter que me engolir"", disse rindo.",uma|ou|vai|é|um|startup|em|que|fernandes|para|agência|você|com|da|game|fabio
153_12-12-18_21_58.csv,propmark,"Divulgação Africa e Sadia: parceria confirmadaApós cinco meses atuando como interina, depois da saída da marca da carteira de clientes da F/Nazca Saatchi & Saatchi, a Sadia oficializou a Africa como sua fornecedora oficial de serviços de comunicação publicitária offline.
A conta online permanece na Live Ad.
O compromisso foi assinado nesta quarta-feira (12).
Agora, a Africa tem no seu portfólio duas marcas da holding de alimentos BRF: Qualy e Sadia.
A Perdigão é atendida pela DM9DDB.",,"Divulgação Africa e Sadia: parceria confirmada

Após cinco meses atuando como interina, depois da saída da marca da carteira de clientes da F/Nazca Saatchi & Saatchi, a Sadia oficializou a Africa como sua fornecedora oficial de serviços de comunicação publicitária offline. A conta online permanece na Live Ad. O compromisso foi assinado nesta quarta-feira (12). Agora, a Africa tem no seu portfólio duas marcas da holding de alimentos BRF: Qualy e Sadia. A Perdigão é atendida pela DM9DDB.",africa|sua|é|serviços|tem|holding|brf|seu|saatchi|sadia|confirma|comunicação|como|da|integral
153_12-12-18_21_58.csv,propmark,"O Conselho Executivo das Normas-Padrão acaba de divulgar o balanço de investimentos em compra de mídia do primeiro semestre de 2018.
O apontamento Cenp-Meios mostra que o segmento recebeu R$ 7,6 milhões em 2018, um pouco acima dos R$ 7,4 milhões de 2017.
No recorte por mídia, o share ficou em 61,8% para a televisão aberta, 14,4% para a internet, 7,6% para OOH, 7,5% para a televisão por assinatura, 4,2% para rádio, 2,7% para jornal e, por fim, 1,7% para revista.
Com relação ao relatório do ano passado, os únicos meios que tiveram crescimento de participação foram a internet e a televisão aberta.
Os valores são totalizados e agregados por meio, período ou região, não sendo obtidos pelo sistema quaisquer dados reais negociados individualmente em cada transação.",,"O Conselho Executivo das Normas-Padrão acaba de divulgar o balanço de investimentos em compra de mídia do primeiro semestre de 2018. O apontamento Cenp-Meios mostra que o segmento recebeu R$ 7,6 milhões em 2018, um pouco acima dos R$ 7,4 milhões de 2017.

No recorte por mídia, o share ficou em 61,8% para a televisão aberta, 14,4% para a internet, 7,6% para OOH, 7,5% para a televisão por assinatura, 4,2% para rádio, 2,7% para jornal e, por fim, 1,7% para revista.

Com relação ao relatório do ano passado, os únicos meios que tiveram crescimento de participação foram a internet e a televisão aberta.

O CENP-Meios é um sistema do CENP - Conselho Executivo das Normas-Padrão que totaliza dados referentes a compras de mídia realizadas por agências certificadas por ordem e conta de clientes-anunciantes. Os valores são totalizados e agregados por meio, período ou região, não sendo obtidos pelo sistema quaisquer dados reais negociados individualmente em cada transação.

Vale lembrar que a análise envolve 78 agências.

Abaixo os quadros com o share e o valor faturado por segmento dos dois últimos anos:",investimento|mídia|2018|os|um|sistema|em|publicitário|por|para|que|televisão|share|teve|crescimento|leve
153_12-12-18_21_58.csv,propmark,"Divulgação Campanha “Como é que pode?”, lançada em outubroCom um olhar multidisciplinar em termos de marketing, o trabalho da Accenture para as marcas vai ficando cada vez mais claro para todo o mercado.
Neste momento, no entanto, mais importante que compreender o storytelling da campanha é conhecer exatamente o campo de atuação da Accenture no trabalho final com a marca.
Confira:Sabemos que a empresa tem entrado cada vez mais nas campanhas de marcas... Este é um dos poucos exemplos divulgados recentemente... Quais foram os detalhes da criação da campanha?
Nosso foco não é apenas em campanhas, mas principalmente no suporte ao marketing com as soluções que cada empresa precisa.
Estamos reforçando nossa estrutura e nosso posicionamento para que nossa capacidade de entregar valor aos clientes fique cada vez mais clara.",,"Divulgação Campanha “Como é que pode?”, lançada em outubro

Com um olhar multidisciplinar em termos de marketing, o trabalho da Accenture para as marcas vai ficando cada vez mais claro para todo o mercado. Um exemplo disso é a mais recente campanha da consultoria para a Ovomaltine. Com o nome “Como é que pode?”, o trabalho de comunicação usa uma linguagem divertida para revelar fatos pouco conhecidos sobre o produto.

O roteiro dos filmes brinca com a surpresa de pais e filhos ao descobrirem que, embora o achocolatado possua “um sabor único e textura crocante”, Ovomaltine ainda tem menos açúcares do que outras bebidas do segmento.

Neste momento, no entanto, mais importante que compreender o storytelling da campanha é conhecer exatamente o campo de atuação da Accenture no trabalho final com a marca. Quem explica isso melhor, no bate-bola rápido abaixo, é Kaue Cury, gerente sênior de marketing digital da Accenture Interactive. Confira:

Sabemos que a empresa tem entrado cada vez mais nas campanhas de marcas... Este é um dos poucos exemplos divulgados recentemente... Quais foram os detalhes da criação da campanha? Em quais momentos exatamente a Accenture atua?

Nosso foco não é apenas em campanhas, mas principalmente no suporte ao marketing com as soluções que cada empresa precisa. Ovomaltine foi, desde o início, como um projeto de mudança e não apenas de comunicação. A empresa tinha desafios de negócios e, para que os resultados esperados fossem atingidos, foram necessárias discussões aprofundadas sobre públicos-alvo, mensagens e, por fim, o plano de comunicação – que considera não apenas as mídias pagas, mas também canais proprietários, pontos de venda e outras plataformas. Nessa discussão também foi abordada a estratégia de precificação do produto. Por fim, elaboramos uma estratégia específica para mensuração das ações, com foco na criação de uma relação direta entre os esforços de comunicação e os resultados de negócios.

Pode citar exemplos parecidos de atuação da empresa em uma outra campanha?

Por suportarmos outras atividades do marketing, muitos dos projetos que realizamos são internos e/ou organizacionais. Por conta dessa amplitude, só podemos tornar públicos nossos casos de sucesso após autorização formal dos respectivos clientes envolvidos.

A Accenture vai passar a trabalhar mais o PR de sua atuação nas campanhas com marcas nos próximos meses?

Sempre buscamos contar para o mercado exemplos de projetos bem-sucedidos, para esclarecer todos os nossos pontos de atuação. Existem projetos, por exemplo, nos quais somos parceiros não apenas dos clientes, mas também de suas agências de comunicação, publicidade ou marketing. Estamos reforçando nossa estrutura e nosso posicionamento para que nossa capacidade de entregar valor aos clientes fique cada vez mais clara.",visível|escopo|é|um|os|está|marketing|que|em|para|vez|accenture|com|da|atuação|mais|cada
153_12-12-18_21_58.csv,propmark,"Reprodução Uma das peças da Y&R que foi para a Archive neste anoA revista Lürzer's Archive, que desde 1984 reúne os melhores anúncios publicitários de todo o mundo, lista anualmente as agências com mais trabalhos publicados e os profissionais por trás deles.
As agências brasileiras conquistaram lugares de destaque, sendo que a Y&R conquistou o primeiro lugar com 30 trabalhos publicados e a Africa o sexto lugar, com 9 trabalhos.
Além dos trabalhos, o ranking também divulga os profissionais responsáveis por essas campanhas, e em 2018 foram 10 diretores de criação brasileiros – atuando no mercado nacional ou não - entre os top 20.
Rafael Pitanguy, VP de Criação da Y&R, conquistou o primeiro lugar.
No top 20 de diretores de arte, Kleyton Mourão, da Y&R, se destaca em primeiro lugar e outros 12 brasileiros também aparecem.",,"Reprodução Uma das peças da Y&R que foi para a Archive neste ano

A revista Lürzer's Archive, que desde 1984 reúne os melhores anúncios publicitários de todo o mundo, lista anualmente as agências com mais trabalhos publicados e os profissionais por trás deles. No ranking de 2018 duas agências brasileiras estão entre as top 10 que também traz agências como adam&eveDDB e Abbott Mead Vickers (AMV) BBDO de Londres e a LOLA MullenLowe de Madrid. As agências brasileiras conquistaram lugares de destaque, sendo que a Y&R conquistou o primeiro lugar com 30 trabalhos publicados e a Africa o sexto lugar, com 9 trabalhos.

Além dos trabalhos, o ranking também divulga os profissionais responsáveis por essas campanhas, e em 2018 foram 10 diretores de criação brasileiros – atuando no mercado nacional ou não - entre os top 20. Rafael Pitanguy, VP de Criação da Y&R, conquistou o primeiro lugar.

No top 20 de diretores de arte, Kleyton Mourão, da Y&R, se destaca em primeiro lugar e outros 12 brasileiros também aparecem. Entre os redatores, 9 profissionais brasileiros também figuraram no top 20.",ranking|agências|entre|primeiro|lidera|2018|archive|os|profissionais|que|trabalhos|também|yr|com|lugar|30|da|brasil
153_12-12-18_21_58.csv,propmark,"Divulgação Christian Gebara assume a presidência da Vivo em 1º de janeiroChristian Gebara é o novo presidente da Vivo no Brasil.
Navarro seguirá apoiando a Vivo em temas institucionais e regulatórios.
Gebara tem mais de oito anos na Vivo e passou quatro na Telefónica, em Madri.
Ele inicia em 1ª de janeiro na presidência da companhia no país.
""Iremos transformar, ainda mais, a vida das pessoas e das empresas por meio da conexão e das novas oportunidades que ela traz.",,"Divulgação Christian Gebara assume a presidência da Vivo em 1º de janeiro

Christian Gebara é o novo presidente da Vivo no Brasil. O executivo assume no lugar de Eduardo Navarro, que continua na presidência do conselho da Telefônica Brasil e será Global Director for Comms, Brand, Public Affairs & Sustainability, reportando-se ao chairman e CEO do Grupo, Jose Maria Alvarez-Pallete. Navarro seguirá apoiando a Vivo em temas institucionais e regulatórios.

Gebara tem mais de oito anos na Vivo e passou quatro na Telefónica, em Madri. Ele inicia em 1ª de janeiro na presidência da companhia no país.

“Temos certeza que Christian Gebara irá realizar um excelente trabalho como CEO da nossa operação no Brasil, seguindo a sua trajetória de sucesso construída ao longo dos últimos anos”, disse Jose Maria Alvarez-Pallete, chairman e CEO do Grupo Telefónica.

Para Christian este é o começo de uma nova etapa na companhia, em um momento único da nossa sociedade. ""Iremos transformar, ainda mais, a vida das pessoas e das empresas por meio da conexão e das novas oportunidades que ela traz. Neste cenário, estou confiante de que a digitalização do nosso país terá máxima relevância”, diz ele.",christian|novo|das|tem|presidência|em|que|gebara|ceo|presidente|vivo|da|brasil
153_12-12-18_21_58.csv,propmark,"Aos 18 anos, a Omelete Company, que nasceu entre amigos em uma agência, começa a voar para fora do Brasil.
O DNA do Omelete é estar na fronteira, nunca ter conformismo e achar que é jogo ganho.
Nossa experiência é como gerir fãs: não é um tiro de quatro dias, mas um diálogo de 365.
Não é HBO, é HBO Go; não é só Globo, é Globoplay; não é só Fox, é Fox Play.
Não pode ter nada que saia dessa empresa que não tenha validação de alma.",,"Aos 18 anos, a Omelete Company, que nasceu entre amigos em uma agência, começa a voar para fora do Brasil. A CCXP, evento que chega este mês a sua quinta edição (veja matéria na página 12), será exportado para a Alemanha em 2019. Com um ecossistema que reúne ainda varejo e conteúdo, a companhia segue investindo em manter uma conversa próxima e constante com fãs de cultura pop e indica uma maior aproximação com o mercado publicitário. Nesta entrevista, o CEO Pierre Mantovani fala sobre a expansão internacional, o DNA da empresa e os planos para o futuro.

Como nasceu a ideia de levar a CCXP para fora do Brasil?

Em 2016, já sabíamos que fazia sentido criar um evento de games no mercado brasileiro. Mas não queríamos fazer mais um porque já tinha BGS (Brasil Game Show). Fomos à Alemanha convencer quem faz a Games Com, que é o maior evento do gênero no mundo, a vir para o Brasil. Mostramos os dados do mercado, eles perguntaram se nós sabíamos fazer evento e apresentamos a CCXP. No final, eles falaram que não daria para trazer o evento de games para o Brasil, mas que indiscutivelmente nosso evento bombaria na Alemanha. Dois anos de negociação, estudos de mercado e 12 visitas à Alemanha depois, contrato fechado, evento marcado em joint venture com a Koelnmesse, que organiza a Games Com. A CCXP Colônia será entre 27 e 30 de junho de 2019, primeiro evento do Brasil que será exportado para a Alemanha.

Como será essa parceria?

A curadoria é nossa, eles vão operar. Ficamos sócios de uma empresa que tem a expertise de montar eventos e é dona do centro de convenções, e acoplamos nosso DNA de inteligência, de relacionamento com comunidade, estúdios globais e conteúdo. Temos ambição de virar um evento europeu, mas na primeira edição vamos focar no local. Imaginamos umas 80 pessoas, mais ou menos na proporção da primeira CCXP. Os primeiros três expositores não são da Alemanha, mas da Espanha, França e Inglaterra. Warner, Universal Pictures, Panini e Iron Studios já fecharam. Se alguma marca brasileira quer se apropriar do mercado alemão vamos pensar juntos.

Como é o mercado alemão em comparação ao do Brasil?

Ele está num estágio menos desenvolvido em relação à cultura pop do que o mercado brasileiro. Não existe um Omelete lá, que centralizou e investiu. Eles me lembram o Brasil há alguns anos atrás. O nível de envolvimento e consumo de cultura pop está numa crescente diferente.

Há planos para outros países?

A expansão internacional nasce na Alemanha e não vamos experimentar fazer em outro lugar antes de lá dar certo. Se lá rodar bem, a gente deve olhar para outros mercados. E podemos também levar nossos outros assets, como conteúdo e varejo.

Por que começar algo novo agora?

O DNA do Omelete é estar na fronteira, nunca ter conformismo e achar que é jogo ganho. As Comic Cons americanas têm o mesmo evento há dez anos. A CCXP muda bastante a cada ano. Nos preocupamos cada vez mais com o journing, com a experiência. Fazemos muitos estudos de comportamento para criar algo realmente único. Viramos a maior do mundo por causa desse olhar.

Como essa postura acontece no ecossistema da casa?

Essa é a principal coisa que converso com as marcas que querem entrar na CCXP. Nossa experiência é como gerir fãs: não é um tiro de quatro dias, mas um diálogo de 365. Pode até começar com o evento, mas sustentamos o diálogo com os fãs o ano dentro do Omelete. O evento é uma grande celebração do ano inteiro.

Coração da CCXP18 é patrocinada pela Ford; evento espera receber 260 mil pessoas durante os quatro dias

Relação de mídia e conteúdo...

Essa conexão entre Omelete e CCXP é uma simbiose matadora. Rock in Rio é um sucesso, mas é parceria entre Rock in Rio e TV Globo. Nossa Globo é o próprio Omelete. Mas se for algo que não funciona, não vamos fazer. Não vendemos publieditorial. Isso não é o Omelete. Já perdemos muito dinheiro por isso.

O Omelete nasceu em uma agência. Como foi esse começo e transição?

Criei uma agência, a Tribal, com dois amigos quando estava na faculdade, e crescemos bastante. O Omelete nasceu na Tribal. O Erico Borgo e o Renato Fabri trabalhavam com a gente. O Forlani era nosso amigo. Durante alguns anos o Omelete não ganhou dinheiro. Começou a ganhar um pouquinho quando o Borgo e o Forlani deixaram os trabalhos para focar no site. Em 2008 vendi a agência para o Grupo Publicis, e quando saí, no começo de 2011, montei uma aceleradora de internet. Os sócios me convidaram para assumir a gestão do Omelete e pensei em tocar as duas coisas. Três meses depois desativei a aceleradora e passamos a modificar o Omelete.

O que fizeram?

Minha meta era crescer a receita em dez vezes em cinco anos. Alguns meses disse que era impossível, não iria entregar vendendo mídia e banner. Hoje temos 15 milhões de fãs que falam com a gente todo mês, mas na época tínhamos seis milhões. Em vez de ir atrás de anúncio, pensamos em criar produtos. Tem algum evento dando dinheiro para gente? Não. Criamos o nosso, o CCXP. Tem algum varejo? Não. Loja Mundo Geek, que virou a Omelete Store. A ideia de diversificar negócios foi simples: água na bunda. Era muito mais conveniente só vender mídia. Mas fomos aprender a fazer gestão do que não sabíamos. Se tem um problema, resolvemos. Quando detectamos que os verticais iam morrer, criamos outras receitas.

A CCXP já nasceu como é hoje?

Queríamos trazer um evento internacional para o Brasil e, como referência, usamos as palavras Comic Con. Havia desconfiança se iríamos fazer uma como a de San Diego, a mais notória. Provamos que era um evento de qualidade internacional. Trabalhamos muito com marketing, porque nascemos do zero, investimos em marca e em criar experiências. Todo ano estamos pesando em coisas novas. Acho que deu resultado e hoje acredito que somos o evento mais conectado com marcas do mundo, do nosso gênero. Temos isso de realmente pensar em como uma marca cria um conteúdo relevante para os fãs. Não é uma promessa em vão.

Por isso o investimento crescente em campanhas institucionais?

Sim. E a gente investe sem ROI. Gastamos mais de milhão para fazer filme institucional, porque agrega valor. Esse ano criamos um novo universo, com o Rafael Grampá, da Headquarters. Não precisávamos fazer, mas para nosso DNA vale muito. O Omelete sempre foi uma das empresas que mais investiram no próprio evento. Até hoje temos o maior estande da CCXP. Usamos nosso ecossistema para bombar. O melhor case para o mercado de que funciona conversar com nosso público é o nosso crescimento.

Quem cria tudo isso?

Temos um departamento com umas 30 pessoas. É quase uma in house. E a gente terceiriza a produção de vídeo.

O que significa a mudança de nome e posicionamento feita este ano?

Fomos montando um monte de empresas, que viraram Omelete Group. Sentamos um ano com uma consultoria para planejar os próximos anos e o nosso desafio atual. Resolvemos voltar essas empresas para uma só e virar Omelete Company. Esse foi o grande mote da gestão de 2018, e agora entramos em 2019 muito mais em cima de performance e crescimento. O trabalho de 2018 foi arrumar a casa para voltar a crescer no ritmo que vínhamos crescendo. Não queremos colocar a carroça na frente dos bois, mas os produtos que criamos têm muita qualidade para os fãs. Estamos em uma fase global interessante. Uma série pode ser um sucesso aqui, na Alemanha, no Japão, porque estão todos acessando ao mesmo tempo. As plataformas de conteúdo deixaram os jovens do mundo inteiro parecidos na ótica de consumo de conteúdo. Isso abre um precedente para expandir.

Qual a maior mudança corporativa do mercado de entretenimento na CCXP desse ano?

Todas as empresas de conteúdo entram com suas plataformas de streaming. Não é HBO, é HBO Go; não é só Globo, é Globoplay; não é só Fox, é Fox Play. A Amazon Prime também entrou. É engraçado ver o mundo do conteúdo saindo da plataforma TV e falando em conteúdo não linear.

A CCXP vai crescer?

Em questão de público estamos quase no talo. Este ano esperamos 260 mil pessoas. Já é quase o limite dos 120 mil m2 que usamos. O evento já, já, no espaço atual, vai começar a dar sold out. Queremos fazer mais coisas, mas dependemos de um espaço em São Paulo que comporte nosso crescimento. Por enquanto não existe.

Qual a representatividade do Unlock dentro do Omelete Company?

Eu amo o Unlock. Temos muitos acertos e o Unlock é um deles. Desde o começo da CCXP falamos que precisávamos ter um Business Summit para o mercado de entretenimento e cultura pop. O foco não é falar das nossas empresas. É o que tem de melhor no mercado de entretenimento no mundo que pode servir de case para o mercado brasileiro. Esse ano ele vem com uma característica que aprendemos nas últimas edições: descolamos ele da CCXP. Nosso grande mantra é desenvolver o mercado e acho que estamos cumprindo isso.

O Omelete Company deve ganhar novos braços nos próximos anos?

Sim. Começamos a lançar documentários e estamos fechando contratos para televisão. Também tem a parte de audiovisual, principalmente branded content com relevância, que o mercado demanda muito. Essa é uma unidade de negócio para o ano que vem. A marca que quiser produzir conteúdo para se conectar com fãs estará segura para isso.

Todo esse movimento faz parte da área de geek responsability?

A responsabilidade geek está em tudo, é nossa alma. Não pode ter nada que saia dessa empresa que não tenha validação de alma. Se a gente perder isso acabou. Somos nerds. Para a gente, o fã é tudo. E só fazemos o que acreditamos. Queremos crescer e vamos entrar em outras áreas do entretenimento que façam intersecção, mas sem perder o nosso DNA de respeitar o fã, se considerar um e fazer coisas que nós achamos legais.",uma|outras|não|entretenimento|é|áreas|um|em|que|entrar|para|evento|omelete|com|da|vamos|queremos|crescer
153_12-12-18_21_58.csv,propmark,"A ideia é argumentar como o consumidor tem mais autonomia e independência na escolha de formatos de anúncios na plataforma.
Esse é o mote da campanha de fim de ano da marca, que trouxe seus colaboradores cantando a tradicional O Natal É Todo Dia.
FantasiaPara marcar sua presença como montadora oficial da CCXP, a Ford apresentou campanha digital Bora Cosplayar, assinada pela Turner.
MascoteO simpático AjiPanda dá aquela força para os cozinheiros de primeira viagem nos novos comerciais de Aji-no-moto.
Os filmes resgatam o slogan Aji-no-moto deixa tudo mais gostoso, da campanha #ABCdoAjiPanda, que viralizou em 2001.",,"Economia

Para reforçar o novo conceito ""Na OLX eu posso"", a plataforma de compras e vendas online traz comercial irreverente para mostrar suas vantagens. A ideia é argumentar como o consumidor tem mais autonomia e independência na escolha de formatos de anúncios na plataforma. A comunicação é protagonizada por um boneco ventríloquo que mostra como a economia colaborativa é um meio para o consumidor realizar seus projetos.

DM9DDB para a OLX

Título: Na OLX eu posso; criação: Guigo Oliva, Guto Chicanelli, Marcelo Maciel, Renato Barreto e Thiago Monteiro; produtora de filme: Hungry Man; direção: Carlão Busato; produtora de som: Jamute; aprovação do cliente: Sandra Montes, Patricia Tauscheck e Samia Marçon.

Coletivo

O Natal é realizado apenas uma vez por ano, mas, para a Casas Bahia, a data se replica todos os dias. Esse é o mote da campanha de fim de ano da marca, que trouxe seus colaboradores cantando a tradicional O Natal É Todo Dia. A canção neste ano ganhou novo tom ao servir como pano de fundo de uma história real entre pai e filho.

Y&R para a Casas Bahia

Título: O Natal é todo dia; produto: institucional; criação: Lucas Rodriguez, Daiane Nogueira e Alex Gobato; produtora de filme: Mixer; direção: Marcus Becker; aprovação do cliente: Othon Vela, Ana Cecília Silva, Mayara Lico, Carla Campos, Grégory Machado e Guilherme Ferreira.

Fantasia

Para marcar sua presença como montadora oficial da CCXP, a Ford apresentou campanha digital Bora Cosplayar, assinada pela Turner. A ação, que conta com quatro vinhetas, mescla personagens de clássicos do canal Cartoon Network como Titio Avô, Johnny Bravo e Apenas Um Show, e trabalha a comunicação da linha Ford Ka.

Turner para a Ford

Título: Bora cosplayar; VP de ad sales: Gilberto Corazza; direção de criação innovations Latam: Angela Bassichetti; direção de arte: Lavínia Carvalho; direção de conteúdo Cartoon Network: Adriana Alcântara; redator Innovations: Fabrício Iglesis e Camila Sá; casa de animação: Primal Screen.

Nostalgia

A música Aquarela, popularizada por Toquinho e Vinicius de Moraes na campanha de Faber-Castell, nos anos 1980, ganhou novos tons, ritmos e referências. Para o lançamento da linha Caras & Cores, lápis para criar diferentes tonalidades de pele, a marca relançou a canção adaptada em parceria com Toquinho. No filme, o produto aparece em ação como ferramenta que permite a crianças de todos os tons de pele se representarem nos seus desenhos. O objetivo está em estimular os pequenos no processo de autoexpressão ainda na infância. Na tela, o casting com atores negros, orientais e ruivos, entre outros, reflete o novo posicionamento da marca, embalado por novos versos, como; “Numa folha qualquer eu desenho a Carol e o Marcelo”.

David São Paulo para a Faber-Castell

Título: Caras e Cores; produto: EcoLápis; criação: Melissa Pottker e Fabio Natan; direção: Rafael Antonelli; animação: Adams Carvalho, Natalia Faria, Danilo Cheng, Christopher Rocha e Lucas Franci; letra: Toquinho e Melissa Pottker; produtora de som: Jamute; aprovação cliente: Eduardo Ruschel, Marcelo Vecchi e Stephanie Calarga.

Mascote

O simpático AjiPanda dá aquela força para os cozinheiros de primeira viagem nos novos comerciais de Aji-no-moto. Os filmes resgatam o slogan Aji-no-moto deixa tudo mais gostoso, da campanha #ABCdoAjiPanda, que viralizou em 2001. Com bom humor, as peças mostram iniciantes que encontram o ingrediente ideal para suas receitas.

Dentsu Brasil para a Ajinomoto

Título: Ajuda do Panda – Planta; produto: Aji-no-moto; criação: Murilo Torezan, Eduardo Ataíde e Carlos Mori; produtora de filme: Fantástica Filmes; direção: Henrique Ribeiro; produtora de som: Liquo Áudio; aprovação do cliente: Adriana Moucherek, Carolina Sanches, Thiago Campos, Eduardo Palazon e Lisiane Miura.

Batida

O DJ Alok é o novo garoto-propaganda da Fisk. E, para divulgar a parceria, a escola de idioma traz o conceito Fisk your life - Deixe sua vida mais Fisk. A campanha tem como proposta transformar o nome da companhia em um verbo, cujo significado seria “sonhar alto”, “ultrapassar fronteiras” e “fazer o futuro acontecer”. O filme traz versão da música Take your Chance, lançada em 2016. O material foi remixado por Alok e, devido a sua popularidade com os jovens, seu nome foi escolhido para o projeto.

Elo3 Comunicação para a Fisk

Título: Fisk your life – institucional; produto: campanha 2019; criação: Leonardo Bacellar, Amilton Gris, Carolina Hissae e Renan Suto; produtora de filme: RTV Digital Films; direção: Ricardo Camargo e Wagner Almeida; produtora de som: Loud; aprovação do cliente: Christian Ambros, Tatiane Varon e Iberê Belarmino dos Santos.",é|os|filme|semana|dezembro|campanhas|para|que|em|direção|como|fez|da|quem|produtora
153_12-12-18_21_58.csv,propmark,"TRANSFORMAÇÃOEquipes da Y&R, Plan International Brasil e autoras do livro A revolução das princesas, obra que chama a atenção para meninas terem atitude diante de adversidadesPensando no empoderamento e equidade de gênero no ambiente infantil feminino, a Y&R se juntou à Plan International Brasil para recriar histórias consagradas com o propósito de inspirar meninas a terem o espírito de heroínas fortes e corajosas.
Escritoras e ilustradoras convidadas recriaram no livro A revolução das princesas contos de Ariel, A Bela Adormecida, Cinderela e Rapunzel.
Na foto: Rafael Pitanguy (Y&R), Viviana Santiago (Plan), Roberto Rogoski e Thais Gordon (Y&R), Cynthia Betti (Plan), Mariana Resende (Y&R)Mônica Souza (Plan), Mariana Villela e Marina Erthal (Y&R).
COQUETELAvenida Molotov, primeiro livro de GuerraRedator da agência Talent Marcel, Pedro Guerra está lançando o romance Avenida Molotov, o sétimo volume da coleção Valsa da Esquina, da Editora Quelônio.
Guerra nasceu no estado do Ceará, em 1976, mas mora em São Paulo desde 2003.",,"TRANSFORMAÇÃO

Equipes da Y&R, Plan International Brasil e autoras do livro A revolução das princesas, obra que chama a atenção para meninas terem atitude diante de adversidades

Pensando no empoderamento e equidade de gênero no ambiente infantil feminino, a Y&R se juntou à Plan International Brasil para recriar histórias consagradas com o propósito de inspirar meninas a terem o espírito de heroínas fortes e corajosas. Escritoras e ilustradoras convidadas recriaram no livro A revolução das princesas contos de Ariel, A Bela Adormecida, Cinderela e Rapunzel. Na foto: Rafael Pitanguy (Y&R), Viviana Santiago (Plan), Roberto Rogoski e Thais Gordon (Y&R), Cynthia Betti (Plan), Mariana Resende (Y&R)Mônica Souza (Plan), Mariana Villela e Marina Erthal (Y&R). Sentadas, as escritoras Clara Averbuck e Sebastian Hoyer e as ilustradoras Lorena Giostri e Lorena de Paula.

BATOM

Revendedoras da Nutrimetics que venceram desafio de cocriação de batom

Marca premium da Tupperware Brands, a Nutrimetics envolveu 600 consultoras da sua força de vendas em um projeto de cocriação de uma nova cor de batom por meio de um aplicativo desenvolvido especialmente para o projeto. Mais de 30 mil pessoas participaram. As vencedoras foram Izilda Aidar (SP), Izolda Patricia (PB), Jacqueline Mafra (RS), Maria José Soares Gazelle (PE), Suellen de Oliveira (PR) e Veronalda Silva (RN).

COQUETEL

Avenida Molotov, primeiro livro de Guerra

Redator da agência Talent Marcel, Pedro Guerra está lançando o romance Avenida Molotov, o sétimo volume da coleção Valsa da Esquina, da Editora Quelônio. Os protagonistas da obra de estreia do autor são o publicitário João Paulo, a jornalista Carolina e o porteiro-observador Lorenzo. “A escrita de Pedro Guerra constrói — com humor e profundidade, sem fazer concessões — uma situação conflagrada e inspirada em fatos reais, que o leitor contemporâneo certamente irá reconhecer de pronto, mas que se descola da realidade mais imediata para acompanhar posições contrastantes, com muito a dizer sobre o Brasil de hoje e, lamentavelmente, de sempre”, escreveu na orelha o editor Bruno Zeni. Guerra nasceu no estado do Ceará, em 1976, mas mora em São Paulo desde 2003. É formado em jornalismo pela Universidade Federal do Ceará, mas escolheu a publicidade como atividade profissional.",meninas|inspirar|mas|em|que|plan|para|international|consagradas|guerra|yr|com|livro|histórias|da|supercenas|recriam
153_12-12-18_21_58.csv,propmark,"*O propmark não se responsabiliza pelos comentários postados nas plataformas digitais.
Qualquer comentário considerado ofensivo ou que falte com respeito a outras pessoas poderá ser retirado do ar sem prévio aviso.",,*O propmark não se responsabiliza pelos comentários postados nas plataformas digitais. Qualquer comentário considerado ofensivo ou que falte com respeito a outras pessoas poderá ser retirado do ar sem prévio aviso.,ser|charge|propmark|respeito|que|prévio|qualquer|sem|retirado|responsabiliza|confira|dorinho|se|edição|2725
153_12-12-18_21_58.csv,propmark,"Em ano de Copa do Mundo, o Brasil foi o país que mais tuitou sobre a competição globalmente, e a seleção canarinho foi a equipe mais mencionada na plataforma.
Entre os jogadores mais falados, destaque para Neymar Jr, Philippe Coutinho e Cristiano Ronaldo.
O acordo contempla os Jogos Olímpicos e Paralímpicos de Tóquio (2020), Paris (2024) e Los Angeles (2028), bem como os Jogos da Juventude.
Com 13 patrocinadores globais, o COI deu início a sua parceria com a Samsung em 1998, durante os Jogos Olímpicos de Inverno de Nagano.
Superclássicos 3Logo após a partida com os youtubers, a torcida pôde acompanhar um novo clássico: o GRAACC Futebol Clube.",,"Retrospectiva

Divulgação/Lucas Figueiredo/CBF

O esporte dominou as conversas do Twitter em 2018. Foi o que revelou a retrospectiva da rede social. Em ano de Copa do Mundo, o Brasil foi o país que mais tuitou sobre a competição globalmente, e a seleção canarinho foi a equipe mais mencionada na plataforma. Outros grandes torneios, como a Barclays Premier League e a UEFA Champions League, também dominaram as conversas no país. Entre os jogadores mais falados, destaque para Neymar Jr, Philippe Coutinho e Cristiano Ronaldo. Globalmente, o evento mais tuitado foi o encerramento dos Jogos Olímpicos de Inverno de PyeongChang, em fevereiro.

Longevidade

Após assumir a liderança como maior anunciante global, a Samsung anunciou a renovação do patrocínio ao Comitê Olímpico Internacional (COI) por mais uma década. O acordo contempla os Jogos Olímpicos e Paralímpicos de Tóquio (2020), Paris (2024) e Los Angeles (2028), bem como os Jogos da Juventude. Com 13 patrocinadores globais, o COI deu início a sua parceria com a Samsung em 1998, durante os Jogos Olímpicos de Inverno de Nagano. Mais tarde, em 2006, a fabricante incorporou também o patrocínio ao Comitê Paralímpico Internacional.

Superclássicos 1

Divulgação

Youtubers do segmento esportivo bateram um bolão na semana passada, em São Paulo. O SuperClássico foi promovido pelo canal Desimpedidos, no estádio do Pacaembu, e contou com transmissão no YouTube e no Whatch ESPN, plataforma de streaming do canal de TV paga. O amistoso teve patrocínio de marcas como Adidas, Gatorade e Gillette e registrou audiência de 110 mil pessoas na transmissão.

Superclássicos 2

Com entrada gratuita, a partida teve disputa entre o time de Fred, do Desimpedidos, e a seleção de Juninho, do Vosso Canal. Estiveram nas equipes nomes como Felipe Castanhari, Banheiristas, Jukanalha, Futparódias e Portuga PC, entre outros. Os ex-jogadores Dodô e Elano foram os técnicos das equipes. A narração foi do youtuber Chicungunha, com comentários de Bolívia e do repórter Edu Meneses, da ESPN.

Superclássicos 3

Logo após a partida com os youtubers, a torcida pôde acompanhar um novo clássico: o GRAACC Futebol Clube. O jogo teve confronto entre o time da Fundação Cafu e a equipe do hospital que cuida de crianças com câncer. O jogo foi transmitido pelo canal ESPN.

Ponte aérea

A marca espanhola de óculos escuros Hawkers desembarca no Brasil com operação própria. E, para marcar presença, elegeu Lionel Messi como embaixador, trazendo um co-branding exclusivo com o atleta. Um dos jogadores mais queridos da torcida brasileira, o atacante do Barcelona inspirou a coleção, desenvolvida a partir de suas preferências. Com forte presença na Itália, Grécia, México e Colômbia, a marca tem parcerias com o jogador Luis Suárez, o motociclista Alex Rins e com o skatista Nyjah Huston, e quer ampliar o portfólio no segmento esportivo. Isso porque os atletas transmitem valores compartilhados pela marca, tais como sacrifício e superação.

Endorfina criativa

Corri o Campeonato Paulista de Motovelocidade por quatro anos e aplico muito do que aprendi no dia a dia da agência. Ao correr, você aprende a manter o foco total no seu objetivo. Na vida profissional é a mesma coisa. O tempo é tão escasso que não podemos nos permitir perder o foco.”

Wilson Negrini, COO da Lew’Lara\TBWA",revela|twitter|falados|ano|arena|esporte|os|em|que|um|jogos|como|foi|com|atletas|da|mais|assuntos
153_12-12-18_21_58.csv,propmark,"O Michelangelo recebeu uma encomenda: eu quero um afresco bem bonito no teto da capela que eu fiz.
O cardeal vai gostar, ele nem enxerga direito, mas o papa não é bobo não... tem alguma opção para aquele Deus ali?
Ele não é mais ou menos artista que o Michelangelo, mas o processo é de expiração e não de inspiração.
Tudo é arte, tudo é parte, tudo é processo.
Ed Côrtes é diretor da produtora de áudio Tentáculo",,"Qual a diferença entre o teto da Capela Cistina e um quadro do Pollock?

Qual a diferença entre a trilha do Dunkirk e o Pássaro de Fogo, do Stravinsky?

Qual a diferença entre um show do The Who e um da Madonna?

O processo.

Eu acho que em todos os casos estamos falando de arte, certo?

E arte de alto nível.

Mas, no meu entendimento, existe uma diferença - qual foi o tipo de piração: a ex, a ins ou a trans?

O Michelangelo recebeu uma encomenda: eu quero um afresco bem bonito no teto da capela que eu fiz.

E segue-se o questionário:

- Tem prazo?

- O quanto antes.

- Tem briefing?

- Capela, né..., Deus, Fé, Punição, Culpa, Céu e Anjos.

- Pode ter nu?

- Nuuuuu nu não, né! Uns anjinhos, pauzinho, peitinho...

- Quem aprova?

- Eu, depois o cardeal. E, se passar, o papa.

- Ele entende WIP?

- Não. Faz aí e mostra pronto.

- Tem grana?

- Então,... a igreja está passando uma fase difícil. Você sabe o tamanho do rombo para fazer essa sede nova etc....

Todos nós conhecemos esse papo, mas não é por isso que não vamos fazer arte, a melhor que a gente consegue. Depois de uma conversa dessa o que a gente faz? Inspira. Fundo. Várias vezes. Busca todas suas técnicas e referências para responder a demanda. Ele transpirou muito tempo para estar pronto para isso. Acorda e dorme pensando na melhor maneira de fazer todos aqueles pedidos virarem arte.

- Pronto.

- ...

- E aí? Gostou?

- ... tá pronto?

- Acho que sim... quer dizer, sim.

- ... é... tá bacana... tô preocupado com o papa. O cardeal vai gostar, ele nem enxerga direito, mas o papa não é bobo não... tem alguma opção para aquele Deus ali? Tipo um mais musculoso...

E nessa hora o que o Michelangelo faz? Inspira, e novamente vai “não dormir pensando em como resolver com arte a sua demanda. Isso é inspiração.

- Alô?

- Alô.

- Quem tá falando, é o sr. Pollock?

- Quem é?

- Desculpa sr. Pollock, eu te acordei?

- Claro caceta, são 8 e meia da manhã, porra!!

- Pois é sr. Pollock, mas é que o senhor não pagou o quarto ainda e eu tentei algumas vezes na semana passada, tá ficando muita coisa pendurada...

- Eu já disse que vou pagar, caraca.

- Mas já passou mais de um mês.

- Eu vou pagar, eu falei que vou, porra! Que saco. Me liga depois!

- Alô.

- Quem é, caralho?

- Sou eu?

- Eu quem?

- Você não reconhece minha voz?

- Sei lá, estava dormindo, caralho. Lee?

- Quem mais ia ser, Jackson? Você andou bebendo de novo?

- Não.

- Eu te conheço, você bebeu ontem?

- Só um pouco, porra!

- Eu dou o maior gás na sua carreira e você fica chapando e dormindo na rua. Porra, Jackson, assim é foda. Eu fico em casa sozinha o dia todo e depois você chega bêbado. Eu deixei a minha carreira de lado por sua causa e agora estou aqui...

Nessa hora o Pollock larga o telefone, pega uma tela e expira. Bota pra fora. Tudo. E vira arte. Ele também transpirou muito aprendendo e estudando e experimentando. Mas nessa hora ele expira e sai um monte de coisas que não tem onde guardar.

Ele não é mais ou menos artista que o Michelangelo, mas o processo é de expiração e não de inspiração.

- Nossa, Pollock, que quadro lindo, uma obra de arte!!! Onde você se inspirou?

- Sei lá.

E aí você me pergunta: e a piração?

Piração é a mãe de todos, é tentar entender o mundo através da arte, sendo artista em cada ato, não importa a profissão. Transpirando, inspirando e expirando. Cada um na sua hora, todos os dias, não obrigatoriamente em sintonia. Ou ainda: Piração é ir junto com a Madonna ver um show do The Who, encontrar com o Pollock e ir tomar uns vinhos na casa do Michelangelo. Ouvir o Pássaro de Fogo, do Stravinsky, enquanto assiste o Dunkirk no mudo.

Tudo é arte, tudo é parte, tudo é processo.

Ed Côrtes é diretor da produtora de áudio Tentáculo",uma|arte|inspira|é|eu|um|diretor|áudio|que|ed|você|quem|pollock|tentáculo|da|não|produtora|côrtes
153_12-12-18_21_58.csv,propmark,"Criado pela agência Peppery, o novo trabalho de comunicação da Giraffas estreia na internet, nas redes sociais e na TV fechada, com filmes de 15 e 30 segundos.
A campanha também traz a nova tagline da marca: A Vida é um Prato Cheio.
O CCO da Peppery, Jairo Anderson, chama à atenção para o cerne do novo posicionamento: “resgatar a essência divertida e otimista da marca.
“Acreditamos que marca e posicionamento são construídos no dia-a-dia, na relação com os consumidores e na qualidade e sabor dos nossos produtos.
Sempre trabalhamos com essa premissa e, agora, temos uma tagline que revela a essência do Giraffas: democrática, autêntica e divertida”, conta Luciana Morais, diretora de marketing do Giraffas.",,"Criado pela agência Peppery, o novo trabalho de comunicação da Giraffas estreia na internet, nas redes sociais e na TV fechada, com filmes de 15 e 30 segundos. O objetivo é divulgar a nova linha de produtos “Para compartilhar”. Os pratos, sanduíches e sobremesas foram lançados em novembro em todo o país. As peças de comunicação e PDV ganham a assinatura da hashtag #aíeuvivantagem.

A campanha também traz a nova tagline da marca: A Vida é um Prato Cheio. O CCO da Peppery, Jairo Anderson, chama à atenção para o cerne do novo posicionamento: “resgatar a essência divertida e otimista da marca. Porque comer no Giraffas não é só matar a fome com comida de muita qualidade, mas também encarar a vida sob uma ótica divertida, otimista, de quem vê o sempre o lado ‘prato cheio’ da vida"", afirma.

“Acreditamos que marca e posicionamento são construídos no dia-a-dia, na relação com os consumidores e na qualidade e sabor dos nossos produtos. Sempre trabalhamos com essa premissa e, agora, temos uma tagline que revela a essência do Giraffas: democrática, autêntica e divertida”, conta Luciana Morais, diretora de marketing do Giraffas.",uma|estreia|posicionamento|giraffas|tagline|é|novo|em|campanha|também|com|divertida|da|vida|marca
153_12-12-18_21_58.csv,propmark,"Leonardo Araujo YouTube brinca com sentidos do público em instalação sobre entretenimentoO YouTube, site de vídeos do Google, resolveu mostrar os números do Youtube Insights 2018 de uma maneira diferente.
Vozes como da Youtuber Gabi Oliveira foram ouvidas.
Não necessariamente um conhecimento científico ou ligado à educação, mas também do conhecimento de si mesmo.
Vale lembrar que no Brasil, nove em cada 10 consumidores de YouTube usam os vídeos para aprender algo novo.
ConexãoA instalação que falava sobre conexão trazia uma DJ e um happy hour para os convidados.",,"Leonardo Araujo YouTube brinca com sentidos do público em instalação sobre entretenimento

O YouTube, site de vídeos do Google, resolveu mostrar os números do Youtube Insights 2018 de uma maneira diferente. A plataforma chamou um grupo de convidados para mostrar dados da pesquisa realizada pela Provokers e divulgada em setembro deste ano por meio de instalações sensoriais.

Feito num galpão na Barra Funda, o evento trouxe ativações que aguçaram os sentidos dos visitantes e foram baseadas em quatro grandes motivações humanas: identidade; entretenimento; conhecimento e conexão.

Identidade

Na primeira, os convidados se viam alinhados lado a lado, enquanto olhavam numa espécie de espelho digital que, vez ou outra, mostrava as outras pessoas na sala. Tudo isso enquanto ouviam, com fones de ouvido, depoimentos que avalizavam dados como o fato de que 41% das pessoas que buscam vídeos de identidade desejam se sentir inspiradas e mais confiantes. Vozes como da Youtuber Gabi Oliveira foram ouvidas.

Entretenimento

Já no setor de entretenimento, os convidados se viram numa sala cujo objetivo, conforme painel luminoso da entrada anunciava, era “distrair a cabeça”. A sala era formada por telas em todo o seu interior e exibia imagens que deixariam qualquer hippie dos anos 60 animado. Alguns presentes reclamaram do calor, mas a experiência foi satisfatória.

Um dado interessante da pesquisa envolvendo o entretenimento diz que mais de um bilhão de fãs de música vão para o YouTube todos os meses para fazer parte da comunidade musical e descobrir novos hits, como ""This is America"", de Childish Gambino.

Conhecimento

Depois de identidade e entretenimento, foi a vez da instalação do conhecimento, onde os visitantes viam (e ouviam) depoimentos e imagens de pessoas que utilizaram o Youtube para aprender algo. Não necessariamente um conhecimento científico ou ligado à educação, mas também do conhecimento de si mesmo.

Vale lembrar que no Brasil, nove em cada 10 consumidores de YouTube usam os vídeos para aprender algo novo. Iniciativas como o próprio YouTube EDU demonstram o poder do conhecimento na rede de vídeos.

Conexão

A instalação que falava sobre conexão trazia uma DJ e um happy hour para os convidados. Além disso, o Youtube também destaca no site do Youtube Insights o projeto Creators for Change, que trouxe criadores como Murilo Araújo, do canal Muro Pequeno, para falar de temas que vêm unindo as pessoas em rodas de discussão.",são|pessoas|aguça|os|um|durante|sentidos|em|que|para|youtube|evento|como|conhecimento|da|paulo
153_12-12-18_21_58.csv,propmark,"Divulgação Ivete Sangalo é garota-propaganda da marcaA marca de chocolates acaba de apresentar a sua campanha de Natal.
Com o mote “Dezembrou”, a iniciativa conta com abrangência nacional e filmes de 15” e 30” que contemplam 130 cidades do País.
O trabalho de comunicação é assinado pela Artplan.
Para traduzir o momento especial do ano, a marca traz para o filme dançarinos, elementos natalinos e um jingle divertido da cantora Ivete Sangalo, garota-propaganda da marca.
Para a campanha, a marca investiu em vitrine especial de Natal, comunicação em TV aberta, rádio, OOH e comunicação nas mídias sociais.",,"Divulgação Ivete Sangalo é garota-propaganda da marca

A marca de chocolates acaba de apresentar a sua campanha de Natal. Com o mote “Dezembrou”, a iniciativa conta com abrangência nacional e filmes de 15” e 30” que contemplam 130 cidades do País. O trabalho de comunicação é assinado pela Artplan.

Para traduzir o momento especial do ano, a marca traz para o filme dançarinos, elementos natalinos e um jingle divertido da cantora Ivete Sangalo, garota-propaganda da marca. “Nosso objetivo é celebrar o mês inteiro de dezembro e não apenas o Natal. Afinal, em dezembro temos diversas comemorações gostosas entre amigos e família. É um momento de alegria e de estar com aqueles que amamos, por isso, apostamos em um filme colorido, divertido, e que também mostrasse ao consumidor as nossas novidades para a data”, afirma Maricy Porto, diretora de Marketing do Grupo CRM.

Para a campanha, a marca investiu em vitrine especial de Natal, comunicação em TV aberta, rádio, OOH e comunicação nas mídias sociais.",sangalo|dezembrou|é|um|lança|movimento|ivete|cacau|em|para|que|comunicação|com|da|brasil|natal|marca
153_12-12-18_21_58.csv,propmark,"*O propmark não se responsabiliza pelos comentários postados nas plataformas digitais.
Qualquer comentário considerado ofensivo ou que falte com respeito a outras pessoas poderá ser retirado do ar sem prévio aviso.",,*O propmark não se responsabiliza pelos comentários postados nas plataformas digitais. Qualquer comentário considerado ofensivo ou que falte com respeito a outras pessoas poderá ser retirado do ar sem prévio aviso.,dogma|se|ser|conquista|propmark|artesanais|respeito|que|prévio|qualquer|sem|segmento|retirado|responsabiliza|cervejas|público
153_12-12-18_21_58.csv,propmark,"*O propmark não se responsabiliza pelos comentários postados nas plataformas digitais.
Qualquer comentário considerado ofensivo ou que falte com respeito a outras pessoas poderá ser retirado do ar sem prévio aviso.",,*O propmark não se responsabiliza pelos comentários postados nas plataformas digitais. Qualquer comentário considerado ofensivo ou que falte com respeito a outras pessoas poderá ser retirado do ar sem prévio aviso.,grupo|cresce|boticário|ser|2019|otimismo|espera|respeito|que|prévio|qualquer|sem|com|retirado|responsabiliza|se|propmark
153_12-12-18_21_58.csv,propmark,"*O propmark não se responsabiliza pelos comentários postados nas plataformas digitais.
Qualquer comentário considerado ofensivo ou que falte com respeito a outras pessoas poderá ser retirado do ar sem prévio aviso.",,*O propmark não se responsabiliza pelos comentários postados nas plataformas digitais. Qualquer comentário considerado ofensivo ou que falte com respeito a outras pessoas poderá ser retirado do ar sem prévio aviso.,ser|brasileiro|propmark|foco|respeito|portfólio|que|prévio|qualquer|sem|retirado|reforça|responsabiliza|se|hersheys|público
153_12-12-18_21_58.csv,propmark,"*O propmark não se responsabiliza pelos comentários postados nas plataformas digitais.
Qualquer comentário considerado ofensivo ou que falte com respeito a outras pessoas poderá ser retirado do ar sem prévio aviso.",,*O propmark não se responsabiliza pelos comentários postados nas plataformas digitais. Qualquer comentário considerado ofensivo ou que falte com respeito a outras pessoas poderá ser retirado do ar sem prévio aviso.,ser|os|99|respeito|que|para|ações|prévio|qualquer|diferenciadas|sem|consumidores|retirado|responsabiliza|se|apresenta|propmark
153_12-12-18_21_58.csv,propmark,"Atualmente, as corporações que não abrem espaço para isso não conseguem criar cultura de mudança e, consequentemente, enfrentam mais dificuldade para evoluir e inovar.
É um movimento recente, sem dúvida, e é realizado por dois motivos.
Para nós a diversidade é o futuro, pois ela garante conexões, conexões produzem diálogos e diálogos geram mudanças.
E a boa notícia é que ela é um recurso infinito, que está ao nosso lado.
Então, abra espaço para diversidade e deixe sua empresa mais atraente para conquistar mais talentos e novos clientes.",,"Questões que antes eram ignoradas no debate público, como gênero e raça, ganharam espaço na sociedade e, felizmente, fazem parte do dia a dia da maioria das empresas. Isso foi possível graças à mobilização de organizações e instituições que apoiam essas causas, às lutas pelos direitos de igualdade e diversidade e, principalmente, através da voz de cada um, transparente e legítima, multiplicada de forma exponencial pelas redes sociais. Trata-se de um movimento forte e contínuo que já virou tendência. A luta pela diversidade começou a ganhar corpo no ambiente corporativo porque as empresas perceberam que essa estratégia também poderia ser bem lucrativa. Pesquisa realizada pela DDI, empresa de análise, com Ernst & Young, mostra que as organizações com mais de 30% de diversidade tiveram resultados financeiros melhores. Além disso, onde há diversidade significativa, é 1,4 maior a chance de crescimento sustentável.



Atualmente, as corporações que não abrem espaço para isso não conseguem criar cultura de mudança e, consequentemente, enfrentam mais dificuldade para evoluir e inovar. As táticas de antigamente não trazem mais os resultados esperados. É preciso incluir as pessoas, todas elas, para encontrar novas ideias e, principalmente, saber entender os desejos dos clientes, todos eles. Algumas marcas já perceberam que, fora dos grandes centros ou dos bairros mais nobres das grandes metrópoles, existe um mercado composto por pessoas que é numericamente maior, mas que costuma ficar à margem de campanhas e decisões corporativas. Consumidores potenciais que são ignorados pela comunicação padrão, seja ela on ou off. Quando o capitalismo nota isso, encontra na diversidade a saída ideal para fazer com que os resultados voltem a ser como antes.



É um movimento recente, sem dúvida, e é realizado por dois motivos. Primeiro porque há uma vontade grande de retomar os números de crescimento registrados em anos anteriores – e a diversidade é a ponte para otimizar esse desempenho. Segundo porque essa nova geração de consumidores exige uma transparência na comunicação e possui um “descompromisso” com a cultura binária que forjou nossa sociedade ao longo das décadas. Os jovens não se preocupam em ter, mas em ser. Há uma nova mensagem no mercado e as empresas precisam se conectar a ela. Mais do que nunca, o mundo corporativo precisa usar as diferenças para buscar algo melhor e tentar se inovar. Para nós a diversidade é o futuro, pois ela garante conexões, conexões produzem diálogos e diálogos geram mudanças. Não é possível transformar nada sozinho. E a boa notícia é que ela é um recurso infinito, que está ao nosso lado. É só abrir espaço que ela se manifesta.

A polarização política do país nos últimos anos mostrou que o Brasil tem vários lados e nuances. Sem diversidade, é difícil enxergar isso e, principalmente, como evitar que isso afete os negócios. Independentemente do grupo que estiver no poder, as organizações têm de fazer resultados, seja “apesar disso” ou “a partir disso”. Ao identificar a importância dessa pluralidade fica mais fácil unir esses lados, fazê-los trabalhar juntos e alcançar as metas desejadas.

Costumamos imaginar a diversidade apenas na luta de minorias, mas é algo bem mais amplo. Como citado anteriormente, é uma ponte para enxergar a nossa realidade. Quando incluímos todo mundo em nossa estratégia e garantimos representatividade, chegamos de forma mais rápida e econômica às soluções. E o mais engraçado disso tudo é que, no Brasil, as minorias são na verdade as maiorias. Então, abra espaço para diversidade e deixe sua empresa mais atraente para conquistar mais talentos e novos clientes. E não se sinta atrasado. Melhor começar agora.

Ronaldo Ferreira Júnior é conselheiro da Ampro (Associação das Agências de Live Marketing) e sócio-fundador da um.a #diversidadeCriativa (ronaldo@uma.ag)",uma|mais|é|um|das|os|minorias|bandeira|diversidade|que|para|desejo|se|não|capitalismo
153_12-12-18_21_58.csv,propmark,"Divulgação Danilo Tamashiro, Fernando Favero e Fabrizio BarataFabrizio Barata, que por oito anos esteve à frente do comando da produtora de mídia display Pivot, reuniu Danilo Tamashiro e Fernando Favero para lançar a StormX, negócio focado em soluções personalizadas e em produção para performance.
Danilo Tamashiro e Fernando Favero assumem o comando da produção ao lado de Fabrizio Barata, que após participar do reality show Master Chef, e voltar ao mercado de agências na Tribal Worldwide para atender a operação de performance de Santander, decidiu empreender novamente.
A proposta da StormX é trazer soluções de produção construídas para necessidade de cada cliente, envolvendo cada vez mais as áreas de projetos e criação.
Por isso convoquei Fernando Favero e o Danilo Tamashiro para empreender nesse negócio, aproveitando a enorme qualidade técnica e expertise desses profissionais” conta Fabrizio Barata, sócio e diretor de novos negócios da StormX.
Hoje a StormX tem em seu portfolio clientes como Cheil, Tribal Worldwide, Bold, JWT, Z+, Purple Cow, Maria SP, AlmapBBDO, NeoGama, Wunderman e Vivid Brand.",,"Divulgação Danilo Tamashiro, Fernando Favero e Fabrizio Barata

Fabrizio Barata, que por oito anos esteve à frente do comando da produtora de mídia display Pivot, reuniu Danilo Tamashiro e Fernando Favero para lançar a StormX, negócio focado em soluções personalizadas e em produção para performance.

Danilo Tamashiro e Fernando Favero assumem o comando da produção ao lado de Fabrizio Barata, que após participar do reality show Master Chef, e voltar ao mercado de agências na Tribal Worldwide para atender a operação de performance de Santander, decidiu empreender novamente. A proposta da StormX é trazer soluções de produção construídas para necessidade de cada cliente, envolvendo cada vez mais as áreas de projetos e criação.

“Após voltar a trabalhar dentro de agências, percebi que há ainda gap de mercado no atendimento as demandas dos anunciantes, sabemos que podemos entregar melhor com custos mais justos. Por isso convoquei Fernando Favero e o Danilo Tamashiro para empreender nesse negócio, aproveitando a enorme qualidade técnica e expertise desses profissionais” conta Fabrizio Barata, sócio e diretor de novos negócios da StormX.

Hoje a StormX tem em seu portfolio clientes como Cheil, Tribal Worldwide, Bold, JWT, Z+, Purple Cow, Maria SP, AlmapBBDO, NeoGama, Wunderman e Vivid Brand.

e tem cerca de 20 colaboradores.",tamashiro|lança|em|que|produção|para|fabrizio|stormx|barata|da|favero|fernando|pivot|exsócio
153_12-12-18_21_58.csv,propmark,"Como fazer gasolina?
Como fazer crepioca?
Como fazer bacalhau?
O que éO que é fascismo?
Por que não pode comer carne na Sexta-feira Santa?",,"Reprodução/Youtube Google e as buscas de 2018

O Google anunciou nesta quarta-feira, 12, os resultados das buscas do ano, oferecendo uma perspectiva única das tendências e principais destaques de 2018 baseado nas pesquisas feitas no Brasil.

Este ano, as buscas mostram grande interesse em temas como Copa do Mundo, Eleições e Jair Bolsonaro. Além das listas, o Google também lançou um vídeo emocionante sobre as buscas:

Confira as listas:

Buscas

Copa do Mundo Big Brother Brasil Eleições 2018 Jair Bolsonaro Horário de Brasília Greve dos caminhoneiros Luiz Inácio Lula da Silva Fernando Haddad Copa São Paulo de Futebol Júnior 2018 Stan Lee

Como fazer

Como fazer slime? Como fazer figurinhas no Whatsapp? Como fazer gasolina? Como fazer crepioca? Como fazer perguntas no Instagram? Como fazer bacalhau? Como fazer declaração de Imposto de Renda 2018? Como fazer kefir? Como fazer guacamole? Como fazer pipoca doce?

O que é

O que é fascismo? O que é intervenção militar? O que é lúpulo? O que é Ursal? O que é Corpus Christi? O que é chaira? O que é afonia? O que é momo? O que é Encceja? O que é tuberculose ganglionar?

Por quê?

Por que a guerra na Síria? Por que votar no Bolsonaro? Por que ou porque? Por que não pode comer carne na Sexta-feira Santa? Por que Ibrahimovic não foi convocado? Por que não votar em Bolsonaro? Por que Nadja foi expulsa de A Fazenda? Por que a série Lúcifer foi cancelada? Por que o Amoedo não participa dos debates? Por que quarta-feira de Cinzas?

Acontecimentos

Copa do Mundo Eleições 2018 Greve dos caminhoneiros Copa São Paulo de Futebol Júnior 2018 Campeonato brasileiro Prisão do Lula Horário de verão Caso Vitória Enem 2018 Julgamento do Lula

Celebridades

Sylvester Stallone Pabllo Vittar MC Loma Meghan Markle Roger Waters Letícia Almeida Douglas Sampaio Tata Amaral Cristiane Machado Priscila Tossan

Séries

La Casa de Papel Elite Riverdale Lucifer The 100 O Mecanismo The Good Doctor 3% Westworld Scandal

Programas de TV e novelas

Big Brother Brasil Segundo Sol O Outro Lado do Paraíso Deus Salve o Rei A Fazenda O Tempo não Pára The Voice Brasil As Aventuras de Poliana Orgulho e Paixão Tempo de Amar

Tecnologia

Motorola One iPhone X Zenfone 5 Moto G6 Moto G5 Galaxy J7 Galaxy J4 Galaxy J5 Sarahah iPhone 8 Plus

Esportistas

Kylian Mbappé Philippe Coutinho Henrique Dourado Mohamed Salah João Miranda Roberto Firmino Alisson Becker Douglas Costa Luka Modrić Lyoto Machida

Times da série A

Flamengo Palmeiras Corinthians São Paulo Grêmio Vasco da Gama Cruzeiro Santos Internacional Atlético Mineiro

Mortes

Stan Lee Avicii Mr. Catra XXXTentacion Marielle Franco Nara Almeida Vitória Gabrielly Mac Miller Eduardo Carneiro Anthony Bourdain

Virou meme

Que Tiro Foi Esse Fábio Assunção É verdade esse bilhete Jair Bolsonaro Neymar Jr. Copa do Mundo Dia do Amigo Lula Pikachu Akon

Filmes

A Freira Deadpool 2 Pantera Negra Vingadores: Guerra Infinita Venom Bohemian Rhapsody Um Lugar Silencioso Nasce uma Estrela Os Incríveis 2 Cinquenta Tons de Liberdade

Música (Letras)",não|divulga|2018|é|buscados|que|google|termos|por|bolsonaro|como|foi|mundo|mais|fazer
153_12-12-18_21_58.csv,propmark,"istock/SIphotography Jornalismo em pautaAconteceu nesta quarta-feira, 12, o seminário “Tendências e Perspectivas para o Jornalismo Digital em 2019”, promovido pela Associação Nacional de Jornais (ANJ) e Associação Nacional de Editores de Revistas (ANER).
O primeiro painel, intitulado “O combate à desinformação durante as eleições no Brasil”, levantou a discussão do combate às fake news.
O profissional ressaltou que muito se reclama do Facebook e WhatsApp sobre a falta de iniciativas das plataformas no combate às fake news, mas é preciso lembrar de outro player.
Não era o caso dos sites da Globo, conforme explicou Marcia Menezes, diretora de conteúdo do G1, também presente no painel.
""Audiências tendem a acreditar mais no que circula por suas redes sociais do que em processos legitimados do jornalismo"", afirmou.",,"istock/SIphotography Jornalismo em pauta

Aconteceu nesta quarta-feira, 12, o seminário “Tendências e Perspectivas para o Jornalismo Digital em 2019”, promovido pela Associação Nacional de Jornais (ANJ) e Associação Nacional de Editores de Revistas (ANER).

Um dos objetivos era refletir sobre as principais questões de estratégia digital que ocuparam a imprensa em 2018 e projetar temas que merecerão atenção do setor em 2019. O primeiro painel, intitulado “O combate à desinformação durante as eleições no Brasil”, levantou a discussão do combate às fake news.

Um dos presentes foi Sérgio Lüdtke, editor-chefe do Projeto Comprova, que lutou contra as notícias falsas durante o pleito de 2018. O profissional ressaltou que muito se reclama do Facebook e WhatsApp sobre a falta de iniciativas das plataformas no combate às fake news, mas é preciso lembrar de outro player. ""O Youtube precisa ser muito mais cobrado pela disseminação da desinformação"", comentou.

Outro alerta feito por Lüdtke foi o fato de que muitos jornais grandes pedem que o público se informe, mas fecham o conteúdo por meio do paywall. Não era o caso dos sites da Globo, conforme explicou Marcia Menezes, diretora de conteúdo do G1, também presente no painel. ""Publicávamos as matérias do Fato ou Fake fora do paywall. Até mesmo em O Globo"", explicou.

Beth Saad, pesquisadora de comunicações e estratégias digitais da ECA/USP, deu uma visão mais acadêmica para o bate-papo. ""Audiências tendem a acreditar mais no que circula por suas redes sociais do que em processos legitimados do jornalismo"", afirmou. Por isso mesmo, os desafios para o futuro são diversos.

""Os cidadãos precisam estar capacitados para decodificar as artimanhas da mentira. O jornalismo tem parte nisso"", analisou o editor do Comprova. Sérgio também crê que todos devem ser educados como mídia. O cidadão precisa assumir/saber qual a responsabilidade dele com a disseminação de informações falsas.

""Nós, jornalistas, precisamos levar essa discussão para a sociedade"", finalizou.",anj|é|destaque|dos|combate|em|que|por|para|jornalismo|evento|às|da|mais|fake
153_12-12-18_21_58.csv,propmark,"Em ação para comunicar novidades como as novas funções de débito e saque, o Nubank deu acesso a diversos clientes para uma exposição na Pinacoteca do Estado, em São Paulo.
Em um manifesto pelo fim da burocracia no sistema bancário, a empresa transformou a porta-giratória, típica das entradas de agências, em uma peça de museu.
A repaginação do objeto acompanha o lançamento das novas funções, que estavam entre as mais solicitadas pelas pessoas.
As peças contam com um design minimalista, cujo foco principal é a obra exposta no museu.
Divulgação Porta-giratória de museu foi criada pela in-house agency do Nubank",,"Em ação para comunicar novidades como as novas funções de débito e saque, o Nubank deu acesso a diversos clientes para uma exposição na Pinacoteca do Estado, em São Paulo. Em um manifesto pelo fim da burocracia no sistema bancário, a empresa transformou a porta-giratória, típica das entradas de agências, em uma peça de museu. A repaginação do objeto acompanha o lançamento das novas funções, que estavam entre as mais solicitadas pelas pessoas. A criação foi da in-house agency do Nubank.



""A porta-giratória simboliza toda a complexidade que queremos combater. Ela é a primeira barreira que os brasileiros encontram numa agência ao tentar se inserir no sistema bancário e, com a NuConta ficando cada dia mais completa, pretendemos aposentá-la de vez e deixar esse caminho livre para as pessoas."", explica Cristina Junqueira, cofundadora do Nubank.



A identidade visual da campanha seguiu a estética das exposições de arte. As peças contam com um design minimalista, cujo foco principal é a obra exposta no museu. O material ainda será desdobrado em ativações nas redes sociais. ""Com o lançamento das funções de débito e saque da NuConta, todo mundo vai poder enfim deixar a porta-giratória no passado, como uma lembrança de outra vida, e utilizar um serviço feito para os dias de hoje”, provoca Cristina.





Divulgação Porta-giratória de museu foi criada pela in-house agency do Nubank",uma|portagiratória|transforma|peça|um|das|em|que|para|nubank|museu|da|funções
153_12-12-18_21_58.csv,propmark,"O novo movimento sinaliza o lançamento do projeto BuzzFeed Connections, um novo laboratório de conteúdo social.
O BuzzFeed Connections terá uma equipe dedicada de doze especialistas de conteúdo, incluindo jornalistas, videomakers, webdesigners, entre outros.
“Nós criamos o modelo de parceria do BuzzFeed Connections de acordo com nossas ambições de diversificar estrategicamente nossa contribuição com o mercado e criar soluções inovadoras para os nossos clientes"", comenta Luciana Rodrigues, gerente geral do BuzzFeed Brasil.
“Além da óbvia conotação de excelência, a inédita parceria entre a F/Nazca e o BuzzFeed pontua um novo capítulo na história da comunicação.
Vamos trabalhar a quatro mãos, garantindo conteúdo verdadeiramente orientado para o negócio dos nossos clientes, com uma equipe estratégica 100% dedicada às oportunidades e ao momento de cada uma de nossas marcas”, disse Fabio Fernandes, presidente e CCO da F/Nazca Saatchi & Saatchi.",,"O novo movimento sinaliza o lançamento do projeto BuzzFeed Connections, um novo laboratório de conteúdo social. Na prática, todo o poder de curadoria e produção da plataforma, principalmente nas redes sociais, poderá ser utilizado pela agência para desenvolver peças criativas para clientes como Trident, Skol e Shell.

A ideia é que o novo núcleo do veículo auxilie o trabalho de outras agências no futuro. O BuzzFeed Connections terá uma equipe dedicada de doze especialistas de conteúdo, incluindo jornalistas, videomakers, webdesigners, entre outros. Esse time irá aprender por meio das ferramentas de tecnologia, dados e insights editoriais do BuzzFeed a criar conteúdo com conexão humana no Facebook, Twitter, Instagram, Pinterest e outras plataformas em nome de clientes selecionados da F/Nazca Saatchi & Saatchi, envolvendo seu público e seus seguidores online.

“Nós criamos o modelo de parceria do BuzzFeed Connections de acordo com nossas ambições de diversificar estrategicamente nossa contribuição com o mercado e criar soluções inovadoras para os nossos clientes"", comenta Luciana Rodrigues, gerente geral do BuzzFeed Brasil. ""Como líderes na geração de conexões humanas autênticas para marcas na área de conteúdo social, temos o prazer de compartilhar nosso learnings com alguns dos principais clientes da F/Nazca Saatchi & Saatchi e preparar a próxima geração de criadores de conteúdo"", conclui a executiva.

“Além da óbvia conotação de excelência, a inédita parceria entre a F/Nazca e o BuzzFeed pontua um novo capítulo na história da comunicação. O resultado será uma entrega de conteúdo ainda mais inovadora para nossos clientes e uma transformação profunda no jeito de pensar e criar para o ambiente digital. Vamos trabalhar a quatro mãos, garantindo conteúdo verdadeiramente orientado para o negócio dos nossos clientes, com uma equipe estratégica 100% dedicada às oportunidades e ao momento de cada uma de nossas marcas”, disse Fabio Fernandes, presidente e CCO da F/Nazca Saatchi & Saatchi.

O BuzzFeed Connections tem o lançamento marcado para Janeiro de 2019.",buzzfeed|uma|conteúdo|anuncia|novo|fnazca|para|clientes|saatchi|com|da|inédita|parceria
153_12-12-18_21_58.csv,propmark,"Divulgação Mauro Arruda e Diego FreitasCom apenas três meses e atuação no Brasil, a FCB Health já conquista o primeiro cliente local.
A Nestlé Health Science escolheu a agência para um inédito projeto anual de comunicação de sua divisão Medical Nutrition, focado no portfólio de nutrição enteral.
Pela primeira vez, os canais hospitalar e extra-hospitalar da Nestlé Health Science receberão abordagens estrategicamente distintas, unidas pelo conceito ""A Nutrição nos Conecta"", criado pela FCB Health.
Na nutrição médica não pode ser diferente"", diz Diego Freitas, ECD e co-managing director da FCB Health.
Estamos entusiasmadas com as oportunidades que a agência nos trouxe"", afirma Adriana Dias, gerente de marketing institucional da Nestlé Health Science.",,"Divulgação Mauro Arruda e Diego Freitas

Com apenas três meses e atuação no Brasil, a FCB Health já conquista o primeiro cliente local. A Nestlé Health Science escolheu a agência para um inédito projeto anual de comunicação de sua divisão Medical Nutrition, focado no portfólio de nutrição enteral. Pela primeira vez, os canais hospitalar e extra-hospitalar da Nestlé Health Science receberão abordagens estrategicamente distintas, unidas pelo conceito ""A Nutrição nos Conecta"", criado pela FCB Health.

""Desde o útero, por meio do cordão umbilical, e em todos os momentos marcantes da vida, a nutrição aproxima e cria vínculos. Na nutrição médica não pode ser diferente"", diz Diego Freitas, ECD e co-managing director da FCB Health.

A agência mapeou as diferentes jornadas de paciente e propôs uma solução integrada de promoção, serviços e educação. ""É realmente uma quebra de paradigmas neste mercado, em que modernas abordagens de health economics são decisivas para a percepção de valor das nossas marcas. Estamos entusiasmadas com as oportunidades que a agência nos trouxe"", afirma Adriana Dias, gerente de marketing institucional da Nestlé Health Science.",concorrência|uma|pela|health|por|nestlé|que|fcb|agência|nutrição|science|da|vence
153_12-12-18_21_58.csv,propmark,"Divulgação Novas caras da Crispin Porter + Bogusky BrasilA agência anunciou a contratação de quatro profissionais para sua criação: os redatores Thomas Davini (ex-Isobar) e Michelle Mondrzejewski (ex-Leo Burnett Tailor Made) e os assistentes de arte Ryan Machado (ex-McCann) e Marcio Quintão (ex-Casasanto).
Já no planejamento, chegam para reforçar o time o gerente Gabriel Guerra (ex-Ogilvy Brasil), o supervisor Diego Santos (ex-Wieden+Kennedy) e a supervisora de redes sociais Fernanda Almeida (ex-Wieden+Kennedy).
Camila Takahara (ex-Young & Rubicam) chega como assistente de atendimento e Luiza Slaviero (ex-AlmapBBDO) como supervisora de mídia.
Carolina Kawaura (ex-Bradesco) é a nova recepcionista.",,"Divulgação Novas caras da Crispin Porter + Bogusky Brasil

A agência anunciou a contratação de quatro profissionais para sua criação: os redatores Thomas Davini (ex-Isobar) e Michelle Mondrzejewski (ex-Leo Burnett Tailor Made) e os assistentes de arte Ryan Machado (ex-McCann) e Marcio Quintão (ex-Casasanto).

Já no planejamento, chegam para reforçar o time o gerente Gabriel Guerra (ex-Ogilvy Brasil), o supervisor Diego Santos (ex-Wieden+Kennedy) e a supervisora de redes sociais Fernanda Almeida (ex-Wieden+Kennedy). Camila Takahara (ex-Young & Rubicam) chega como assistente de atendimento e Luiza Slaviero (ex-AlmapBBDO) como supervisora de mídia. Carolina Kawaura (ex-Bradesco) é a nova recepcionista.",planejamento|cpb|exwiedenkennedy|mídia|atendimento|supervisora|os|é|supervisor|thomas|para|criação|como|reforça|tailor|takahara|brasil
153_12-12-18_21_58.csv,propmark,"oElNino/ iStockDurante um encontro na manhã desta quarta-feira (12), em São Paulo, a F/Nazca anunciou algumas novidades.
Entre elas, a informação de que será a mais nova agência de propaganda do BTG Pactual.
A conta estava desde o ano passado na agência Tech and Soul, criada em 2017 pelos sócios Claudio Kalim (ex-diretor geral da Africa Zero), Flavio Waiteman (ex-diretor nacional de criação da Escala) e Fernando Amino (ex-diretor de atendimento da Escala São Paulo).
""É uma marca espetacular e com um crescimento absurdo.
Estamos muito felizes com essa conquista"", comentou Fabio Fernandes, presidente e CCO da F/Nazca.",,"oElNino/ iStock

Durante um encontro na manhã desta quarta-feira (12), em São Paulo, a F/Nazca anunciou algumas novidades. Entre elas, a informação de que será a mais nova agência de propaganda do BTG Pactual. O contrato vale para institucional e digital.

A conquista se deu após um rápido processo de concorrência, que levou aproximadamente 15 dias e envolveu também Moma, We e J. Walter Thompson.

A conta estava desde o ano passado na agência Tech and Soul, criada em 2017 pelos sócios Claudio Kalim (ex-diretor geral da Africa Zero), Flavio Waiteman (ex-diretor nacional de criação da Escala) e Fernando Amino (ex-diretor de atendimento da Escala São Paulo).

""É uma marca espetacular e com um crescimento absurdo. Vão buscar emparelhar com outros bancos. O BTG passou há algum tempo a ser mais do que investimento. Estamos muito felizes com essa conquista"", comentou Fabio Fernandes, presidente e CCO da F/Nazca.",escala|pactual|são|conta|integrada|um|conquista|exdiretor|fnazca|que|em|banco|btg|com|da|mais
153_12-12-18_21_58.csv,propmark,"Divulgação Os 6 TenoresInovação, criatividade, tendências, desafios e perspectivas.
Estes são alguns temas no repertório de Os 6 Tenores, evento que vai reunir grandes nomes da publicidade brasileira.
Estarão presentes José Victor Oliva, Nizan Guanaes, Washington Olivetto, Sergio Amado, Sergio Godilho e Sergio Valente.
Será a primeira edição do evento que acontece no dia 17 de dezembro, em Salvador, no Cerimonial Rainha Leonor, na Pupileira.
O sexteto vai falar sobre desafios, tendências, oportunidades, cases, criatividade e inovação.",,"Divulgação Os 6 Tenores

Inovação, criatividade, tendências, desafios e perspectivas. Estes são alguns temas no repertório de Os 6 Tenores, evento que vai reunir grandes nomes da publicidade brasileira. Estarão presentes José Victor Oliva, Nizan Guanaes, Washington Olivetto, Sergio Amado, Sergio Godilho e Sergio Valente. Será a primeira edição do evento que acontece no dia 17 de dezembro, em Salvador, no Cerimonial Rainha Leonor, na Pupileira. O primeiro lote já está à venda no Sympla por R$150,00 (inteira), R$75,00 (estudante) e R$200,00 (área business).

Assinado pela Licia Fabio Produções, o evento conta com o patrocínio da água de coco Obrigado e Tivoli Ecoresort Praia do Forte, Shopping da Bahia, NET e conta com o apoio da Perini, LM, Rede Bahia, Hotel Fera Palace, Uranus 2 e das instituições Bons Negócios, ABAP, ABMP, SINAPRO e Fecomercio

O público terá a oportunidade de participar do bate-papo com os profissionais que transformaram e modernizaram a publicidade brasileira e arremataram prêmios nacionais e mundiais. O sexteto vai falar sobre desafios, tendências, oportunidades, cases, criatividade e inovação.

Mais informações neste link.",olivetto|amado|oliva|valente|sergio|nizan|vai|tendências|os|que|publicidade|gordilho|desafios|evento|com|da|se|reúnem
