Timestamp,Source,Summary,Authors,Text,Keywords
17_12-12-18_13_06.csv,diretodoplanalto,"Você lembra como estava o mercado da bola em 2008?
Para refrescar sua memória, oresolver vasculhar os noticiários da época e te mostrar quais foram as movimentações do mercado entre os principais clubes do Brasil no período.OBSERVAÇÃO: Foram levadas em consideração as contratações anunciadas pelos clubes ou noticiadas pela imprensa de 09 de dezembro de 2008 a 1 de março de 2009.",,"Você lembra como estava o mercado da bola em 2008? Para refrescar sua memória, oresolver vasculhar os noticiários da época e te mostrar quais foram as movimentações do mercado entre os principais clubes do Brasil no período.OBSERVAÇÃO: Foram levadas em consideração as contratações anunciadas pelos clubes ou noticiadas pela imprensa de 09 de dezembro de 2008 a 1 de março de 2009. Confira:",vasculhar|clubes|há|bola|exatos|os|em|anos|estava|como|você|da|foram|mercado|2008|época
17_12-12-18_13_06.csv,diretodoplanalto,"A Câmara Municipal de São Luís do Maranhão, espera divulgar edital até sexta.
É especulado que o certante ofereça entre 115 e 125 vagas, entre nível médio e superior, com salários de até R$ 6 mil reais.
Social – Rádio – 2 vagas, Téc.
Social – Relações Públicas – 4 vagas, Téc.
em Informática – 6 vagas, Téc.",,"A Câmara Municipal de São Luís do Maranhão, espera divulgar edital até sexta. Segundo a comissão organizadora, o atraso se deve por “ajustes internos” para evitar que o documento seja impugnado pela justiça por algum erro.





É especulado que o certante ofereça entre 115 e 125 vagas, entre nível médio e superior, com salários de até R$ 6 mil reais. O projeto de lei que autorizou a realização do concurso foi aprovado em setembro de 2018.





A primeira publicação da Câmara, que aprovou o concurso, divulgou as vagas:

Nível Médio: Assistente administrativo – 25 vagas, Técnico em Comunicação Social – Repórter Fotográfico – 2 vagas, Téc. em Com. Social – Divulgação Institucional – 2 vagas, Téc. em Com. Social – Rádio – 2 vagas, Téc. em Com. Social – Relações Públicas – 4 vagas, Téc. em Com. Social – Televisão – 2 vagas, Téc. em Informática – 6 vagas, Téc. em Assessoramento legislativo – 17 vagas, Total: 60 vagas





Nível Superior: Administrador – 3 vagas, Procurador – 2 vagas, Analista de Informática Legislativa – 4 vagas, Analista Legislativo – 16 vagas, Assistente Social – 2 vagas, Bibliotecário – 2 vagas, Contador – 2 vagas, Engenheiro Civil – 2 vagas, Historiador – 2 vagas, Jornalista – 8 vagas, Psicólogo – 2 vagas, Radialista – 4 vagas, Relações Públicas – 2 vagas, Tecnólogo em Recursos Humanos – 3 vagas, Arquiteto – 2 vagas.



",municipal|que|vagasnível|são|câmara|espera|em|social|edital|públicas|divulgar|maranhão|com|até|luís|téc|relações|superior|vagas|sexta
17_12-12-18_13_06.csv,diretodoplanalto,"No caso de Sena Madureira, os recursos irão ser usados para a construção de uma nova escola, a Raimundo Hermínio de Melo, que irá receber 473 alunos do ensino fundamental, 268 do ensino médio, além de 192 alunos da escola Hermínio de Melo que será desativada.
“A nova escola terá capacidade total para atender 780 alunos em dois turnos, beneficiando moradores dos bairros São Felipe, Cristo libertador e Triângulo.
Os recursos chegam em boa hora para que possamos atender esses alunos de uma área carente de escolas no município”, disse o secretário Cirleudo Alencar.",,"No caso de Sena Madureira, os recursos irão ser usados para a construção de uma nova escola, a Raimundo Hermínio de Melo, que irá receber 473 alunos do ensino fundamental, 268 do ensino médio, além de 192 alunos da escola Hermínio de Melo que será desativada. “A nova escola terá capacidade total para atender 780 alunos em dois turnos, beneficiando moradores dos bairros São Felipe, Cristo libertador e Triângulo. Os recursos chegam em boa hora para que possamos atender esses alunos de uma área carente de escolas no município”, disse o secretário Cirleudo Alencar.",fnde|uma|rio|garante|os|recursos|madureira|escola|que|alunos|para|escolas|melo|sena|hermínio|nova|xapuri|rick
17_12-12-18_13_06.csv,diretodoplanalto,"“Nos sentimos lisonjeados em receber este prêmio, e isso nos motiva ainda mais para continuar trabalhando em favor do nosso povo.
Para o ano de 2019, nós temos muitos sonhos e queremos realizar todos eles.
Não tenho dúvidas que o Gladson continuará dando o seu melhor”, comentou Ana Paula.",,"“Nos sentimos lisonjeados em receber este prêmio, e isso nos motiva ainda mais para continuar trabalhando em favor do nosso povo. Para o ano de 2019, nós temos muitos sonhos e queremos realizar todos eles. Não tenho dúvidas que o Gladson continuará dando o seu melhor”, comentou Ana Paula.",sonhos|trabalhando|em|temos|nos|ao|para|recebe|todos|tenho|gladson|reconhecimento|trabalho|sentimos|ana|seu|homenagem|cameli|paula
17_12-12-18_13_06.csv,diretodoplanalto,"O Atlético-PR está na final após ter eliminado o argentino Newell's Old Boys, o uruguaio Peñarol, o venezuelano Caracas e os brasileiros Bahia e Fluminense.
Provável Atlético-PR para o duelo com o Junior Barranquilla — Foto: GloboEsporte.comJunior Barranquilla - Julio ComesañaO Junior Barranquilla conta com as voltas do lateral-esquerdo Fuentes e do atacante Téo Gutiérrez - este é o capitão, artilheiro e líder do grupo.
Provável Junior Barranquilla para o duelo com o Atlético-PR — Foto: GloboEsporte.comRoberto Tobar (CHI) apita Atlético-PR x Junior Barranquilla, com Christian Schiemann (CHI) e Claudio Rios (CHI) nas bandeiras.
Provável Atlético-PR para o duelo com o Junior Barranquilla — Foto: GloboEsporte.comJunior Barranquilla - Julio ComesañaO Junior Barranquilla conta com as voltas do lateral-esquerdo Fuentes e do atacante Téo Gutiérrez - este é o capitão, artilheiro e líder do grupo.
Atlético-PR e Junior Barranquilla decidem quem será o campeão da Copa Sul-Americana de 2018.",,"



Atlético-PR lançou novo escudo, novo nome e nova camisa em evento nesta terça-feira — Foto: Monique Silva





O novo Athletico ainda entra em campo com o nome e sua identidade visual antiga, mas o jogo promete ter tudo o que uma decisão pede: casa cheia, festa das torcidas e dois times motivados em busca de um título inédito. A conquista vale uma premiação milionária, além de vagas na Libertadores (o Junior já está classificado), na Recopa e na Copa Suruga.





O Atlético-PR está na final após ter eliminado o argentino Newell's Old Boys, o uruguaio Peñarol, o venezuelano Caracas e os brasileiros Bahia e Fluminense. Já o Junior teve que superar três argentinos (Lanús, Colón e Defensa Y Justicia) e um colombiano (o Santa Fe).





Transmissão: TV Globo para PR (Cleber Machado, Caio Ribeiro e Cristian Toledo) e SporTV (Gustavo Villani, PC Vasconcellos e Ricardinho).







Tempo Real: o GloboEsporte.com acompanha tudo em Tempo Real a partir de 19h45 desta quarta-feira.















Atlético-PR - Tiago Nunes









O atacante Pablo não está 100% por conta de dores na panturrilha, mas deve ir para o jogo. Caso ele não tenha condições, Rony e Bergson são as opções para o comando de ataque. A tendência, porém, é que o comandante rubro-negro repita a escalação do empate na Colômbia. O Atlético-PR, portanto, deve ter Santos; Jonathan, Thiago Heleno, Léo Pereira e Renan Lodi; Lucho González, Bruno Guimarães e Raphael Veiga; Marcelo, Nikão e Pablo (Rony).





Quem está fora: os meias Bruno Nazário e Guilherme estão machucados; não há jogadores suspensos.

Atlético-PR lançou novo escudo, novo nome e nova camisa em evento nesta terça-feira — Foto: Monique SilvaO novo Athletico ainda entra em campo com o nome e sua identidade visual antiga, mas o jogo promete ter tudo o que uma decisão pede: casa cheia, festa das torcidas e dois times motivados em busca de um título inédito. A conquista vale uma premiação milionária, além de vagas na Libertadores (o Junior já está classificado), na Recopa e na Copa Suruga.O Atlético-PR está na final após ter eliminado o argentino Newell's Old Boys, o uruguaio Peñarol, o venezuelano Caracas e os brasileiros Bahia e Fluminense. Já o Junior teve que superar três argentinos (Lanús, Colón e Defensa Y Justicia) e um colombiano (o Santa Fe).Transmissão: TV Globo para PR (Cleber Machado, Caio Ribeiro e Cristian Toledo) e SporTV (Gustavo Villani, PC Vasconcellos e Ricardinho).Tempo Real: o GloboEsporte.com acompanha tudo em Tempo Real a partir de 19h45 desta quarta-feira.Atlético-PR - Tiago NunesO atacante Pablo não está 100% por conta de dores na panturrilha, mas deve ir para o jogo. Caso ele não tenha condições, Rony e Bergson são as opções para o comando de ataque. A tendência, porém, é que o comandante rubro-negro repita a escalação do empate na Colômbia. O Atlético-PR, portanto, deve ter Santos; Jonathan, Thiago Heleno, Léo Pereira e Renan Lodi; Lucho González, Bruno Guimarães e Raphael Veiga; Marcelo, Nikão e Pablo (Rony).Quem está fora: os meias Bruno Nazário e Guilherme estão machucados; não há jogadores suspensos.





Provável Atlético-PR para o duelo com o Junior Barranquilla — Foto: GloboEsporte.com











Junior Barranquilla - Julio Comesaña









O Junior Barranquilla conta com as voltas do lateral-esquerdo Fuentes e do atacante Téo Gutiérrez - este é o capitão, artilheiro e líder do grupo. Eles devem substituir Germán Gutiérrez e Yony González, respectivamente. O resto do time deve ser o mesmo do jogo de ida. Ou seja, o Junior deve entrar em campo com Sebastián Viera; Piedrahita, Jefferson Gómez, Rafael Pérez e Fuentes; Luis Narváez, James Sánchez, Cantillo; Barrera; Luis Díaz e Téo Gutiérrez.





Quem está fora: o zagueiro Ditta (lesão no tornozelo) e o volante Pico (lesão no braço) - desfalques já no jogo de ida - seguem machucados.





Provável Junior Barranquilla para o duelo com o Atlético-PR — Foto: GloboEsporte.com













Roberto Tobar (CHI) apita Atlético-PR x Junior Barranquilla, com Christian Schiemann (CHI) e Claudio Rios (CHI) nas bandeiras. Roddy Zambrano (EQU) será o quarto árbitro, e Julio Bascuñan (CHI), o árbitro de vídeo. Provável Atlético-PR para o duelo com o Junior Barranquilla — Foto: GloboEsporte.comJunior Barranquilla - Julio ComesañaO Junior Barranquilla conta com as voltas do lateral-esquerdo Fuentes e do atacante Téo Gutiérrez - este é o capitão, artilheiro e líder do grupo. Eles devem substituir Germán Gutiérrez e Yony González, respectivamente. O resto do time deve ser o mesmo do jogo de ida. Ou seja, o Junior deve entrar em campo com Sebastián Viera; Piedrahita, Jefferson Gómez, Rafael Pérez e Fuentes; Luis Narváez, James Sánchez, Cantillo; Barrera; Luis Díaz e Téo Gutiérrez.Quem está fora: o zagueiro Ditta (lesão no tornozelo) e o volante Pico (lesão no braço) - desfalques já no jogo de ida - seguem machucados.Provável Junior Barranquilla para o duelo com o Atlético-PR — Foto: GloboEsporte.comRoberto Tobar (CHI) apita Atlético-PR x Junior Barranquilla, com Christian Schiemann (CHI) e Claudio Rios (CHI) nas bandeiras. Roddy Zambrano (EQU) será o quarto árbitro, e Julio Bascuñan (CHI), o árbitro de vídeo.

Atlético-PR e Junior Barranquilla decidem quem será o campeão da Copa Sul-Americana de 2018. A partida está marcada para 21h45 (horário de Brasília) desta quarta-feira, na Arena da Baixada. Os times vêm de empate por 1 a 1 na Colômbia. Portanto, quem vencer fica com a taça. Empate leva para prorrogação e, se necessário, para pênaltis.A final é um dia após o Furacão provocar um ""terremoto"" e anunciar uma grande novidade, que é a mudança de escudo, de uniforme e até do nome, que agora assume um ""H"".",mudança|após|deve|junior|jogo|está|escudo|em|que|para|faz|contra|com|final|nome|júnior|barranquilla|atléticopr
17_12-12-18_13_06.csv,diretodoplanalto,,,,vídeo|em|dep|aula|doutrinação|sobre|sala|veja|fala|rick
17_12-12-18_13_06.csv,diretodoplanalto,"Todas as seleções são referentes a Universidade Federal de Mato Grosso do SulAs inscrições para três processos seletivos da UFMS (Universidade Federal de Mato Grosso do Sul) se encerram nesta quarta-feira (12).
UFMS - Universidade Federal de Mato Grosso do Sul retificou edital do Processo Seletivo para 72 vagas no cargo de professor substituto, no Campus de Três Lagoas.
As vagas passaram a ser para Clínica Médica/Pediatria (1) e Ciência da Computação/Sistemas de Informação (2).
A carga horária será de 20h semanais e o salário varia entre R$ 2.236,31 e R$ 3.678,83.
Sendo assim para 20h trabalhadas o valor a ser recebido é de R$ 2.236,31 podendo chegar à R$ 3.678,83 e para 40h o valor é de R$ 3.126,31 até R$ 6.244,68 conforme a titulação.",,"Todas as seleções são referentes a Universidade Federal de Mato Grosso do Sul

As inscrições para três processos seletivos da UFMS (Universidade Federal de Mato Grosso do Sul) se encerram nesta quarta-feira (12). Os salários chegam a R$ 6,2 mil.





UFMS - Universidade Federal de Mato Grosso do Sul retificou edital do Processo Seletivo para 72 vagas no cargo de professor substituto, no Campus de Três Lagoas. As inscrições se encerram nesta quarta-feira.





As vagas passaram a ser para Clínica Médica/Pediatria (1) e Ciência da Computação/Sistemas de Informação (2). Os candidatos devem ser Especialista e terem Mestrado ou Doutorado.





O salário base varia entre R$ 2.236,31 a R$ 6.244,68, de acordo com o total de horas trabalhadas, podendo ser de 20 a 40 horas semanais e titulação do candidato. Os profissionais ainda irão receber auxílio-alimentação que pode ir de R$ 229,00 a R$ 458,00.





UFMS - A Universidade também encerra nesta quarta, o processo seletivo para contratar um professor substituto, que atuará na Unidade Famed, na área de Medicina: Patologia. A carga horária será de 20h semanais e o salário varia entre R$ 2.236,31 e R$ 3.678,83.





Inscrições devem ser feitas, presencialmente, na Coordenação Administrativa da Faculdade de Medicina da UFMS, Unidade IX-A, das 9h às 11h30 e das 15h às 17h30.





UFMS – Foi retificado o processo seletivo de professor substituto, para atuar nos Campi de Campo Grande, Aquidauana, Corumbá, Chapadão do Sul, Nova Andradina, Paranaíba e Três Lagoas, no 1º semestre letivo do ano de 2019.





Houve a alteração, no quantitativo de vagas na área de Ciências da Computação - Sistemas de Informação, e a correção da nomenclatura da área de Clinica Médica - Pediatria do Campus de Três Lagoas.





Ao todo são 74 vagas. Os interessados devem ter doutorado, mestrado ou especialista de acordo com a área escolhida pelo candidato. A renumeração varia de acordo com as horas trabalhadas e a retribuição de titulação.





Sendo assim para 20h trabalhadas o valor a ser recebido é de R$ 2.236,31 podendo chegar à R$ 3.678,83 e para 40h o valor é de R$ 3.126,31 até R$ 6.244,68 conforme a titulação.





Fonte: campograndenews Por: Danielle Valentim







",universidade|varia|nesta|mil|ser|salários|três|r|os|vagas|para|inscrições|quartafeira|da|se|área|encerram
17_12-12-18_13_06.csv,diretodoplanalto,"causou mais revolta aos INTERNAUTAS, do que a da IDOSA, ANTONIA CONCEIÇÃO DA SILVA, de 106 anos de idade, também morta á pauladas no interior de sua residência.
A comoção nas REDES SOCIAIS, através de milhares de compartilhamentos e engajamentos, mostrou que a morte de uma CACHORRA, vitima de golpes com uma barra de ferro de um Segurança do CARREFOUR da Cidade de Osasco em SÃO PAULO,",,"causou mais revolta aos INTERNAUTAS, do que a da IDOSA, ANTONIA CONCEIÇÃO DA SILVA, de 106 anos de idade, também morta á pauladas no interior de sua residência.

A comoção nas REDES SOCIAIS, através de milhares de compartilhamentos e engajamentos, mostrou que a morte de uma CACHORRA, vitima de golpes com uma barra de ferro de um Segurança do CARREFOUR da Cidade de Osasco em SÃO PAULO,",uma|são|sua|um|á|por|que|morte|idosa|vitima|também|da|morta|mais|pauladas|sociais
17_12-12-18_13_06.csv,diretodoplanalto,"Os médicos brasileiros formados no exterior estão enfrentando dificuldades para efetuar a inscrição ao Programa Mais Médicos para oBrasil.
De acordo com os profissionais, a página do site do Ministério da Saúde trava a todo instante porque não suporta o volume de tentativas para formalizar as inscrições que começaram hoje e vão até sexta-feira próxima.",,"Os médicos brasileiros formados no exterior estão enfrentando dificuldades para efetuar a inscrição ao Programa Mais Médicos para oBrasil. De acordo com os profissionais, a página do site do Ministério da Saúde trava a todo instante porque não suporta o volume de tentativas para formalizar as inscrições que começaram hoje e vão até sexta-feira próxima.",vão|volume|trava|os|enfrentam|todo|para|brasileiros|site|realizar|médicos|tentativas|inscrições|mais|dificuldades|suporta
17_12-12-18_13_06.csv,diretodoplanalto,"Com o segundo fórum, a União Europeia também quer continuar oferecendo uma maior variedade de produtos aos importadores europeus, expandindo a sua rede com produtores brasileiros, além de ampliar a seleção de mercadorias para os seus consumidores.
O evento permite o estabelecimento de novos canais de comércio por meio da promoção de atividades econômicas mais sustentáveis para os pequenos produtores no Brasil, com destaque especial para as mulheres produtoras, dotando-as de ferramentas para o seu empoderamento.",,"Com o segundo fórum, a União Europeia também quer continuar oferecendo uma maior variedade de produtos aos importadores europeus, expandindo a sua rede com produtores brasileiros, além de ampliar a seleção de mercadorias para os seus consumidores. O evento permite o estabelecimento de novos canais de comércio por meio da promoção de atividades econômicas mais sustentáveis para os pequenos produtores no Brasil, com destaque especial para as mulheres produtoras, dotando-as de ferramentas para o seu empoderamento.",uma|acreanos|fórum|europeia|variedade|sua|os|destaque|sustentáveis|em|união|para|também|com|produtos|da|brasil|produtores
