Timestamp,Source,Summary,Authors,Text,Keywords
18_12-12-18_13_07.csv,emtemporeal,"A ascensão de Jair Bolsonaro à Presidência da República provocou histeria nos intelectuais da chamada esquerda.
“Por trás dele [Bolsonaro]”, prossegue, há “uma estrutura de pensamento muito coerente, em que se articulam corrupção, comunismo e perversão moral [sic]”.
Sua retórica bélica fertiliza o pensamento acadêmico e midiático amplamente hostil a tudo que não provenha dos alfarrábios da sinistra.
A diferença, evidente diante do apego mínimo à lógica, é que nem PT nem PSDB debelaram o crime organizado.
Se Bolsonaro acredita que o apoio de 57,7 milhões de eleitores é salvo-conduto à violência, à corrupção e à ditadura, é preciso esperar.",Itamar Garcez,"A ascensão de Jair Bolsonaro à Presidência da República provocou histeria nos intelectuais da chamada esquerda. Diante da desconcertante simplificação da realidade por parte do capitão reformado, a elite acadêmica tem reagido com espasmos carentes de razão.

As análises dos críticos anteveem tempos sombrios sob o futuro mandatário. “Bolsonaro aquece os aviões para o bombardeio das cidadelas democráticas”, escreveu um jornalista e professor da USP.

Para um sociólogo da PUC, estamos “condenados em meio às trevas” e, talvez por isto, precisamos de um “sistema de defesa contra a barbárie”. Uma brasilianista faz coro às previsões catastróficas.

“Bolsonaro anunciou gatilhos que vão fazer disparar essa taxa [de mortalidade]”, prevê. “Por trás dele [Bolsonaro]”, prossegue, há “uma estrutura de pensamento muito coerente, em que se articulam corrupção, comunismo e perversão moral [sic]”.

O “Brasil transita em direção a uma cultura da violência”, escreve outro professor da USP. Tudo isto se junta aos prognósticos daqui e d’além-mares que veem a democracia brasiliana ameaçada.

“Ele é um risco à democracia brasileira”, convergem, em uníssono. E não faltam, claro, as indefectíveis comparações com Hitler.

Estado controlador

Mídia e cientistas políticos costumam errar previsões. Talvez acertem desta vez, mas poderiam ser mais convincentes se fossem mais honestos intelectualmente.

Verdade que o futuro presidente do Brasil dá vazão ao alarmismo. Sua retórica bélica fertiliza o pensamento acadêmico e midiático amplamente hostil a tudo que não provenha dos alfarrábios da sinistra.

Em suas análises, esses prestidigitadores descrevem Bolsonaro como um tirano que implantará a autocracia no Brasil. Desprezam o fato de que o contraponto eleitoral no segundo turno não era uma opção virtuosa.

O que grassa hoje no Brasil, passados 23 anos em que o eleitor elegeu a esquerda para governá-lo, é a explosão da violência e da corrupção nunca antes vistas – contra as quais o capitão prometeu insurgir-se. Ao mesmo tempo, a tendência atávica ao autoritarismo de parte da chamada esquerda se consubstancia no inchaço da máquina estatal, aparelhada para tudo controlar.

Estado grande é Estado controlador – cerne do pensamento da sinistra, que considera todos, menos os camaradas, incapazes de se autogerirem. Justiça aqui ao PSDB, que, ao vender parte do patrimônio público, se desprendeu da esquerda conservadora.

Patrimônio que, nas mãos do PT, serviu para surrupiar bilhões do erário, como fartamente provou o Ministério Público e a Polícia Federal, chancelados por instâncias do Judiciário. Os danos dos governos petistas ao País, portanto, não são uma possibilidade, mas fato consumado.

Meliantes do erário

Presidente empossado, Bolsonaro poderá incentivar a violência? Fomentar a corrupção? Submeter o Estado ao autoritarismo? Em teoria, sim.

A diferença, evidente diante do apego mínimo à lógica, é que nem PT nem PSDB debelaram o crime organizado. Inequívoco, como demonstrado à larga pelo Mensalão e pela Lava-Jato, que os governos petistas abriram as porteiras a meliantes do erário.

Mais grave, porém, foi o namoro desavergonhado com o autoritarismo (vide plano de governo do PT para as eleições de 2018). Durante os 13 anos de poder, o petismo apoiou a ditadura cubana, perversos tiranos africanos, regimes autoritários latinos (Venezuela, Nicarágua) e autocracias no Oriente Médio.

Ao mesmo tempo em que repudiava democracias como a de Israel.

A histeria midiática e acadêmica não surpreende. Segundo Adriano Gianturco, professor de ciência política do Ibmec (MG), em entrevista ao Valor, “o pensamento marxista [antes da internet] já tinha dominado o ambiente de escolas, universidades, sindicatos e até mesmo alas da Igreja Católica”.

Pablo Ortellado, professor da USP, no mesmo periódico, “lembra que os conservadores já não são dominantes nos principais meios que formam valores – a mídia, as artes, as escolas e universidades”. Eis onde fenece a razão: jornalistas, artistas e intelectuais revezam-se entre a plateia e o púlpito aplaudindo-se mutuamente.

Resultado: a interdição do livre pensar.

Se Bolsonaro acredita que o apoio de 57,7 milhões de eleitores é salvo-conduto à violência, à corrupção e à ditadura, é preciso esperar. Mas não há dúvida de que o produto palpável da chamada esquerda foi violência, corrupção e o perigoso flerte com o autoritarismo.

* Itamar Garcez é jornalista",se|pt|mas|é|à|brasileira|ao|os|em|atiram|política|que|bolsonaro|da|intelectuais|acertam|não
18_12-12-18_13_07.csv,emtemporeal,"Consolidou a estabilidade da moeda e a responsabilidade fiscal – patrimônios que, apesar do PT, foram incorporados a nossa cultura econômica.
Emprego e rendaBolsonaro elegeu-se em cima de três promessas: redução dos índices de criminalidade, combate à corrupção e resgate dos valores e costumes tradicionais.
Bolsonaro vai herdar de seu antecessor inflação controlada, emprego ascendente e economia preparada para decolar.
A patuleia cansou-se das receitas, por infrutíferas, dos ativistas dos direitos humanos.
Enfim, resta que o sucesso do bolsonarismo repousa em dois novatos nas lides da Máquina Federal: Paulo Guedes e Sergio Moro.",Itamar Garcez,"O capitão-mor Jair Bolsonaro vem antecipando, há quatro semanas, as políticas públicas do País a partir de 1º de janeiro, quando assumirá a presidência da República. Suas entrevistas e monólogos virtuais têm indicado o rumo para o meio ambiente, a política exterior e até a formulação das provas do Enem.

Mas, caso pretenda ir além do quinhão minoritário do eleitorado que o sufragou (39,23% do total), deve seguir os passos dos presidentes que o antecederam e conseguiram completar seus mandatos.

Fernando Henrique venceu duas eleições no primeiro turno. Consolidou a estabilidade da moeda e a responsabilidade fiscal – patrimônios que, apesar do PT, foram incorporados a nossa cultura econômica.

Lula, em seus dois mandatos, foi campeão de popularidade. Distribuiu renda e reduziu a desigualdade, mantendo baixo o desemprego.

Sem falar em Itamar Franco, fiador do Plano Real. Com ele, afora a sensação de poder de compra, o PIB manteve-se elevado.

Cada um deles fez mais do que isto. Mas o que lhes garantiu sucesso enquanto mandatários foi tratar com eficácia do essencial.

Sem falar que na política souberam domar o Parlamento. Mas isto é outra história.

Emprego e renda

Bolsonaro elegeu-se em cima de três promessas: redução dos índices de criminalidade, combate à corrupção e resgate dos valores e costumes tradicionais. Na economia, oscilou entre a pregação liberal de seu economista de estimação, Paulo Guedes, e o fantasma do estatismo – elo que o liga ao PT e aos generais ditadores de 1964.

Na economia, os bolsonaristas não são diferentes de outros eleitores. Querem emprego, inflação baixa e renda.

Não é tarefa fácil, mas o caminho aberto pelo presidente Michel Temer – que consertou os estragos da antecessora do vocativo imposto (“sim, presidenta”) – tornam a empreitada menos tortuosa. Bolsonaro vai herdar de seu antecessor inflação controlada, emprego ascendente e economia preparada para decolar.

Para deslanchar, o capitão-mor precisará reduzir o déficit bilionário e aprovar mudanças constitucionais. Se conseguir passar a reforma da previdência no Parlamento e, com ela, recuperar o equilíbrio fiscal, dá um passo decisivo rumo à popularidade e aos oito anos de mandato.

Novatos

Seguir-se-ia, então, o desafio do qual Bolsonaro não pode se esquivar. Salvo os desavisados, nenhum votante de Fernando Haddad (31,93% do eleitorado) esperaria redução significativa da violência urbana e rural num mandato do PT.

Por outro lado, os bolsonaristas exigirão do candidato eleito a redução dos crescentes registros de criminalidade. Em 2017, 60 mil assassinatos e 60 mil estupros (em números arredondados). Ignomínia de uma nação.

A insuportável sensação de insegurança impulsionou o capitão ao altar maior da política brasileira. A patuleia cansou-se das receitas, por infrutíferas, dos ativistas dos direitos humanos.

Simultaneamente, o presidente eleito precisará trancafiar meliantes do erário nas masmorras de Cardozo. Na percepção popular, a gaita que falta para combater o crime organizado, montar um hospital e bem remunerar um professor está no bolso dos corruptos.

É incontornável. Ou Bolsonaro reduz a violência e segue prendendo gatunos de colarinho branco, ou, para regozijo do PT, corre o risco de findar seu reinado no primeiro mandato.

Suas idas e vindas não indicam com clareza a senda que pretende tomar, tampouco firmeza de decisões. Mas, sem dúvida, a escolha do sufeta de Curitiba, Sergio Moro, como comissário da Justiça sedimenta duas de suas prioridades da campanha eleitoral.

Enfim, resta que o sucesso do bolsonarismo repousa em dois novatos nas lides da Máquina Federal: Paulo Guedes e Sergio Moro. Sem contar, claro, os membros do insaciável Poder Legislativo. Mas isto, como escrevi acima, é outra história.

* Itamar Garcez é jornalista",violência|os|dos|brasileira|menos|mas|em|que|política|é|bolsonaro|um|para|com|da|mais|emprego|armas
18_12-12-18_13_07.csv,emtemporeal,"A ascensão de Jair Bolsonaro à Presidência da República provocou histeria nos intelectuais da chamada esquerda.
“Por trás dele [Bolsonaro]”, prossegue, há “uma estrutura de pensamento muito coerente, em que se articulam corrupção, comunismo e perversão moral [sic]”.
Sua retórica bélica fertiliza o pensamento acadêmico e midiático amplamente hostil a tudo que não provenha dos alfarrábios da sinistra.
A diferença, evidente diante do apego mínimo à lógica, é que nem PT nem PSDB debelaram o crime organizado.
Se Bolsonaro acredita que o apoio de 57,7 milhões de eleitores é salvo-conduto à violência, à corrupção e à ditadura, é preciso esperar.",Itamar Garcez,"A ascensão de Jair Bolsonaro à Presidência da República provocou histeria nos intelectuais da chamada esquerda. Diante da desconcertante simplificação da realidade por parte do capitão reformado, a elite acadêmica tem reagido com espasmos carentes de razão.

As análises dos críticos anteveem tempos sombrios sob o futuro mandatário. “Bolsonaro aquece os aviões para o bombardeio das cidadelas democráticas”, escreveu um jornalista e professor da USP.

Para um sociólogo da PUC, estamos “condenados em meio às trevas” e, talvez por isto, precisamos de um “sistema de defesa contra a barbárie”. Uma brasilianista faz coro às previsões catastróficas.

“Bolsonaro anunciou gatilhos que vão fazer disparar essa taxa [de mortalidade]”, prevê. “Por trás dele [Bolsonaro]”, prossegue, há “uma estrutura de pensamento muito coerente, em que se articulam corrupção, comunismo e perversão moral [sic]”.

O “Brasil transita em direção a uma cultura da violência”, escreve outro professor da USP. Tudo isto se junta aos prognósticos daqui e d’além-mares que veem a democracia brasiliana ameaçada.

“Ele é um risco à democracia brasileira”, convergem, em uníssono. E não faltam, claro, as indefectíveis comparações com Hitler.

Estado controlador

Mídia e cientistas políticos costumam errar previsões. Talvez acertem desta vez, mas poderiam ser mais convincentes se fossem mais honestos intelectualmente.

Verdade que o futuro presidente do Brasil dá vazão ao alarmismo. Sua retórica bélica fertiliza o pensamento acadêmico e midiático amplamente hostil a tudo que não provenha dos alfarrábios da sinistra.

Em suas análises, esses prestidigitadores descrevem Bolsonaro como um tirano que implantará a autocracia no Brasil. Desprezam o fato de que o contraponto eleitoral no segundo turno não era uma opção virtuosa.

O que grassa hoje no Brasil, passados 23 anos em que o eleitor elegeu a esquerda para governá-lo, é a explosão da violência e da corrupção nunca antes vistas – contra as quais o capitão prometeu insurgir-se. Ao mesmo tempo, a tendência atávica ao autoritarismo de parte da chamada esquerda se consubstancia no inchaço da máquina estatal, aparelhada para tudo controlar.

Estado grande é Estado controlador – cerne do pensamento da sinistra, que considera todos, menos os camaradas, incapazes de se autogerirem. Justiça aqui ao PSDB, que, ao vender parte do patrimônio público, se desprendeu da esquerda conservadora.

Patrimônio que, nas mãos do PT, serviu para surrupiar bilhões do erário, como fartamente provou o Ministério Público e a Polícia Federal, chancelados por instâncias do Judiciário. Os danos dos governos petistas ao País, portanto, não são uma possibilidade, mas fato consumado.

Meliantes do erário

Presidente empossado, Bolsonaro poderá incentivar a violência? Fomentar a corrupção? Submeter o Estado ao autoritarismo? Em teoria, sim.

A diferença, evidente diante do apego mínimo à lógica, é que nem PT nem PSDB debelaram o crime organizado. Inequívoco, como demonstrado à larga pelo Mensalão e pela Lava-Jato, que os governos petistas abriram as porteiras a meliantes do erário.

Mais grave, porém, foi o namoro desavergonhado com o autoritarismo (vide plano de governo do PT para as eleições de 2018). Durante os 13 anos de poder, o petismo apoiou a ditadura cubana, perversos tiranos africanos, regimes autoritários latinos (Venezuela, Nicarágua) e autocracias no Oriente Médio.

Ao mesmo tempo em que repudiava democracias como a de Israel.

A histeria midiática e acadêmica não surpreende. Segundo Adriano Gianturco, professor de ciência política do Ibmec (MG), em entrevista ao Valor, “o pensamento marxista [antes da internet] já tinha dominado o ambiente de escolas, universidades, sindicatos e até mesmo alas da Igreja Católica”.

Pablo Ortellado, professor da USP, no mesmo periódico, “lembra que os conservadores já não são dominantes nos principais meios que formam valores – a mídia, as artes, as escolas e universidades”. Eis onde fenece a razão: jornalistas, artistas e intelectuais revezam-se entre a plateia e o púlpito aplaudindo-se mutuamente.

Resultado: a interdição do livre pensar.

Se Bolsonaro acredita que o apoio de 57,7 milhões de eleitores é salvo-conduto à violência, à corrupção e à ditadura, é preciso esperar. Mas não há dúvida de que o produto palpável da chamada esquerda foi violência, corrupção e o perigoso flerte com o autoritarismo.

* Itamar Garcez é jornalista",se|pt|mas|é|à|brasileira|ao|os|em|atiram|política|que|bolsonaro|da|intelectuais|acertam|não
18_12-12-18_13_07.csv,emtemporeal,"Nisso, o governo Bolsonaro imita o governo FHC, que apoiou o então deputado Luís Eduardo Magalhães para presidir a Câmara exatamente por esses dois motivos.
Com isto ganha tempo, acelera o processo de deliberação e, em consequência, reduz ou elimina eventuais manobras protelatórias.
A quarta mudança, que seus próprios defensores admitem ser muito difícil, teria o objetivo de reduzir a cota de DVS por partido.
Em países como os Estados Unidos, táticas obstrutivas podem, até mesmo, ser adotadas por parlamentares, individualmente.
É da essência da democracia que os divergentes possam fazer ouvir a sua voz, usando instrumentos legais para garantir o direito das minorias.",Antônio Augusto De Queiroz,"Os partidos da base de apoio do governo Bolsonaro vão apresentar duas condições para apoiar um candidato para presidente da Câmara: a) identidade programática com a agenda governamental e b) disposição para promover mudanças no regimento interno e reduzir a capacidade de obstrução da oposição/minoria. Nisso, o governo Bolsonaro imita o governo FHC, que apoiou o então deputado Luís Eduardo Magalhães para presidir a Câmara exatamente por esses dois motivos.

O desejo é promover cinco mudanças no regimento interno: 1) eliminar a votação automática de emenda aglutinativa, exigindo apoiamento da maioria absoluta dos deputados para sua votação; 2) retirar a limitação do tempo de duração e ampliar a possibilidade de prorrogação de sessão extraordinária; 3) reduzir o número de requerimentos em plenário, especialmente sobre a dispensa de interstício; 4) restringir, ainda mais, a cota partidária de DVS-Destaque para Votação em Separado; e 5) limitar a prerrogativa de o líder substituir a bancada em todas as situações. Mas se contentam com as três primeiras, já que as duas últimas provocariam grandes resistências.

A primeira mudança regimental tem o propósito de retirar o caráter automático da votação de emenda aglutinava subscrita por seus autores, além de aumentar a exigência de apoiamento no caso de fusão subscrita por líderes partidários.

Pela regra atual, além da votação automática das emendas aglutinativas assinadas por seus autores, 52 deputados (10% da Câmara ou líderes que representem esse número) podem propor emenda aglutinativa com direito a votação automática, desde que os conteúdos a serem aglutinados não tenham sido dados por prejudicados, ou seja, estejam ainda pendentes de apreciação.

A ideia da mudança regimental é acabar com a votação automática, exigindo, nas duas hipóteses, o apoiamento da maioria absoluta da Câmara (257 deputados ou líderes que representem esse número) para que a emenda aglutinativa possa ser votada. Isso, na prática, impede que a oposição/minoria, por exemplo, consiga votar qualquer emenda aglutinativa, cuja apresentação já é dificultada pelas regras vigentes, sem o apoio de partidos independentes ou da base de sustentação do governo.

A segunda mudança destina-se a modificar o tempo de duração das sessões extraordinárias, que atualmente são de, no máximo, quatro horas, prorrogável por apenas mais uma hora. O interesse é permitir a prorrogação, a critério do presidente, pelo tempo necessário à conclusão da ordem do dia, como forma de evitar a convocação de nova sessão extraordinária, que só começa a deliberar após o registro em plenário da presença de pelo menos 257 deputados.

Com a regra atual, quando há prorrogação, os interessados na obstrução exigem que se abra novamente o painel, o que, além de retardar a deliberação, pode provocar o adiamento da apreciação das matérias da ordem do dia por falta de quórum regimental.

A terceira mudança no regimento interno serviria para dificultar o uso reiterado de requerimentos em plenário, especialmente de dispensa de interstício e de retirada de pauta, além de evitar outras manobras protelatórias, que fazem parte do chamado “kit obstrução”.

Pela regra atual, proclamado o resultado de uma votação simbólica, desde que haja divergente, 31 deputados (6/100 da composição da Câmara ou líder que represente este número) podem pedir que a matéria seja votada nominalmente e o presidente defere de oficio.

Havendo-se procedido a uma verificação de votação, só pode haver nova solicitação após o interstício de uma hora, salvo se houver o apoio de um décimo da Casa ou de 52 deputados ou líderes que representem esse número. Neste caso, entretanto, o novo pedido é decido pelo plenário – e não pelo presidente – e assegura a seus autores o direito de encaminhamento e orientação da bancada para votação do requerimento de quebra de interstício, constituindo-se em manobra protelatória.

A mudança regimental proposta visa exatamente evitar que a votação do requerimento de quebra de interstício, a ser decidida pelo plenário, seja precedida de encaminhamento e orientação de bancada. Com isto ganha tempo, acelera o processo de deliberação e, em consequência, reduz ou elimina eventuais manobras protelatórias.

A quarta mudança, que seus próprios defensores admitem ser muito difícil, teria o objetivo de reduzir a cota de DVS por partido. Atualmente, os partidos ou blocos parlamentares com cinco a 24 deputados têm direito a um DVS; com 25 a 49 têm direito a dois; de 50 a 74 têm direito a três; e acima de 74 têm direito a quatro. Na composição da Câmara que resultou das eleições em 2018, nenhum partido terá direito à faixa máxima de DVS de Bancada, e apenas o PT teria direito a três DVS.

A quinta mudança, igualmente de difícil implementação, seria destinada a reduzir os poderes absolutos dos líderes, inclusive os de encaminhar e orientar as bancadas nas votações em substituição aos partidos, além de poderem assinar emendas, destaques e outros tipos de requerimento, a exemplo do requerimento de urgência urgentíssima, em substituição a toda a bancada.

É legitimo que o novo governo, por intermédio dos partidos que lhes dão sustentação no Congresso, deseje maior agilidade nas deliberações, porém esse desejo não pode nem deve retirar o direito ao contraditório – constitucional e regimentalmente –, assegurado às minorias, sob pena de macular ou até de tornar ilegítimo o processo deliberativo.

O direito à obstrução é inerente à própria natureza dos parlamentos. Em países como os Estados Unidos, táticas obstrutivas podem, até mesmo, ser adotadas por parlamentares, individualmente. É da essência da democracia que os divergentes possam fazer ouvir a sua voz, usando instrumentos legais para garantir o direito das minorias.

A legitimidade do processo deliberativo depende, além do respeito ao devido processo legal e ao direito de participação das minorias, da participação plena dos parlamentares, da decisão colegiada e do conhecimento prévio da pauta de votações, entre outras exigências legais e regimentais.

Esse conjunto de mudança ora em debate, expressa ou traduz a fala do deputado Eduardo Bolsonaro (PSL/SP), quando disse que o próximo presidente da Câmara deve ser alguém com disposição e capacidade para “tratorar” a oposição. Essa polêmica será um dos primeiros embates da próxima legislatura, caso o atual presidente da Casa não resolva se antecipar e votar essas ou outras alterações regimentais ainda na atual legislatura.

(*) Jornalista, consultor e analista político, diretor de Documentação do Diap e sócio-diretor da Queiroz Assessoria.",direito|ou|mudança|votação|os|brasileira|regimentais|em|que|política|por|para|obstrução|contra|mudanças|da|kit
18_12-12-18_13_07.csv,emtemporeal,"Polarizada entre Jair Bolsonaro, do PSL, e Fernando Haddad, do PT, a eleição presidencial foi decidida em segundo turno com o sufrágio do candidato do PSL.
O 2º turno foi disputado pelos candidatos do PSL e do PT, tendo sido vencido por Jair Bolsonaro com 57.979.466 (55,13%) votos contra 47.040.859 (44,87%) dos votos destinados a Fernando Haddad.
Esses episódios ou fatos políticos facilitaram a estratégia de campanha de Bolsonaro, que consistia mais em apontar supostos erros dos governos anteriores, especialmente do PT, do que apresentar alternativas.
A tática do ataque, em substituição à apresentação de programa, foi eficaz porque atingiu, em cheio, os três principais grupos de eleitores: os bolsonaristas, os desalentados e os petistas.
O discurso “contra tudo que está ai”, sem dizer o que pretendia colocar no lugar, funcionou para o candidato vencedor em duas dimensões.",Antônio Augusto De Queiroz,"As eleições gerais de 2018, realizadas num clima de conflagração e de forte rejeição ao sistema político e suas práticas, foram atípicas e se deram num ambiente de renovação, com elevada intolerância aos agentes públicos em geral. Polarizada entre Jair Bolsonaro, do PSL, e Fernando Haddad, do PT, a eleição presidencial foi decidida em segundo turno com o sufrágio do candidato do PSL.

O 1º turno apresentou ao eleitor 13 opões de candidaturas – Jair Bolsonaro (PSL), Fernando Haddad (PT), Ciro Gomes (PDT), Geraldo Alckmin (PSDB), Henrique Meirelles (MDB), Alvaro Dias (PODEMOS), Marina Silva (REDE), João Amoêdo (NOVO), Cabo Daciolo (Patriota), Guilherme Boulos (PSol), João Goulart Filho (PPL), José Maria Eymael (DC), Vera Lúcia (PSTU). O 2º turno foi disputado pelos candidatos do PSL e do PT, tendo sido vencido por Jair Bolsonaro com 57.979.466 (55,13%) votos contra 47.040.859 (44,87%) dos votos destinados a Fernando Haddad.

Resultado do 1º turno da eleição presidencial

Candidato Partido/Coligação Votos Percentual Jair Bolsonaro PLS – PRTB 49.277.010 46,03% Fernando Haddad PT-PCdoB-Pros 31.342.051 29,28% Ciro Gomes PDT –Avante 13.344.371 12,47% Geraldo Alckmin PSDB-PTB-PP-PR-DEM-SD-PPS-PRB-PSD 5.096.350 4,76% João Amoêdo Novo 2.679.745 2,50% Cabo Daciolo Patri 1.348.323 1,26% Henrique Meirelles MDB-PHS 1.288.950 1,20% Marina Silva Rede-PV 1.069.578 1,00% Alvaro Dias Pode-PRP-PSC 859.601 0,80% Guilherme Boulos PSol-PCB 617.122 0,58% Vera Lúcia PSTU 55.762 0,05% José Maria Eymael DC 41.710 0,04% João Goulart Filho PPL 30.176 0,03%

Três fatos políticos tiveram influência no resultado da eleição presidencial: a) o ativismo do Judiciário e do Ministério Público, especialmente na tentativa de criminalização do PT; b) a prisão de Lula, que seria o candidato do PT e teve que ser substituído por Fernando Haddad; e c) a facada no candidato Bolsonaro, que ficou impedido de participar de quase toda a campanha.

Esses episódios ou fatos políticos facilitaram a estratégia de campanha de Bolsonaro, que consistia mais em apontar supostos erros dos governos anteriores, especialmente do PT, do que apresentar alternativas. De um lado, o ativismo judicial e a prisão de Lula favoreciam seu discurso, e, de outro, ficar fisicamente fora da campanha, em certa medida, o blindado das inconsistências de suas “propostas”, além de não o impedir – mesmo estando num quarto de hospital – de falar ao vivo com seus potenciais eleitores via redes sociais.

O candidato vencedor centrou sua campanha na desqualificação do sistema político e de suas instituições, das esquerdas e das políticas públicas em favor das minorias, como as quotas, os benefícios aos quilombolas e aos presidiários (auxilio-reclusão), responsabilizando-os por tudo de mau que acontecia ao País. Foi o candidato anti-sistema.

Seu método de campanha consistiu em identificar problemas, que incomodam a todos, apontar os governos anteriores, especialmente o PT, como supostos culpados por esses problemas, e prometer punição ao supostos culpados, mas sem apresentar uma solução para tais problemas.

A tática do ataque, em substituição à apresentação de programa, foi eficaz porque atingiu, em cheio, os três principais grupos de eleitores: os bolsonaristas, os desalentados e os petistas. Mobilizava os dois primeiros em seu favor ou contra os supostos responsáveis pela suposta deterioração do País, além de atrair o terceiro grupo para a briga, deixando a disputa no campo ou na arena em que lhe era mais favorável.

A estratégia encontrou ambiente fértil. Uma enorme crise fiscal do Estado, um excesso de demandas da sociedade, o aumento do desemprego, da criminalidade e da violência, uma população desalentada e com medo, e, acima de tudo, a facilidade para disseminar um discurso que aponta os supostos responsáveis por tudo isso: o sistema político e os partidos que tinham sido governo nos últimos 20 anos.

O discurso “contra tudo que está ai”, sem dizer o que pretendia colocar no lugar, funcionou para o candidato vencedor em duas dimensões. A primeira porque havia coincidência de diagnóstico com a maioria da população – insatisfeita com a insuficiência e má qualidade dos serviços públicos, com a criminalidade, a corrupção, o desemprego e a violência – e a segunda porque “saciava” o desejo de vingança de parcela significativa da população em relação aos supostos culpados por esse estado de coisas.

Eleitoralmente funcionou, mas há serias dúvidas se vai funcionar no governo. A população, desde as jornadas de junho de 2013, não está mais disposta a aceitar como éticas, legitimas ou sustentáveis políticas governamentais que punam ou ignorem suas demandas por melhores condições de vida. Se não tiver suas expectativas atendidas, a população vai se sentir traída e vai reagir, acusando o governo de estelionato eleitoral, com possíveis manifestações de protestos.

(*) Jornalista, consultor, analista político, diretor de Documentação do Diap e Sócio-Diretor da Queiroz Assessoria.",série|das|que|bolsonaro|presidencial|da|resultado|em|campanha|candidato|pt|2018|os|brasileira|por|política|eleições|com|supostos
18_12-12-18_13_07.csv,emtemporeal,"O sistema social de qualquer país democrático está estruturado em três setores , que interagem, disputam poder e se fiscalizam reciprocamente – à semelhança do sistema de freios e contrapesos próprio da divisão das funções dos poderes – um moderando ou controlando os excessos do outro.
O primeiro setor, o Estado, que opera com interesses não-lucrativos, com fins públicos e objetivos burocráticos, tem a primazia de administrar o uso de bens públicos para fins públicos.
O segundo setor, o mercado, formado por agentes econômicos privados, que opera com interesses lucrativos, com meios e objetivos privados, tem a primazia da competição.
O ambiente após o processo de impeachment da ex-presidente Dilma Rousseff ficou caracterizado pela mudança de paradigma da relação do Estado com o mercado.
Assim sendo, seria natural que qualquer governo, independentemente de sua visão ideológica, fosse mais liberal e menos intervencionista na economia.",Antônio Augusto De Queiroz,"O sistema social de qualquer país democrático está estruturado em três setores , que interagem, disputam poder e se fiscalizam reciprocamente – à semelhança do sistema de freios e contrapesos próprio da divisão das funções dos poderes – um moderando ou controlando os excessos do outro. São eles: o Estado (1º setor), o Mercado (2º setor) e a Sociedade Civil (3º setor).

O primeiro setor, o Estado, que opera com interesses não-lucrativos, com fins públicos e objetivos burocráticos, tem a primazia de administrar o uso de bens públicos para fins públicos.

A missão do Estado é organizar a vida em sociedade, por intermédio dos poderes, fazendo uso dos três monopólios que lhes são inerentes: 1) o de impor conduta e punir seu descumprimento, 2) o de legislar ou elaborar leis obrigatórias para todos, e 3) o de tributar, criar ou majorar impostos, contribuições sociais e taxas.

Para tanto, com ampla autonomia e independência, o Estado exerce cinco macrofunções: a) funções políticas, que consistem na definição de direitos e deveres dos cidadãos, assim como a relação entre pessoas e entre estas e as instituições; b) funções executivas, voltadas para a implementação das políticas públicas; c) funções jurisdicionais, direcionadas à solução de litígios; d) funções fiscalizatórias, destinadas à garantia do cumprimento da ordem jurídica e da regulação estatal; e e) funções de defesa da ordem e integridade do território.

Por força da crise fiscal – e em razão da visão de mundo do presidente eleito e sua equipe – a estrutura do Estado e os gastos governamentais passarão por profundo ajuste, com redução de sua presença no provimento de bens e serviços, com a revisão de programas e benefícios sociais, além de enxugamento de sua máquina, tanto na parte de estrutura organizacional quanto em pessoal, com enorme reflexo sobre aqueles que dependem dos serviços públicos e da prestação do Estado.

O segundo setor, o mercado, formado por agentes econômicos privados, que opera com interesses lucrativos, com meios e objetivos privados, tem a primazia da competição. Sua missão, diferentemente daquela do Estado, é a lucratividade, a competitividade, a produtividade, a eficiência na produção e na relação de troca, com o menor custo.

O ambiente após o processo de impeachment da ex-presidente Dilma Rousseff ficou caracterizado pela mudança de paradigma da relação do Estado com o mercado. Assim sendo, seria natural que qualquer governo, independentemente de sua visão ideológica, fosse mais liberal e menos intervencionista na economia.

E os capitalistas brasileiros, representados pelo mercado financeiro e pelo empresariado, passaram a rechaçar de modo ativo a intervenção governamental em seus negócios, especialmente na gestão e na margem de lucro/retorno. Passaram a rejeitar todo e qualquer governante que, sem razoabilidade, tentasse interferir na autonomia privada, seja via regulação, tributação ou outra forma que possa afugentar investimentos.

Essa visão defendida pelo mercado foi responsável, em grande parte, pelo impeachment de Dilma e a consequente posse e efetivação de Michel Temer na Presidência da República. No governo Bolsonaro essa agenda ganhará impulso, pois já na campanha o então candidato assumiu claramente o compromisso de aprofundar as mudanças de ordem liberal iniciadas no governo Temer, tanto na extinção ou venda de estatais, quando na revisão de marcos regulatórios tidos pelo mercado como intervencionistas, inclusive na área ambiental.

A sociedade civil, formada por organizações e movimentos não-governamentais, opera com interesses não-lucrativos, com meios privados, fins públicos e objetivos, preferencialmente, voluntários ou virtuosos, e tem a primazia das ações públicas não-estatais.

A sociedade civil, segundo Norberto Bobbio, é a esfera das relações sociais não reguladas pelo Estado e “o lugar onde surgem e se desenvolvem os conflitos econômicos, sociais, ideológicos, religiosos, que as instituições estatais têm o dever de resolver ou através da mediação ou através da repressão”.

Nessa perspectiva, a sociedade civil engloba os grupos, os movimentos, as associações, as organizações que as representam ou se declaram seus representantes, bem como as organizações de classe, os grupos de interesse, as associações de vários gêneros com fins sociais, e indiretamente políticos, dos movimentos de emancipação de grupos étnicos, de defesa dos direitos civis, de liberação da mulher, dos movimentos de jovens, entre outros.

A sociedade civil, segundo David Korten, comporta quatro estágios: 1º – prestação de serviços para suprir uma deficiência imediata (comida, abrigo, água, saúde etc); 2º – organização focada no desenvolvimento local; 3º – organização com engajamento político, indo além do desenvolvimento local e buscando mudar políticas e instituições locais, nacionais e globais; e 4º – movimentos sociais, formação de redes nacionais e transnacionais, movidas por ideologia e pela visão de um mundo melhor.

No governo Bolsonaro, os dois primeiros estágios, de acordo com a classificação acima, serão estimulados, porém os dois últimos serão fortemente questionados e correm até o risco de serem criminalizados, com a eventual adoção de legislação voltada a considerar como terroristas algumas ações desses segmentos.

Podemos afirmar que, em geral, as sociedades capitalistas têm características e estruturas de poder estáveis, como o mercado (economia), o Estado (governo) e a sociedade civil (as classes sociais) que, embora duradouras, passam por momentos e ciclos de transformações dependendo das relações, de disputas de poder entre os agentes, dos problemas e contradições próprias da disputa.

E a eleição de Jair Bolsonaro faz parte desse movimento pendular das sociedades capitalistas e certamente representará a interrupção de um ciclo e o início de outro, que vai requerer muito esforço e inteligência de quem luta por justiça social.

Nesse novo ciclo, por força da visão de mundo do governo, da crise fiscal do Estado e do congelamento do gasto público, o principal beneficiário – entre os três setores do sistema social – será o mercado, de um lado pelo compromisso do governo de não aumentar a carga tributária, e, de outro, por força das mudanças nos marcados regulatórios em favor da chamada melhoria do ambiente de negócio cujo principal passo já foi dado no governo Temer, com a reforma trabalhista. O Estado sofrerá redução e a sociedade civil precisará se desdobrar para defender as causas sociais que defende num ambiente de escassez orçamentária e de prioridade ao mercado.

Nesse contexto de crise fiscal e visão austera de desmonte estatal por parte do novo Governo, a tendência é que – caso não haja calibragem na distribuição dos prejuízos e sacrifícios decorrentes dos ajustes governamentais – se amplie o conflito distributivo e a conta recaia sobre a parte mais fraca econômica, social e politicamente nessa relação: os assalariados, inclusive servidores públicos, e aqueles que dependem de serviços ou da prestação do Estado.

(*) jornalista, consultor, analista político, diretor de Documentação do Diap e Sócio-Diretor da Queiroz Assessoria.",ou|três|os|brasileira|estado|sistema|governo|que|política|dos|social|bolsonaro|por|sociedade|com|da|setores
18_12-12-18_13_07.csv,emtemporeal,"Ao aceitar o cargo de ministro da Justiça do Governo Jair Bolsonaro, o juiz Sergio Moro dobrou a aposta no tabuleiro político brasileiro.
Caso seja bem-sucedido, ele não se cacifa apenas para uma vaga no STF, mas pode almejar a Presidência da República.
Nada impede, porém, que se avance sobre o terceiro esteio bolsonarista: o resgate dos valores e costumes tradicionais.
Se sua disposição de prender corruptos de colarinho branco e abater marginais for genuína e se tornar efetiva, a dupla Moro & Bolsonaro poderá mudar a cara do cenário político brasiliano.
Resta saber se a Esplanada dos Ministérios, em Brasília, tem espaço suficiente para dois egos do tamanho da nova dupla dinâmica da política brasileira.",Itamar Garcez,"Ao aceitar o cargo de ministro da Justiça do Governo Jair Bolsonaro, o juiz Sergio Moro dobrou a aposta no tabuleiro político brasileiro. Caso seja bem-sucedido, ele não se cacifa apenas para uma vaga no STF, mas pode almejar a Presidência da República.

* Leia também : Eleito presidente, Bolsonaro deve agradecer ao PT [https://arkonews.com.br/eleito-presidente-bolsonaro-deve-agradecer-ao-pt/]

No novo cargo, o hoje magistrado irá cuidar diretamente de 2 dos 3 esteios do futuro governo: combate à corrupção, sua especialidade, e repressão à violência. Nada impede, porém, que se avance sobre o terceiro esteio bolsonarista: o resgate dos valores e costumes tradicionais.

Depois de prender Lula, o maior líder popular da história do Brasil ao lado de Getúlio Vargas, e interferir diretamente nas eleições de 2018, Moro deve ter percebido que nada de mais grandioso poderia fazer caso se mantivesse na 1ª instância do Judiciário. Como juiz, ganhou fama internacional ao liderar a Lava-Jato.

Como ministro, ao lado de Bolsonaro, também alvo das atenções globais, o juiz poderá ir mais longe. Se sua disposição de prender corruptos de colarinho branco e abater marginais for genuína e se tornar efetiva, a dupla Moro & Bolsonaro poderá mudar a cara do cenário político brasiliano.

A partir de 1º de janeiro, os brasileiros que elegeram Bolsonaro querem ver meliantes do erário, assassinos e estupradores presos – noves fora, os que querem todos mortos. Resta saber se a Esplanada dos Ministérios, em Brasília, tem espaço suficiente para dois egos do tamanho da nova dupla dinâmica da política brasileira.

* Itamar Garcez é jornalista",sergio|pequeno|à|dos|brasileira|ao|que|política|para|bolsonaro|pode|ficar|juiz|também|moro|da|se|stf
18_12-12-18_13_07.csv,emtemporeal,"É como se para cada brasileiro que disse “sim” a Bolsonaro há outro que desferiu um “não” no novo mandatário.
Com esta expressiva parcela, sobe para 89,5 milhões (60,76%) os cidadãos que, apesar do direito, não sufragaram Bolsonaro como presidente.
Mesmo considerando que um naco da abstenção se deve a cadastros desatualizados, o percentual que não escolheu Bolsonaro é muito alto.
Se não quiser governar quatro anos com o desprezo de mais da metade da população, Bolsonaro deve incialmente tentar conquistar os 42,4 milhões que não se dispuseram a votar em nenhum dos dois finalistas.
Caso seja bem-sucedido nesta empreitada, o próximo passo seria o de seduzir os 47 milhões que escolheram Haddad.",Itamar Garcez,"As eleições de 2018 caracterizaram-se mais pelo voto contra do que o favorável. Como registrado aqui na Arko News, a ira foi a principal conselheira dos eleitores.

Leia mais : A ira como conselheira [https://arkonews.com.br/a-ira-como-conselheira/]

De acordo com a Justiça Eleitoral, 47 milhões de eleitores explicitamente rejeitaram Jair Bolsonaro, o presidente eleito do Brasil. Este contingente (31,93% do eleitorado) votou no candidato derrotado, Fernando Haddad.

Há, porém, um expressivo número de votantes que optaram pelo voto nulo ou branco. Somam 11 milhões (9,57%).

Somados, os que optaram por Haddad, brancos e nulos totalizam 58,1 milhões (39,46%). Mais do que os votantes no candidato eleito: 57,7 milhões (39,23%).

É como se para cada brasileiro que disse “sim” a Bolsonaro há outro que desferiu um “não” no novo mandatário.

Considerados todos os eleitores, porém, a rejeição é muito maior.

Um quinto do eleitorado (21,30%) sequer foi às urnas exercer seu direito (anacronicamente, a Constituição ainda trata o voto como dever). Foram 31,3 milhões de eleitores que se abstiveram de comparecer às zonas eleitorais.

Com esta expressiva parcela, sobe para 89,5 milhões (60,76%) os cidadãos que, apesar do direito, não sufragaram Bolsonaro como presidente. O número é a soma de votos em Haddad, branco, nulos e abstenção.

Mesmo considerando que um naco da abstenção se deve a cadastros desatualizados, o percentual que não escolheu Bolsonaro é muito alto. Parte da abstenção pode ser ainda resultado da indiferença, mas isto não muda o índice gigamenso de rejeição.

Espírito bélico

Certo, a soma de brancos e nulos mais a abstenção também superaram à larga os votos em Haddad. Ocorre que o candidato ungido por Lula não tem mandato.

Caso 2018 siga o padrão de eleições passadas, as primeiras pesquisas de opinião a respeito do presidente eleito indicarão um percentual superior aos 39,23% por ele angariados nas urnas. A rejeição inicial, porém, está sacramentada.

Se não quiser governar quatro anos com o desprezo de mais da metade da população, Bolsonaro deve incialmente tentar conquistar os 42,4 milhões que não se dispuseram a votar em nenhum dos dois finalistas. Caso seja bem-sucedido nesta empreitada, o próximo passo seria o de seduzir os 47 milhões que escolheram Haddad.

Tarefas que irão exigir do novo presidente um desarmamento do espírito bélico que fez questão de empunhar durante todo o pleito de 2018. Difícil para quem se elegeu prometendo armar a população e metralhar os adversários.

* Itamar Garcez é jornalista",são|mais|mas|os|um|brasileira|que|política|bolsonaro|como|da|se|não|rejeitaram|milhões
18_12-12-18_13_07.csv,emtemporeal,"A segurança pública implica que os cidadãos possam conviver em paz e harmonia, onde cada um respeita os direitos individuais do outro.
Segundo os especialistas a criminalidade é multicausal envolvendo a educação, a desigualdade social, o desemprego, política de drogas, entre outras.
No sentido mais amplo, educar é socializar, é transmitir os hábitos que capacitam o indivíduo ter um convívio social civilizado.
Educação no BrasilA educação brasileira, notadamente o ensino básico (primeira infância, infantil, fundamental e médio) é deficiente produzindo um número grande de analfabetos totais e funcionais.
É pertinente lembrar o pensamento de Immanuel Kant: “É no problema da educação que assenta o grande segredo do aperfeiçoamento da humanidade”*Isaac Roitman",Isaac Roitman,"A intervenção no Rio de Janeiro justificada para restaurar a segurança pública é a bola da vez. A segurança pública implica que os cidadãos possam conviver em paz e harmonia, onde cada um respeita os direitos individuais do outro. O Estado deve garantir a segurança pública. Nesse contexto é importante refletir sobre as causas da criminalidade. Segundo os especialistas a criminalidade é multicausal envolvendo a educação, a desigualdade social, o desemprego, política de drogas, entre outras. Penso ser importante considerar a educação como a principal vacina contra a criminalidade.

Educação

A educação tem o poder de moldar as atitudes. Ela é um processo contínuo de desenvolvimento de habilidades físicas, intelectuais e morais do ser humano, a fim de melhor se integrar na sociedade. No sentido mais amplo, educar é socializar, é transmitir os hábitos que capacitam o indivíduo ter um convívio social civilizado. A Constituição Federal em seu artigo 205 estabelece: “A educação, direito de todos e dever do Estado e da família, será promovida e incentivada com a colaboração da sociedade, visando ao pleno desenvolvimento da pessoa para o exercício da cidadania e sua qualificação para o trabalho”. Uma pergunta emerge: o Estado brasileiro cumpre esse preceito constitucional? A resposta é não.

Educação no Brasil

A educação brasileira, notadamente o ensino básico (primeira infância, infantil, fundamental e médio) é deficiente produzindo um número grande de analfabetos totais e funcionais. Além disso a promoção de virtudes é incipiente. As ferramentas pedagógicas utilizadas estão superadas. É preciso considerar que o conhecimento hoje é acessível e as informações mais rápidas. Os estudantes estão cada vez mais autônomos e conectados e as novas tecnologias e as mídias sócias estão revolucionando a forma de ensinar e aprender. Uma escola contemporânea deve ser atrativa onde os estudantes estejam engajados e motivados com professores bem formados, dedicados e valorizados. As novas tecnologias, particularmente os dispositivos móveis e a internet devem ser coadjuvantes do ensino-aprendizagem.

A escola e o ambiente familiar devem ser um cenário permanente onde o pensamento é exercitado e onde os valores e virtudes são consolidados. Ela deve estimular os estudantes para alçarem voos e conquistar seus sonhos. Nesse contexto é pertinente lembrar o pensamento de nosso saudoso Rubem Alves:

“Escolas que são gaiolas existem para que os pássaros desaprendam a arte do voo. Pássaros engaiolados são pássaros sob controle. Engaiolados, o seu dono pode levá-los para onde quiser. Pássaros engaiolados sempre têm um dono. Deixaram de ser pássaros. Porque a essência dos pássaros é o voo. Escolas que são asas não amam pássaros engaiolados. O que elas amam são pássaros em voo. Existem para dar aos pássaros coragem para voar. Ensinar o voo, isso elas não podem fazer, porque o voo já nasce dentro dos pássaros. O voo não pode ser ensinado. Só pode ser encorajado.”

Intervenção na educação

Há 36 anos em 1982 Darcy Ribeiro assim se expressou: “Se os governantes não construírem escolas, em 20 anos faltará dinheiro para construir presídios”. Esse alerta não foi escutado. É hora de combatermos a criminalidade pela raiz. É hora de fazermos uma intervenção na educação brasileira. Essa intervenção deve ser coletiva e dela deverão participar toda a sociedade e particularmente todos os Professores, todos os estudantes e todas as famílias. É pertinente lembrar o pensamento de Immanuel Kant: “É no problema da educação que assenta o grande segredo do aperfeiçoamento da humanidade”

*Isaac Roitman",voo|pássaros|ser|educação|é|brasileira|os|um|que|política|para|será|interventor|da|quem
18_12-12-18_13_07.csv,emtemporeal,"O capitão-mor Jair Bolsonaro vem antecipando, há quatro semanas, as políticas públicas do País a partir de 1º de janeiro, quando assumirá a presidência da República.
Suas entrevistas e monólogos virtuais têm indicado o rumo para o meio ambiente, a política exterior e até a formulação das provasA ascensão de Jair Bolsonaro à Presidência da República provocou histeria nos intelectuais da chamada esquerda.
Diante da desconcertante simplificação da realidade por parte do capitão reformado, a elite acadêmica tem reagido com espasmos carentes de razão.
Notícias RápidasIntelectuais atiram em Bolsonaro, mas acertam no PT A ascensão de Jair Bolsonaro à Presidência da República provocou histeria nos intelectuais da chamada esquerda.
Polarizada entre Jair Bolsonaro, do PSL, e Fernando Haddad, do PT, a eleição presidencial foi decidida em segundo turno com o sufrágio do candidato do PSL.",,"O capitão-mor Jair Bolsonaro vem antecipando, há quatro semanas, as políticas públicas do País a partir de 1º de janeiro, quando assumirá a presidência da República. Suas entrevistas e monólogos virtuais têm indicado o rumo para o meio ambiente, a política exterior e até a formulação das provas

A ascensão de Jair Bolsonaro à Presidência da República provocou histeria nos intelectuais da chamada esquerda. Diante da desconcertante simplificação da realidade por parte do capitão reformado, a elite acadêmica tem reagido com espasmos carentes de razão.

Notícias Rápidas

Intelectuais atiram em Bolsonaro, mas acertam no PT A ascensão de Jair Bolsonaro à Presidência da República provocou histeria nos intelectuais da chamada esquerda. Diante da desconcertante simplificação da realidade por parte do capitão reformado, a elite acadêmica tem reagido com espasmos carentes de razão. Ler mais

Mudanças regimentais contra o kit obstrução Os partidos da base de apoio do governo Bolsonaro vão apresentar duas condições para apoiar um candidato para presidente da Câmara: a) identidade programática com a agenda governamental e b) disposição para promover mudanças no regimento interno e reduzir a capacidade de obstrução da oposição Ler mais

Série resultado das Eleições 2018: a campanha presidencial As eleições gerais de 2018, realizadas num clima de conflagração e de forte rejeição ao sistema político e suas práticas, foram atípicas e se deram num ambiente de renovação, com elevada intolerância aos agentes públicos em geral. Polarizada entre Jair Bolsonaro, do PSL, e Fernando Haddad, do PT, a eleição presidencial foi decidida em segundo turno com o sufrágio do candidato do PSL. Ler mais",novembro|ler|2018|jair|brasileira|presidência|à|em|política|para|bolsonaro|república|com|da
18_12-12-18_13_07.csv,emtemporeal,"A maioria dos quase 116 milhões de eleitores que se dispuseram a votar neste domingo, 28, elegeu para presidente da República o deputado Jair Bolsonaro.
Porém, antes de agradecer aos 57,7 milhões que o escolheram, o capitão reformado do Exército deve gratidão ao PT de Lula.
Para tanto, terá que ter muito equilíbrio e disposição para o diálogo com o mercado, com o Parlamento e com a sociedade.
Notícias RápidasA ira como conselheira Uma parcela significativa dos eleitores que marcharam em direção às urnas no domingo, 7 de outubro, não carregou o estandarte da esperança.
O cálculo é baseado na última pesquisa do Datafolha de intenção de voto divulgada nesta quarta Ler mais",,"A maioria dos quase 116 milhões de eleitores que se dispuseram a votar neste domingo, 28, elegeu para presidente da República o deputado Jair Bolsonaro. Porém, antes de agradecer aos 57,7 milhões que o escolheram, o capitão reformado do Exército deve gratidão ao PT de Lula.

O principal desafio do novo presidente será pacificar o País. Para tanto, terá que ter muito equilíbrio e disposição para o diálogo com o mercado, com o Parlamento e com a sociedade.

Notícias Rápidas

A ira como conselheira Uma parcela significativa dos eleitores que marcharam em direção às urnas no domingo, 7 de outubro, não carregou o estandarte da esperança. Confirmada a polarização apontada pelos oráculos modernos e vivenciada em velhos e novos palcos, os das ruas e redes sociais, os votantes apontaram sua ira Ler mais

Um olhar crítico sobre as razões do impeachment de Dilma Pelo menos sete episódios ajudaram a criar as condições para o processo de impeachment da ex-presidente Dilma Rousseff, sendo parte deles produto de erro político e parte decorrente da estratégia da oposição e de setores do mercado. Num eventual novo mandato do PT Ler mais

Para vencer, Haddad precisa virar 10 milhões de votos em Bolsonaro Se quiser ocupar o 3º andar do Palácio do Planalto a partir de 2019, Fernando Haddad (PT) precisará convencer 10 milhões de eleitores que tencionam votar em Jair Bolsonaro (PSL) a mudar de lado. O cálculo é baseado na última pesquisa do Datafolha de intenção de voto divulgada nesta quarta Ler mais",outubro|pt|ler|2018|eleitores|brasileira|em|que|política|para|bolsonaro|com|da|milhões
18_12-12-18_13_07.csv,emtemporeal,"25/09/2018O Estado, entendido como a nação politicamente organizada, representa o povo, o território, o governo, os objetivos nacionais e a soberania.
O Estado é o poder público em sentido amplo, formado por um conjunto de instituições que controlam e administram uma nação, de forma soberana e de modo impessLer mais",,"25/09/2018

O Estado, entendido como a nação politicamente organizada, representa o povo, o território, o governo, os objetivos nacionais e a soberania.

O Estado é o poder público em sentido amplo, formado por um conjunto de instituições que controlam e administram uma nação, de forma soberana e de modo impess

Ler mais",uma|nação|soberaniao|2018|estado|brasileira|é|um|política|soberana|representa|setembro|sentido|território
18_12-12-18_13_08.csv,emtemporeal,"E esse sentimento aproxima essas pessoas do candidato Jair Messias Bolsonaro, que não faz outra coisa na vida a não ser reforçar esse sentimento de revolta nas pessoas.
Em artigo anterior, sob o título “as três visões em disputa na eleição de 2018”, tratei dos desenhos de Estado que estão em disputa.
https://www.valor.com.br/politica/5676907/haddad-propoe-punicao-tributaria-para-spread-alto Cuba não é pluralista Ampliar o número de proprietários dos meios de comunicação é, sim, saudável.
Sem falar da ditadura cubana, que leva ao paroxismo o controle da imprensa.
Sem imprensa, sem democracia A imprensa livre, com todas as suas parcialidades e tendenciosidades, é condição sine […] Ler mais",,"Notícias Rápidas

Para reflexão do potencial eleitor de Bolsonaro Parcela do eleitorado – indignada com a situação do país, enfurecida com a corrupção e com a violência – tem sede de vingança. E esse sentimento aproxima essas pessoas do candidato Jair Messias Bolsonaro, que não faz outra coisa na vida a não ser reforçar esse sentimento de revolta nas pessoas. Quando um agente político identifica uma situação de desconforto e recomenda uma punição para os seus supostos responsáveis, esse gesto o aproxima das pessoas que estão incomodadas com a situação, fazendo-as imaginar que esse diagnóstico comum é suficiente para fazer dele (agente político) seu representante no Congresso ou no Poder Legislativo. O “messianismo”, ou a crença na vinda de um salvador ou redentor, caído do céu, imaculado e justiceiro, para libertar o povo de seus males, é um fato na cultura da Humanidade, mas, ao mesmo tempo, pode gerar a alienação dos indivíduos quanto a serem, eles mesmos, os agentes para a solução dos problemas identificados. O método adotado por Bolsonaro para sensibilizar seus apoiadores consiste em apontar problemas (criminalidade, corrupção, desemprego), indicar os supostos culpados (a esquerda, os comunistas, os malandros e corruptos), além de sugerir uma suposta solução (a punição, no caso a repressão, o encarceramento, o corte de direitos e serviços públicos, etc), numa construção que denota causa e efeito. Para potencializar e manter as pessoas presas a essa fórmula, utilizam as redes sociais para espalhar discórdia, mentiras e apontar fatos da realidade que chocam as pessoas. Existe um exército de mercenários, a serviço dos bolsonaristas, que alimenta, estimula e sustenta esse tipo de campanha permanente É o modo de comunicação troll, que provoca reações enfurecidas, estimula um comportamento de massas, manipula, maneja e molda as crenças e sentimentos das pessoas sem contar com o consentimento ou vontade consciente delas. Provoca os instintos mais primitivos do […] Ler mais

Que tipo de propostas se pode esperar do próximo presidente? Em artigo anterior, sob o título “as três visões em disputa na eleição de 2018”, tratei dos desenhos de Estado que estão em disputa. Neste trato de medidas que poderão ser propostas pelos representantes dessas três visões: a) Estado de proteção social, b) Estado liberal-fiscal, e c) Estado penal. Ressalte-se, desde logo, que alguns candidatos podem combinar, em seus programas de governo, políticas públicos de caráter liberal-fiscal com medidas do Estado penal, mas é bem menos provável que um candidato que adote a visão de estado de proteção social possa compatibilizar seu programa com propostas de ordem liberal-fiscal, ainda que possa incorporar algumas medidas de reforço à segurança pública. Os candidatos do campo da esquerda e da centro-esquerda[1], que adotam a defesa do estado de proteção social, terão como prioridade recuperar a capacidade do Estado de ofertar serviços e proporcionar o acesso a bens públicos, especialmente aos mais vulneráveis. Isto não significa que deixarão de propor reformas estruturais, inclusive com impacto sobre direitos, como reforma da Previdência e do Estado, mas com generosas regras de transição. Os pressupostos para a retomada do projeto de estado de proteção social, entretanto, são a revogação ou flexibilização da Emenda Constitucional 95, e a realização de reforma tributária que amplie a arrecadação, sem o que será impossível conter o aumento da desigualdade e evitar o colapso do Estado. Já os candidatos que defendem o Estado de perfil liberal-fiscal[2], além de manterem o congelamento do gasto público – admitindo a sua flexibilização somente se, e quando, forem aprovadas reformas profundas para reduzir o gasto social – descartam qualquer aumento de tributos, exceto do Imposto de Renda de pessoa física, aprofundando o ajuste apenas pelo lado da despesa, e notadamente na área social. A prioridade – ao lado da venda de ativos, mediante a alienação […] Ler mais

Por trás do “choque liberal” do PT, o risco da censura à imprensa Por trás da proposta aparentemente benfazeja de Fernando Haddad esconde-se um velho desejo do PT e um postulado de regimes autoritários: a censura da imprensa. Um dos possíveis postes de Lula às eleições presidenciais de 2018, o ex-prefeito propõe “regulamentação que aumente o pluralismo e a diversidade dos meios”. Em entrevista aos jornalistas Ricardo Mendonça e César Felício na segunda, 23 de julho, Haddad acrescentou que “o foco é evitar concentração da propriedade, sobretudo propriedade cruzada”. Buscando um verniz democrático à iniciativa, disse que “queremos dar um choque liberal”. https://www.valor.com.br/politica/5676907/haddad-propoe-punicao-tributaria-para-spread-alto Cuba não é pluralista Ampliar o número de proprietários dos meios de comunicação é, sim, saudável. A pluralidade incentiva a concorrência e inibe a manipulação. Ganha o jornalismo profissional e a liberdade de informação, que inexiste em modelos controlados pelo Estado. Afinal, quem vive do jornalismo não pode fazer como os blogs sujos, que divulgam apenas um lado da notícia e não abrem espaço ao contraditório. Na verdade, aqueles sites – que existem graças à internet e aos smartphones, invenções capitalistas – são ponta de lança da propaganda petista. Quem conhece o PT sabe, na verdade, que o alvo da “regulamentação” é o controle da grande imprensa. Menos cautelosos do que Haddad, militantes petistas acreditam que, caso o controle já existisse, a sigla ainda estaria no poder. Se o partido de Lula não o fez antes foi por pruridos democráticos de parte de suas lideranças e pela oposição da mídia profissional. Controlar a imprensa, no entanto, foi sempre um método de governos de esquerda. Basta ver os exemplos hodiernos da Venezuela e de Nicarágua. Sem falar da ditadura cubana, que leva ao paroxismo o controle da imprensa. Todos modelos defendidos pela chamada esquerda. Sem imprensa, sem democracia A imprensa livre, com todas as suas parcialidades e tendenciosidades, é condição sine […] Ler mais",imprensa|2018|um|brasileira|estado|os|é|que|política|para|com|da|agosto|não
18_12-12-18_13_08.csv,emtemporeal,"Nenhum mecanismo interna corporis evidencia mais a impossibilidade do juiz neutro do que os prazos.
A benesse, que atende a casta privilegiadíssima dos magistrados, já depenou o erário em mais de R$ 5 bilhões.
Se houver perda de fôlego na reta final, o candidato poderá perder espaço para os adversários.
Nesse período será exigido do candidato um contato mais qualificado com os líderes e formadores de opinião para que eles possam conhecer melhor o candidato e suas propostas.
Nesta fase, o material de campanha deve ser denso, contendo um perfil do candidato e um detalhamento completo da plataforma, ideias, propostas e bandeiras da candidatura.",,"A demanda por ordem e por combate à criminalidade, de um lado, e a oposição à esquerda e ao politicamente correto, de outro, tem levado parcela do eleitorado a optar pela candidatura de Jair Bolsonaro, identificado nele alguém que pensa igual. Em política não é a coincidência de diagnóstico que deve justificar o apoio e o voto, mas a real capacidade do candidato e sua equipe de resolver os problemas que a população considera prioritários. E Jair Bolsonaro, pelas razões a seguir, é o menos indicado, tanto para enfrentar os dois problemas (ordem e criminalidade), quanto para fazer o contraponto com a oposição e o politicamente correto. Para supostamente resolver a demanda por ordem, a proposta de Bolsonaro consiste em perseguir e criminalizar as pessoas e movimentos que ele, com seu fundamentalismo militar, considera como bandos de desordeiros, vagabundos e preguiçosos. Já para combater a criminalidade, que também inclui pequenos furtos praticados por menores infratores, a receita é a mesma, ou seja, a repressão, a violência, a prisão e, nas palavras do candidato, o assassinato desses “bandidos” e “criminosos”. Ora, a violência só gera violência. Quanto mais repressor for o Estado, mais violento será o assaltante ou o delinquente. É preciso equilíbrio e respeito aos direitos humanos, combinando punição com medidas preventivas e de ressocialização. Fazer a Justiça funcionar e punir os criminosos tem forte apelo social, mas a repressão arbitrária só tem um efeito: vitimizar ainda mais quem mais sofre com a violência e a criminalidade. E não há nenhuma proposta ou preocupação com a prevenção, a partir de políticas públicas de emprego e inclusão social, nem com a ressocialização de menores infratores e apenados. A lógica é castigar, encarcerar, e punir. Já para o conjunto da população, igualmente, não se vislumbra nenhuma melhoria na quantidade e na qualidade […]

A ideia de escrever sobre a trajetória do Centrão, que nasceu em oposição às propostas de parlamentares que depois iriam constituir o núcleo duro do PSDB, veio a propósito da adesão desse grupamento suprapartidário e de perfil conservador/liberal/fisiológico à candidatura do tucano Geraldo Alckmin, uma ironia do destino. O texto está dividido em três tópicos: um sobre o passado, que conta como surgiu e atuava o Centrão na Constituinte e no governo Sarney. O segundo historiando o comportamento do Centrão nos governos, especialmente de FHC e do PT. E o terceiro tenta antecipar as condicionantes do Centrão na próxima legislatura, independentemente de quem seja o presidente eleito. Surgimento e passado do Centrão O Centrão nasceu na Constituinte por motivações ideológicas e teve como mentor intelectual o então senador do PDS de Mato Grosso, Roberto Campos, mas as condições para sua constituição ou organização se deram pela resistência dos conservadores ao rumo que estava tomando o arranjo político que resultou na Nova República, com a aliança entre PMDB e parcela dissidente do PDS (organizados na Frente Liberal, que deu origem, em 1985, ao PFL) para eleger Tancredo Neves no Colégio Eleitoral. Na Nova República, durante o período Constituinte, logo ficou evidente para os conservadores[1] que um núcleo pensante e de centro-esquerda do PMDB – que depois veio a criar o PSDB – iria a liderar o processo de elaboração da nova Constituição, tanto na definição das regras decisórias quanto na indicação dos relatores das duas primeiras fases de discussão da Carta Magna. E outra parcela do partido, de centro, assumiria a relatoria-geral, a presidência e a vice-presidência da Constituinte, como de fato aconteceu. A responsabilidade pela definição do processo de elaboração e das regras decisórias da Constituinte foi do então senador Fernando Henrique Cardoso, que relatou o projeto de resolução que […]

Notícias Rápidas

A ficção do juiz neutro O teratológico episódio envolvendo mais uma tentativa de soltar Lula da prisão expôs aquele quase consenso popular que se verifica em conversa de boteco. Ser e parecer neutro é virtude incomum entre juízes. A rigor, a isenção é atributo inalcançável. Por humanos, juízes têm sentimentos, preferências e vicissitudes, bem como inclinações políticas, religiosas e filosóficas. Além disso, magistrados são pagos para interpretar leis. Fossem as leis inequívocas, não necessitariam de interpretação. Leis, como se sabe, são forjadas nos Parlamentos – noves fora o STF brasileiro, casa de legisladores bissextos. O Parlamento, por sua vez, é habitat dos políticos, autoridades declaradamente partidárias, portanto, parciais. Assim, a suposta neutralidade judiciária – aqui entendida como a equidistância de tudo e de todos – estriba-se num regramento parcial, antônimo de isenção. De volta à conversa de botequim, pau que nasce torto morre torto. Prazos ficcionais Aos que descreem em filósofos ébrios, bastaria um olhar sobre o funcionamento da Justiça. Nenhum mecanismo interna corporis evidencia mais a impossibilidade do juiz neutro do que os prazos. Sufetas, sabe-se, não têm prazos. Ou têm prazos ficcionais. Na prática, qualquer magistrado pode acelerar ou retardar um processo como bem lhe aprouver. O condão de ser célere ou procrastinador desnuda qualquer manto de neutralidade. Vejamos. O que dizer do juiz Luiz Fux, da Suprema Corte, que mantém há quase quatro anos trancada numa gaveta a decisão definitiva sobre o auxílio-moradia? A benesse, que atende a casta privilegiadíssima dos magistrados, já depenou o erário em mais de R$ 5 bilhões. Dinheiro farto para quem já o tem a rodo. O juiz Roberto Barroso, também do STF, proclamou que o aborto (proibido em nossa legislação) é legal até o terceiro mês de gestação – aparentemente dando vazão a convicções pessoais ou reclamos militantes. O voluntarismo legiferante foi de encontro à lei, […] Ler mais

Série Eleições 2018: a campanha na rua A campanha eleitoral, que vai de 16 de agosto a 6 de outubro, deve ser vista como um processo dinâmico, que começa em um ritmo e vai crescendo até a data da eleição. É a hora de entrar em campo. Se houver perda de fôlego na reta final, o candidato poderá perder espaço para os adversários. Na reta final não pode faltar dinheiro, material nem volume de campanha. As pessoas têm a tendência de deixar tudo para a última hora, inclusive a decisão do voto. Portanto, é vital para o sucesso nas eleições que a campanha cresça até o final sempre. O primeiro mês (agosto) é de afirmação da imagem do candidato, de ampliação do leque de apoios, de busca de espaços nos meios de comunicação e de consolidação da candidatura. Esta é a hora de visitar feiras, associações, igrejas, colégios, fábricas, sindicatos. É também a fase em que o candidato deve buscar os multiplicadores e formadores de opinião (líderes comunitários, religiosos, sindicais, jornalistas) para convencê-los das chances de vitória da candidatura, da viabilidade de suas propostas e da sua seriedade. Nesse período será exigido do candidato um contato mais qualificado com os líderes e formadores de opinião para que eles possam conhecer melhor o candidato e suas propostas. Nesta fase, o material de campanha deve ser denso, contendo um perfil do candidato e um detalhamento completo da plataforma, ideias, propostas e bandeiras da candidatura. O segundo mês (primeira quinzena de setembro) é o momento de reduzir as reuniões fechadas e partir para a ofensiva de rua, centrando os esforços na criação de fatos políticos que possam ser notícia e, principalmente, na massificação da campanha. Para tanto, o candidato deve distribuir panfletos para o público alvo, nas ruas, bairros, escolas, fábricas, repartições públicas e nas estações rodoviárias e de metrô, […] Ler mais

Série Eleições 2018: propaganda eleitoral da campanha A partir de 16 de agosto fica autorizada a propaganda eleitoral[1]. Ela tem a função de tornar o candidato e o seu número conhecidos, sempre associados a uma ideia, proposta ou bandeira de interesse da coletividade. Compreende a parte de imprensa e mídia (jornais, santinhos, cartazes, folhetos Ler mais",ou|2018|é|brasileira|um|os|em|que|política|para|candidato|da|mais|julho
18_12-12-18_13_08.csv,emtemporeal,"Os baixos índices no voto espontâneo e os altos percentuais de rejeição indicam, mais do que desinteresse, o desencanto com a política.
A soma dos que não sabem, nulos e brancos totaliza 69% no Datafolha.
Poderia ser apenas desconhecimento, mas não é o que parece.
A campanha ou o comitê não poderá prescindir de um coordenador administrativo e financeiro e de um bom consultor jurídico.
No curso da campanha não basta produzir bem os programas do candidato, é preciso também acompanhar e gravar os programas dos adversários.",,"Duas pesquisas recentes sobre as eleições presidenciais, do Datafolha e da XP/Ipespe, reforçam o distanciamento dos eleitores em relação ao pleito de 7 de outubro. Os baixos índices no voto espontâneo e os altos percentuais de rejeição indicam, mais do que desinteresse, o desencanto com a política. Alguns indicadores destas pesquisas apontam para esta conclusão. Apurados em junho, os levantamentos trazem impressões recentes dos eleitores. A manifestação espontânea, sem a apresentação de um cartão com os nomes dos presidenciáveis, converge em ambas. A soma dos que não sabem, nulos e brancos totaliza 69% no Datafolha. No Ipespe, este percentual é de 65%. Considerando o histórico das eleições de 2015 para cá, razoável concluir que pelo menos 90 milhões de eleitores não votariam em ninguém se o sufrágio fosse hoje – e se o voto não fosse obrigatório. Grosso modo, consideradas as margens de erro de ambas (2 e 3,2 pontos percentuais), 7 em cada 10 eleitores não se interessam por nenhum candidato. Poderia ser apenas desconhecimento, mas não é o que parece. Ao perguntar o grau de interesse nas eleições, o Ipespe levantou 68% de respostas positivas. 28% dos entrevistados estão muito interessados, 20%, mais ou menos, e 20%, um pouco. Lógica do paternalismo Outro dado expressivo do desencanto, e não do desconhecimento, veio na pergunta que afere o grau de convicção do eleitor. Tomemos os dois candidatos mais bem pontuados como exemplo. Lula, conhecido por praticamente todos os brasileiros, soma 99% de manifestações. 60% não votariam nele, 11% poderiam votar & 28% certamente votariam. Bolsonaro atinge índices igualmente reveladores do discernimento eleitoral. 52% não votariam nele, 12% poderiam votar & 20% certamente votariam. Os índices de rejeição do Datafolha e do Ipespe, ao contrário de outros indicadores, diferem bastante. O Datafolha indica que Lula é rejeitado por 36% dos […]

O Supremo Tribunal Federal, quando for analisar a constitucionalidade ou não da Lei 13.467/2017, no aspecto que trata da contribuição sindical, terá que examinar a matéria à luz do tripé da Constituição de 1988 que dá sustentação à organização sindical, formado pela unicidade sindical (art. 8º, II), a representatividade compulsória (art. 8º, III) e a contribuição sindical (art. 8º, IV, parte final). O Constituinte, ao tratar da organização sindical, estruturou a representação dos trabalhadores e empregadores com base em três princípios: o da unicidade, que consiste em não admitir mais de uma entidade representativa de uma mesma categoria profissional ou econômica, numa mesma base territorial, que não será inferior ao município; o do sistema confederativo, que consiste em organizar a representação por categoria profissional; e o da contribuição sindical, que consiste na garantia de forma compulsória de custeio por força do monopólio de representação sindical de associados e não-associados. Para maior clareza, reproduzimos a seguir os três incisos do art. 8º da Constituição Federal: “Art. 8º É livre a associação profissional ou sindical, observado o seguinte: …. II – é vedada a criação de mais de uma organização sindical, em qualquer grau, representativa de categoria profissional ou econômica, na mesma base territorial, que será definida pelos trabalhadores ou empregadores interessados, não podendo ser inferior à área de um Município; III – ao sindicato cabe a defesa dos direitos e interesses coletivos ou individuais da categoria, inclusive em questões judiciais ou administrativas; IV – a assembléia geral fixará a contribuição que, em se tratando de categoria profissional, será descontada em folha, para custeio do sistema confederativo da representação sindical respectiva, independentemente da contribuição prevista em lei; ………..” Considerando que o sistema sindical, com seus três pilares, é inseparável, a pergunta que se impõe é se seria possível, via lei, alterar apenas […]

Notícias Rápidas

Série eleições 2018: estrutura de campanha Para os candidatos – tanto à eleição majoritária (presidente, governador e senador) quanto à proporcional (deputado estadual, distrital e federal) – que decidirem não entregar a execução de sua campanha a uma agência de comunicação ou publicidade, o ideal é que o comitê seja estruturado com pessoas experientes e capazes em quatro grandes núcleos de apoio: a) marketing; b) política; c) material de campanha; e d) atividades de rua. Coordenação de Marketing – cuidará da definição das atitudes e imagem do candidato, além da propaganda, da assessoria de imprensa, da contratação de pesquisa, da participação do candidato em debates e entrevistas, dos logotipos e da identificação visual da campanha. Deve ser um profissional do setor. Coordenação Política – será encarregada das negociações, das alianças e da orientação aos cabos eleitorais. Deve ser alguém vinculado orgânica e politicamente ao partido ou coligação e de absoluta confiança do candidato. Coordenação de Material de Campanha – cuidará da operacionalização das peças de campanhas produzidas pelo núcleo de marketing ou pela agência contratada, tais como panfletos, botons, distintivos, adesivos, bandeirinhas e outros produtos de divulgação do candidato. Deve ser um profissional. Coordenação das Atividades de Rua – será o responsável por colocar o bloco na rua, cuidando da mobilização da militância e da distribuição do material de campanha, além de outras atividades. A campanha ou o comitê não poderá prescindir de um coordenador administrativo e financeiro e de um bom consultor jurídico. O primeiro para captar recursos, contratar pessoal e autorizar despesas. O segundo para orientar juridicamente a campanha, defender o candidato e requerer eventual direito de resposta. A estrutura da campanha, como se vê, inclui toda a logística, que vai desde o comitê, passando por impressos, correspondências, pesquisas eleitorais, até profissionais contratados para divulgar e promover a campanha nas ruas e, principalmente, nas rádios, […] Ler mais

Série eleições 2018: horário eleitoral, propaganda e marketing Neste artigo vamos tratar de como bem utilizar o horário eleitoral gratuito, mediante o uso do rádio e da TV, e como potencializar a propaganda e o marketing da campanha, iniciando com conceitos e dicas sobre o emprego dessas ferramentas na campanha eleitoral. Os programas de rádio e TV podem se constituir em uma importante fonte de votos. Os candidatos devem aproveitar bem esses meios e utilizar linguagem adequada para cada veículo. É fundamental a presença de um profissional ou agência que oriente na forma e no conteúdo dos programas. Para os candidatos com dificuldades de comunicação, além da presença do profissional na produção dos programas, recomenda-se um rápido treinamento com técnicas que irão ajudá-los na gravação dos programas, entrevistas, debates, nas salas em público e em comícios. No rádio, a linguagem deve ser coloquial e repetitiva. É importante tratar apenas de um assunto de cada vez e associar o tema à sua imagem. Um bom jingle ajuda o eleitor a lembrar-se do candidato, de seu número e de suas bandeiras de campanha. O candidato deve procurar transmitir confiança e esperança. Na televisão, além do conteúdo de sua fala, que deve conter frases curtas e na ordem direta, o candidato deve preocupar-se também com os gestos, expressões faciais e aparência. É importante não fazer gestos bruscos nem ser agressivo. A indignação deve ser expressada com toda a emoção possível, preferencialmente acompanhada de gestos e entonação da voz. No curso da campanha não basta produzir bem os programas do candidato, é preciso também acompanhar e gravar os programas dos adversários. Isso possibilita solicitação do direito de resposta sempre que o candidato for atingido, mesmo que de forma indireta, com afirmação caluniosa, difamatória, injuriosa ou inverídica. Já o trabalho de Marketing, conceituado como um conjunto de técnicas […] Ler mais

Série Eleições 2018: planejamento da campanha O êxito de uma campanha eleitoral, qualquer que seja o porte do Estado, depende em boa parte de um bom planejamento. Planejar significa avaliar possibilidades, dimensionar os recursos e estabelecer metas. Ler mais",ou|2018|os|junho|brasileira|um|em|que|política|campanha|dos|é|da|não
18_12-12-18_13_08.csv,emtemporeal,"Notícias RápidasJustiça tem que ser para todos Os últimos 33 anos no Brasil tiveram a marca indelével de três partidos: MDB, PSDB & PT.
Ler maisSérie eleições 2018: o voto consciente Nestas eleições, assim como deveria ter sido nas anteriores, o exercício da cidadania, mediante o voto, deve sempre acontecer de forma consciente.
Ler maisSerie eleições 2018: priorizar o resgate da política.
O principal desafio da sociedade e das instituições, além dos próprios candidatos ao pleito de 2018, é superar a desilusão com a política.
É preciso resgatar a importância da principal ou da única forma de resolução dos problemas coletivos fora do emprego da violência.",,"Do mesmo modo que o eleitor deve votar consciente, o candidato deve observar que atributos realçar no processo eleitoral, especialmente para atrair a atenção e transmitir segurança e confiança ao eleitor. Neste texto chamamos atenção para as motivações, características, habilidades e qualidades

Com a investida do neoliberalismo sobre o Estado de bem estar social, o debate acerca da crise da democracia representativa e da distinção entre democracia representativa – procedimental, institucional ou formal – e a democracia substantiva se intensificou no Brasil e no mundo.

Notícias Rápidas

Justiça tem que ser para todos Os últimos 33 anos no Brasil tiveram a marca indelével de três partidos: MDB, PSDB & PT. Neste interregno, quase tudo de bom, quase tudo de mau que ocorreu em terras brasilianas teve a participação da tríade. Ler mais

Série eleições 2018: o voto consciente Nestas eleições, assim como deveria ter sido nas anteriores, o exercício da cidadania, mediante o voto, deve sempre acontecer de forma consciente. Ler mais

Serie eleições 2018: priorizar o resgate da política. O principal desafio da sociedade e das instituições, além dos próprios candidatos ao pleito de 2018, é superar a desilusão com a política. É preciso resgatar a importância da principal ou da única forma de resolução dos problemas coletivos fora do emprego da violência. Ler mais",democracia|deve|ler|consciente|2018|é|brasileira|que|política|para|eleições|maio|da
18_12-12-18_13_08.csv,emtemporeal,"O Sistema Político Brasileiro, por razões estruturais e operacionais de suas instituições, é um dos mais complexos, fragmentados, caros e ineficientes do mundo.
Ademais, o Parlamento convive diuturnamente com episódios de corrupção, vulnerabilidade aos lobbies e captura pelo Executivo.
Quando decidiram que era tarde da noite para decidir sobre a prisão em segunda instância, os juízes da Suprema Corte abriram uma brecha para a soltura dos meliantes do erário.
Se decretarem a alforria de ladrões graúdos, os onze supremos sufetas estarão sepultando a Lava-Jato.",,"O Sistema Político Brasileiro, por razões estruturais e operacionais de suas instituições, é um dos mais complexos, fragmentados, caros e ineficientes do mundo. Ademais, o Parlamento convive diuturnamente com episódios de corrupção, vulnerabilidade aos lobbies e captura pelo Executivo.

Quando decidiram que era tarde da noite para decidir sobre a prisão em segunda instância, os juízes da Suprema Corte abriram uma brecha para a soltura dos meliantes do erário. Se decretarem a alforria de ladrões graúdos, os onze supremos sufetas estarão sepultando a Lava-Jato.

Ler mais",uma|abril|2018|os|brasileira|dos|é|um|vulnerabilidade|política|para|tarde|da|mais
18_12-12-18_13_08.csv,emtemporeal,"A intervenção no Rio de Janeiro justificada para restaurar a segurança pública é a bola da vez.
A segurança pública implica que os cidadãos possam conviver em paz e harmonia, onde cada um respeita os direitos individuais do outro.
Quem discorda é patrulhado por “especialistas” arregimentados pela mídia em geral – que, mais das vezes, busca quem confirme sua tese.
Até que a transgressão do indivíduo que a integra como membro diga o que entende por poder do poder judiciário.
O tema vem sendo tratado como prioridade pelo Conselho de Comunicação Social do Congresso Nacional (CCS) desde novembro de 2017 Ler mais",,"A intervenção no Rio de Janeiro justificada para restaurar a segurança pública é a bola da vez. A segurança pública implica que os cidadãos possam conviver em paz e harmonia, onde cada um respeita os direitos individuais do outro. O Estado deve garantir a segurança pública.

A influência que a esquerda exerce sobre as redações, a academia e o mundo artístico propaga conceitos ideológicos como se fossem verdades certificadas. Quem discorda é patrulhado por “especialistas” arregimentados pela mídia em geral – que, mais das vezes, busca quem confirme sua tese.

Notícias Rápidas

Por um ranking social de avaliação parlamentar Com a proximidade das eleições gerais de 2018 é fundamental que o eleitor fique atento para uma escolha consciente, analisando com todo cuidado tanto a trajetória, o perfil, os compromissos e os interesses representados pelos candidatos – sejam eles detentores de mandatos ou não – quanto as fontes.. Ler mais

A Justiça, Desesperadamente Consentida e resignada perante a lei, a justiça como instituição é pedra, água, claridade. Até que a transgressão do indivíduo que a integra como membro diga o que entende por poder do poder judiciário. Muitos, atraídos pelas sombras do concurso público e as nomeações que não lhes vasculham a moral Ler mais

‘Fake news’ são tema de debate em reunião do Conselho de Comunicação A menos de um ano das eleições gerais o Brasil enfrenta um problema sério causado pelas chamadas fake news, notícias falsas disseminadas nas redes sociais. O tema vem sendo tratado como prioridade pelo Conselho de Comunicação Social do Congresso Nacional (CCS) desde novembro de 2017 Ler mais",segurança|ler|2018|é|brasileira|um|os|em|que|política|março|das|tema|como
18_12-12-18_13_08.csv,emtemporeal,"As eleições gerais cumprem uma função fundamental na democracia e na consolidação do sistema republicano, cuja base é a alternância no poder.
É a oportunidade para discutir projetos e visão de mundo, sufragando nomes que irão dirigir o País e formular e implementar políticas públicas nos próximos20/02/2018Salvo mudanças inesperadas no humor do eleitorado, a tendência será de reeleição entre 60% e 70% da atual Câmara dos Deputados – um dos mais altos das sete últimas eleições – o que poderá levar para a próxima legislatura as práticas e os vícios da atual composição legislativa.",,"As eleições gerais cumprem uma função fundamental na democracia e na consolidação do sistema republicano, cuja base é a alternância no poder. É a oportunidade para discutir projetos e visão de mundo, sufragando nomes que irão dirigir o País e formular e implementar políticas públicas nos próximos

20/02/2018

Salvo mudanças inesperadas no humor do eleitorado, a tendência será de reeleição entre 60% e 70% da atual Câmara dos Deputados – um dos mais altos das sete últimas eleições – o que poderá levar para a próxima legislatura as práticas e os vícios da atual composição legislativa.

Ler mais",últimas|2018|é|brasileira|dos|que|política|para|atual|vícios|eleições|da|fevereiro|mais
18_12-12-18_13_08.csv,emtemporeal,"Duas circunstâncias distintas concorrem para livrar o ex-presidente Lula da prisão.
Uma delas passa pelo STF (Supremo Tribunal Federal), mais exatamente pelo juiz Dias Toffoli.
Outra, pelos inúmeros suspeitos graúdos de rapinarem o erário…As mudanças que o Congresso promoveu na legislação eleitoral e partidário poderá influenciar o resultado destas e das próximas eleições proporcionaisNotícias RápidasO banco de reservas Petista A condenação de Lula em segunda instância, de maneira unânime, pelo TRF-4, inviabiliza o caminho do ex-presidente ao Palácio do Planalto.
O PT tem traçada a estratégia de manter a candidatura de Lula até o Tribunal Superior Eleitoral (TSE) impedi-lo de disputar o Planalto novamente, como preveem Ler maisLula e previdência pautarão eleição de 2018 O ano de 2018 marcha para se tornar um marco na vida política do Brasil.
Mesmo que a alternativa seja aprovar a continuidade do modelo que jogou o País na maior Ler maisIncertezas e desafios da competição fiscal Em contrataste com a leniência da UE, o Brasil adota critérios objetivos para definir paraísos fiscais e contramedidas de combate à perdas de receitas.",,"Duas circunstâncias distintas concorrem para livrar o ex-presidente Lula da prisão. Uma delas passa pelo STF (Supremo Tribunal Federal), mais exatamente pelo juiz Dias Toffoli. Outra, pelos inúmeros suspeitos graúdos de rapinarem o erário…

As mudanças que o Congresso promoveu na legislação eleitoral e partidário poderá influenciar o resultado destas e das próximas eleições proporcionais

Notícias Rápidas

O banco de reservas Petista A condenação de Lula em segunda instância, de maneira unânime, pelo TRF-4, inviabiliza o caminho do ex-presidente ao Palácio do Planalto. O PT tem traçada a estratégia de manter a candidatura de Lula até o Tribunal Superior Eleitoral (TSE) impedi-lo de disputar o Planalto novamente, como preveem Ler mais

Lula e previdência pautarão eleição de 2018 O ano de 2018 marcha para se tornar um marco na vida política do Brasil. Mesmo que a alternativa seja aprovar a continuidade do modelo que jogou o País na maior Ler mais

Incertezas e desafios da competição fiscal Em contrataste com a leniência da UE, o Brasil adota critérios objetivos para definir paraísos fiscais e contramedidas de combate à perdas de receitas. Ler mais",tribunal|ler|2018|brasileira|que|política|pelo|para|planalto|expresidente|janeiro|da|lula|mais
18_12-12-18_13_09.csv,emtemporeal,"Ainda que os atuais resultados das pesquisas eleitorais preocupem, existe um exército de homens “mornos” no País que ainda não tomaram sua decisão2018 já está em curso.
Se a campanha eleitoral será curta – apenas 45 dias –, a atual pré-campanha será a mais longa da história política recente do Brasil.
Só que não.
Ler maisDesafios da renovação qualitativa do Congresso Por incrível que pareça, apesar da descrença nos atuais mandatários do congresso nacional a renovação qualitativa em 2018 não é uma certeza absoluta Ler maisPrecisamos redefinir o progresso Progresso pode significar: avanço, evolução, desenvolvimento.
Mas para um verdadeiro progresso social é preciso mudar o pensamento e as atitudes das pessoas Ler mais",,"Ainda que os atuais resultados das pesquisas eleitorais preocupem, existe um exército de homens “mornos” no País que ainda não tomaram sua decisão

2018 já está em curso. Se a campanha eleitoral será curta – apenas 45 dias –, a atual pré-campanha será a mais longa da história política recente do Brasil.

Notícias Rápidas

O mito da Brasília corrupta e a xingadora do avião O xingamento de Gleisi Hoffmann num avião revela o mito da Brasília corrupta, onde todos os males dos brasileiros são culpa do Parlamento. Só que não. Ler mais

Desafios da renovação qualitativa do Congresso Por incrível que pareça, apesar da descrença nos atuais mandatários do congresso nacional a renovação qualitativa em 2018 não é uma certeza absoluta Ler mais

Precisamos redefinir o progresso Progresso pode significar: avanço, evolução, desenvolvimento. Mas para um verdadeiro progresso social é preciso mudar o pensamento e as atitudes das pessoas Ler mais",progresso|ler|é|um|brasileira|dezembro|2017|política|que|será|da|não|qualitativa|renovação
