Timestamp,Source,Summary,Authors,Text,Keywords
20_12-12-18_13_12.csv,gazetabrasilia,"Vem aí um dos eventos de cultura nerd, pop e geek, mais esperados da internet, que é a CCXP 2018, que acontece na São Paulo Expo, que será de 6 a 9 de dezembro.
A edição comemorativa de cinco anos da CCXP deve ser a maior da história e os ingressos já estão a venda.
No canal EldoGomesTV tem 12 coisas sobre a Comic Com Experience 2018, vem ver:Eldo Gomes é jornalista multimídia, palestrante sobre novas mídias, apresentador do Sexta POP no Rádio e mediador dos Encontro de Youtubers de Brasília na Campus Party.
http://www.eldogomes.com.br/ccxp2018Tags: comic con 2018 brasil, comic con 2018 brasil convidados, ccxp 2018, comic con brasil, comic con 2018 ingressos, ccxp 2018 ingressos, comic con brasil 2017 convidados, 2018 comic-con international: san diego",Superads Lite,"Vem aí um dos eventos de cultura nerd, pop e geek, mais esperados da internet, que é a CCXP 2018, que acontece na São Paulo Expo, que será de 6 a 9 de dezembro.

A edição comemorativa de cinco anos da CCXP deve ser a maior da história e os ingressos já estão a venda. No canal EldoGomesTV tem 12 coisas sobre a Comic Com Experience 2018, vem ver:

Eldo Gomes é jornalista multimídia, palestrante sobre novas mídias, apresentador do Sexta POP no Rádio e mediador dos Encontro de Youtubers de Brasília na Campus Party.

http://www.eldogomes.com.br/ccxp2018

Tags: comic con 2018 brasil, comic con 2018 brasil convidados, ccxp 2018, comic con brasil, comic con 2018 ingressos, ccxp 2018 ingressos, comic con brasil 2017 convidados, 2018 comic-con international: san diego",comic|2018|é|que|ccxp|vem|com|experiêncie|ingressos|da|brasil|gazeta|sobre|brasília
20_12-12-18_13_12.csv,gazetabrasilia,"Com o intuito de trocar conhecimento e gerar parcerias, youtubers do DF estreitam relacionamento através do whatsapp e geram colaborações entre si.
Nesta terça-feira, 11 de dezembro, a convite da Casa da Redação, os criadores de conteúdo do YouTube de Brasília/DF, realizaram um almoço de confraternização de fim de ano, no restaurante Chocolat Glace, que fica no Brasília Center Design.
Os moderadores do grupo são: Eldo Gomes e a influencer Agda Carvalho, que reúnem os produtores de conteúdo do YouTube.
Na ocasião, aproveitaram a oportunidade para trocar ideias da área de mídias e planejar parcerias para o segmento no Distrito Federal.
O grupo que nasceu no whatsApp, como “Youtubers do Quadrado”, seguem em coletividade para debater assuntos de interesse da área.",Superads Lite,"Com o intuito de trocar conhecimento e gerar parcerias, youtubers do DF estreitam relacionamento através do whatsapp e geram colaborações entre si.

Nesta terça-feira, 11 de dezembro, a convite da Casa da Redação, os criadores de conteúdo do YouTube de Brasília/DF, realizaram um almoço de confraternização de fim de ano, no restaurante Chocolat Glace, que fica no Brasília Center Design. que recebeu 11 canais.

Os moderadores do grupo são: Eldo Gomes e a influencer Agda Carvalho, que reúnem os produtores de conteúdo do YouTube. Na ocasião, aproveitaram a oportunidade para trocar ideias da área de mídias e planejar parcerias para o segmento no Distrito Federal. O grupo que nasceu no whatsApp, como “Youtubers do Quadrado”, seguem em coletividade para debater assuntos de interesse da área.

Dos quase 25 canais brasilienses que integram o coletivo, 11 marcaram presença: Negra e Estilosa, Sapato de Cristal, Bteixxeira, Mih Pocket, Taiane Araújo, Negra&Estilosa, Vivi alves, Arte na veia, Leandro Paivinha, Luanda Silva e (nós) EldoGomesTV.

Assista:",trocar|parcerias|whatsapp|os|restaurante|que|para|11|youtube|glace|da|realizam|youtubers|encontro|brasília|chocolat
20_12-12-18_13_12.csv,gazetabrasilia,"Espaço Cena encerra programação de 2018 com a peça A incrível mulher que virou jarro (A origem).
Com direção de José Regino, a montagem conta a história de Geleia, a faxineira de um teatro.
O que a palhaça não sabe é que ela vai acabar se tornando a atração principal.
SOBRE O ESPAÇO CENACom uma proposta de conectar os agentes culturais de Brasília e aproximar a comunidade teatral do Cena Contemporânea, o Espaço Cena surgiu em 2005 como um centro de pesquisa e informação.
Local: Espaço Cena (CLN 205, Bloco C, Loja 25, Térreo)Telefone: 3349-3937.",Superads Lite,"Espaço Cena encerra programação de 2018 com a peça A incrível mulher que virou jarro (A origem). O espetáculo solo da palhaça Geleia faz parte do projeto Ocupa Cena e fica em cartaz de 14 a 16 de dezembro.

O espetáculo A incrível mulher que virou jarro (A origem) encerra as atividades de 2018 do projeto Ocupa Cena, após dois meses de espetáculos e oficinas. A atriz Ana Flávia Garcia dá vida à palhaça Geleia em uma apresentação solo e autoral nos dias 14, 15 e 16 de dezembro com sessão única às 20h. A peça tem classificação indicativa livre e os ingressos custam R$ 10 (meia).

Com direção de José Regino, a montagem conta a história de Geleia, a faxineira de um teatro. A função de manter o local limpo e em ordem é quase despercebida pelo público e Geleia tem a missão de deixar tudo pronto para o espetáculo da noite. O que a palhaça não sabe é que ela vai acabar se tornando a atração principal.

SOBRE O ESPAÇO CENA

Com uma proposta de conectar os agentes culturais de Brasília e aproximar a comunidade teatral do Cena Contemporânea, o Espaço Cena surgiu em 2005 como um centro de pesquisa e informação. O local recebe atividades artísticas que vão de teatro a lançamentos de livros e está localizado 205 Norte, quadra conhecida pelas diferentes características arquitetônicas e repleta de iniciativas culturais.

O Espaço é a casa do Grupo Cena, coletivo de teatro formado por importantes atores brasilienses, e serve de ponto para reuniões e ensaios de peças aclamadas na cidade, como Fronteiras e Varsóvia. Outro projeto desenvolvido por lá é o Cena Contemporânea, cuja equipe é responsável pela criação e manutenção do local. O Festival Internacional de Teatro de Brasília ocorre anualmente e reúne espetáculos de todo o mundo em Brasília.

Geléia é a faxineira de um teatro. Sua função é praticamente invisível diante do olhar do respeitável público: varrer, limpar, espanar, aspirar, arrumar… Sua missão quase impossível é deixar o teatro pronto para o espetáculo da noite, tornando-se ela, sem saber, a atração principal.

FICHA TÉCNICA:

Direção: José Regino

Criação e em Cena: Ana Flávia Garcia

Operação de Som: Alessandro Lustosa

Apoio Logístico: Suene Karim

Fotos: Itayonara Rodrigues/ Espaço Galpão do Riso

SERVIÇO:

Dias 14, 15 e 16/12

Horário: 20h

Classificação indicativa: Livre

Ingressos: R$ 20 (inteira) e R$ 10 (meia-entrada), para as peças.

Local: Espaço Cena (CLN 205, Bloco C, Loja 25, Térreo)

Telefone: 3349-3937

.

OCUPAÇÃO ESPAÇO CENA 2018

*Este projeto é realizado com recursos do Fundo de Apoio à Cultura do Distrito Federal

Realização: Arteviva e Espaço Cena

Coordenação Administrativa: Michele Milani

Coordenação de Produção: Fernanda Oliveira

Curadoria: Alaôr Rosa

Curadoria e Produção Executiva: Chico Sant’Anna

Produção Executiva: Josuel Junior

Secretária de Produção: Ana Celina

Designer Gráfico: (Um Nome Produção e Comunicação) Thiago Macêdo

Assessoria de imprensa e marketing digital: Um Nome Produção e Comunicação",comédia|garcia|espaço|flávia|cena|ano|é|um|ana|encerra|teatro|em|que|produção|projeto|para|com
20_12-12-18_13_12.csv,gazetabrasilia,"Você sabe a importância e o poder de influência que os políticos brasileiros tem sobre a sua vida, sua rotina e todas às atividades que te cercam?
Bom, pensando nisso, fiz um vídeo sobre 5 motivos para discutirmos sim sobre a política!
Então, sem delongas, clique no vídeo, veja essa pauta e comente!",Superads Lite,"Você sabe a importância e o poder de influência que os políticos brasileiros tem sobre a sua vida, sua rotina e todas às atividades que te cercam? Bom, pensando nisso, fiz um vídeo sobre 5 motivos para discutirmos sim sobre a política!

Então, sem delongas, clique no vídeo, veja essa pauta e comente!",lista|youtuber|às|sua|vídeo|um|devemos|que|política|brasília|porque|você|todas|sobre|vida|motivos|discutir|veja
20_12-12-18_13_12.csv,gazetabrasilia,-> 9 Parques em Brasília-> 7 Hotéis em Brasília-> 7 pontos turístico em Brasília-> 15 restaurantes em Brasília,Superads Lite,"-> 9 Parques em Brasília



-> 7 Hotéis em Brasília



-> 7 pontos turístico em Brasília



-> 15 restaurantes em Brasília

",19|coisas|15|saber|parques|pontos|hotéis|batman|que|em|precisa|você|turístico|sobre|restaurantes|brasília
20_12-12-18_13_12.csv,gazetabrasilia,"Inspirado no momento atual, que a CCXP faz uma homenagem ao super herói, o canal Eldo Gomes TV, trouxe a tona 19 fatos curiosos sobre o super homem.
Fatos que nasceram de uma pesquisa sobre o universo dos HQs, com o objetivo de desvendar e mostrar ao público os vários motivos que fazem o herói americano ser um sucesso.",Superads Lite,"Inspirado no momento atual, que a CCXP faz uma homenagem ao super herói, o canal Eldo Gomes TV, trouxe a tona 19 fatos curiosos sobre o super homem. Fatos que nasceram de uma pesquisa sobre o universo dos HQs, com o objetivo de desvendar e mostrar ao público os vários motivos que fazem o herói americano ser um sucesso.

Asissta:",uma|youtuber|19|um|ao|que|mostra|youtube|herói|super|sobre|fatos|curiosos|superman|universo|vários
20_12-12-18_13_12.csv,gazetabrasilia,"A obra foi escrita pelo Dr. Condomínio, Aldo Junior, e está disponível nas livrarias de todo o país.
Lançado em agosto deste ano na Bienal do Livro, em São Paulo, e, em Brasília, durante o Ciclo de palestras Condominiais ocorrido em novembro, o livro “Vida de Síndico”, publicado pela All Print Editora, retrata as emoções vivenciadas na gestão de um condomínio.
Para o autor da obra, o Dr. Condomínio, Aldo Junior, o livro foi pensado como uma forma de retratar a prática do trabalho do gestor condominial.
Ele também é colunista da Franquia Nacional do Jornal do Síndico em 23 estados, dos portais Síndiconet e Universo Condomínio.
ServiçoLIVRO VIDA DE SÍNDICO RETRATA A REALIDADE DE GERENCIAR UM CONDOMÍNIOCanal do dr. Condomínio, no Youtube: https://www.youtube.com/channel/UCLBt4K7oZt0WypW2ttkcxyASite: http://www.jroffice.com.br",Superads Lite,"A obra foi escrita pelo Dr. Condomínio, Aldo Junior, e está disponível nas livrarias de todo o país.

Lançado em agosto deste ano na Bienal do Livro, em São Paulo, e, em Brasília, durante o Ciclo de palestras Condominiais ocorrido em novembro, o livro “Vida de Síndico”, publicado pela All Print Editora, retrata as emoções vivenciadas na gestão de um condomínio. Trata-se de uma obra inédita, que teve a intenção de retratar a realidade vivida por síndicos ou profissionais da área. O volume está disponível nas livrarias de todo o país.

Para o autor da obra, o Dr. Condomínio, Aldo Junior, o livro foi pensado como uma forma de retratar a prática do trabalho do gestor condominial. “Quando pensei em escrever a obra, minha intenção era ajudar os profissionais a entenderem os principais dilemas do trabalho e, principalmente, fornecer soluções possíveis para os problemas mais corriqueiros para quem administra um prédio, por exemplo”.

Dentre os temas trabalhados no livro estão os mais clássicos, como: regras de segurança para crianças, presença de animais, segurança do local e barulho. Há, ainda, outros assuntos que o Dr. Condomínio também aborda na obra, como: direitos e deveres do síndico, regras para se fazer uma assembleias e cobrança de taxas extras.

Sobre Dr. Condomínio – O Dr. Condomínio, Aldo Junior, é diretor-geral da JR Office Assessoria Condominial e se tornou conhecido pela vasta experiência em gestão condominial, palestrante renomado sobre temas condominiais em todo o País. Ele estudou Direito, é contabilista, consultor condominial há 30 anos, coordenador-geral e promotor de grandes eventos nacionais como a Unasíndico e o ciclo de palestras condominiais. Ele também é colunista da Franquia Nacional do Jornal do Síndico em 23 estados, dos portais Síndiconet e Universo Condomínio. Em Brasília, Aldo é editor-geral da Folha do Síndico DF.

Sobre a JR Office – A JR Office Assessoria Condominial com sua inteligência em serviços condominiais foi fundada em 1988, em Brasília, e tem 29 anos de experiência exclusivamente na área condominial. O grupo, que tem sede no SIA Trecho 4 e filial em Águas Claras, atende tanto condomínios residenciais, comerciais e abrange dois pilares de sustentação da administração condominial: transparência na prestação de contas e eficiência na cobrança.

Serviço

LIVRO VIDA DE SÍNDICO RETRATA A REALIDADE DE GERENCIAR UM CONDOMÍNIO

Canal do dr. Condomínio, no Youtube: https://www.youtube.com/channel/UCLBt4K7oZt0WypW2ttkcxyA

Site: http://www.jroffice.com.br",retrata|gerenciar|um|condominial|os|é|em|para|dr|síndico|condomínio|livro|obra|da|realidade|vida
20_12-12-18_13_12.csv,gazetabrasilia,"Contudo, muitos já ouviram e sustem a tese do ditado que diz que “vender é dom”.
O dito pode até ter sua parcela de verdade, mas se não for educado o dom não se desenvolve.
O Millionaire Seller – Venda é ministrado pelo treinador de crescimento pessoal e profissional, Raphael Costa, que pensou no curso depois de observar muitos profissionais sem terem o domínio de vendas necessário para garantir o sucesso do negócio.
“Existem pessoas que possuem um excelente produto, empresa ou ideia, mas o medo, o receio de vender as impede de fazer milhões.
Para muitos, falta maturidade em negociação, são pessoas que não confiam em si mesmas vendendo e acham que vendas é um processo intuitivo e informal e, então, não ficam ricas porque não vendem”, revela Raphael.",Superads Lite,"Para o treinador Raphael Costa, existem pessoas que possuem um excelente produto, empresa ou ideia, mas o medo, o receio de vender as impede de fazer milhões

Ser um bom vendedor não é obrigação apenas de quem trabalha com comércio, mas de todo profissional que precisa saber vender uma ideia, um projeto ou sua capacidade como especialista em determinada área. Contudo, muitos já ouviram e sustem a tese do ditado que diz que “vender é dom”. O dito pode até ter sua parcela de verdade, mas se não for educado o dom não se desenvolve. Pensando em estratégias para aprimorar as técnicas de venda presentes no ser humano, o Instituto Brasileiro Master Coaching criou o curso Millionaire Seller – Venda, que pretende ensinar como uma pessoa pode vender milhões por ano. A edição deste ano acontece nos dias 14, 15 e 16 de dezembro, no Hotel Carlton.

O Millionaire Seller – Venda é ministrado pelo treinador de crescimento pessoal e profissional, Raphael Costa, que pensou no curso depois de observar muitos profissionais sem terem o domínio de vendas necessário para garantir o sucesso do negócio. “Existem pessoas que possuem um excelente produto, empresa ou ideia, mas o medo, o receio de vender as impede de fazer milhões. Para muitos, falta maturidade em negociação, são pessoas que não confiam em si mesmas vendendo e acham que vendas é um processo intuitivo e informal e, então, não ficam ricas porque não vendem”, revela Raphael. “O fato é que as pessoas precisam enxergar vendas pela ótica profissional e, a partir de fatores psicológicos e emocionais, precisam aprender a conduzir e gerir o processo de vendas como um profissional altamente capacitado, precisam eliminar crenças falsas sobre vendas e sobre si mesmas como vendedores e precisam assumir o controle total do processo”, conclui o treinador.

O curso tem o objetivo de ensinar os participantes a terem crenças de um vendedor milionário profissional; a venderem sem ser chatos, mas serem estimados; a criarem conexão com o público; a fazerem uma oferta irrecusável; criarem desejo de compra; multiplicarem em 100 vezes o valor percebido pelo cliente ao produto ou serviço; dominarem o processo de negociação para vender. Quem tiver interesse em participar do Millionaire Seller, com Raphael Costa, pode se inscrever pelo site: http://ibmastercoaching.com.br/eventos/millionaire-seller/

Sobre Raphael Costa – Utilizando os princípios que ensina, Raphael Costa passou de um simples vendedor de frutas em frente a uma parada de ônibus para o fundador da sua própria empresa de desenvolvimento pessoal, a qual treina milhares de pessoas anualmente, ajudando-as a superar dezenas de bloqueios emocionais, inseguranças e dificuldades de relacionamento interpessoal. Já falou para mais de 50 mil pessoas sobre seus ensinamentos de avanços pessoais e profissionais, tornou-se o especialista em desenvolvimento pessoal número 1 em Brasília, concedendo mais de 100 entrevistas para jornais, rádio e TV’s. Autor do livro Possibilidades, que apresenta de forma clara e objetiva como qualquer pessoa é capaz de criar as suas próprias condições para atingir o próximo nível, ultrapassando as probabilidades atuais.

Serviço

Curso Millionaire Seller – Venda acontece em dezembro

Data: 14, 15 e 16/12/2018

Horários:

Dia 14: 19:30 às 23h

Dia 15: 9h às 20h

Dia 16: 9h às 20h

Local: Hotel Carlton – Setor Hoteleiro Sul Q. 5 Bloco G – Asa Sul

Inscrição: http://ibmastercoaching.com.br/eventos/millionaire-seller/

Contatos: (61)4101-1287 ou (61)9.9620-0208",raphael|pessoas|curso|é|um|aumentar|em|vendas|ideias|número|que|ensina|para|produtos|vender|não
20_12-12-18_13_12.csv,gazetabrasilia,-> 9 Parques em Brasília-> 7 Hotéis em Brasília-> 7 pontos turístico em Brasília-> 15 restaurantes em Brasília,Superads Lite,"-> 9 Parques em Brasília



-> 7 Hotéis em Brasília



-> 7 pontos turístico em Brasília



-> 15 restaurantes em Brasília

",15|parques|pontos|hotéis|em|que|turístico|comprar|restaurantes|gazeta|brasília|presente|não
20_12-12-18_13_12.csv,gazetabrasilia,"A jovem brasiliense Patrícia Rezende, ex The Voice Brasil, promoverá um show para custear seu tratamento de saúde, que segue em uma segunda etapa, de uma bactéria.
“Esse projeto vai custear a segunda parte do meu tratamento de Saúde, que eu preciso fazer e é muito caro!
:: Convidados especiais ::Caio & Henrique,Roniel e Rafael,Angelica e AndreyPaolla de Marco,Roniel Juniore MakenaO show, que será bem intimista, acontece no Park Way de Águas Claras (SMPW Quadra 04).
O valor do ingresso é de R$50,00 e será entregue online, após confirmação de pagamento.
:: Depósito para ingressos ::A conta para depósito/transferência: Caixa Econômica, Agência: 0972, Operação: 013, Poupança: 00759251-2 | CPF: 912.885.171-49 – Patrícia S. Rezende MaioresInformações e confirmações: (61) 98167-0952",Superads Lite,"A jovem brasiliense Patrícia Rezende, ex The Voice Brasil, promoverá um show para custear seu tratamento de saúde, que segue em uma segunda etapa, de uma bactéria.

“Esse projeto vai custear a segunda parte do meu tratamento de Saúde, que eu preciso fazer e é muito caro! Convidei vários talentos para cantar comigo”, conta.

O evento acontece na quinta-feira, 13 de dezembro, a partir das 21h, com ingressos a R$ 50,00 e precisam ser confirmados via whatsapp.

:: Convidados especiais ::

Caio & Henrique,

Roniel e Rafael,

Angelica e Andrey

Paolla de Marco,

Roniel Junior

e Makena

O show, que será bem intimista, acontece no Park Way de Águas Claras (SMPW Quadra 04). O valor do ingresso é de R$50,00 e será entregue online, após confirmação de pagamento.

:: Depósito para ingressos ::

A conta para depósito/transferência: Caixa Econômica, Agência: 0972, Operação: 013, Poupança: 00759251-2 | CPF: 912.885.171-49 – Patrícia S. Rezende Maiores

Informações e confirmações: (61) 98167-0952",uma|saúde|ex|custear|promove|patrícia|é|segunda|em|que|tratamento|para|será|voice|brasília|rezende
