Timestamp,Source,Summary,Authors,Text,Keywords
21_12-12-18_13_13.csv,giro61,"O TSE (Tribunal Superior Eleitoral) realizou nesta segunda-feira (10) a cerimônia de diplomação do presidente eleito, Jair Bolsonaro (PSL), e seu vice, o general Hamilton Mourão (PRTB).
No evento, foram entregues os diplomas, documentos assinados pela presidente do TSE, ministra Rosa Weber, atestando o resultado das eleições.
O ato permite que os eleitos tomem posse no cargo.
Tenho certeza que, ao lado dele, venceremos os obstáculos”Em seguida, Rosa Weber também fez um pronunciamento em que referendou a soberania do voto popular que elegeu Bolsonaro e Mourão.
Durante a fala da presidente do TSE, Bolsonaro manteve a fisionomia séria e tapou a boca com a mão para falar no ouvido de Mourão, sentado ao seu lado direito.",,"O TSE (Tribunal Superior Eleitoral) realizou nesta segunda-feira (10) a cerimônia de diplomação do presidente eleito, Jair Bolsonaro (PSL), e seu vice, o general Hamilton Mourão (PRTB). No evento, foram entregues os diplomas, documentos assinados pela presidente do TSE, ministra Rosa Weber, atestando o resultado das eleições. O ato permite que os eleitos tomem posse no cargo.

Durante a execução do Hino Nacional, Bolsonaro não cantou, mas se emocionou. Ele enxugou as lágrimas ao receber de Rosa o diploma confirmando sua eleição.

Em seu discurso, Bolsonaro agradeceu o apoio da família e de aliados, disse que a eleição marcou o início de um “novo tempo” e firmou um compromisso “de amor à pátria e compromisso de um presente de paz e futuro mais próspero”.

“Quero agradecer a Deus por estar vivo, e também agradecer a Deus por essa missão à frente do Executivo. Tenho certeza que, ao lado dele, venceremos os obstáculos”

Em seguida, Rosa Weber também fez um pronunciamento em que referendou a soberania do voto popular que elegeu Bolsonaro e Mourão. A ministra, no entanto, gastou grande parte do tempo de seu discurso para fazer uma defesa da Declaração Universal dos Direitos Humanos, que nesta segunda celebra 70 anos.

Durante a fala da presidente do TSE, Bolsonaro manteve a fisionomia séria e tapou a boca com a mão para falar no ouvido de Mourão, sentado ao seu lado direito.

A posse está programada para o dia 1º de janeiro, em cerimônia no Congresso Nacional.",pela|justiça|diplomado|é|um|os|emocionado|que|seu|bolsonaro|para|mourão|presidente|tse|eleitoral|rosa
21_12-12-18_13_13.csv,giro61,"Das prévias de relatórios às quais Paco Britto teve acesso, o fato que mais lhe chamou atenção foram as condições precárias de escolas públicas.
A transição também aponta divergências nas informações que têm chegado à equipe de Ibaneis.
Saúde financeiraOutra área que tem sinal amarelo da equipe emedebista é a de finanças.
À reportagem, o futuro detentor dos cofres do DF ranqueou as maiores preocupações da equipe econômica de Ibaneis para o próximo ano.
Ao Metrópoles, Clemente afirmou que ainda é cedo para avaliar a real situação da saúde financeira do DF.",,"A pouco mais de três semanas para a posse do governador eleito Ibaneis Rocha (MDB), a equipe que trabalha na transição das gestões detectou problemas em pelo menos duas áreas consideradas sensíveis pelo grupo do emedebista: saúde e educação. Embora as reuniões temáticas sejam finalizadas apenas no próximo dia 20, integrantes da transição de Ibaneis encontraram, entre vários transtornos, a falta de estrutura, insumos e de pessoal em Unidades Básicas de Saúde (UBSs) e escolas “que não poderiam nem estar funcionando”. Coordenador da transição, o vice-governador eleito, Paco Britto (Avante), mostrou-se preocupado com a realidade revelada pelas informações e relatórios repassados pelos representantes do governador Rodrigo Rollemberg (PSB). “Estamos empenhados em pegar o máximo de informação possível de cada área, mas já percebemos que o desmanche das unidades básicas de saúde tem causado a superlotação e, consequentemente, o desabastecimento dos hospitais”, adiantou Britto.

O futuro vice não descartou uma reestruturação de todo o sistema pelo novo governo, a fim de estancar a sangria do sistema de saúde. “A orientação que o governador nos tem dado é de conhecer a fundo todos os problemas de cada área e, a partir de então, começarmos a formatar a solução, ponto a ponto”, explicou.

Das prévias de relatórios às quais Paco Britto teve acesso, o fato que mais lhe chamou atenção foram as condições precárias de escolas públicas. “Há algumas caindo aos pedaços, sem condições de receber os alunos. Estão vivendo um verdadeiro risco”, disse. O vice-governador se refere a unidades de ensino, em geral, localizadas em cidades mais distantes do centro da capital.

A transição também aponta divergências nas informações que têm chegado à equipe de Ibaneis. Em cada grupo temático, há pelo menos três relatórios de diferentes autorias que revelam dados conflitantes. No caso específico das escolas, há, por exemplo, unidades descritas como em “regular condição”, mas que, na realidade, necessitam urgentemente de reforma total.

A informação é reforçada por um levantamento do Ministério Público do DF e Territórios (MPDFT). O documento revela que, dos R$ 287 milhões previstos na Lei Orçamentária Anual (LOA) para a educação no primeiro trimestre de 2018, o GDF empenhou apenas 6% em reparos nas unidades de ensino espalhadas pela capital do país.

Saúde financeira

Outra área que tem sinal amarelo da equipe emedebista é a de finanças. Durante a campanha, houve embates entre Rollemberg e Ibaneis sobre a real sanidade das contas públicas do Distrito Federal. O governador eleito chegou a dizer que o rombo nos cofres locais ultrapassaria os R$ 600 milhões confirmados pelo atual titular do Palácio do Buriti.

“As dificuldades não são no acesso às informações, porque técnicos experientes e renomados foram requisitados e estão nos ajudando. As maiores dificuldades estão nas alterações na Lei de Orçamento Anual (LOA), que é o instrumento de planejamento do GDF e que, se aceitas pela Secretaria de Fazenda e encaminhadas ao Planejamento, permitiriam ao futuro governo a recuperação da economia e o atendimento de necessidades reprimidas”, pontuou Clemente.

À reportagem, o futuro detentor dos cofres do DF ranqueou as maiores preocupações da equipe econômica de Ibaneis para o próximo ano. Segundo ele, a atual situação de desequilíbrio, anunciada, inclusive, pela área econômica do atual governo, é um dos motivos para acender a luz amarela.

Clemente ainda apontou as restrições para assinatura de contratos e recebimento de recursos pela falta de pagamento de precatórios e cumprimento de requisitos da responsabilidade fiscal como outro exemplo de atenção.

“A nota C anunciada pelo Tesouro Nacional e a Capacidade de Pagamento (Capag), que impossibilita o GDF de fazer operações com aval da União, além dos benefícios fiscais concedidos de alta monta a um pequeno número de contribuintes e que estão sendo analisados pelo TCDF, assim como tratamento diferenciado, em tese, de grandes e pequenas empresas, estão entre as preocupações da futura área econômica do governo Ibaneis”, pontuou.

Ao Metrópoles, Clemente afirmou que ainda é cedo para avaliar a real situação da saúde financeira do DF. O auditor já adianta que, ao contrário das outras áreas temáticas – que já encerram os trabalhos no dia 20 de dezembro, os técnicos da economia devem ignorar o recesso de fim de ano e estender os estudos e propostas até 31 de dezembro.

Recentemente, o futuro secretário de Fazenda, André Clemente, teceu críticas à atual gestão, que decidiu não encaminhar para a Câmara Legislativa o projeto de redução das alíquotas dos impostos locais. Como resposta, o secretário-chefe da Casa Civil, Sérgio Sampaio, disse que foi encontrada “uma série de obstáculos jurídicos”. O gestor aponta que a legislação eleitoral impede os agentes públicos de aplicarem desonerações fiscais.",mapeia|saúde|ibaneis|os|é|dos|das|em|equipe|banana|escolas|que|precárias|cascas|pelo|para|da
21_12-12-18_13_13.csv,giro61,"Milhares de brasilienses estiveram na Yurb, no Setor de Clubes Sul, em Brasília, para acompanhar a apresentação intimista do Padre Fábio de Melo pela turnê “O Amor Me Elegeu”.
Quem canta, reza duas vezes”, contou o Padre para a equipe de reportagem do Giro61.
O show, marcado para as 22h, atrasou em uma hora e meia devido a um problema no aeroporto com a logística dos instrumentos e de artigos de cenografia.
“O Padre Fábio de Melo é uma pessoa de simpatia singular, demonstrada nas reflexões durante o espetáculo, que casaram perfeitamente com o teor das músicas.
Para 2019, Padre Fábio pretende gravar seu novo DVD.",Thiago Marques Dos Reis,"Por Francisco Welson Ximenes (Chico)

Louvor, oração e muita música. Milhares de brasilienses estiveram na Yurb, no Setor de Clubes Sul, em Brasília, para acompanhar a apresentação intimista do Padre Fábio de Melo pela turnê “O Amor Me Elegeu”. O sacerdote católico, professor, cantor e escritor, famoso por publicar sábias mensagens de esperança e de fé nas redes sociais, não economizou palavras e sua evangelização musical para tocar na alma dos fãs e fieis presentes. “A música me dá a oportunidade de mudar o mundo. Gosto quando o público canta. Quem canta, reza duas vezes”, contou o Padre para a equipe de reportagem do Giro61.

O show, marcado para as 22h, atrasou em uma hora e meia devido a um problema no aeroporto com a logística dos instrumentos e de artigos de cenografia. Padre Fábio humildemente pediu desculpas ao subir ao palco e logo anunciou uma grande noite – o suficiente para arrancar muitos aplausos de crianças, jovens e idosos que saíram de suas casas especialmente para o momento de fé. Entre momentos de testemunhos e louvor, Padre Fábio resgatou sucessos de seu rico repertório musical, como “Tudo é do Pai”, “Deus Cuida de Mim”, “O Senhor é Rei” e “Faz um Milagre em Mim”.

Moradora de Ceilândia, a advogada Jaqueline da Silva Flor, 31 anos, ficou emocionada por ter ido pela primeira vez ao show do sacerdote católico. “O Padre Fábio de Melo é uma pessoa de simpatia singular, demonstrada nas reflexões durante o espetáculo, que casaram perfeitamente com o teor das músicas. É de suma importância esse tipo de evento em que podemos compartilhar momentos de descontração e alegria, mas sobretudo do amor que temos uns pelos outros e que Deus tem por todos. Momentos esses que compartilhei com minha filha de apenas 10 anos de idade e uma amiga, sem preocupação alguma com nossa segurança. Poder plantar a sementinha da adoração a Deus, com o incentivo das palavras do Padre Fábio de Melo, no coração da minha filha e ela amar, é uma satisfação que não há como mensurar.”

Padre Fábio de Melo nasceu na cidade de Formiga, em Minas Gerais, tem 47 anos e há 17 se dedica ao sacerdócio católico. Para 2019, Padre Fábio pretende gravar seu novo DVD.",uma|canta|é|em|que|por|fábio|para|padre|melo|yurb|grande|com|brasília|encanta
21_12-12-18_13_13.csv,giro61,"Decoração de Natal vai destacar oito pontos turísticos de BrasíliaNeste ano, Brasília vai estrear a decoração de Natal em 14 de dezembro, com o projeto Natal Cidade Design.
Até 25 de dezembro, oito dos principais pontos turísticos da capital federal serão palco de espetáculos visuais com iluminação natalina.
Iluminação natalina ficará ligada das 18h30 às 5 horas de 14 a 25 de dezembroEm todos os pontos haverá iluminação contínua de LED.
Decoração ressalta título de cidade criativa do designO projeto Natal Cidade Design visa reforçar o título de cidade criativa do design.
O reconhecimento foi dado à Brasília, em 2017, pela Organização das Nações Unidas para a Educação, a Ciência e a Cultura (Unesco).",,"Decoração de Natal vai destacar oito pontos turísticos de Brasília

Neste ano, Brasília vai estrear a decoração de Natal em 14 de dezembro, com o projeto Natal Cidade Design. Até 25 de dezembro, oito dos principais pontos turísticos da capital federal serão palco de espetáculos visuais com iluminação natalina.

Torre de TV, Congresso Nacional e Catedral estão entre os pontos turísticos que receberão iluminação especial para o Natal

Além das tradicionais luzes, haverá interações de vídeos 2D e 3D em três monumentos: na Biblioteca Nacional, no Teatro Nacional Claudio Santoro e na escultura Meteoro, de Bruno Giorgi, no Palácio do Itamaraty.

As projeções mapeadas terão duração de 10 minutos e ocorrerão a cada meia hora, das 19 às 23 horas.

“Brasília vai ter, pelo segundo ano consecutivo, uma iluminação de Natal moderna e inovadora com elementos produzidos por Athos Bulcão, que fazem parte do DNA da nossa cidade”, adianta Jaime Recena, secretário do Esporte, Turismo e Lazer.

Os demais locais que receberão as instalações natalinas são: Esplanada dos Ministérios, Museu Nacional, Catedral Metropolitana Nossa Senhora Aparecida, Congresso Nacional e Torre de TV.

Iluminação natalina ficará ligada das 18h30 às 5 horas de 14 a 25 de dezembro

Em todos os pontos haverá iluminação contínua de LED. As luzes ficarão acesas das 18h30 às 5 horas. O objetivo é que a arquitetura de Brasília tenha destaque durante todo o período noturno.

O projeto será feito por meio termo de fomento entre a Secretaria do Esporte, Turismo e Lazer e o Instituto Terceiro Setor. O extrato foi publicado no Diário Oficial do Distrito Federal de quinta-feira (29), com o valor de R$ 2,2 milhões.

Decoração ressalta título de cidade criativa do design

O projeto Natal Cidade Design visa reforçar o título de cidade criativa do design. O reconhecimento foi dado à Brasília, em 2017, pela Organização das Nações Unidas para a Educação, a Ciência e a Cultura (Unesco).

A capital é uma das 64 escolhidas — entre 44 países — em sete áreas temáticas: artesanato e artes folclóricas, design, filme, gastronomia, literatura, artes midiáticas e música.",vai|destacar|nacional|decoração|das|cidade|design|em|que|brasília|turísticos|com|oito|iluminação|natal|pontos
21_12-12-18_13_13.csv,giro61,"Esses são conhecimentos que os alunos da Escola Classe Basevi, de Sobradinho, demonstram ter aprendido após participar do projetoA escola é uma das 36 finalistas do programa, que recebeu 109 inscrições.
“É maravilhoso deixar meu filho em uma escola em que posso confiar.
Eles se importam com os alunos”, avalia Denise de Jesus, mãe de um dos participantes e voluntária na reforma.
As 36 escolas públicas finalistas vão dividir R$ 265 mil — quantia que deverá ser revertida em melhorias para a escola.
Como funciona o Controladoria na EscolaO Controladoria na Escola, lançado em 2016, estimula a participação de professores e alunos em ações cidadãs e de controle social dentro do ambiente escolar.",,"Cidadania, cuidado com espaços públicos e controle social. Esses são conhecimentos que os alunos da Escola Classe Basevi, de Sobradinho, demonstram ter aprendido após participar do projeto

A escola é uma das 36 finalistas do programa, que recebeu 109 inscrições. Os vencedores do 2º Prêmio Controladoria na Escola serão anunciados em 4 de dezembro, às 14h30, no Centro de Convenções Ulysses Guimarães.

A iniciativa da Controladoria-Geral do DF investe na educação de crianças, adolescentes e jovens, com a abordagem de temas como combate à corrupção, ética e responsabilidade com o patrimônio público.

Projeto muda a cara da Escola Classe Basevi

Mais de 260 estudantes da Escola Classe Basevi podem brincar e praticar esportes em uma quadra completamente revitalizada e decorada com flores cultivadas no próprio colégio.

A reforma do local incluiu pintura completa, manutenção dos alambrados, instalação de lixeiras e novas redes para prática de vôlei e para traves de futebol. Além de mão de obra voluntária, todos os materiais foram doados.

“Foi muito bonito porque conseguimos envolvimento não só de funcionários e alunos, mas de toda a comunidade. Nunca tinha visto isso em 30 anos de magistério”, conta a diretora, Edi Silva.

As professoras Tatiana Casaña e Erika Vieira, que lecionam nas turmas do quarto ano, explicam que o projeto ajudou na socialização dos pequenos.

“Conseguimos envolvimento não só de funcionários e alunos, mas de toda a comunidade. Nunca tinha visto isso em 30 anos de magistério”Edi Silva, diretora da Escola Classe Basevi

A aluna Bartira Sofia Rodrigues, de 9 anos, por exemplo, pouco falava nas aulas. “Eu era muito tímida. Foi muito legal porque agora brinco com todo mundo”, confirma.

Com a criação de uma horta no colégio e o recolhimento de lixo nos arredores, os estudantes aprenderam ainda sobre questões sustentáveis. “Eles se perceberam como pequenos cidadãos”, diz a professora Tatiana Casaña, ao lembrar do processo.

A equipe da escola ressalta que não estimulou os alunos visando a premiação, mas pela importância da mobilização em prol do coletivo.

“É maravilhoso deixar meu filho em uma escola em que posso confiar. Eles se importam com os alunos”, avalia Denise de Jesus, mãe de um dos participantes e voluntária na reforma.

Prêmios para finalistas somam R$ 265 mil

O projeto tem a lógica de gincana e oferece premiação. As 36 escolas públicas finalistas vão dividir R$ 265 mil — quantia que deverá ser revertida em melhorias para a escola.

As instituições mais bem classificadas receberão prêmios maiores. A divisão é feita de acordo com o regulamento.

Além das unidades públicas, uma escola do Serviço Social da Indústria (Sesi) é finalista. Ela será premiada pela própria rede.

Controladoria na Escola tem reconhecimento do Fórum Nacional de Combate à Corrupção

Os professores participantes também serão contemplados: 51 deles receberão prêmios, que somam R$ 240 mil.

Haverá ainda premiação para 63 estudantes das seis melhores escolas classificadas. Eles ganharam uma viagem para hotel próximo ao Distrito Federal, onde farão uma imersão nos temas aprendidos.

Nesta edição, puderam participar alunos do sexto ao nono ano do ensino fundamental e do ensino médio de instituições civis e militares; estudantes do quarto e quinto anos do ensino fundamental; e os da rede Sesi.

Como funciona o Controladoria na Escola

O Controladoria na Escola, lançado em 2016, estimula a participação de professores e alunos em ações cidadãs e de controle social dentro do ambiente escolar.

As atividades são divididas em etapas. No primeiro momento, os professores das escolas inscritas são capacitados para orientar os alunos nas ações do projeto.

Na segunda fase, chamada auditoria cívica, os estudantes avaliam a unidade de ensino. Com os problemas apontados, identificam o mais importante e iniciam o desafio: buscar a solução. Eles planejam e executam, com o esforço de todos, projetos que modifiquem a realidade escolar.

4,8 milEstudantes inscritos no projeto em 2018

A iniciativa começou com a participação de dez escolas em 2016. No Centro de Ensino Fundamental 404 de Samambaia, por exemplo, os estudantes fizeram uma horta.

Em 2017, o projeto cresceu — teve 104 unidades inscritas e envolveu cerca de 4 mil alunos e 208 professores coordenadores. Vencedor no ano passado, o Centro Educacional 14 de Ceilândia criou um aplicativo para monitorar a limpeza e a conservação do patrimônio.

Em 2018, a inscrição de 109 escolas representou um total de 4,8 mil estudantes e 280 professores. Na etapa do desafio, cerca de 16 mil pessoas — alunos, professores, pais, parceiros e voluntários — participaram.",uma|36|os|escola|tem|em|controladoria|alunos|que|para|estudantes|com|da|finalistas
21_12-12-18_13_13.csv,giro61,"Veja o que abre e o que fecha no Dia do EvangélicoO horário de funcionamento de serviços públicos no Distrito Federal será alterado nesta sexta-feira (30), feriado do Dia do Evangélico.
SERVIÇOS PÚBLICOSBRBAs agências do Banco de Brasília (BRB) e as unidades do BRB Conveniência estarão fechadas na sexta-feira (30).
Detran-DFOs postos de atendimento do Detran-DF estarão fechados na sexta-feira (30).
HemocentroA Fundação Hemocentro de Brasília não abrirá na sexta-feira (30).
(61) 3325-6237ESPAÇOS CULTURAISCasa do Cantador(QNM 32, Área Especial, Ceilândia Sul)O espaço fica fechado na sexta-feira (30).",,"Veja o que abre e o que fecha no Dia do Evangélico

O horário de funcionamento de serviços públicos no Distrito Federal será alterado nesta sexta-feira (30), feriado do Dia do Evangélico. Órgãos como o Departamento de Trânsito do DF (Detran-DF) e a Secretaria de Fazenda não terão expediente.

As linhas de ônibus, por sua vez, operam conforme escala de sábado. As rotas com destino à Esplanada dos Ministérios, às escolas técnicas federais e à Universidade de Brasília (UnB), contudo, mantêm os horários de dia útil.

Os trens da Companhia do Metropolitano do DF (Metrô-DF) também circulam em horário diferenciado, das 6 às 23 horas.

A data, comemorada em 30 de novembro, foi instituída por meio da Lei Distrital nº 963, de 4 de dezembro de 1995.

SERVIÇOS PÚBLICOS

BRB

As agências do Banco de Brasília (BRB) e as unidades do BRB Conveniência estarão fechadas na sexta-feira (30).

Detran-DF

Os postos de atendimento do Detran-DF estarão fechados na sexta-feira (30). Serão feitos plantões de fiscalização.

Hemocentro

A Fundação Hemocentro de Brasília não abrirá na sexta-feira (30). No sábado (1º), o funcionamento será das 7 às 18 horas.

A instituição fica no Setor Médico-Hospitalar Norte, Quadra 3, Conjunto A, Bloco 3 (Asa Norte). Agendamento e mais informações pelo telefone 160, opção 2.

Na Hora

Os postos do Na Hora não funcionarão no feriado. No sábado (1º), todos abrirão.

Saúde

As emergências dos hospitais e as unidades de pronto-atendimento (UPAs) abrirão normalmente. Ambulatórios, policlínicas e unidades básicas de saúde (UBS) estarão fechados.

Secretaria de Fazenda

Na sexta-feira (30), as agências da Secretaria de Fazenda e o atendimento telefônico pela central 156, opção 3, não vão funcionar.

O atendimento virtual para dúvidas e solicitações estará disponível, mas as respostas serão dadas posteriormente.

Emissões de segunda via para pagamento de impostos poderão ser feitas normalmente pelo site.

Serviço de Limpeza Urbana

A coleta porta-a-porta que acontece diariamente (de segunda a sábado) estará suspensa no feriado, mas a que ocorre em dias alternados funcionará normalmente. A Unidade de Recebimento de Entulho (URE) também fechará na sexta (30), retornando a operar no sábado (1º).

Segurança

As delegacias da Polícia Civil funcionarão em regime de plantão na sexta-feira (30). A Delegacia Eletrônica, as centrais de flagrante e o telefone 197 ficarão disponíveis 24 horas. As demais delegacias funcionam das 9 às 19 horas nos dias úteis, para atendimento ao público.

TRANSPORTE

Metrô

Vai circular das 6 às 23 horas.

DFTrans

As linhas de ônibus vão operar conforme a tabela de sábado no feriado. As rotas com destino à Esplanada dos Ministérios, aos Setores de Autarquias Norte e Sul, aos campi das Escolas Técnicas federais e à UnB seguem a escala de dia útil. Os horários estão disponíveis no site do DFTrans.

PONTOS TURÍSTICOS

Catetinho

(Km 0, BR-040, Gama)

Funcionamento normal no feriado, das 9 às 17 horas.

(61) 3338-8803

Jardim Botânico

(Área Especial, Setor de Mansões Dom Bosco, entrada pela QI 23 do Lago Sul)

Ficará aberto normalmente no feriado, das 9 às 17 horas.

A entrada custa R$ 5 por pessoa. Crianças de até 12 anos, idosos (acima de 60 anos) e pessoas com deficiência não pagam ingresso.

De terça a domingo, das 7 horas às 8h50, é permitida a entrada sem cobrança de ingresso somente a pedestres e ciclistas.

(61) 3366-5597

Jardim Zoológico

(Avenida das Nações, L4 Sul)

Abrirá normalmente no feriado, das 8h30 às 17 horas.

O ingresso custa R$ 10. Crianças de 6 a 12 anos, estudantes, idosos (acima de 60 anos), professores e beneficiários de programas sociais do governo pagam meia-entrada.

Para crianças com até 5 anos de idade e pessoas com deficiência, o acesso é gratuito.

Memorial dos Povos Indígenas

(Eixo Monumental, em frente ao Memorial JK)

Estará aberto normalmente, das 10 às 17 horas.

(61) 3344-1154 e 3342-1156

Museu Nacional

(Setor Cultural Sul, perto da Rodoviária do Plano Piloto)

Funcionará normalmente, das 9 horas às 18h30.

(61) 3325-5220 e 3325-6410

Museu Vivo da Memória Candanga

(Epia Sul, Lote D, Núcleo Bandeirante)

Abre normalmente, das 9 às 17 horas.

(61) 3301-3590

Torre de TV

(Eixo Monumental, s/n, Jardim Burle Marx)

O monumento está fechado para manutenção.

BIBLIOTECAS

Biblioteca Pública de Brasília

(EQS 312/313)

A biblioteca fica fechada na sexta-feira (30).

(61) 3245-5022

Biblioteca Nacional de Brasília

(Esplanada dos Ministérios, próximo à Rodoviária do Plano Piloto)

Estará fechada no feriado. Funcionará normalmente no sábado (1º) e no domingo (2), das 8 às 14 horas.

(61) 3325-6237

ESPAÇOS CULTURAIS

Casa do Cantador

(QNM 32, Área Especial, Ceilândia Sul)

O espaço fica fechado na sexta-feira (30).

(61) 3378-5067

Centro Cultural Três Poderes

(Praça dos Três Poderes, Esplanada dos Ministérios)

Abrirá das 9 às 18 horas.

(61) 3325-6244, 3323-3728 e 3326-7709

Cine Brasília

(106/107 Sul)

Funcionará normalmente. O cinema abriga até 4 de dezembro o Lobo Fest — Festival Internacional de Filmes.

(61) 3244-1660",evangélico|às|fecha|dia|à|dos|das|que|da|sextafeira|abre|30|sábado|feriado|normalmente|veja
21_12-12-18_13_13.csv,giro61,"Diferentemente do informado pela Secretaria de Fazenda do DF, os boletos só deixarão de ser enviados para as residências dos contribuintes em 2020 — e não em 2019.
O próximo ano será um período de transição da medidaA partir de 2020, a Secretaria de Fazenda deixará de enviar para os endereços dos contribuintes os boletos do Imposto sobre a Propriedade de Veículos Automotores (IPVA).
Motoristas poderão usar aplicativo para gerar boleto do IPVAEm 2019, os contribuintes poderão gerar o número do código de barras para pagamento do IPVA por meio do aplicativo SeFAZ DF.
Para conseguir o boleto do IPVA por meio do aplicativo, será preciso logar e informar o número do registro nacional de veículos automotores (Renavam).
Aqueles que ainda não utilizam os aplicativos para as transações bancárias também poderão pagar o imposto nos terminais de autoatendimento e nos caixas presenciais nas agências bancárias.",,"Diferentemente do informado pela Secretaria de Fazenda do DF, os boletos só deixarão de ser enviados para as residências dos contribuintes em 2020 — e não em 2019. O próximo ano será um período de transição da medida

A partir de 2020, a Secretaria de Fazenda deixará de enviar para os endereços dos contribuintes os boletos do Imposto sobre a Propriedade de Veículos Automotores (IPVA).

Segundo a pasta, a medida se alinha ao movimento de digitalização dos serviços no Brasil e à adoção de práticas mais sustentáveis no Executivo local.

O governo de Brasília gasta, anualmente, cerca de R$ 2,5 milhões com a impressão e a postagem dos carnês (aproximadamente 1,3 milhão de documentos) ou o consumo anual de, aproximadamente, 2,6 mil resmas de papel sem a certeza de que o material enviado chegou, de fato, aos destinatários.

O prejuízo é causado pela grande incidência de extravios, ocasionados principalmente pelas inconsistências no cadastro e pela falta de atualização do endereço declarado pelos cidadãos ao Departamento de Trânsito do Distrito Federal (Detran-DF).

Por isso, centenas de boletos são devolvidos pelos Correios à Fazenda a cada período de cobrança do IPVA.

Motoristas poderão usar aplicativo para gerar boleto do IPVA

Em 2019, os contribuintes poderão gerar o número do código de barras para pagamento do IPVA por meio do aplicativo SeFAZ DF. O app, que está em fase de testes, de acordo com a pasta, é previsto para o início do próximo ano e servirá para realizar consultas e serviços.

Para conseguir o boleto do IPVA por meio do aplicativo, será preciso logar e informar o número do registro nacional de veículos automotores (Renavam).

Inicialmente a ferramenta estará disponível apenas para smartphones de sistema operacional Android. Ainda de acordo com a secretaria, a versão iOS está prevista para ser lançada no primeiro semestre de 2019.

Pagamento começa a vencer em 18 de fevereiro

As opções continuam sendo o pagamento à vista da cota única, com 5% de desconto (quitação); e o parcelamento por guias conforme os seguintes prazos de vencimentos:

Correntistas do BRB e do Banco do Brasil poderão pagar IPVA com débito em conta

Contribuintes correntistas do Banco do Brasil e do Banco de Brasília (BRB) já podem pagar os débitos do IPVA e organizar os futuros vencimentos do tributo por meio de aplicativos digitais dessas instituições financeiras.

A facilidade se tornou possível graças aos convênios firmados para o compartilhamento do banco de dados da Fazenda.

1,8 milhãoQuantidade de pagamentos de IPVA recebidos pela Receita do DF por aplicativos do BRB e do Banco do Brasil

Dessa forma, os clientes terão mais essa opção de pagar diretamente o IPVA por débito em conta sem precisar emitir o carnê ou inserir os dados do veículo.

Apenas em 2017, a Receita do DF recebeu aproximadamente 804 mil pagamentos de IPVA pelos aplicativos do Banco do Brasil e outros 1.058.625 de acertos pelo do BRB.

Aqueles que ainda não utilizam os aplicativos para as transações bancárias também poderão pagar o imposto nos terminais de autoatendimento e nos caixas presenciais nas agências bancárias.

Nessas opções, no entanto, o contribuinte terá de fornecer o número do Renavam no ato do pagamento e da emissão do documento.",2020|pela|ipva|ser|os|enviados|poderão|contribuintes|em|por|pagar|para|deixarão|carnês|banco|com
21_12-12-18_13_13.csv,giro61,"Bell Marques e sua Big Band se apresentam dia 22 de dezembro na Arena Lounge do Estádio Nacional Mané Garrincha pela festa Jingle Bell.
Além de Brasília, a festa Jingle Bell também passará por São Paulo, no dia 21 de dezembro, e por Salvador, no dia 23.
“A primeira vez que nós viemos em Brasília foi duro nós entrarmos aqui.
Fizemos muita coisa bacana essa época toda que nós tocamos para os brasilienses e pretendo fazer muito mais”, afirmou Bell.
A expectativa dos fãs é de que o DVD Bell Só As Antigas seja lançado durante o Jingle Bell.",Thiago Marques Dos Reis,"Por Francisco Welson Ximenes (Chico)

O barbudo mais amado do Brasil está de volta à Capital Federal e se prepara para comandar um pré-réveillon para lá de especial. Bell Marques e sua Big Band se apresentam dia 22 de dezembro na Arena Lounge do Estádio Nacional Mané Garrincha pela festa Jingle Bell. O cantor baiano promete festejar o Natal e brindar o fim de 2018 e o Ano Novo com clássicos que marcam seus 40 anos de carreira. No repertório, os foliões poderão conferir o novo sucesso de Bell, “Galera do B”, além de “100% Você”, “Vumbora Amar”, “Ele Não Monta na Lambreta”, “Nana Rumbeira”, entre outras canções.

Para tematizar ainda mais o clima festivo, Bell pede aos seguidores que compareceram ao show vestidos de branco. Além de Brasília, a festa Jingle Bell também passará por São Paulo, no dia 21 de dezembro, e por Salvador, no dia 23. Em entrevista exclusiva, Bell frisou a importância da capital do país em sua carreira. “A primeira vez que nós viemos em Brasília foi duro nós entrarmos aqui. Brasília era uma cidade muito Rock and Roll, uma cidade urbana, mas nós conseguimos romper essa barreira e fazer com que Brasília se rendesse às músicas alegres, às coisas mais divertidas. Nós fazemos parte totalmente dessa cultura. Fizemos muita coisa bacana essa época toda que nós tocamos para os brasilienses e pretendo fazer muito mais”, afirmou Bell.

A expectativa dos fãs é de que o DVD Bell Só As Antigas seja lançado durante o Jingle Bell. Gravado no início do ano na Concha Acústica do Teatro Castro Alves, em Salvador, na Bahia, o novo projeto de Bell traz dezenas de hits que foram trabalhadas durante as quatro décadas de carreira do rei do carnaval baiano. E por falar em carnaval, Bell já está focado para a folia de Salvador. Nos dias 1º e 2 de março, Bell comanda o Bloco Vumbora?! e nos dias 3, 4 e 5 de março, o maior bloco do Carnaval, o Camaleão. Em 2019, é para ficar de “Bell com a vida”.

JINGLE BELL

Atrações: Bell Marques

Dia: 22 de dezembro (sábado)

Horário: 20h

Local: Arena Lounge do Estádio Nacional Mané Garrincha

Ingressos: Camarote Daqui do Alto Eu Te Vejo R$ 120,00 (Meia)

Camarote Daqui do Alto Eu Te Vejo R$ 240,00 (Inteira)

Área Se Me Chamar Eu Vou R$ 70,00 (Meia)

Área Se Me Chamar Eu Vou R$ 140,00 (Inteira)

* Valores referentes ao Lote Especial

* Evento não Open Bar

Classificação: 18 anos

Ponto de Venda: www.bsbingressos.com",jingle|se|festa|réveillon|r|eu|em|que|bell|para|por|marques|brinda|mais|nós|brasília
21_12-12-18_13_13.csv,giro61,"Um personal trainer foi preso em flagrante por tráfico de drogas nessa segunda-feira (10/9).
Ele mora na Asa Norte e era investigado pela Polícia Civil, por meio da Coordenação de Repressão às Drogas (Cord).
Segundo a Cord, a maioria dos clientes era formada por alunos da Universidade de Brasília (UnB), por conta da proximidade com a instituição de ensino.
Disse que as drogas e os anabolizantes eram para consumo próprio.
Os policiais marcaram encontro com os traficantes e simularam a compra de 140 comprimidos de ecstasy.",Thiago Marques Dos Reis,"Um personal trainer foi preso em flagrante por tráfico de drogas nessa segunda-feira (10/9). Ele mora na Asa Norte e era investigado pela Polícia Civil, por meio da Coordenação de Repressão às Drogas (Cord).

O jovem de 28 anos foi detido durante o cumprimento de mandado de busca e apreensão no apartamento onde reside, no Bloco B da CLN 208. No local, foram encontrados grande quantidade de skunk, maconha, balança de precisão, cinco ampolas de anabolizantes, um entorpecente que a perícia da PCDF ainda não identificou e R$ 2,5 mil em espécie.

“A suspeita é de que o homem comercializava os entorpecentes principalmente entre a comunidade universitária de Brasília”, destacou o coordenador e delegado da Cord, Luiz Henrique Dourado.

De acordo com o investigador, desde junho deste ano, a polícia vem recebendo denúncia anônima da vizinhança por causa do intenso fluxo de pessoas no apartamento onde o acusado, que se apresenta como personal, morava. A polícia fez um levantamento e pediu mandado de busca e apreensão à Justiça.

Segundo a Cord, a maioria dos clientes era formada por alunos da Universidade de Brasília (UnB), por conta da proximidade com a instituição de ensino. O contato com o acusado era feito pessoalmente ou por telefone.

O personal, ainda de acordo com a delegacia especializada, era traficante conhecido na região. “Não fazia venda delivery. O apartamento dele era um ponto de venda e toda a vizinhança tem conhecimento disso. Os clientes usavam o WhatsApp mais para saber se ele estava em casa e ia lá comprar”, destacou.

A prisão do suspeito, cujo nome não foi fornecido, foi convertida em preventiva pela Justiça. Em depoimento, o rapaz negou que seja traficante. Disse que as drogas e os anabolizantes eram para consumo próprio. Mas, para a polícia, o apartamento dele era o principal ponto de venda de drogas das proximidades. O rapaz vendia cada grama de skunk (maconha geneticamente modificada) por R$ 20. “O preço está dentro do mercado”, assinalou o delegado.

Outro caso

No início de setembro, a Cord prendeu dois irmãos especializados na venda de drogas sintéticas. Eles usavam listas de transmissão por meio do aplicativo WhatsApp para atingir o maior número de usuários.

Um flat no Park Way era utilizado pela dupla, de 22 e 24 anos, para esconder as drogas e entregar a mercadoria aos interessados. Os policiais marcaram encontro com os traficantes e simularam a compra de 140 comprimidos de ecstasy. No momento da entrega, foi dada voz de prisão aos irmãos.

Ao vasculhar o imóvel, os investigadores ainda encontraram haxixe, maconha e lança-perfume, além de uma balança de precisão. Os universitários foram presos em flagrante e autuados pelo crime de tráfico de drogas.",preso|asa|era|trainer|norte|drogas|é|os|em|por|que|para|foi|com|anabolizantes|personal|da
21_12-12-18_13_13.csv,giro61,"A Mundo Vivo Galeria & Gastronomia (413 Norte) traz programação especial para o último mês do ano.
Quinta-feira (13/12) – Leandro MoraisNa próxima quinta, o compositor Leandro Morais se apresenta, às 21h, com repertório recheado de canções para lá de especiais.
O show descontraído será focado no balanço da música brasileira ao som de violão, saxofone e bateria.
Sexta-feira (14/12) – Rafael OpsÀs 21h, o compositor, produtor e cantor Rafael Ops apresenta o trabalho do seu primeiro álbum, “Não Ta Tudo Bem”, lançado em 2017.
O trabalho do artista propõe reflexões sobre o colapso do capitalismo, temas existencialistas e humanistas.",,"A Mundo Vivo Galeria & Gastronomia (413 Norte) traz programação especial para o último mês do ano. A tradicional casa cultural do DF, oferece durante o mês de Dezembro, o melhor da música brasileira com atrações como Leandro Morais, Rafael Ops e o Dj Wash. Com couvert a R$ 15,00, boa comida e ambiente agradável, o cliente pode aproveitar para relaxar e tomar as especiais cervejas da casa.

Quinta-feira (13/12) – Leandro Morais

Na próxima quinta, o compositor Leandro Morais se apresenta, às 21h, com repertório recheado de canções para lá de especiais. O show descontraído será focado no balanço da música brasileira ao som de violão, saxofone e bateria.

Sexta-feira (14/12) – Rafael Ops

Às 21h, o compositor, produtor e cantor Rafael Ops apresenta o trabalho do seu primeiro álbum, “Não Ta Tudo Bem”, lançado em 2017. O trabalho do artista propõe reflexões sobre o colapso do capitalismo, temas existencialistas e humanistas. O disco foi eleito o segundo melhor álbum nacional de 2017 pelo site www.melhoresdamusicabrasileira.com.br

Além de tocar o álbum na íntegra, Ops fará uma homenagem às bandas de Brasília com versões dos artistas Joe Silhueta, Dillo, Cae Maia e Rios Voadores.

Sábado (15/12) 18

Em comemoração ao seu aniversário, o Dj Wash juntos com seus convidados, os DJs Gordogroove, Chicco Aquino, Camila Jun, Arlequim, Pezão, Fernando e Ceah farão um grande agito, a partir das 18h, para os brasilienses com o melhor da música eletrônica.",ops|às|rafael|leandro|gastronomia|programação|para|galeria|com|mundo|vivo|da|música|álbum|musical|melhor
21_12-12-18_13_13.csv,giro61,"A taxa de desocupação fechou o trimestre móvel no mês de outubro em 11,7%, caindo 0,6 ponto percentual em relação ao trimestre anterior (maio/julho), quando a taxa foi 12,3% – confirmando que o desemprego continua em queda no país.
Em relação ao mesmo trimestre móvel de igual período do ano passado, quando a taxa de desemprego estava em 12,2%, com queda de -0,5 ponto percentual.
A taxa de subutilização da força de trabalho, por exemplo, que ficou em 24,1% no trimestre de agosto a outubro, caiu apenas 0,4 ponto percentual em relação ao trimestre anterior, quando estava em 24,5%.
Em relação ao mesmo trimestre de 2017, o quadro foi de estabilidade (23,8%).
O mesmo ocorreu em relação à população subutilizada que ficou estável em 27,2 milhões, em comparação ao trimestre de maio a julho deste ano (27,6 milhões).",,"A taxa de desocupação fechou o trimestre móvel no mês de outubro em 11,7%, caindo 0,6 ponto percentual em relação ao trimestre anterior (maio/julho), quando a taxa foi 12,3% – confirmando que o desemprego continua em queda no país.

Ainda assim, o país fechou o trimestre móvel encerrado em outubro com uma população de 12,4 milhões de pessoas desempregadas, número que, no entanto, registra 4% inferior ao do trimestre encerrado em julho – menos 517 mil pessoas sem emprego.

As informações foram divulgadas hoje (29), pelo Instituto Brasileiro de Geografia e Estatística (IBGE) e fazem parte da pesquisa nacional por amostra de domicílio – Pnad Contínua. Em relação ao mesmo trimestre móvel de igual período do ano passado, quando a taxa de desemprego estava em 12,2%, com queda de -0,5 ponto percentual.

Os dados do IBGE indicam que a população ocupada no final de outubro chegava a 92,9 milhões, um aumento de 1,4% (mais 1,2 milhão de pessoas) em relação ao trimestre de maio a julho deste ano; e mais 1,5% (1,4 milhão de pessoas) na comparação com o trimestre de agosto a outubro de 2017.

Segundo a pesquisa, as 12,4 milhões de pessoas que integravam a população desocupada no trimestre móvel encerrado em outubro representava uma queda de 4,0% (menos 517 mil pessoas) frente ao trimestre de maio a julho de 2018. No confronto com igual trimestre de 2017, houve redução de -3,1% (menos 389 mil pessoas).

Taxa de subutilização

Uma análise detalhada da Pnad Contínua mostra que a taxa de subutilização e de pessoas desalentadas contínua apontando relativa estabilidade, o que reforça a tese de que o desemprego vem caindo em decorrência da informalidade.

A taxa de subutilização da força de trabalho, por exemplo, que ficou em 24,1% no trimestre de agosto a outubro, caiu apenas 0,4 ponto percentual em relação ao trimestre anterior, quando estava em 24,5%. Em relação ao mesmo trimestre de 2017, o quadro foi de estabilidade (23,8%).

O mesmo ocorreu em relação à população subutilizada que ficou estável em 27,2 milhões, em comparação ao trimestre de maio a julho deste ano (27,6 milhões). Em relação ao mesmo trimestre de 2017 (26,6 milhões), esse grupo cresceu 2,6% (mais de 696 mil pessoas).

Já o número de pessoas desalentadas fechou o trimestre móvel encerrado em outubro em 4,7 milhões, também ficando estável em relação ao trimestre maio a julho, mas chegando a subir 10,6% em relação ao mesmo trimestre de 2017, quando haviam 4,7 milhões de pessoas nestas condições – 4,3% da força de trabalho.

O número de empregados no setor privado com carteira assinada foi de 32,9 milhões de pessoas, ficando estável em ambas as comparações.",outubro|pessoas|trimestre|diz|ao|móvel|em|que|para|cai|117|desemprego|relação|ibge|taxa|milhões
21_12-12-18_13_13.csv,giro61,"A apresentadora também revelou que já está trabalhando em outro projeto na Itália para ser publicado em dezembro, mas que em pouco tempo poderá contar os detalhes para todos.
“Elas devem fazer o que se sente bem e ser segura de si mesma e se amar sempre”.
fazendo muitas fotos de topless e disse que não se arrepende.
“Descubra a si mesmo, senão você terá que depender da opinião de pessoas que não sabem nada sobre si mesmas”.
Além disso, ela conta que já perdeu uma oportunidade de emprego por exagerar nas fotos ousadas.",,"Na era do milhares de likes, musas conquistam diversas atenções na redes sociais, desbancando revistas que tinham anos no mercado, como a conhecida Playboy. Mas a era digital também trouxe dor de cabeça – agora sua nudez será eterna, mesmo que decidam seguir para outro plano, como é o caso da Andressa Urach. Para entender o que cada uma das musas pensam sobre o assunto, elas comentaram o que aconselham e se um dia se arrependeu de ter posado nua nessa época.

Fabiana Britto, apresentadora de TV italiana e umas das capas recordes de vendas na Playboy já posou duas vezes na Europa: Portugal e Itália. “Foram trabalhos incríveis que amei fazer”, conta. A apresentadora também revelou que já está trabalhando em outro projeto na Itália para ser publicado em dezembro, mas que em pouco tempo poderá contar os detalhes para todos. “Elas devem fazer o que se sente bem e ser segura de si mesma e se amar sempre”.

Sabrina Boing Boing contou que está com um ensaio inédito pronto, mas ainda está analisando se permite publicar ou não. Ela já posou 5 vezes (sim, cinco!) fazendo muitas fotos de topless e disse que não se arrepende. “Não me arrependo, porque na época que aceitei me parecia uma boa escolha e me rendeu bastante trabalho, além de conseguir ótimos cachês pelos ensaios”. Mas hoje ela comenta que os valores que oferecem para posar nua está abaixo do mercado. “Hoje os tempos são outros, já não existe cachê por ensaio nu. Está banalizado, já não é nada especial, mas quem estiver a procura, não deve olhar para trás”.

A musa plus size Débora Porto posou pela primeira vez para a revista Sexy e conseguiu recordes de vendas após a publicação mudar o posicionamento de aceitar apenas modelos padrões. Ela conta que jamais se arrependeu de ter fotografado sem roupa. “Tenho muito orgulho de ter posado nua e as fotos são de bom gosto, tudo muito lindo. Só tenho orgulho”. E ainda deixou um conselho: “Se quiser posar nua, procura ver se é isso mesmo que quer e boa sorte!”

Dani Sperle já posou duas vezes e diz que posaria novamente se o cachê for muito bom. “Não me arrependo trabalho nu artístico faz parte da minha história”. Ela também aconselha a todas para pensar bem antes de fazer. “Se estiver disposta e o cachê valer a pena, se joga, porque é um trabalho nu artístico, mas tem que está tranquila e certa do que quer para não se arrepender depois, né”.

Cida Alves, sósia da Tatá Werneck, também posou apenas uma única vez para a Playboy de Portugal. “Não me arrependo, sempre quis posar nua”. Ela conta que posaria de novo se tivesse oportunidade aconselha: “Quem for posar nua, deve pensar muito bem com antecedência para não se arrepender no futuro”.

Nathy Kihara, Musa de Ipanema, já posou para dois ensaios de nu artístico para diferentes revistas. “Encaro isso como meu trabalho e como tudo que faço eu gosto e tenho prazer em fazer, além de trabalho eu encaro como uma expressão das artes, tanto que em breve estarei estrelando uma nova edição de um outro ensaio internacional que estou fazendo”, confessa.Sobre a exposição eternizada, ela conta que gosta disso e não se arrepende. “É o meu trabalho, é o que gosto de fazer, e sinto um certo glamour nesta eternização. Marca uma etapa da minha vida. Veja quantas musas e mulheres foram eternizadas como sex symbol a partir de trabalhos assim. Para mim é uma eternização da própria beleza”.

E aconselha: “Se pensa em posar para ensaios assim, invista em seu corpo e imagem e veja o quanto você fica à vontade com tanta exposição”.

A modelo internacional Poliana Paula já posou tantas vezes que não lembra mais o número de capas de conseguiu publicar. “Posei muitas vezes e posaria de novo, aliás, tenho mais novidades para esse ano ainda”. Ela diz que apenas se arrependeria se não tivesse feito nenhuma. “Descubra a si mesmo, senão você terá que depender da opinião de pessoas que não sabem nada sobre si mesmas”.

Também tem musas que fizeram da nudez seu mercado, como é o caso de Suzy Cortez, que tem 1.4 milhões de seguidores no Instagram, fazendo dela a sua própria plataforma de nudez para fãs, inclusive quando gostam de relacionar o tema sensual com o Barcelona. Além disso, ela conta que já perdeu uma oportunidade de emprego por exagerar nas fotos ousadas. “Não tenho dúvidas de que minha nudez está eternizada na internet e isso já me trouxe alguns problemas, como a perda de um emprego em escritório que eu almejava, mas agora já passou e isso só mostra o quanto o meu negócio está dando certo”.Fotos: Divulgação | CO Assessoria",é|que|futuro|uma|ela|musas|perdi|em|nudez|já|por|para|lidarão|está|meu|internet|se|não|isso
21_12-12-18_13_13.csv,giro61,"Após o Tribunal Superior Eleitoral (TSE) ter proibido o presidente eleito Jair Bolsonaro de doar os recursos que sobraram de sua campanha à Santa Casa de Misericórdia de Juiz de Fora, hospital que em que foi operado após levar uma facada antes do primeiro turno, seus apoiadores já doaram cerca de R$ 900 mil à instituição.
A conta, registrada no Banco do Brasil, já teria contabilizado quase 40 mil depósitos voluntários.
NumerologiaApesar de os apoiadores terem divulgado nas redes sociais que doariam ao menos R$ 1,00 para ajudar o hospital “que salvou a vida” do presidente eleito, a maior parte dos depósitos foi de R$ 17,17, em alusão ao partido ao qual Bolsonaro está filiado, o PSL, cujo número é 17.
Procurado, o BB não Comentou.",,"Após o Tribunal Superior Eleitoral (TSE) ter proibido o presidente eleito Jair Bolsonaro de doar os recursos que sobraram de sua campanha à Santa Casa de Misericórdia de Juiz de Fora, hospital que em que foi operado após levar uma facada antes do primeiro turno, seus apoiadores já doaram cerca de R$ 900 mil à instituição. A conta, registrada no Banco do Brasil, já teria contabilizado quase 40 mil depósitos voluntários.

Numerologia

Apesar de os apoiadores terem divulgado nas redes sociais que doariam ao menos R$ 1,00 para ajudar o hospital “que salvou a vida” do presidente eleito, a maior parte dos depósitos foi de R$ 17,17, em alusão ao partido ao qual Bolsonaro está filiado, o PSL, cujo número é 17. Procurado, o BB não Comentou.",hospital|mil|fora|à|doam|os|r|ao|quase|já|que|bolsonaro|juiz|foi|presidente|santa|casa
21_12-12-18_13_13.csv,giro61,"Concurso para área de assistência social vai contratar 314 servidoresFoi assinado na tarde desta quarta-feira (21) o contrato para concurso da Secretaria do Trabalho, Desenvolvimento Social, Mulheres, Igualdade Racial e Direitos Humanos.
O concurso vai contemplar a contratação de 314 servidores para contratação imediata para os quadros da secretaria, além da formação de cadastro de reserva que prevê 1,5 mil vagas.
Serão selecionados servidores para especialista e técnico em assistência social, com formação de cadastro de reserva correspondente a cinco vezes o número de vagas ofertadas para os cargos.
As inscrições custarão R$ 115 para especialista e R$ 85 para técnico.
O contrato foi assinado durante encontro de servidores de assistência social na Casa de Ismael.",,"Concurso para área de assistência social vai contratar 314 servidores

Foi assinado na tarde desta quarta-feira (21) o contrato para concurso da Secretaria do Trabalho, Desenvolvimento Social, Mulheres, Igualdade Racial e Direitos Humanos.

Segundo a secretária Ilda Peliz, a banca examinadora será o Instituto Brasil de Educação (Ibrae).

O regimento prevê a publicação do edital até 30 dias após a assinatura. No entanto, Ilda contou que pediu a antecipação desse prazo ao presidente do Ibrae, João Costa.

O concurso vai contemplar a contratação de 314 servidores para contratação imediata para os quadros da secretaria, além da formação de cadastro de reserva que prevê 1,5 mil vagas.

Serão selecionados servidores para especialista e técnico em assistência social, com formação de cadastro de reserva correspondente a cinco vezes o número de vagas ofertadas para os cargos.

As inscrições custarão R$ 115 para especialista e R$ 85 para técnico. O edital trará todos os requisitos, as categorias contempladas e o cronograma do concurso.

O contrato foi assinado durante encontro de servidores de assistência social na Casa de Ismael. “Foi um compromisso desta gestão”, comemorou a secretária-adjunta de Desenvolvimento Social, Marta Sales.

A decisão final para a escolha do Ibrae como banca examinadora — que venceu outros seis concorrentes — ocorreu após avaliação dos técnicos da secretaria e cumpridas todas as etapas sobre informações, competências e recomendações e com a validação jurídica da Procuradoria-Geral do Distrito Federal.",concurso|vai|assistência|secretaria|os|contratar|que|para|social|314|da|área|servidores
21_12-12-18_13_13.csv,giro61,"Todas as regras estão publicadas em edital da Secretaria de Planejamento, Orçamento e Gestão.
Prova objetiva para seleção de estagiários do governo do DFA prova objetiva está prevista para 9 de dezembro.
Para os do ensino superior, os conteúdos são: português, noções de informática e conhecimentos gerais.
Carga horária, bolsa-auxílio e idade mínima para estágios no governo do DFA jornada soma 20 horas semanais, e a bolsa-auxílio é de R$ 460 para estagiários do ensino médio e de R$ 600 para aqueles de ensino superior.
Os aprovados devem ter, na data de início do estágio, no mínimo 16 anos completos e disponibilidade para trabalhar por pelo menos seis meses.",,"Até 18 de novembro, estudantes do ensino médio e de cursos de graduação podem se inscrever para estagiar em um dos 64 órgãos do governo do Distrito Federal.

As inscrições são gratuitas e devem ser feitas pelo portal do Centro de Integração Empresa-Escola (CIEE). A previsão é convocar os selecionados no primeiro semestre de 2019. Todas as regras estão publicadas em edital da Secretaria de Planejamento, Orçamento e Gestão.

O processo busca atender a demandas específicas de órgãos para alguns cursos em que todos os candidatos aprovados no processo seletivo anterior já foram chamados, como administração, arquivologia, engenharia de redes, sistema da informação e secretariado executivo.

Além disso, inclui seis cursos não contemplados no último certame: aviação civil, biomedicina, fonoaudiologia, história, museologia e turismo.

Prova objetiva para seleção de estagiários do governo do DF

A prova objetiva está prevista para 9 de dezembro. O local e o horário do teste serão divulgados a partir do dia 5 do mesmo mês, no site do CIEE.

Para candidatos do ensino médio, a avaliação testará conhecimentos em português, matemática e noções de informática. Para os do ensino superior, os conteúdos são: português, noções de informática e conhecimentos gerais.

Os concorrentes precisam frequentar regularmente a escola. Podem participar também alunos da educação de jovens e adultos (EJA), vinculados ao ensino público ou particular.

Carga horária, bolsa-auxílio e idade mínima para estágios no governo do DF

A jornada soma 20 horas semanais, e a bolsa-auxílio é de R$ 460 para estagiários do ensino médio e de R$ 600 para aqueles de ensino superior. Além da remuneração, é concedido auxílio-transporte no valor de R$ 176.

Os aprovados devem ter, na data de início do estágio, no mínimo 16 anos completos e disponibilidade para trabalhar por pelo menos seis meses. Além disso, não podem ter estagiado no governo do DF por um período superior a 18 meses.

Serão reservadas 10% das vagas para estudantes com deficiência.",abertas|podem|estão|os|é|superior|ensino|r|governo|em|para|gdf|da|inscrições|estágio
21_12-12-18_13_14.csv,giro61,"O Extra e o Pão de Açúcar, bandeiras do GPA, estão com 350 vagas em Brasília.
São 300 vagas para operador de loja e 50 para jovem aprendiz.
Para se candidatar às vagas de operador de loja, os interessados devem ter ensino fundamental completo e mais de 18 anos.
Já os candidatos às vagas de Jovem Aprendiz devem estar cursando ou ter completado o ensino médio, e ter entre 18 e 23 anos.
Salário + Benefícios (Seguro de Vida, Assistência Médica, Refeição no local de trabalho, Vale Transporte).",,"O Extra e o Pão de Açúcar, bandeiras do GPA, estão com 350 vagas em Brasília. São 300 vagas para operador de loja e 50 para jovem aprendiz.

Para se candidatar às vagas de operador de loja, os interessados devem ter ensino fundamental completo e mais de 18 anos. Além de salário compatível com o mercado, os funcionários vão receber seguro de vida, assistência médica, assistência odontológica, extensão da licença maternidade, enxoval do bebê, cartão da mamãe, refeição no local de trabalho, vale alimentação, vale transporte, cartão multicheque e cooperativa de crédito.

Já os candidatos às vagas de Jovem Aprendiz devem estar cursando ou ter completado o ensino médio, e ter entre 18 e 23 anos. Além do salário, o profissional irá receber seguro de vida, assistência médica, refeição no local de trabalho e vale transporte. Não é necessário ter experiência anterior na área.

Para se candidatar é necessário acessar o site www.gpabr.com/vagas e clicar em “Veja nossas vagas”. Depois o interessado deve pesquisar por pelo código “MUOPE1445535 – Operador de loja – Minas, DF, GO, MT, MS” ou “Aprendiz Operador” (de acordo com a vaga pretendida), selecionar a região escolhida e clicar em “Cadastrar-se e candidatar-se”. É importante que o interessado fique atento ao e-mail, pois todo contato com o candidato é feito por ele.

Conheça as vagas

Operador de loja: Oportunidade para trabalhar como operador de Caixa, Repositor de Mercadorias ou Atendente de balcão, em setores como Açougue, Frios, FLV, Peixaria, Padaria, Confeitaria e Rotisserie. As principais atividades exercidas são de atendimento ao cliente, recebimento e reposição de produtos, precificação e organização da loja.

Salário + Benefícios (Seguro de Vida, Assistência Médica, Assistência Odontológica, Extensão da Licença Maternidade, Enxoval do Bebê, Cartão da Mamãe, Refeição no local de trabalho, Vale Alimentação, Vale Transporte, Cartão Multicheque, Cooperativa de Crédito).

Escala de trabalho: 6X1 Horário: período tarde/noite (com início a partir das 14h ou 15h)

Aprendiz operador: Atendimento ao cliente, abertura e fechamento de caixa, abastecimento e precificação de mercadorias, conferência de validade, limpeza e organização do setor, devolução de produtos nas gôndolas.

Salário + Benefícios (Seguro de Vida, Assistência Médica, Refeição no local de trabalho, Vale Transporte).

Escala de trabalho: CIEE 10hs às 16hs ou 14hs às 20hs – Sexta, Sábado, Domingo e Segunda OU Terça, Quarta, Sábado e Domingo (escala varia de acordo com a Bandeira – irá trabalhar no Extra ou Pão de Açúcar). Além de um dia de curso na instituição.",ou|assistência|trabalho|é|em|vale|vagas|extra|açúcar|350|operador|abrem|com|da|às|pão|brasília
21_12-12-18_13_14.csv,giro61,"Gusttavo Lima traz show da turnê Buteco do Gusttavo Lima Volume para Brasília.
No dia 24 de novembro, o cantor se apresentará no gramado do Estádio Nacional Mané Garrincha.
Neste show, Gusttavo vai cantar grandes sucessos das faixas gravadas nas duas edições do seu boteco.
Buteco do Gustavvo LimaNo dia 24/11 (sábado), às 22h, no Gramado do Estádio Nacional Mané Garrincha.
Ingressos: R$ 90 (feminino) e R$ 100 (masculino), na Arena Plus; R$ 180 (feminino) e R$ 200 (masculino), no Comfort VB.",,"Gusttavo Lima traz show da turnê Buteco do Gusttavo Lima Volume para Brasília. No dia 24 de novembro, o cantor se apresentará no gramado do Estádio Nacional Mané Garrincha. O público vai poder curtir a apresentação nos setores Arena Plus e Comfort VB.

Neste show, Gusttavo vai cantar grandes sucessos das faixas gravadas nas duas edições do seu boteco. Entre elas, Apelido Carinhoso, Mil Vezes Cantarei, Que Pena que Acabou e Mundo de Ilusões.

Buteco do Gustavvo Lima



No dia 24/11 (sábado), às 22h, no Gramado do Estádio Nacional Mané Garrincha. Ingressos: R$ 90 (feminino) e R$ 100 (masculino), na Arena Plus; R$ 180 (feminino) e R$ 200 (masculino), no Comfort VB. Valores referentes a meia-entrada e sujeitos a alterações.",vai|masculino|lima|buteco|é|nacional|r|gramado|em|neste|que|atração|gusttavo|mané|plus|brasília|sábado
21_12-12-18_13_14.csv,giro61,"O DJ Martin Garrix está de malas prontas para se apresentar no Brasil.
A Estourage anunciou que o jovem de 22 anos fará quatro shows no país, com Vintage Culture como convidado especial.
Garrix passará por São Paulo no dia 14, Rio de Janeiro no sai seguinte, depois segue para Brasília e encerra sua passagem em Camboriú, Santa Catarina, no dia 17.
Ainda não houve o anúncio dos locais das apresentações, mas segundo o site “PHouse”, a apresentação paulistana será no Anhembi, enquanto em Santa Catarina será no Green Valey.
Mais informações e abertura da venda de ingressos serão reveladas em 10 de setembro.",,"O DJ Martin Garrix está de malas prontas para se apresentar no Brasil. A Estourage anunciou que o jovem de 22 anos fará quatro shows no país, com Vintage Culture como convidado especial.

Garrix passará por São Paulo no dia 14, Rio de Janeiro no sai seguinte, depois segue para Brasília e encerra sua passagem em Camboriú, Santa Catarina, no dia 17.

Ainda não houve o anúncio dos locais das apresentações, mas segundo o site “PHouse”, a apresentação paulistana será no Anhembi, enquanto em Santa Catarina será no Green Valey.

Mais informações e abertura da venda de ingressos serão reveladas em 10 de setembro.",venda|são|novembro|dia|martingarrix|em|para|catarina|será|santa|vintage|invadem|culture|brasília|valeymais
21_12-12-18_13_14.csv,giro61,"Inscrições para a corrida feminina M5K do McDonald’s vão até o dia 23As inscrições para a M5K, corrida de rua organizada pelo McDonald’s para o público feminino seguem até o próximo dia 23 de setembro.
O evento terá uma estrutura completa e promete uma experiência inesquecível para as corredoras de São Paulo, Rio de Janeiro, Belo Horizonte, Brasília e a estreante Recife.
A prova, que teve 27 mil mulheres inscritas em 2017 acontece simultaneamente em todas as cidades no dia 21 de outubro.
O valor das inscrições varia de acordo com o kit escolhido, sendo:– Fit (camiseta e medalha) – R$ 59,99 individual e R$ 53,99 para grupos de até 4 pessoas– Especial (camiseta, medalha, sacochila e viseira) – R$ 99,99 individual e R$ 89,99 para grupos.
– Premium (camiseta, medalha, sacochila, viseira, pochete e camiseta finisher) – R$ 149,99 individual e R$ 134,99 para grupos.",Thiago Marques Dos Reis,"Inscrições para a corrida feminina M5K do McDonald’s vão até o dia 23

As inscrições para a M5K, corrida de rua organizada pelo McDonald’s para o público feminino seguem até o próximo dia 23 de setembro. Neste ano, a companhia apresenta uma proposta de mais qualidade aos kits da corrida, com itens inéditos e excelente percepção de valor, resultado da parceria com a Agência Score Group e a Norte Marketing Esportivo.

O evento terá uma estrutura completa e promete uma experiência inesquecível para as corredoras de São Paulo, Rio de Janeiro, Belo Horizonte, Brasília e a estreante Recife. A prova, que teve 27 mil mulheres inscritas em 2017 acontece simultaneamente em todas as cidades no dia 21 de outubro.

“Voltamos ainda mais fortes e melhores. Além do incentivo à vida ativa, a M5K traz a oportunidade de inclusão, para todas as mulheres, ao mundo das corridas, por meio de uma boa experiência e muita diversão”, afirma Roberto Gnypek, Vice-Presidente de Marketing do McDonald’s no Brasil.

Para fazer sua inscrição, acesse 5kmcdonalds.com.br. O valor das inscrições varia de acordo com o kit escolhido, sendo:

– Fit (camiseta e medalha) – R$ 59,99 individual e R$ 53,99 para grupos de até 4 pessoas

– Especial (camiseta, medalha, sacochila e viseira) – R$ 99,99 individual e R$ 89,99 para grupos.

– Premium (camiseta, medalha, sacochila, viseira, pochete e camiseta finisher) – R$ 149,99 individual e R$ 134,99 para grupos.

Serviço

8ª Edição M5k

Data: 21 de outubro de 2018 (São Paulo, Rio de Janeiro, Belo Horizonte, Brasília e Recife)

Inscrições: 22/06 a 23/09 via internet, nos sites www.ativo.com e www.ticketagora.com.br

Horário: 7h

Local: Parque Da Cidade – Estacionamento, 09, SRPS

Informações complementares pelo site.",uma|vão|feminina|23|camiseta|dia|medalha|individual|r|mcdonalds|para|corrida|até|m5k|inscrições
21_12-12-18_13_14.csv,giro61,"A cantora Simaria é super discreta quando o assunto é compartilhar fotos da família.
Um clique raro dela ao lado da filha Giovanna, no entanto, virou uma exceção e a imagem acabou chamando muita atenção pela semelhança entre as duas.
Os fãs da cantora, que faz dupla com Simone, se encantaram com a menina e fizeram diversos elogios.
Recentemente, Simone também postou um clique raro das duas coleguinhas com a mãe delas, Mara.
Só amoooo vocês!”, babou Simone na legenda da foto com parte da família.",,"A cantora Simaria é super discreta quando o assunto é compartilhar fotos da família. Um clique raro dela ao lado da filha Giovanna, no entanto, virou uma exceção e a imagem acabou chamando muita atenção pela semelhança entre as duas.

Os fãs da cantora, que faz dupla com Simone, se encantaram com a menina e fizeram diversos elogios. “Princesa linda… Sua clone, Simaria”, comentou uma seguidora. “Gio já é linda. Imagina quando ficar mocinha? Irá ficar igual à mamãe Simaria e a tia Simone”, brincou outra.

Recentemente, Simone também postou um clique raro das duas coleguinhas com a mãe delas, Mara. “As meninas da dona Mara!! Só amoooo vocês!”, babou Simone na legenda da foto com parte da família. A postagem rendeu muitos comentários e elogios, alguns ressaltando a jovialidade da “coleguinha master”.",uma|foto|impressiona|quando|raro|filha|é|um|mara|em|aparece|rara|simone|semelhança|com|da|simaria
21_12-12-18_13_14.csv,giro61,"Após deixar de seguir a namorada nas redes sociais, Cauã Reymond terminou o namoro com Mariana Goldfarb.
O casal já havia terminado o romance no início deste ano, mas reataram logo depois.
O ator e a modelo moravam juntos, mas, no Instagram, a relação deles era vaga e distante.
Recentemente, Cauã e Mariana viajaram juntos para as ilhas Maldivas, de onde atualizaram seus perfis na internet.
Entre tantas fotos do lugar paradisíaco, poucas delas destacava o romance entre o casal.",,"Após deixar de seguir a namorada nas redes sociais, Cauã Reymond terminou o namoro com Mariana Goldfarb. Ao jornal Extra, a assessoria do ator global confirmou o término do relacionamento, que durou quase 2 anos.

O casal já havia terminado o romance no início deste ano, mas reataram logo depois. O ator e a modelo moravam juntos, mas, no Instagram, a relação deles era vaga e distante.

Recentemente, Cauã e Mariana viajaram juntos para as ilhas Maldivas, de onde atualizaram seus perfis na internet. Entre tantas fotos do lugar paradisíaco, poucas delas destacava o romance entre o casal.",reymond|entre|casal|cauã|mas|ator|namoro|romance|mariana|viajaram|vaga|terminam|juntos|goldfarb
21_12-12-18_13_14.csv,giro61,"Esperado ao longo do ano pela cena gastronômica de Brasília, o restaurante ‘A Mano abre as portas oficialmente no jantar desta quarta-feira (7/11).
Todos os detalhes foram pensados para que os comensais desfrutem de uma experiência gastronômica completa – desde a disposição do salão, ao treinamento dos funcionários e o até o uso de cloches nas mesas, evitando que os pratos amornem.
De sobremesa, o chef traz o famoso Budino Di Pistacchio (R$ 29), Pudim italiano de pistache com sua própria calda.
A carta de drinques apresenta clássicos: Negroni Tradicional (R$ 27,90) e Maturado (R$ 29,90), Moscow Mule (R$ 34), Gin Tônica (R$ 30), Manhathan (R$ 29), Pisco Sour (R$ 30), Aperol (R$ 30), Cosmopolitan (R$ 30), entre outros.
O buffet Due Amici, do chef Ronny Peterson e Carlos Rodrigues, foi incorporado ao serviço do restaurante.",,"Esperado ao longo do ano pela cena gastronômica de Brasília, o restaurante ‘A Mano abre as portas oficialmente no jantar desta quarta-feira (7/11).



Uma das apostas do empreendimento é em serviço de qualidade. Todos os detalhes foram pensados para que os comensais desfrutem de uma experiência gastronômica completa – desde a disposição do salão, ao treinamento dos funcionários e o até o uso de cloches nas mesas, evitando que os pratos amornem.

O cardápio da casa traz pratos com execuções impecáveis e ingredientes selecionados. Entre os Antipasti (entradas), o destaque é para Carpaccio Di Gamberi E Calamari Al Provenzale (R$ 67), um carpaccio de camarão com lulas a provençal e vinagrete especial; Vol Au Vin Ripieno Di Formaggio Di Capra e Pera (R$ 32), massa folhada recheada de queijo de cabra cremoso e pera caramelizada e o Carpaccio Di Manzo Alla ‘A Mano (R$ 55), carpaccio de filé mignon com forma nduta de parmesão e trufas negras.

Entre as massas frescas, cabe citar Bauletti Di Manzo (R$ 73), Massa fresca de batata recheada com filé mignon em cubos ao molho cremoso de funghi seco; Agnolotti Di Barbabietola Ripieno Di Maialino Alla Crema Di Zucca E Tartufo (R$ 66), Massa fresca recheada de leitoa caipira ao molho de abóbora trufado; Ravioli Di Brie Al Tartufo (R$ 68), Massa fresca recheada de queijo brie e mel trufado com manteiga e trufas negras e Filetto Di Manzo Alla Rossini (R$ 122), Filé mignon ao molho marsala, trufas negras e foie gras com gratin de batata e aspargos.

Frutos do mar estão em abundância no menu, em preparações como Spaguetti Nero Alla Chitarra Ai Frutti Di Mare (R$ 99), Spaguetti fresco na tinta de lula com frutos do mar; Gnocchi Di Patate Rosso Con Crema Di Cavolfiore E Aragosta (R$ 87), Gnocchi de batata doce roxa com creme de couve-flor e lagosta, e Tonno Mezzocrudo In Crosta Con Purè Di Patate (R$ 78), Atum semi-cru em crosta de ervas, purê de batata, tomate confitado, pétalas de cebola roxa e shimeji.

De sobremesa, o chef traz o famoso Budino Di Pistacchio (R$ 29), Pudim italiano de pistache com sua própria calda. Há também Tiramisù (R$ 35), Creme de queijo mascarpone fresco com pera baby assada no vinho tinto (R$ 37), entre outros. A carta de drinques apresenta clássicos: Negroni Tradicional (R$ 27,90) e Maturado (R$ 29,90), Moscow Mule (R$ 34), Gin Tônica (R$ 30), Manhathan (R$ 29), Pisco Sour (R$ 30), Aperol (R$ 30), Cosmopolitan (R$ 30), entre outros.

Comandada pela sommelier fixa Ana Klara Carvalho, também com experiência no grupo Fasano, a adega reúne cerca de 150 rótulos, das mais diversas nacionalidades. Há rótulos sul-americanos, italianos, franceses, incluindo legítimas champagnes, como a Dom Perignon Vintage; portugueses, sul-africanos, e até um rótulo libanês, entre outros.

Arquitetura

O local escolhido pela casa para se instalar foi a quadra 411 Sul. A arquitetura é de Carla Amaral, apresentando um ambiente clássico, mas imponente, com mistura de modernidade em grandes painéis de vidros, e detalhes em pedra. O salão principal tem capacidade para 80 pessoas. Já o mezanino, que pode comportar eventos ou ser aberto ao público, apresenta mais 20 lugares.

Sobre a casa

‘A Mano significa feito à mão, em italiano. O nome foi escolhido devido ao fato de que todas as massas servidas na casa são frescas, elaboradas em uma massaria às vistas do público, no salão principal.

Os sócios à frente do negócio são Leandro Pompeu, Tiago Boita, Carlos Rodrigues, André Sampaio e o chef Ronny Peterson. Três deles, Carlos Rodrigues, André Sampaio e Ronny Peterson têm ampla experiência no grupo Fasano – tanto em São Paulo, quanto no Gero, em Brasília.

O buffet Due Amici, do chef Ronny Peterson e Carlos Rodrigues, foi incorporado ao serviço do restaurante. Agora, chama-se buffet Amici e integra os pratos do menu ‘A Mano.

‘A Mano

Endereço: 411 Sul, Bloco D, Loja 36.

Horário de funcionamento: Segunda a quinta, das 12h às 15h e das 19h à 0h. Sexta e sábado, das 12h às 0h30. Domingo, das 12h às 17h.

Telefone: (61) 3245-8235

Instagram: @amanorestaurante",portas|di|às|os|r|ao|mano|restaurante|em|das|recheada|que|com|abre
21_12-12-18_13_14.csv,giro61,"Dois grandes festivais gastronômicos da cidade, Bar em Bar e Sabor Suíno, se uniram para levar aos brasilienses o melhor da gastronomia de boteco, somando ao sabor inigualável da carne suína, aos bares e restaurantes da capital federal.
A 12ª edição do Bar em Bar e a 9ª edição do Sabor Suíno ocorre de 15 de novembro a 2 de dezembro, com petiscos de dar água na boca a preço promocional: R$30.
Para essa edição especial, 25 estabelecimentos da cidade criaram pratos que servem de uma a três pessoas e que poderão ter a carne suína como destaque.
Para o presidente da Associação de Criadores de Suínos do Distrito Federal (DFSuin), Ivo Jacó de Souza, o Festival é uma oportunidade para mostrar ao consumidor as qualidades da carne suína produzida no Distrito Federal e desmistificar alguns preconceitos que ainda existem com a proteína.",,"Dois grandes festivais gastronômicos da cidade, Bar em Bar e Sabor Suíno, se uniram para levar aos brasilienses o melhor da gastronomia de boteco, somando ao sabor inigualável da carne suína, aos bares e restaurantes da capital federal. A 12ª edição do Bar em Bar e a 9ª edição do Sabor Suíno ocorre de 15 de novembro a 2 de dezembro, com petiscos de dar água na boca a preço promocional: R$30.

Para essa edição especial, 25 estabelecimentos da cidade criaram pratos que servem de uma a três pessoas e que poderão ter a carne suína como destaque. Para o presidente da Associação de Criadores de Suínos do Distrito Federal (DFSuin), Ivo Jacó de Souza, o Festival é uma oportunidade para mostrar ao consumidor as qualidades da carne suína produzida no Distrito Federal e desmistificar alguns preconceitos que ainda existem com a proteína.",uma|começa|15|novembro|federal|promove|sabor|em|que|suína|12ª|para|bar|da|carne|brasília|edição
21_12-12-18_13_14.csv,giro61,"O Cão Véio – gastropub do chef Henrique Fogaça, Marcos Kichimoto e Fernando Badauí, vocalista do CPM 22 – ganha nova unidade na capital federal.
A partir desta quinta-feira (25/10), o projeto funcionará também no Yurb, às margens do Lago Paranoá, das 17h à 0h.
Assim como na loja da 404 Sul, o cardápio contará com porções e sanduíches na faixa dos R$ 20.
Outra opção é o Pug, com gim Beefeater, abacaxi, suco de cranberry e redução de açúcar.
Aberto em 2017Yurb (Setor de Clubes Sul, Trecho 2 – ao lado do Pier 21) Funcionamento de quinta a domingo, das 17h à 0h",Messias Santos,"O Cão Véio – gastropub do chef Henrique Fogaça, Marcos Kichimoto e Fernando Badauí, vocalista do CPM 22 – ganha nova unidade na capital federal. A partir desta quinta-feira (25/10), o projeto funcionará também no Yurb, às margens do Lago Paranoá, das 17h à 0h.

Assim como na loja da 404 Sul, o cardápio contará com porções e sanduíches na faixa dos R$ 20. Um dos destaques é o Bulldog Inglês, servido no pão preto, com hambúrguer de angus, cheddar inglês, bacon e pepino doce, temperado com mostarda dijon e acompanhado de batata palito e maionese caseira de dill. Também há opções vegetarianas, como o Granola – mix de cogumelos porcini, shitake e shimeji, alho-poró, tomate, cebolinha e queijo gruyère servidos no pão preto, com acompanhamento de mix de folhas, tomate-pera e mostarda dijon.

Além de um catálogo com diversos rótulos de cerveja, como Lay Back e Vedett, a carta da casa conta com drinques próprios e tradicionais, como Moscow Mule e Gim-Tônica. O Capa Preta, por exemplo, é composto por uísque Jack Daniel’s, angostura, amora, jabuticaba, chá de pêssego e redução de mirtilo. Outra opção é o Pug, com gim Beefeater, abacaxi, suco de cranberry e redução de açúcar.

Cão Véio

404 Sul, Bloco C, Loja 35. Telefone: (61) 3257-8455. De terça a domingo, das 12h à 0h. Ambiente interno e externo. Wi-fi. Aberto em 2017

Yurb (Setor de Clubes Sul, Trecho 2 – ao lado do Pier 21) Funcionamento de quinta a domingo, das 17h à 0h",inaugura|unidade|à|sul|é|um|véio|das|cão|redução|como|yurb|com|hamburgueria|também|pão|nova
