Timestamp,Source,Summary,Authors,Text,Keywords
37_12-12-18_13_47.csv,marciatravessoni,"Na noite de terça-feira (11), Martinha Assunção reuniu as amigas para um jantar especial em sua casa.
A ideia era botar o papo em dia e, com a chegada do Natal e do fim do ano, confraternizar com o grupo.
A chef Marana Figlioulo assinou o buffet e a decoração do encontro.
Os tons vermelho e dourado foram os escolhidos para enfeitar a mesa e a árvore de natal.
As amigas aproveitaram também o encontro para celebrar adiantado o aniversário de Nara Amaral, que é dia 15 de dezembro.",,"Na noite de terça-feira (11), Martinha Assunção reuniu as amigas para um jantar especial em sua casa. A ideia era botar o papo em dia e, com a chegada do Natal e do fim do ano, confraternizar com o grupo.

A chef Marana Figlioulo assinou o buffet e a decoração do encontro. Os tons vermelho e dourado foram os escolhidos para enfeitar a mesa e a árvore de natal.

As amigas aproveitaram também o encontro para celebrar adiantado o aniversário de Nara Amaral, que é dia 15 de dezembro.

Confira os cliques:

Fotos: Eri Nunes",árvore|dia|os|martinha|confraternização|é|amigas|em|para|vermelho|reúne|assunção|com|natal|encontro
37_12-12-18_13_47.csv,marciatravessoni,"O espírito empreendedor e os mais de 30 anos de experiência dedicados à construção e à condução do Grupo 3Corações conferiram ao executivo Pedro Lima, presidente da companhia, mais um reconhecimento nacional.
Desta vez, o gestor recebeu, na noite de segunda-feira (10), o Prêmio Líderes do Brasil 2018 na categoria Líder do Estado do Ceará.
A indicação para a homenagem foi feita pelo LIDE Ceará, reconhecendo o talento, a competência e o comprometimento do empresário para um Brasil melhor e mais competitivo, de forma ética e transparente.
A cerimônia de entrega da oitava edição do Prêmio Líderes do Brasil aconteceu no Teatro Santander em São Paulo.
“Pedro Lima tem uma brilhante trajetória empresarial à frente do Grupo 3Corações e é uma liderança de referência no Ceará.",,"O espírito empreendedor e os mais de 30 anos de experiência dedicados à construção e à condução do Grupo 3Corações conferiram ao executivo Pedro Lima, presidente da companhia, mais um reconhecimento nacional. Desta vez, o gestor recebeu, na noite de segunda-feira (10), o Prêmio Líderes do Brasil 2018 na categoria Líder do Estado do Ceará. A indicação para a homenagem foi feita pelo LIDE Ceará, reconhecendo o talento, a competência e o comprometimento do empresário para um Brasil melhor e mais competitivo, de forma ética e transparente.

A cerimônia de entrega da oitava edição do Prêmio Líderes do Brasil aconteceu no Teatro Santander em São Paulo. A iniciativa reconhece lideranças em diversos setores, responsáveis por impulsionar a economia brasileira. A premiaç

ão reuniu empresários, CEOs, presidentes e outras lideranças empresariais, além de autoridades públicas.

“Pedro Lima tem uma brilhante trajetória empresarial à frente do Grupo 3Corações e é uma liderança de referência no Ceará. Com a honraria, reconhecemos a importância de seu trabalho e de sua gestão ampliando os negócios da empresa para o Brasil e para o mundo”, ressaltou Emília Buarque, presidente do LIDE Ceará.

Indicados pelo júri oficial, foram homenageados os 45 protagonistas que, mesmo em um cenário de instabilidade econômica, obtiveram êxito nos negócios, nos principais setores da economia do País: Agronegócios, Alimentação, Arquitetura e Engenharia, Comunicação, Construção Civil, Cosméticos e Bem-Estar, Educação, Eletroeletrônica, Empreendedorismo, Energia, Farmacêutica, Fundos de Investimento, Indústria Automobilística, Indústria Digital, Infraestrutura, Inovação, Logística e Transportes, Máquinas e Equipamentos, Metalurgia e Mineração, Papel/Celulose e Papelão, Saúde, Seguros, Serviços, Startup, Sustentabilidade, Turismo, Tecnologia da Informação, Têxtil/Couro e Vestuário e Varejo.",corações|da|uma|estado|um|pedro|em|ceará|brasil|líder|os|para|recebe|lima|à|prêmio|presidente|líderes|mais
37_12-12-18_13_47.csv,marciatravessoni,"O pianista Ricardo Bacelar está no Japão, onde faz uma série de shows nos próximos dias.
Nos dias 15, 16, 17 e 18 deste mês, o compositor e arranjador se apresenta em Tóquio.
O trabalho ainda entrou na lista dos 50 discos mais tocados nas rádios de jazz norte-americanas e, durante 16 semanas, manteve presença na lista dos 100 mais tocados.
Antes da apresentação, Ricardo aproveitou para passear com a esposa, Manoela, e as filhas.
Uma vida cheia de significado e centrada no essencial”, disse Manoela, em sua primeira vez em solo japonês.",,"O pianista Ricardo Bacelar está no Japão, onde faz uma série de shows nos próximos dias. O primeiro acontece dia 13 de dezembro, em Saitama. Nos dias 15, 16, 17 e 18 deste mês, o compositor e arranjador se apresenta em Tóquio.

No repertório, músicas do seu terceiro álbum solo, que recebeu o nome de Sebastiana. O disco foi lançada em maio de 2018 e gravado em Miami.

O trabalho ainda entrou na lista dos 50 discos mais tocados nas rádios de jazz norte-americanas e, durante 16 semanas, manteve presença na lista dos 100 mais tocados.

Antes da apresentação, Ricardo aproveitou para passear com a esposa, Manoela, e as filhas. “Cada detalhe valorizado, cada momento único. Uma vida cheia de significado e centrada no essencial”, disse Manoela, em sua primeira vez em solo japonês.",uma|lista|dias|ricardo|nos|dos|saiba|shows|em|faz|bacelar|japão|cinco|solo|detalhes|mais|manoela
37_12-12-18_13_47.csv,marciatravessoni,"Adriana e Otávio Queiroz aproveitaram a primeira sexta-feira (07) do mês de dezembro para reunir vários casais para um drink descontraído na casa do casal.
Otávio já costuma se encontrar com os amigos mensalmente, mas a celebração desse mês funcionou como uma confraternização de fim de ano, já que a família aproveitou a folga do Natal e do Réveillon para viajar para os Estados Unidos, onde eles têm um apartamento.
O buffet e os doces do happy hour foram assinados pelo grupo Toca Fina Cozinha.
Já o cantor Gustavo Serpa e o DJ Thiago Camargo ficaram responsáveis pela trilha sonora da festa.
Confira os cliques:Fotos: Eri Nunes",,"Adriana e Otávio Queiroz aproveitaram a primeira sexta-feira (07) do mês de dezembro para reunir vários casais para um drink descontraído na casa do casal.

Otávio já costuma se encontrar com os amigos mensalmente, mas a celebração desse mês funcionou como uma confraternização de fim de ano, já que a família aproveitou a folga do Natal e do Réveillon para viajar para os Estados Unidos, onde eles têm um apartamento.

O buffet e os doces do happy hour foram assinados pelo grupo Toca Fina Cozinha.

Já o cantor Gustavo Serpa e o DJ Thiago Camargo ficaram responsáveis pela trilha sonora da festa.

Confira os cliques:

Fotos: Eri Nunes",uma|otávio|hour|happy|amigos|queiroz|os|promove|um|mês|já|viajar|para|unidos|têm|com|confraternizar|vários
37_12-12-18_13_47.csv,marciatravessoni,"O que é mais simples do que parece?
Essas são as descobertas que te esperam no livro da nutri Mirella Freire.
Mesmo sendo mãe, esposa, profissional – Mirella revela que é possível fazer acontecer, com uma profunda mudança que começa na forma de pensar e de tratar a si mesmo.
Sucesso em Fortaleza, os exemplares continuam alcançando mais e mais pessoas nas maratonas de autógrafos realizadas pela autora.
Ontem foi a vez da clínica Skin Station, da Dra.",,"O que é mais simples do que parece? Emagrecer, adotar hábitos saudáveis, se alimentar corretamente, ter uma vida equilibrada e estar bem com o próprio corpo. Essas são as descobertas que te esperam no livro da nutri Mirella Freire. Mesmo sendo mãe, esposa, profissional – Mirella revela que é possível fazer acontecer, com uma profunda mudança que começa na forma de pensar e de tratar a si mesmo. Sucesso em Fortaleza, os exemplares continuam alcançando mais e mais pessoas nas maratonas de autógrafos realizadas pela autora. Ontem foi a vez da clínica Skin Station, da Dra. Andréia Nogueira, e da Diamond Design, de Ana Carolina Fontenele, receber o lançamento.

Mirella com a cap da Skin Station, Andréia Nogueira e Marco Abreu

Priscila Fontenele, Mirella Freire e Ana Carolina Fontenele

Na primeira parada do dia, a Skin Station recepcionou a nutri e seus leitores com deliciosos lanches saudáveis da Empório da Tapioca e uma música ao vivo relaxante do cantor Belin. Na segunda parada, a Diamond Design, em clima de Christmas Party, abriu a sessão de autógrafos junto a seu lançamento da campanha de natal, em parceria com a Bossa Collection, de Renata Rocha, com brindes da 1,2 Drinks. As DD Lovers puderam garantir seus acessórios preferidos da coleção e um livro que promete revolucionar suas vidas! Acompanhe os cliques do site MT.

#DDLovers: Patrícia Dias, Márcia Travessoni, Renata Rocha e Aline Pinho

Fotos: Alex Campelo",freire|uma|simples|é|station|parece|skin|mirella|em|que|faz|com|da|mais
37_12-12-18_13_47.csv,marciatravessoni,"Fortaleza foi apontada como o destino mais procurado para viajar nas férias de janeiro de 2019, de acordo com o aplicativo Voopter.
O levantamento foi feito nos meses de setembro a novembro e identificou a Capital do Ceará entre os destinos mais procurados para o período, seguida de Recife, Salvador, Maceió e Rio de Janeiro.
Segundo o Ministério do Turismo, entre dezembro deste ano e fevereiro de 2019, serão realizadas 75,5 milhões de viagens.
A Associação Brasileira de Agências de Viagens (Abav) também projeta crescimento nas vendas em percentuais entre 18% e 20% no mesmo período.
No Nordeste, Fortaleza, Porto Seguro, Maceió, Salvador e Natal ficam no topo dos destinos mais procurados.",,"Fortaleza foi apontada como o destino mais procurado para viajar nas férias de janeiro de 2019, de acordo com o aplicativo Voopter. O levantamento foi feito nos meses de setembro a novembro e identificou a Capital do Ceará entre os destinos mais procurados para o período, seguida de Recife, Salvador, Maceió e Rio de Janeiro.

A Secretaria Municipal do Turismo (Setfor) estima que somente em dezembro cerca de 640 mil turistas devem desembarcar em Fortaleza, com a taxa de ocupação hoteleira de até 98%. Já em todo o Estado, de acordo com a Secretaria de Turismo do Estado (Setur), até final de janeiro, são esperados mais de 1,18 milhão de turistas, um crescimento de 10,2% em relação a igual período de 2017/2018 (1,07 milhão).

Segundo o Ministério do Turismo, entre dezembro deste ano e fevereiro de 2019, serão realizadas 75,5 milhões de viagens. O resultado é cerca de 2% maior em relação aos números do verão passado. A Associação Brasileira de Agências de Viagens (Abav) também projeta crescimento nas vendas em percentuais entre 18% e 20% no mesmo período.

Ainda de acordo com a Abav, os destinos de sol e praia lideram a preferência na maior operadora de turismo do País para o período. No Nordeste, Fortaleza, Porto Seguro, Maceió, Salvador e Natal ficam no topo dos destinos mais procurados.

Outra grande empresa do setor, a agência de viagens online Decolar, aponta a Capital cearense entre os dez mais buscados pelo público para a alta estação, acompanhada de Foz do Iguaçu, Recife, Florianópolis, São Paulo, Vitória e Salvador, reforçando a tese de que sol e praia ainda é o segmento mais demandado no país.",turismo|entre|férias|procurado|é|salvador|os|nas|em|viajar|para|destino|janeiro|com|fortaleza|período|mais|viagens
37_12-12-18_13_47.csv,marciatravessoni,"A Câmara Setorial de Eventos, sob o comando da presidente Enid Câmara, se reuniu na manhã desta quarta-feira (12) em paralelo ao Seminário Agrosetores Ceará 2018, que acontece até quinta-feira (13)no Centro de Eventos do Ceará.
Na ocasião, o secretário de turismo do Estado, Arialdo Pinho, foi o convidado especial da reunião.
O evento ainda conta com rodadas de negócios, mesas temáticas, palestras e reuniões para debater assuntos relativos aos setores elencados.
Um panorama do setor agropecuário cearense, por meio das Câmaras Setoriais e Temáticas existentes, também é exposto durante o evento.
Veja fotos da reunião da Câmara Setorial de Eventos:",,"A Câmara Setorial de Eventos, sob o comando da presidente Enid Câmara, se reuniu na manhã desta quarta-feira (12) em paralelo ao Seminário Agrosetores Ceará 2018, que acontece até quinta-feira (13)no Centro de Eventos do Ceará.

Na ocasião, o secretário de turismo do Estado, Arialdo Pinho, foi o convidado especial da reunião.

Agrosetores

Discutir ações e projetos destinados a desenvolver o agronegócio no Ceará, possibilitando o contato do público com artigos vindos direto de produtores rurais, é um dos objetivos do Seminário Agrosetores Ceará 2018. O evento ainda conta com rodadas de negócios, mesas temáticas, palestras e reuniões para debater assuntos relativos aos setores elencados.

Um panorama do setor agropecuário cearense, por meio das Câmaras Setoriais e Temáticas existentes, também é exposto durante o evento. No Ceará, as câmaras ligadas ao agronegócio atuam para promover as cadeias produtivas de frutas, flores, mel, leite, ovinocaprino, tilápia, trigo, caju, camarão, carnaúba e equinos.

Veja fotos da reunião da Câmara Setorial de Eventos:",reunião|presença|pinho|câmara|temáticas|é|seminário|extraordinária|arialdo|para|faz|evento|com|eventos|ceará|da|setorial
37_12-12-18_13_47.csv,marciatravessoni,"Lia Freire aproveitou a chegada das festas de fim de ano e organizou um almoço no Caramelo Bakery para confraternizar com os parceiros de eventos de Fortaleza.
Cerimonialistas, decoradores, confeiteiros, entre outros profissionais, marcaram presença no evento.
O clima foi de festa e de celebração.
Confira:Fotos: Alex Campelo",,"Lia Freire aproveitou a chegada das festas de fim de ano e organizou um almoço no Caramelo Bakery para confraternizar com os parceiros de eventos de Fortaleza.

Cerimonialistas, decoradores, confeiteiros, entre outros profissionais, marcaram presença no evento. O clima foi de festa e de celebração.

Confira:

Fotos: Alex Campelo",freire|lia|presença|marcaram|parceiros|os|um|profissionais|para|bakery|outros|reúne|eventos|caramelo|organizou
37_12-12-18_13_47.csv,marciatravessoni,"Ana Virgínia Martins aproveitou o sábado (08) para reunir doze casais de amigos para celebrar o Natal.
A reunião íntima aconteceu em sua casa.
Para deixar a noite mais animada, Ana Virgínia contratou a banda Sambacura que animou o grupo até altas horas.
O buffet foi todo assinado pelo própria equipe da cearense.
Além de confraternizarem, os casais puderam colocar o papo em dia em clima festivo.",,"Ana Virgínia Martins aproveitou o sábado (08) para reunir doze casais de amigos para celebrar o Natal. A reunião íntima aconteceu em sua casa.

Para deixar a noite mais animada, Ana Virgínia contratou a banda Sambacura que animou o grupo até altas horas.

O buffet foi todo assinado pelo própria equipe da cearense. Além de confraternizarem, os casais puderam colocar o papo em dia em clima festivo.

Confira os cliques:",virgínia|casais|sua|os|martins|em|ana|todo|para|sábado|celebrar|reúne|casa|natal|íntima
37_12-12-18_13_47.csv,marciatravessoni,"O Fashion Awards 2018 foi realizado em parceria com a Swarovski, no Royal Albert Hall, reunindo grandes personalidades e nomeando os destaques da indústria do ano.
Os flashes foram apontados para Valentino e Kendall JennerPierpaolo Piccioli recebeu o prêmio de Designer do Ano pelo seu trabalho para Valentino.
O troféu foi entregue a Virgila Bloh, que além de ser fundador da marca vencedora, assina a direção artística do vestuário masculino da Louis Vuitton.
A preocupação ambiental e a valorização da indústria sustentável renderam à estilista o troféu entregue por Jerry Hall.
Nadja Swarovski entregou o prêmio especial da noite para Vivienne WestwoodKaia Gerber ganhou o prêmio de Modelo do AnoFotos: Reprodução/Instagram",,"O British Fashion Council, organização sem fins lucrativos que promove a moda, o design e produções criativas britânicas, realizou um de seus principais eventos na noite de ontem. O Fashion Awards 2018 foi realizado em parceria com a Swarovski, no Royal Albert Hall, reunindo grandes personalidades e nomeando os destaques da indústria do ano. Destacamos algumas categorias e presenças. Confira!

Os flashes foram apontados para Valentino e Kendall Jenner

Pierpaolo Piccioli recebeu o prêmio de Designer do Ano pelo seu trabalho para Valentino. O diretor criativo da Maison chegou acompanhado da atriz Kristin Scott Thomas em um vestido deslumbrante da marca e Brooke Shields foi responsável por entregar a honraria.

Pierpaolo Piccioli e Brooke Shields

Kristin usou um Valentino de alta costura do Inverno 18/19 rosa antigo

Gucci arrebatou dois importantes prêmios: o de Marca do Ano, apresentado por Lana Del Rey e entregue a Alessandro Michele, diretor criativo, e de Líder de Negócios, apresentado por Saoirse Roman, entregue a Marco Bizzarri, CEO da empresa.

Alessandro Michele, diretor criativo da Gucci

Lana Del Rey, novo rosto da #GucciGuilty, usou um vestido assinado pela marca de lurex e crepe de seda, com apliques florais de veludo pêssego, bordados em ouro e folhas de cristal, além da capa de veludo azul

A Off-White assegurou a vitória no prêmio Luxo Urbano. O troféu foi entregue a Virgila Bloh, que além de ser fundador da marca vencedora, assina a direção artística do vestuário masculino da Louis Vuitton.

Virgila Bloh no red carpet

Já Vivienne Westwood foi agraciada com Prêmio Mudanças Positivas pelo impacto do seu trabalho ao redor do mundo. A preocupação ambiental e a valorização da indústria sustentável renderam à estilista o troféu entregue por Jerry Hall.

Nadja Swarovski entregou o prêmio especial da noite para Vivienne Westwood

Kaia Gerber ganhou o prêmio de Modelo do Ano

Fotos: Reprodução/Instagram",awards|da|entregue|um|em|fashion|veja|os|por|para|com|swarovski|parceria|destaques|promovido|valentino|foi|prêmio|marca
37_12-12-18_13_47.csv,marciatravessoni,"O som flui, os sorrisos preenchem o ambiente e há uma troca única entre jovens que foram unidos por partituras.
Em sua quarta passagem por Cedro, no Centro-sul do Ceará, o Projeto Toque de Vida tem levado, desde março, aulas gratuitas de violão e flauta para 40 jovens, com idades entre 8 e 16 anos, no município.
O projeto estimulou os cedrenses a viver a cidade, potencializar as atividades culturais e tornar-se parte da história.
Léo Lanter, coordenador do Toque de Vida, assinala que a turma superou as expectativas e que se emocionou ao ver o envolvimento de professores, pais, alunos e apoiadores em torno do projeto.
“O Projeto Toque de Vida se define não somente na realização de aulas e sim, na socialização através da música.",,"As notas brotam dos dedos pouco experientes, mas dedicados. O som flui, os sorrisos preenchem o ambiente e há uma troca única entre jovens que foram unidos por partituras. Algo nasce, fica à espera e transforma. Em sua quarta passagem por Cedro, no Centro-sul do Ceará, o Projeto Toque de Vida tem levado, desde março, aulas gratuitas de violão e flauta para 40 jovens, com idades entre 8 e 16 anos, no município. Neste período, muita convivência, conversa e sons – os alunos receberam aulas teóricas e práticas do instrumento. Agora, no dia 13 de dezembro, os músicos mirins se deparam com um bonito encerramento: receberão seus certificados de conclusão do curso, em uma solenidade no SENAC – Cedro, onde se apresentarão para a comunidade e receberão doação dos instrumentos.

A experiência fica gravada em cada um, sonora e afetivamente. O projeto estimulou os cedrenses a viver a cidade, potencializar as atividades culturais e tornar-se parte da história. Foi assim que eles participaram do Dia do Livro, da Festa do Dia dos Pais e do Palco Cultural. Léo Lanter, coordenador do Toque de Vida, assinala que a turma superou as expectativas e que se emocionou ao ver o envolvimento de professores, pais, alunos e apoiadores em torno do projeto.

Produzido pela Modo Maior Projetos Culturais, a iniciativa tem apoio do Governo do Estado do Ceará, por meio da Secretaria da Cultura do Estado, através da Lei Estadual de Incentivo à Cultura e presta agradecimento à M. Dias Branco. “O Projeto Toque de Vida se define não somente na realização de aulas e sim, na socialização através da música. O objetivo é promover e desenvolver a musicalidade de jovens carentes através de cursos específicos, aprimorando a criatividade, a sensibilidade e criando oportunidades de expressão artística”, encerra Léo.",após|cedro|à|meses|os|toque|atividades|em|encerra|que|por|projeto|transformadores|da|se|vida
37_12-12-18_13_47.csv,marciatravessoni,"O tradicional pré-réveillon Flores, do Bloco Siriguella, que acontece no Terminal Marítimo de Passageiros, teve a edição de 2018 confirmada!
Fortaleza vai poder vivenciar toda a energia do axé mais uma vez com seus dois comandantes preferidos: Bell Marques e Durval Lélys!
O público vai poder vibrar com as canções épicas do repertório de Bell e dançar bastante com a performance elétrica de Durval.
Claro que o rei do bloco Siriguella não poderia faltar!
A festa já está marcada para 30 de dezembro e os ingressos vendidos na Loja do Siriguella, DLT e Social Tickets.",,"O tradicional pré-réveillon Flores, do Bloco Siriguella, que acontece no Terminal Marítimo de Passageiros, teve a edição de 2018 confirmada! Fortaleza vai poder vivenciar toda a energia do axé mais uma vez com seus dois comandantes preferidos: Bell Marques e Durval Lélys! O público vai poder vibrar com as canções épicas do repertório de Bell e dançar bastante com a performance elétrica de Durval. Uma noite inesquecível para quem ama celebrar o clima de ano novo.

Claro que o rei do bloco Siriguella não poderia faltar!

Alguma dúvida de que a companhia de Durval, no palco, vai ser mega divertida?

A festa já está marcada para 30 de dezembro e os ingressos vendidos na Loja do Siriguella, DLT e Social Tickets.",marítimo|uma|vai|siriguella|préreveillon|poder|terminal|bloco|que|bell|durval|para|flores|confirmado|com|confira|atrações
37_12-12-18_13_47.csv,marciatravessoni,"O Museu da Indústria bateu recorde de visitações em 2018.
Inaugurado em 2015, o Museu da Indústria tem ganhado cada vez mais espaço nas programações culturais e educativas da cidade.
Relembre as exposições que passaram este ano pelo Museu da Indústria:Exposição “Carnaúba: Árvore da vida” (em cartaz)A exposição “Carnaúba – Árvore da vida” conta a história da planta símbolo do Ceará, seus usos e seu papel no desenvolvimento do Estado desde a década de 1940.
A exposição conta em painéis de imagens, textos, expositores e maquetes, a importância da carnaúba para os cearenses.
Exposição “História da Industrialização do Ceará”Quem visitou o Museu da Indústria no primeiro semestre do ano conheceu a exposição de longa duração “História da Industrialização do Ceará”, que estava em cartaz desde a inauguração do prédio.",,"O Museu da Indústria bateu recorde de visitações em 2018. Até o momento, 18.050 pessoas passaram pelas exposições que estiveram em cartaz este ano no prédio centenário, localizado no Centro de Fortaleza. Inaugurado em 2015, o Museu da Indústria tem ganhado cada vez mais espaço nas programações culturais e educativas da cidade. A sua proposta é valorizar e preservar as memórias de cinco séculos de desenvolvimento da história industrial cearense em um espaço igualmente aberto aos novos tempos de inovação, tecnologia e conhecimento.

Relembre as exposições que passaram este ano pelo Museu da Indústria:

Exposição “Carnaúba: Árvore da vida” (em cartaz)

A exposição “Carnaúba – Árvore da vida” conta a história da planta símbolo do Ceará, seus usos e seu papel no desenvolvimento do Estado desde a década de 1940. A exposição conta em painéis de imagens, textos, expositores e maquetes, a importância da carnaúba para os cearenses. Ela passa por aspectos botânicos, geográficos e históricos para valorizar a carnaúba como símbolo do estado e fortalecer o sentimento de pertencencimento dos cearenses com seu patrimônio histórico e natural.

A exposição traz aspectos biológicos, o beneficiamento da planta, o processo de transformação do pó em cera, os instrumentos utilizados, as tonalidades, o valor econômico e os cearenses que se destacaram neste setor. “Carnaúba – Árvore da vida” reconta a longa história da SC Johnson com o Brasil, que teve início quando H.F. Johnson Jr., líder da terceira geração da família, desembarcou em Fortaleza em busca de uma reserva permanente da cera de carnaúba, matéria-prima dos produtos da empresa na época. A viagem começou na sede da SC Johnson em Racine, Wisconsin. Dois anos depois, a companhia abriu sua primeira fábrica no Brasil e se tornou a primeira empresa a refinar a cera de carnaúba – além disso, a SC Johnson passou a ser a primeira fabricante no Brasil a financiar e incentivar pesquisas sobre a árvore da carnaúba.

Exposição “A Intenção e o Gesto”

A exposição “A Intenção e o Gesto” esteve em cartaz até 1º de julho, como parte da programação do Prêmio CNI SESI SENAI Marcantonio Vilaça para as Artes Plásticas. A exposição integrou o projeto Arte e Indústria, iniciativa que homenageia artistas com processos de criação relacionados à produção industrial. Em sua terceira edição, o projeto teve a curadoria de Marcus Lontra e reúne trabalhos do artista Sérvulo Esmeraldo, homenageado pelo Prêmio este ano, e de mais 10 artistas contemporâneos que dialogam com sua produção.

As visitas eram mediadas por educadores e contemplaram ainda atividades chamadas de ações poéticas, em que o público experimentava o fazer artístico a partir das impressões das exposições.

Exposição “História da Industrialização do Ceará”

Quem visitou o Museu da Indústria no primeiro semestre do ano conheceu a exposição de longa duração “História da Industrialização do Ceará”, que estava em cartaz desde a inauguração do prédio. A exposição era um convite a uma viagem no tempo, mostrando a rica e fascinante história da industrialização cearense, iniciada com o ciclo do couro até os dias atuais. No acervo físico da exposição, era possível encontrar uma máquina de costurar couro, peça de engrenagem de moinho e uma balança de algodão do século XIX.",uma|árvore|mil|sua|recorde|em|que|bate|carnaúba|museu|com|história|da|exposição|mais|visitações|indústria
37_12-12-18_13_47.csv,marciatravessoni,"O design de interiores é uma área cada vez mais valorizada nas projeções de ambientes, sejam profissionais ou residenciais.
Em parceria com a Multipolipedras, o site MT destacou algumas pedras que conferem ousadia e modernidade ao seu cantinho especial.
Ideal para ambientes internos, a pedra cativa por sua leve coloração e os veios naturais que formam padrões únicos.
Aliada a uma iluminação elegante, a ônix tem sua translucidez ressaltada e seus veios se transformam em verdadeira obra de arte.
Na Sala de Jantar do designer André Monte, a pedra foi aplicada no fundo da estante, harmonizado com os móveis em madeira clara e o branco.",,"O design de interiores é uma área cada vez mais valorizada nas projeções de ambientes, sejam profissionais ou residenciais. A escolha de materiais é essencial na caracterização de um estilo – dos mais clássicos aos mais arrojados, são infinitas as possibilidades para chegar ao mood pretendido. Em parceria com a Multipolipedras, o site MT destacou algumas pedras que conferem ousadia e modernidade ao seu cantinho especial. Confira!

Granito marrom imperial

Essa pedra tem uma presença forte no ambiente, principalmente quando combinada a cores de grande vibratilidade, como o vermelho das cadeiras e o verde da planta, no projeto da Manuela Cidrão. Os azulejos com padrão geométrico ao fundo dinamizam a composição.

Foto: Nero Pimentel

Azuli

A novidade desejada da Multipolipedras, é exótica e sofisticada. Ideal para ambientes internos, a pedra cativa por sua leve coloração e os veios naturais que formam padrões únicos. No ambiente do designer André Monte, a poltrona de veludo azul brinca com a diferença de tonalidades, contrabalanceando de forma harmônica e suave.

Foto: Felipe Petrovsky

Ônix

Os resultados obtido com essa pedra são de cair o queixo. Aliada a uma iluminação elegante, a ônix tem sua translucidez ressaltada e seus veios se transformam em verdadeira obra de arte. Na Sala de Jantar do designer André Monte, a pedra foi aplicada no fundo da estante, harmonizado com os móveis em madeira clara e o branco. O resultado é exótico, aconchegante e encantador.

Foto: Reprodução/Instagram

Supernano

Superfície extremamente lisa, o supernano é minimalista e convoca a contemporaneidade aos ambientes. Ele é ideal por permitir muitas combinações e por sua versatilidade ser usada tanto para criar aspectos mais rústicos, quando aliado a artigos e móveis em madeira, como aspectos tecnológicos, com o uso de metais na composição. No projeto da Ligia Felismino e Nicolle do Vale, a cozinha ficou jovem, moderna e descontraída.

Foto: Reprodução/Instagram",uma|modernos|naturais|ousados|sua|é|pedra|ambientes|em|por|para|invista|com|uso|da|pedras|mais
37_12-12-18_13_47.csv,marciatravessoni,"Depois de reunir um público de 20 mil pessoas em sua primeira edição em Lisboa, no mês de outubro, foi a vez de Fortaleza receber o VillaMix, neste sábado (08), na Arena Castelão.
No palco, atrações de peso foram os responsáveis pela animação: Jorge & Mateus, Alok, Matheus & Kauan, Wesley Safadão, Cleber e Cauan e Wallas Arrais foram os escolhidos desta edição.
Logo após a realização de seu segundo ano em Goiânia, o VillaMix começou a viajar pelo país inteiro, chegando a passar, apenas em 2013, por mais de 20 cidades brasileiras.
Depois de Fortaleza, o VillaMix ainda acontece no próximo dia 28 de dezembro no Beto Carrero, em Santa Catarina.
Veja as fotos do VillaMix Fortaleza:Fotos: Alex Campelo",,"Depois de reunir um público de 20 mil pessoas em sua primeira edição em Lisboa, no mês de outubro, foi a vez de Fortaleza receber o VillaMix, neste sábado (08), na Arena Castelão.

O show começou cedo e seguiu até a madrugada de domingo (09). No palco, atrações de peso foram os responsáveis pela animação: Jorge & Mateus, Alok, Matheus & Kauan, Wesley Safadão, Cleber e Cauan e Wallas Arrais foram os escolhidos desta edição.

Vale destacar que o VillaMix teve sua primeira edição realizada em 2011 no estádio Serra Dourada, em Goiânia (GO), e impressiona por suas proporções, trazendo sempre uma estrutura compatível a de renomados shows internacionais, com palcos de gigantescas dimensões e o que hoje há de melhor e mais moderno em termos de tecnologia, cenografia, iluminação, efeitos visuais e som.

O sucesso tanto de público quanto de mídia desde o início tem feito com que a festa ganhe uma representatividade ímpar, consagrando o festival como o maior e melhor evento nacional de música de todos os tempos. Prova disso, é que não demorou muito para que ele se tornasse itinerante. Logo após a realização de seu segundo ano em Goiânia, o VillaMix começou a viajar pelo país inteiro, chegando a passar, apenas em 2013, por mais de 20 cidades brasileiras.

Depois de Fortaleza, o VillaMix ainda acontece no próximo dia 28 de dezembro no Beto Carrero, em Santa Catarina.

Veja as fotos do VillaMix Fortaleza:

Fotos: Alex Campelo",uma|sua|os|jorge|wesley|shows|mateus|em|que|fotos|por|villamix|safadão|melhor|primeira|xand|público|veja
37_12-12-18_13_47.csv,marciatravessoni,"Aline e Diogo Ferreira Gomes sabem como fazer uma festa ser especial.
O casal celebrou, neste sábado (08), os 2 anos do filho, Luigi, com uma festinha para os amigos e a família.
O tema escolhido para a decoração foi o Mickey e o Natal.
O buffet A confeitaria, da chef Maria Athayde, assinou os quitutes do aniversário.
Já a banda Brincart e os bonecos da Blitz Intervenções fizeram a alegria dos pequenos.",,"Aline e Diogo Ferreira Gomes sabem como fazer uma festa ser especial. E dessa vez não foi diferente. O casal celebrou, neste sábado (08), os 2 anos do filho, Luigi, com uma festinha para os amigos e a família.

O tema escolhido para a decoração foi o Mickey e o Natal. Raquel Fiúza foi a eleita para cuidar de cada detalhe da mesa.

O buffet A confeitaria, da chef Maria Athayde, assinou os quitutes do aniversário. Já a banda Brincart e os bonecos da Blitz Intervenções fizeram a alegria dos pequenos.

Veja as fotos:

Fotos: Eri Nunes",aniversário|uma|celebram|ferreira|gomes|ser|os|sabem|aline|tema|anos|para|vez|foi|diogo|da|luigi|sábado
37_12-12-18_13_47.csv,marciatravessoni,"Mirella Freire fez o segundo lançamento do seu livro, “É Mais Simples do que Parece“, durante um brunch, neste sábado (08), na Sellene MegaDiet.
Nutricionistas e admiradores da autora, que compartilha sua rotina saudável com mais de 49 mil seguidores do Instagram, passaram na loja da Av.
Rui Barbosa para adquirir um exemplar da publicação, que custa R$ 69,90 e é uma ótima opção para presente de Natal.
No livro “É Mais Simples do que Parece”, de maneira descontraída, Mirella divide com o leitor tudo aquilo que aplica em sua vida e que aconselha aos seus pacientes.
Quem quiser adquirir o livro “É Mais Simples do que Parece” online, basta entrar no site do Complexo Nutriclinic.",,"Mirella Freire fez o segundo lançamento do seu livro, “É Mais Simples do que Parece“, durante um brunch, neste sábado (08), na Sellene MegaDiet. Nutricionistas e admiradores da autora, que compartilha sua rotina saudável com mais de 49 mil seguidores do Instagram, passaram na loja da Av. Rui Barbosa para adquirir um exemplar da publicação, que custa R$ 69,90 e é uma ótima opção para presente de Natal. Dito Machado mais uma vez assinou a decoração do espaço, e o DJ Rodrigo Sampler assinou a trilha sonora.

No livro “É Mais Simples do que Parece”, de maneira descontraída, Mirella divide com o leitor tudo aquilo que aplica em sua vida e que aconselha aos seus pacientes. É com essa linguagem que ela conta como é importante perceber cada pessoa como um ser único e que toda e qualquer mudança acontece de dentro para fora. A publicação guia o leitor com oito passos para a saúde do corpo e da alma.

A próxima parada do book tour da nutricionista acontece na terça-feira (11) na Diamond Design no Pátio Dom Luís. Quem quiser adquirir o livro “É Mais Simples do que Parece” online, basta entrar no site do Complexo Nutriclinic.

Confira a galeria:

Fotos: Eri Nunes",simples|é|mirella|parece|um|que|para|segundo|megadiet|livro|com|da|sellene|mais
37_12-12-18_13_47.csv,marciatravessoni,"A Loja Carandá foi inaugurada sexta-feira (07) com um coquetel para convidados na Casa Bendita.
O espaço reúne um grupo de empreendedoras mulheres que tem como proposta fortalecer pequenas empresas criativas, o chamado slow living.
A ideia é aproximar o consumidor do criador e proporcionar uma experiência que vá além de uma simples compra.
A Um Nós dois com objetos de decoração, e a Tirachic, com acessórios desenvolvidos por Cláudia Capeto e Ione Pioner, completam o time.
A loja funciona de terça a sexta-feira, de 12h às 20h, e aos sábados, de 12h às 21h, na Avenida Rui Barbosa, número 888.",,"A Loja Carandá foi inaugurada sexta-feira (07) com um coquetel para convidados na Casa Bendita. O espaço reúne um grupo de empreendedoras mulheres que tem como proposta fortalecer pequenas empresas criativas, o chamado slow living. A ideia é aproximar o consumidor do criador e proporcionar uma experiência que vá além de uma simples compra.

Dentre as marcas que fazem parte da loja estão a Elemento Fio, da arquiteta Suyenne Lemos; a Opolo Design, de Jamylle Weyne; a Soul Padma, da designer Evelyn Matthews e Telma Aguiar Jewelry, todas dentro do segmento da joalheria. Na moda, a Use K, das irmãs Monike, Marcelle e Manuella Oliveira; Jô de Paula; Todos os poemas, de Jô de Paula em parceria com Angélica Freitas; Alma de Sal, de Vitória Falcão e Freakstein, de Ellen Mesquita, se mesclam para oferecer ao público um mix de peças que brincam com os desejos e imaginários. A Um Nós dois com objetos de decoração, e a Tirachic, com acessórios desenvolvidos por Cláudia Capeto e Ione Pioner, completam o time.

A loja funciona de terça a sexta-feira, de 12h às 20h, e aos sábados, de 12h às 21h, na Avenida Rui Barbosa, número 888. Somente aos domingos de dezembro, a loja também está aberta ao público.

Confira como foi o coquetel de abertura:

Fotos: Alex Campelo",empreendedoras|que|da|loja|uma|um|reúne|detalhes|para|com|sextafeira|mulheres|grupo|saiba|bendita|casa|carandá|às|paula
37_12-12-18_13_47.csv,marciatravessoni,"Giovanna Gripp e Nathalia Petrone lançaram nas três lojas da Lasso em Fortaleza a nova coleção da marca, que ganhou o nome de Outwear e é assinada por Giovanna, diretora de estilo da marca.
“Estamos lançando mais uma coleção Outwear, que já virou uma tradição da Lasso.
Desde o ano passado, a gente teve essa ideia de lançar essa versão da Lasso para sair.
Realmente faltava uma marca de lingerie diferenciada, mais romântica, mais trabalhada… para não ser mais do mesmo.
“A Paulinha já é da Lasso.",,"Giovanna Gripp e Nathalia Petrone lançaram nas três lojas da Lasso em Fortaleza a nova coleção da marca, que ganhou o nome de Outwear e é assinada por Giovanna, diretora de estilo da marca. Essa é a segunda vez que as irmãs e sócias apostam em peças que vão além de uma simples lingerie e que têm dezenas de possibilidades para serem usadas no dia a dia. A nova coleção, aliás, traz o DNA romântico da Lasso e já é sucesso entre as clientes.

“Estamos lançando mais uma coleção Outwear, que já virou uma tradição da Lasso. Desde o ano passado, a gente teve essa ideia de lançar essa versão da Lasso para sair. Esse ano a coleção veio mais sofisticada, com um toque de modernidade, claro que com o romantismo da marca presente, usando os tules, mas com peças com recortes bem diferenciados. A gente trouxe essa ideia dos vestidinhos salopetes que dá pra usar com um top por dentro…”, comenta Giovanna.

“Ou com uma camisetinha e fica até mais moderninho para usar durante o dia. São peças bem versáteis. Com uma rasteirinha dá para usar de dia, e com um salto a noite”, opina também Nathalia, que fica com o lado administrativo, comercial e financeiro da Lasso. Mesmo assim, faz questão de frisar que as duas ficam juntas na mesma sala da empresa e ela também opina nas criações da irmã. “O DNA criativo é muito parecido. A gente bate muito nas ideias”.

A dupla, em entrevista ao site, também relembrou o início da empreitada, há oito anos. “A Giovanna queria muito ter o negócio dela e a gente identificou esse nicho. Realmente faltava uma marca de lingerie diferenciada, mais romântica, mais trabalhada… para não ser mais do mesmo. Ela começou a Lasso sozinha e dois anos depois que a marca existia, eu saí da empresa que trabalhava e me juntei com ela”, conta ainda Nathalia.

Além das três lojas físicas, a dupla também aposta no atacado e vende para todo o País. “Nosso plano é realmente expandir o atacado em 2019. Temos muitas viagens programadas para visitar as lojas que a gente já vende e até conhecer novas. Queremos crescer no Brasil todo e não só em Fortaleza. A gente tem ainda grandes planos pro marketing da Lasso, para crescer como marca e trabalhar com pessoas bem bacanas que são a nossa cara.”.

Antenadas com as influenciadoras digitais locais e nacionais, a Lasso tem uma parceria especial com a cearense Paulinha Sampaio. Ela, aliás, foi a modelo escolhida para as fotos dessa coleção. “A Paulinha já é da Lasso. Desde que começamos temos uma parceria muito legal com ela. Quando pensamos na coleção e na modelo, logo lembramos dela. Achamos que a Paulinha tem a sofisticação, o bom gosto e a modernidade que nós queríamos imprimir nessa coleção”. No âmbito nacional, elas ainda destacaram parcerias com nomes como Carol Celico e Luiza Sobral. “A ideia é que em 2019 apareçam outras meninas que têm a nossa cara para representar nossa marca Brasil afora”.

Veja as fotos:",giovanna|assinada|outwear|uma|lingerie|detalhes|é|saiba|por|que|para|coleção|com|da|lasso|mais|gripp|marca
37_12-12-18_13_47.csv,marciatravessoni,"Uma nova store de berço cearense acaba de chegar ao Shopping Del Paseo.
É a mais nova unidade da Mirror, capitaneada por Brenda Morais e Brena Batista.
Com um equilíbrio perfeito entre elegância e leveza, as peças foram desejadas pelas convidadas que prestigiaram o coquetel de abertura.
Presença de Lívia Baral, ladeadas pela caps Brenda Morais e Brena BatistaOs doces, deliciosamente aprovados, foram assinados pela D Bakery Store e pelo Tabuleiro da Nana e o ambiente delicadamente preparado pelo Espaço das Festas.
A nova loja já está em funcionamento total, no piso L2 ao lado da Vivara, para espalhar o #MirrorStyle.",,"Uma nova store de berço cearense acaba de chegar ao Shopping Del Paseo. É a mais nova unidade da Mirror, capitaneada por Brenda Morais e Brena Batista. Com um equilíbrio perfeito entre elegância e leveza, as peças foram desejadas pelas convidadas que prestigiaram o coquetel de abertura. O clima de festa foi dado pela música do DJ Rodrigo Bastos, que animou as várias combinações de looks no provador e os brindes de champanhe à expansão da marca.

Presença de Lívia Baral, ladeadas pela caps Brenda Morais e Brena Batista

Os doces, deliciosamente aprovados, foram assinados pela D Bakery Store e pelo Tabuleiro da Nana e o ambiente delicadamente preparado pelo Espaço das Festas. A nova loja já está em funcionamento total, no piso L2 ao lado da Vivara, para espalhar o #MirrorStyle. Vale ressaltar que a matriz, localizada na Av. Barão de Aracati, 1304, continua operando normalmente. Confira os highlights da noite!

Natasha Diniz, Leli Albuquerque, Luiza Bezerra e Natalia Queiroz",pela|novas|os|brenda|store|mirror|inauguram|del|que|pelo|conquistas|paseo|foram|às|da|nova|morais|brindando
37_12-12-18_13_47.csv,marciatravessoni,"Cristiana Carneiro recebeu convidados especiais para apresentar a nova coleção da Cajáz para as festas de fim de ano.
O encontro também foi motivo para as amigas confraternizarem.
A consultora de imagem e estilo Catarina Cavalcante foi a convidada especial do coquetel e palestrou para as clientes sobre o tema “A magia das cores“.
Destaque para as dicas especiais que a profissional deu sobre o coral, eleita pela Pantone a cor de 2019.
Confira as fotos:Fotos: Eri Nunes",,"Cristiana Carneiro recebeu convidados especiais para apresentar a nova coleção da Cajáz para as festas de fim de ano. O encontro também foi motivo para as amigas confraternizarem.

A consultora de imagem e estilo Catarina Cavalcante foi a convidada especial do coquetel e palestrou para as clientes sobre o tema “A magia das cores“. Destaque para as dicas especiais que a profissional deu sobre o coral, eleita pela Pantone a cor de 2019.

Confira as fotos:

Fotos: Eri Nunes",pela|que|sobre|cajáz|reúne|confira|nova|apresentar|fim|para|fotos|também|tema|clientes|profissional|coleção|foi|especiais|recebeu
37_12-12-18_13_47.csv,marciatravessoni,"Foi com um discurso emocionante, cheio de gratidão e sinceras palavras de amor, que Márcia Travessoni deu início ao segundo ano consecutivo do concerto beneficente Anjos do Natal.
“Nesse ano, nosso tema é amizade.
Destaque para a decoração inspirada da dupla Dito Machado e Thiago Holanda, que adornou cada detalhe do palco com sensibilidade e beleza.
“Quero levar o meu canto amigo, a qualquer amigo que precisar, eu quero ter um milhão de amigos e bem mais forte poder cantar”.
O Concerto Anjos do Natal 2018 recebeu o apoio de empresas que atuaram como verdadeiros anjos na realização deste grande evento.",,"Foi com um discurso emocionante, cheio de gratidão e sinceras palavras de amor, que Márcia Travessoni deu início ao segundo ano consecutivo do concerto beneficente Anjos do Natal. “Nesse ano, nosso tema é amizade. Uma palavra, um sentimento tão importante na nossa vida, que temos que deixar fluir sempre em nossos corações”, explanou a idealizadora do evento, que neste ano dobrou a arrecadação de cestas básicas, chegando ao incrível número de 3.700, que serão destinadas as seguintes instituições: Instituto Povo do Mar, Grupo de Apoio Onco-hematológico, Lar Santa Mônica, Creche Escola Jeanne, Creche São Judas Tadeu, Grupo Amigas no Amor, Caravana Amare do Sertão, Toca de Assis, Fundo de Apoio Comunitário, Escolinha Sol, Pleno Viver, Lar Batista, Obra Lumen, Maria Mãe dos Pobres e Instituto dos Pobres de Maranguape.

Um show que começou com os acordes inconfundíveis da sanfona de Waldonys, ecoando no enorme ginásio do Colégio Santo Inácio, palco das missas mais lindas celebradas pelo Padre Eugênio, que, inclusive, também foi responsável por deixar a noite mais bonita com suas orações. Em cima do palco, Nando Cordel e sua filha Felicidade Cordel, Paulo José, Marcos Lessa, Lia Veras, Alexandre Fonseca, David Valente e uma super orquestra comanda pelo maestro Isaías Alexandre, que dirigidos por Fernando Travessoni, transformaram essa noite marcante em pura magia. Destaque para a decoração inspirada da dupla Dito Machado e Thiago Holanda, que adornou cada detalhe do palco com sensibilidade e beleza.

“Quero levar o meu canto amigo, a qualquer amigo que precisar, eu quero ter um milhão de amigos e bem mais forte poder cantar”. Entoando essa emblemática música do rei Roberto Carlos, todos os artistas subiram ao palco para encerrar esse verdadeiro espetáculo de solidariedade, amor, afetividade e beleza, fechando o ano de 2018 com a torcida de uma humanidade mais empática e com sentimento de respeito ao próximo.

O Concerto Anjos do Natal 2018 recebeu o apoio de empresas que atuaram como verdadeiros anjos na realização deste grande evento. São elas: Sistema Fiec, Grupo M. Dias Branco, Crisóstomo Hair & Skin Institute, Café 50, 50 Sabores, Sistema Fecomércio Ceará, C. Rolim Engenharia, Grupo Telles, Farmácias Santa Branca, Bom-Mar Pescados, Dibra – Dias Branco Participações LTDA, Ideemov, Art Produções, Hotel Gran Marquise, Amare e Castelo Borges Segurança.

Fotos: Camila Lima",que|solidariedade|uma|repleta|um|em|travessoni|ano|supera|ao|por|com|natal|expectativas|grupo|márcia|palco|empatia|noite|mais
37_12-12-18_13_47.csv,marciatravessoni,"O CEO da marca Arezzo&Co, Alexandre Birman, esteve em Fortaleza para participar do IRONMAN 70.3, no domingo (25) e, nesta segunda-feira (26), aproveitou para participar de um brunch especial para as clientes da Meia Sola.
Na ocasião, foi lançada a nova coleção de Birman, que traz as cores e o frescor de um verão brasileiro, usando elementos da cultura nacional como inspiração.
Intitulada “Spirit of Samba“, a coleção é dividida em quatro momentos diferentes que resgatam a essência e o verdadeiro significado de ser brasileiro.
Os modelos evidenciam linhas orgânicas e fluídas, com shapes de extrema elegância.
Veja quem esteve por lá:Fotos: Camila Lima",,"O CEO da marca Arezzo&Co, Alexandre Birman, esteve em Fortaleza para participar do IRONMAN 70.3, no domingo (25) e, nesta segunda-feira (26), aproveitou para participar de um brunch especial para as clientes da Meia Sola.

Na ocasião, foi lançada a nova coleção de Birman, que traz as cores e o frescor de um verão brasileiro, usando elementos da cultura nacional como inspiração.

Intitulada “Spirit of Samba“, a coleção é dividida em quatro momentos diferentes que resgatam a essência e o verdadeiro significado de ser brasileiro. Os modelos evidenciam linhas orgânicas e fluídas, com shapes de extrema elegância.

Veja quem esteve por lá:

Fotos: Camila Lima",sola|participa|um|birman|alexandre|participar|em|lançamento|que|para|brasileiro|coleção|da|meia|esteve
37_12-12-18_13_47.csv,marciatravessoni,"A primeira-dama de Fortaleza, Carol Bezerra, participou da sessão da Câmara Municipal de quarta-feira (21) e apresentou aos vereadores as intervenções intersetoriais pela infância e adolescência da cidade, em especial o programa “Cresça Com Seu Filho/Criança Feliz”.
Carol Bezerra destacou a importância das ações integradas com diferentes segmentos da Prefeitura de Fortaleza, como a secretarias da Educação, Saúde e Direitos Humanos e Desenvolvimento Social, além de ressaltar a importância do papel dos 797 agentes comunitários de saúde e 223 enfermeiros, já capacitados, na atuação do programa “Cresça com Seu Filho/Criança Feliz” junto às famílias atendidas.
O Cresça já atendeu, de 2013 até agora, mais de três mil crianças e realizou mais de 72 mil visitas domiciliares.
Somados ao “Cresça com Seu Filho/Criança Feliz”, a gestão municipal reformou e entregou à população mais de 300 praças, sendo 248 delas com parques infantis, que de acordo com a primeira-dama, colaboram de forma positiva e direta com o desenvolvimento infantil.
Ainda na manhã da quarta-feira, acompanhada da secretaria adjunta da Saúde, Ana Estela Fernandes, e da coordenadora de Políticas e Organização das Redes de Atenção à Saúde, Anamaria Cavalcante, a primeira-dama Carol Bezerra visitou o posto de saúde Regina Severino e acompanhou parte da programação da V Semana do Bebê, onde entregou kits com berços portáteis e utensílios para bebê, como talcos, hidratantes, fraldas e lenços.",,"A primeira-dama de Fortaleza, Carol Bezerra, participou da sessão da Câmara Municipal de quarta-feira (21) e apresentou aos vereadores as intervenções intersetoriais pela infância e adolescência da cidade, em especial o programa “Cresça Com Seu Filho/Criança Feliz”.

Carol Bezerra destacou a importância das ações integradas com diferentes segmentos da Prefeitura de Fortaleza, como a secretarias da Educação, Saúde e Direitos Humanos e Desenvolvimento Social, além de ressaltar a importância do papel dos 797 agentes comunitários de saúde e 223 enfermeiros, já capacitados, na atuação do programa “Cresça com Seu Filho/Criança Feliz” junto às famílias atendidas.

O Cresça já atendeu, de 2013 até agora, mais de três mil crianças e realizou mais de 72 mil visitas domiciliares. Somados ao “Cresça com Seu Filho/Criança Feliz”, a gestão municipal reformou e entregou à população mais de 300 praças, sendo 248 delas com parques infantis, que de acordo com a primeira-dama, colaboram de forma positiva e direta com o desenvolvimento infantil. A Prefeitura entregou ainda a Biblioteca Infantil Herbênia Gurgel, que conta com um acervo de quatro mil livros, além de oito postos de coleta de leite materno e 18 Núcleos de Desenvolvimento Infantil que serão entregues até dezembro deste ano, todos instalados em postos de saúde da capital.

Ainda na manhã da quarta-feira, acompanhada da secretaria adjunta da Saúde, Ana Estela Fernandes, e da coordenadora de Políticas e Organização das Redes de Atenção à Saúde, Anamaria Cavalcante, a primeira-dama Carol Bezerra visitou o posto de saúde Regina Severino e acompanhou parte da programação da V Semana do Bebê, onde entregou kits com berços portáteis e utensílios para bebê, como talcos, hidratantes, fraldas e lenços.",mil|saúde|câmara|infância|apresenta|municipal|cresça|infantil|que|seu|ações|primeiradama|intersetoriais|com|fortaleza|da|mais|primeira
37_12-12-18_13_47.csv,marciatravessoni,"A Lenita organizou um desfile especial, nesta quarta-feira (21), para apresentar em primeira mão a coleção “Festas“, desenvolvida especialmente para as celebrações de fim de ano.
O evento aconteceu no espaço Coco Bambu por Toca e reuniu um time seleto de clientes, recepcionado por Maria Lúcia e Lenita Negrão.
Para completar, Felipe Pezzoni, da Banda Eva, foi o convidado especial para animar os presentes.
O evento já é data marcada no calendário de moda da cidade, e este ano apresentou uma coleção com peças com brilho, renda, cores e inspirações extraídas do DNA da marca.
“Essa época do ano é um momento de gratidão e renovação para a Lenita.",,"A Lenita organizou um desfile especial, nesta quarta-feira (21), para apresentar em primeira mão a coleção “Festas“, desenvolvida especialmente para as celebrações de fim de ano. O evento aconteceu no espaço Coco Bambu por Toca e reuniu um time seleto de clientes, recepcionado por Maria Lúcia e Lenita Negrão.

Para completar, Felipe Pezzoni, da Banda Eva, foi o convidado especial para animar os presentes. Ele fez um pocket show para o público e foi o responsável pela trilha sonora do desfile.

O evento já é data marcada no calendário de moda da cidade, e este ano apresentou uma coleção com peças com brilho, renda, cores e inspirações extraídas do DNA da marca. “Essa época do ano é um momento de gratidão e renovação para a Lenita. O ano de 2018 foi e está sendo repleto de resultados positivos e vamos celebrar essas conquistas trazendo ainda mais tendências, inovações e alegria para nossas clientes, que são a razão de todo o trabalho que realizamos”, comemora a coordenadora de estilo da marca, Maria Lúcia Negrão.

Confira os cliques:",eva|ano|é|um|os|especial|banda|que|por|para|coleção|foi|com|lenita|da|desfile|nova|apresenta
37_12-12-18_13_47.csv,marciatravessoni,"Ana Carolina Esmeraldo e Ted Pontes disseram sim em uma cerimônia emocionante, na noite de sexta-feira (9), na igreja Nossa Senhora do Líbano.
Filhos de José e Vânia Barbosa e Ted e Germana Rocha Pontes respectivamente, o casal comemorou a nova fase com uma festança no Espaço Coco Bambu por Toca.
O cantor Paulo José e a dupla Luis Marcelo e Gabriel foram os escolhidos para animar os convidados da festa, que teve Ticiane Firmeza como cerimonialista.
Destaque para o vestido de noiva de Carol, desenvolvido especialmente para a ocasião pela Maison Cris Atelier.
Os noivos viajaram para Punta Del Leste, após a festa, para curtir a lua de mel.",,"Ana Carolina Esmeraldo e Ted Pontes disseram sim em uma cerimônia emocionante, na noite de sexta-feira (9), na igreja Nossa Senhora do Líbano. Filhos de José e Vânia Barbosa e Ted e Germana Rocha Pontes respectivamente, o casal comemorou a nova fase com uma festança no Espaço Coco Bambu por Toca.

O cantor Paulo José e a dupla Luis Marcelo e Gabriel foram os escolhidos para animar os convidados da festa, que teve Ticiane Firmeza como cerimonialista. Jackeline Kato foi a responsável pela decoração e Célia Bezerra pelos tradicionais bem-casados.

Destaque para o vestido de noiva de Carol, desenvolvido especialmente para a ocasião pela Maison Cris Atelier.

Os noivos viajaram para Punta Del Leste, após a festa, para curtir a lua de mel.

Veja as fotos:",uma|ted|pela|os|festa|igreja|em|para|viajaram|josé|líbano|senhora|nossa|esmeraldo|vânia|se|emocionante|pontes
37_12-12-18_13_47.csv,marciatravessoni,"Filhos de João Eudes e Lourdes Aragão e Rosângela Linhares, Lorena Aragão e Igor Linhares escolheram dizer o tão esperado sim em um cerimônia no fim da tarde de sábado (10), na igreja Nossa Senhora do Líbano.
O edifício Mansão Macêdo foi escolhido para a recepção, que reuniu uma turma animada de convidados até de madrugada.
Ticiana Sampaio desenvolveu o vestido de Lorena, que usou uma belíssima joia de acervo familiar em seu grande dia.
Branca Mourão decorou o local da festa e transformou o espaço em um cenário perfeito.
Após o casório, o casal embarca para um cruzeiro no Caribe para curtir a lua de mel.",,"Filhos de João Eudes e Lourdes Aragão e Rosângela Linhares, Lorena Aragão e Igor Linhares escolheram dizer o tão esperado sim em um cerimônia no fim da tarde de sábado (10), na igreja Nossa Senhora do Líbano.

O edifício Mansão Macêdo foi escolhido para a recepção, que reuniu uma turma animada de convidados até de madrugada. Com cerimonial da Celebre Eeventos, os noivos escolheram o buffet, doces, chocolates e bem-casados do La Maison. Já o bolo foi responsabilidade da Cacau2You.

Uma turma de peso animou os convidados: Luis Marcelo e Gabriel, Levi Castelo Branco, Giovana Bezerra e o DJ Pedro Garcia não deixaram ninguém parado.

Ticiana Sampaio desenvolveu o vestido de Lorena, que usou uma belíssima joia de acervo familiar em seu grande dia. Dudu Make assinou a beleza da noiva. Igor, por sua vez, escolheu um terno de Ricardo Almeida.

Branca Mourão decorou o local da festa e transformou o espaço em um cenário perfeito.

Após o casório, o casal embarca para um cruzeiro no Caribe para curtir a lua de mel.

Veja os cliques:",uma|lorena|igor|os|um|saiba|linhares|especial|em|turma|para|que|noite|da|detalhes|sim|dizem
37_12-12-18_13_47.csv,marciatravessoni,"Não é todo dia que se comemora 25 anos de uma marca.
E a Tallis Joias tem uma história inspiradora entre as joalheiras nacionais.
Talynie e Talyzie Mihaliuc, juntamente com Gorete Arruda, transformaram um desejo de infância em uma trajetória mágica, calcada no seu sucesso incontestável.
Na ocasião, a Tallis apresentou seu já tradicional catálogo especial de fim de ano, com suas seguidoras estampadas nas páginas com as joias da nova coleção.
As peças, inclusive, puderam ser apreciadas em um atelier exclusivo.",,"Não é todo dia que se comemora 25 anos de uma marca. E a Tallis Joias tem uma história inspiradora entre as joalheiras nacionais. Talynie e Talyzie Mihaliuc, juntamente com Gorete Arruda, transformaram um desejo de infância em uma trajetória mágica, calcada no seu sucesso incontestável. “Ao longo desses anos, conquistamos e construímos belos relacionamentos. Acreditamos que nossa maior riqueza é esse laço de confiança, amor e fidelidade com nossos clientes e amigos”, revelaram as irmãs em post nas redes sociais. E suas clientes fieis apareceram em peso no Espaço Coco Bambu por Toca, para uma tarde de celebração, organizada por Lilian Porto, que entrou pela noite, com brindes, emoção, boas surpresas e claro, festividades por todos os lados.

Desde o vídeo, onde as empresárias relembraram essas quase 3 décadas de êxito da Tallis até o “parabéns” cantado em coro, a festa ganhou todas as atenções, com direito a drinks assinados pela 1, 2 Drinks, decoração imponente de Gil Santos e presença de nomes importantes, como os representantes nacionais das grifes Montblanc, Rolex, Bulgari e Tissot.

Na ocasião, a Tallis apresentou seu já tradicional catálogo especial de fim de ano, com suas seguidoras estampadas nas páginas com as joias da nova coleção. As peças, inclusive, puderam ser apreciadas em um atelier exclusivo. Para fechar com chave de ouro, as atrações musicais fizeram bonito. Primeiro o som de Camila Marieta deu o tom da tarde, para depois o palco receber a top Solange Almeida animando a todos com a energia que só ela tem. Talyzie, Talynie e Gorete só têm do que se orgulhar. Vamos aos cliques?

Fotos: Camila Lima",uma|arma|tallis|festa|é|joias|um|seus|em|que|anos|para|por|celebrar|com|inesquecível|história|da
37_12-12-18_13_47.csv,marciatravessoni,"A Amaro anunciou nesta terça-feira (11) um novo projeto, que ganhou o nome de Amaro Cares, que tem como proposta apoiar iniciativas que beneficiam o meio ambiente e as pessoas.
O plano é ajudar 5 comunidades espalhadas pelo Brasil e lançar 3 novos programas de sustentabilidade até o fim de 2019.
Para iniciar o projeto, foram selecionadas três comunidades no Brasil, uma no Ceará, outra no Maranhão e a última em São Paulo.
A Oficina Fia, de Sobral, foi a escolhida como representante cearense pela Amaro, que se consolida como a marca digital de moda que mais cresce no Brasil.
A Oficina Fia reúne 35 mulheres, a maioria delas agricultoras da zona rural de Sobral, no Ceará, que tecem em palha e outros materiais acessórios e artigos para casa que podem ganhar o Brasil.",,"A Amaro anunciou nesta terça-feira (11) um novo projeto, que ganhou o nome de Amaro Cares, que tem como proposta apoiar iniciativas que beneficiam o meio ambiente e as pessoas. O plano é ajudar 5 comunidades espalhadas pelo Brasil e lançar 3 novos programas de sustentabilidade até o fim de 2019.

Para iniciar o projeto, foram selecionadas três comunidades no Brasil, uma no Ceará, outra no Maranhão e a última em São Paulo. A Oficina Fia, de Sobral, foi a escolhida como representante cearense pela Amaro, que se consolida como a marca digital de moda que mais cresce no Brasil. Chiara Gadaleta ajudou na consultoria para a escolha das três comunidades.

A Oficina Fia reúne 35 mulheres, a maioria delas agricultoras da zona rural de Sobral, no Ceará, que tecem em palha e outros materiais acessórios e artigos para casa que podem ganhar o Brasil. A ideia é colocar o trabalho dessas artesãs em contato direto com o consumidor final, gerando demanda e consequentemente renda para as famílias, movimentando a economia local. Ao comprar a bolsa de palha criada por elas no site da Amaro, você também ajuda a incrementar a renda das moradoras de Sobral e arredores.

Para conhecer mais detalhes desse projeto, basta clicar aqui.",uma|pessoas|sobral|três|missão|é|lança|em|que|meio|para|projeto|como|com|produtos|brasil|parcerias|amaro
37_12-12-18_13_47.csv,marciatravessoni,"Tom Drummond, com a música “Menino Bonito“, foi o grande vencedor do primeiro Festival da Música de Fortaleza.
Tom recebeu o prêmio no valor de R$ 30 mil, além da oportunidade de se apresentar no Réveillon deste ano da Capital cearense, no Aterro da Praia de Iracema.
Agradeço à Prefeitura pela oportunidade e, agora, vou me preparar para fazer uma boa apresentação no Réveillon”, disse Tom.
Em segundo lugar, com a música “Sete Mergulhos no Mar“, a cantora roraimense Euterpe foi agraciada com R$ 10 mil.
Elas serão, também, reproduzidas durante todo o mês de dezembro, dentro da programação da Rádio Terra do Sol, da Prefeitura de Fortaleza.",,"Tom Drummond, com a música “Menino Bonito“, foi o grande vencedor do primeiro Festival da Música de Fortaleza. A final do evento ocorreu na noite de sábado (08), quando os 12 finalistas subiram ao palco do Teatro São José. Tom recebeu o prêmio no valor de R$ 30 mil, além da oportunidade de se apresentar no Réveillon deste ano da Capital cearense, no Aterro da Praia de Iracema.

“Estou muito feliz. Tivemos participantes muito bons, muitas músicas boas, gente que já tinha uma carreira consagrada no Nordeste e em outras regiões, além daqueles que estão começando, mas tem um talento inacreditável. Agradeço à Prefeitura pela oportunidade e, agora, vou me preparar para fazer uma boa apresentação no Réveillon”, disse Tom.

Em segundo lugar, com a música “Sete Mergulhos no Mar“, a cantora roraimense Euterpe foi agraciada com R$ 10 mil. O terceiro colocado foi Álcio Barroso, com a canção “A Culpa“, que levou R$ 5 mil.

Ao todo, foram inscritas 359 músicas de autores de 16 estados, além do Distrito Federal. Como forma de estímulo aos artistas e a fomentação cultural de Fortaleza, as 12 canções finalistas serão masterizadas e se tornarão CD. Elas serão, também, reproduzidas durante todo o mês de dezembro, dentro da programação da Rádio Terra do Sol, da Prefeitura de Fortaleza.

O prefeito Roberto Cláudio se comprometeu a realizar a segunda e terceira edição da premiação em 2019 e 2020, como demonstração de empenho da gestão com o fortalecimento da cultura fortalezense.",uma|se|além|é|réveillon|das|r|que|foi|festival|drummond|fortaleza|tom|da|música|com|ganha
