Timestamp,Source,Summary,Authors,Text,Keywords
46_12-12-18_14_16.csv,bairrodaslaranjeiras,"Nota: Igreja da Glória e Igreja de Nossa Senhora da Glória redirecionam para este artigo.
Para outros significados, veja Igreja da Glória e Igreja de Nossa Senhora da Glória redirecionam para este artigo.
A Igreja de Nossa Senhora da Glória do Outeiro, ou Imperial Igreja de Nossa Senhora da Glória do Outeiro, mais conhecida simplesmente como Igreja da Glória, ergue-se no alto do Outeiro da Glória, no bairro da Glória, na cidade do Rio de Janeiro, no Brasil.
A pedra utilizada na construção da igreja proveio da Pedreira da Glória, no Morro da Nova Sintra, no bairro do Catete.
A partir daí, todos os membros da Família Imperial foram batizados na Igreja da Glória, incluindo dom Pedro II e a princesa Isabel.",,"Nota: Igreja da Glória e Igreja de Nossa Senhora da Glória redirecionam para este artigo. Para outros significados, veja Igreja da Glória e Igreja de Nossa Senhora da Glória redirecionam para este artigo. Para outros significados, veja Igreja de Nossa Senhora da Glória (Bombaim)

Esta página ou secção não cita fontes confiáveis e independentes, o que compromete sua credibilidade (desde fevereiro de 2015) . Por favor, referências e insira-as corretamente no texto ou no rodapé. Conteúdo sem fontes poderá ser removido.

— Encontre fontes:

Igreja da Glória. Note-se a galilé de entrada com a torre e a forma poligonal da nave.

A Igreja de Nossa Senhora da Glória do Outeiro, ou Imperial Igreja de Nossa Senhora da Glória do Outeiro, mais conhecida simplesmente como Igreja da Glória, ergue-se no alto do Outeiro da Glória, no bairro da Glória, na cidade do Rio de Janeiro, no Brasil. É considerada uma das joias da arquitetura colonial do Brasil e um dos mais característicos monumentos da cidade. Dada a sua localização elevada, é facilmente visível do Aterro do Flamengo e arredores.

Arquitetura e decoração [ editar | editar código-fonte ]

A Igreja da Glória tem origem numa pequena ermida do século XVII construída em um terreno doado à Irmandade da Glória em 1699 por Cláudio do Amaral Gurgel. Não se sabe exatamente quando começou a construção da igreja, sabendo-se com certeza que foi inaugurada em 1739. Considera-se provável que tenha sido começada nos anos 1730, ainda que alguns acreditam que as obras começaram ainda em 1714. A tradição oral atribui o projeto ao tenente-coronel e engenheiro-militar português José Cardoso Ramalho, mas não há documentos que confirmem a autoria. A pedra utilizada na construção da igreja proveio da Pedreira da Glória, no Morro da Nova Sintra, no bairro do Catete. A planta da igreja é composta por dois octógonos, o que lhe dá a forma de um ""8"". Os espaços curvos - especialmente elípticos - são uma forma típica do barroco e estreiam na arquitetura do Rio nesta igreja. Um dos octógonos é ocupado pela nave curva da igreja, enquanto o outro é ocupado pela sacristia. O interior da nave transmite uma sensação de monumentalidade, graças às pilastras de cantaria e ao teto abobadado.

As partes baixas da nave estão cobertas com magníficos painéis de azulejos brancos-azuis lisboetas, feitos entre 1735 e 1740 na oficina de Mestre Valentim de Almeida, com temas bíblicos, recentemente restaurados. A sacristia também está forrada de azulejos, mas com temas profanos (cenas de caça). A igreja tem três bons altares de feição rococó, datados da transição entre o século XVIII e o XIX. Sobre o arco-cruzeiro da capela-mor se encontra o escudo da Família Imperial Brasileira.

O exterior da Igreja da Glória tem um perfil característico, com os dois corpos octogonais precedidos por uma torre quadrangular coroada com uma cúpula de forma ""acebolada"". O primeiro piso da torre tem uma galilé - espaço abobadado - por onde se entra na igreja através de um portal com um medalhão representando a Virgem e o Menino. Este portal e dois outros estão esculpidos em pedra de lioz e foram trazidos de Lisboa na segunda metade do século XVIII.

Após sua chegada ao Rio de Janeiro em 1808, a Família Real Portuguesa tomou especial predileção pela Igrejinha da Glória. Na igreja, foi batizada, em 1819, a primeira filha de dom Pedro I e dona Leopoldina, a princesa Maria da Glória, futura rainha dona Maria II de Portugal. A partir daí, todos os membros da Família Imperial foram batizados na Igreja da Glória, incluindo dom Pedro II e a princesa Isabel. Em 1839, dom Pedro II outorgou o título de ""imperial"" à irmandade, a qual se tornou conhecida, a partir de então, como ""Imperial Irmandade da Nossa Senhora da Glória do Outeiro"".

Encontra-se tombada pelo Instituto do Patrimônio Histórico e Artístico Nacional.

Recentemente, foi recuperada com auxílio do Banco Nacional de Desenvolvimento Econômico e Social, graças a uma verba de 991 900 reais (2006), com os trabalhos a cargo da Azevedo Agência de Arquitetura. Em seu interior e exterior, foram recuperados cobertura, fachadas, muros, paramentos, forros, altares, talhas, calhas e sistema elétrico.

Com paredes caiadas, emolduradas por pedras de granito, é uma das primeiras igrejas coloniais brasileiras com planta poligonal em estilo barroco. Os antecedentes lusos destas igrejas são encontrados em Lisboa, como na Igreja do Menino Deus (iniciada em 1711) do arquiteto régio João Antunes. No Brasil colônia, igrejas de planta poligonal foram construídas nessa mesma época também no Recife (Igreja de São Pedro dos Clérigos, iniciada em 1723) e em Salvador (Igreja de Nossa Senhora da Conceição da Praia, iniciada em 1739). A forma geral da igreja, de dois octógonos com torre na entrada, não tem antecedentes no Brasil nem antecedentes claros em Portugal.",uma|glória|outeiro|livre|um|igreja|em|que|senhora|nossa|enciclopédia|com|da|wikipédia
46_12-12-18_14_16.csv,bairrodaslaranjeiras,Projeto Marina Monumental celebra a produção das mulheres nas artes plásticas,,Projeto Marina Monumental celebra a produção das mulheres nas artes plásticas,mulheres|monumental|artes|celebra|das|nas|produção|marina|projeto|plásticas
46_12-12-18_14_16.csv,bairrodaslaranjeiras,"Apesar da queixa dos herdeiros da família real, o STJ decidiu que o prédio pertence à União.
Quando o Brasil deixou passou a ser uma República, em 1889, a Isabel morava no Palácio Guanabara e acabaram expulsos.
“Na origem foi o próprio Estado brasileiro que outorgou a residência à família real, não havendo que se falar em propriedade da família”, explica, em nota.
Antes de se tornar a sede do governo do Rio, em 1960, o Palácio Guanabara foi uma repartição militar.
Apelou-se ao Supremo Tribunal Federal que, em 1897, perdeu os autos do processo, de forma que só foram encontrados em 1964.",Correio Braziliense,"Quando o Brasil deixou passou a ser uma República, em 1889, a Isabel morava no Palácio Guanabara (foto: Divulgação/Senaado Federal)



Um dos símbolos de poder mais antigos do país, o Palácio Guanabara, em Laranjeiras, no Rio de Janeiro, chegou à 4ª Turma do Superior Tribunal de Justiça (STJ) como um dos maiores entreveros judiciais da história. A posse da sede do governo fluminense é disputada por herdeiros da família imperial e pelo governo federal há 123 anos — a ação mais antiga do judiciário brasileiro. Os Orleans e Bragança alegam que não foram indenizados pelo confisco do imóvel em 1890. Por baixo, o endereço é avaliado em R$ 80 milhões, excluído o valor histórico, que pode triplicar o seu preço. Apesar da queixa dos herdeiros da família real, o STJ decidiu que o prédio pertence à União.





Erguido na primeira metade do século 19, o imóvel foi comprado por 300 contos de réis, em 1864, pela Assembleia Geral (espécie de Congresso Nacional) e dado de presente de casamento à princesa Isabel, conhecida por assinar a Lei Áurea, e seu marido Dom Gastão, o conde d’Eu. O casal não imaginava a pendenga que se tornaria a propriedade do prédio. Quando o Brasil deixou passou a ser uma República, em 1889, a Isabel morava no Palácio Guanabara e acabaram expulsos. Em 1891, um decreto incorporou todos os bens que constituíram o dote do casal ao patrimônio nacional.





No vai-e-vém que se arrasta há mais de um século, a Justiça já entendeu o caso de diversas maneiras. Atualmente, o local é de propriedade da União, de acordo leis de 1840 e de 1864. O imbróglio nasce com a discussão se o prédio era ou não um bem público. Os herdeiros da princesa Isabel e de seu marido alegam que o governo brasileiro não indenizou a família pela tomada do palácio, logo após a Proclamação da República.





O caso chegou ao STJ após o Tribunal de Justiça do Rio de Janeiro (TJRJ) entender que o Palácio Guanabara ficou definitivamente incorporado ao patrimônio da União. O recurso é de 2008. A alvorada judicial começou em 1895, quando a princesa Isabel entrou na Justiça para reaver o patrimônio.. Em 1955, descendentes do casal ingressaram com ação reivindicatória, requerendo indenização pela tomada do Palácio. Existem hoje dois recursos no STF e um no Supremo Tribunal Federal. O processo tem mais de mil páginas.





Na briga pelo imóvel, a Casa Imperial, representante oficial da Família Real, acredita que restituir o bem seria ""reparar a secular injustiça"". “O caso do Palácio Guanabara é infelizmente a prova corrente das injustiças que a Família Imperial sofreu na mudança de regime em 1889. Embora o Brasil nunca tenha negado indenização a um anistiado político, ou pagamento a uma desapropriação pelo governo requerida, de forma escusa, por mais de um século, ignorou os direitos da Família Imperial sobre esse assunto”, destaca, em nota.





A Advocacia-Geral da União defende a tese de que o imóvel em questão é público. “Na origem foi o próprio Estado brasileiro que outorgou a residência à família real, não havendo que se falar em propriedade da família”, explica, em nota. O relator da ação no STJ é o ministro Antonio Carlos Ferreira.





Os herdeiros da família imperial não querem o Palácio Guanabara de volta, mas sim uma indenização por seus antepassados terem sido expulsos de lá. Em 1889, quando foi proclamada a República, “o casal estava na posse do imóvel havia 24 anos”, de acordo com o processo. O valor dessa recompensa só será calculado pela Justiça se eles saírem vitoriosos do processo. Os advogados argumentam que a queda do Império não implicou na privação dos direitos civis da família imperial brasileira.





Antes de se tornar a sede do governo do Rio, em 1960, o Palácio Guanabara foi uma repartição militar. Além disso, foi também a residência oficial dos presidentes da República entre 1926 e 1947. Antes da construção de Brasília, o local foi ainda sede da prefeitura do Distrito Federal. Em 2010, o Palácio Guanabara passou por uma grande reforma que custou R$ 19 milhões.





Disputa centenária

Em 22 de setembro de 1895, a princesa Isabel reclamou a propriedade do Palácio Guanabara. Ela e a família haviam sido expulsos do local seis anos antes, como a queda do Império e a proclamação da República. A União Federal, em março de 1896, contestou e a Justiça negou o direito de posse à princesa por ele ser um “direito incompatível com a forma republicana”. Apelou-se ao Supremo Tribunal Federal que, em 1897, perdeu os autos do processo, de forma que só foram encontrados em 1964. Neste período, em 1946, netos e descendentes de Isabel contestaram a prescrição do caso. Depois, em 1955 ingressaram com nova ação reivindicatória, requerendo indenização pela tomada do palácio. Com a descoberta dos autos da ação original, os processos das duas ações, de 1895 e de 1955, foram juntados e submetidos a julgamento conjunto pelo Tribunal Federal de Recursos (hoje extinto) em virtude da conexão ocorrente. O acórdão somente foi proferido em 1979, atestando a inocorrência da prescrição nas duas ações e remetendo para o juiz de origem o prosseguimento da causa. Em junho de 1995, ambos os processos foram submetidos a julgamento, negando a posse aos herdeiros reais. Em 2008, foram oferecidos novos recursos do STJ.",rio|processo|fica|guanabara|os|família|um|é|em|que|união|perde|palácio|stj|decide|por|real|da
