Timestamp,Source,Summary,Authors,Text,Keywords
47_12-12-18_14_16.csv,diariodorio,"CompartilheNo próximo dia 29/12, o bloco Chove na Barra, às 16h, no Kiosque Carioca, no posto 7, celebrará a chegada do próximo ano com uma apresentação.
Além disso, o aniversário do DJ Lucão, DJ e diretor do bloco, também será celebrado.
O Bloco promove, ainda, oficinas de percussão todas as segundas, às 20h, na praia da Barra.
E é ai que a gente ganha um ponto, quando a gente vê que o trabalho tá sendo feito” – comenta Nando Ferreira, membro do Bloco.
Apesar da distância, sempre foi (e pretende continuar sendo) um assíduo frequentador das mais diversas regiões da Cidade Maravilhosa.",,"Compartilhe









No próximo dia 29/12, o bloco Chove na Barra, às 16h, no Kiosque Carioca, no posto 7, celebrará a chegada do próximo ano com uma apresentação. Além disso, o aniversário do DJ Lucão, DJ e diretor do bloco, também será celebrado.

Diversos convidados farão participações no evento.







O Bloco promove, ainda, oficinas de percussão todas as segundas, às 20h, na praia da Barra.

“É muito comum que os alunos saiam e digam que os encontros são uma terapia. E é ai que a gente ganha um ponto, quando a gente vê que o trabalho tá sendo feito” – comenta Nando Ferreira, membro do Bloco.

Falando em carnaval, a famosa lista de blocos do Dário do Rio está prestes a sair. Aguardem.

Felipe Lucena é jornalista, roteirista e escritor. Filho de nordestinos, nasceu e foi criado na Zona Oeste do Rio de Janeiro. Apesar da distância, sempre foi (e pretende continuar sendo) um assíduo frequentador das mais diversas regiões da Cidade Maravilhosa. http://malditaid.blogspot.com.br/2018/01/meus-links_31.html",uma|ensaio|fará|rio|ano|chove|é|um|antes|bloco|virada|que|próximo|barra|às|da|sendo
47_12-12-18_14_16.csv,diariodorio,"CompartilheNo próximo dia 29/12, o bloco Chove na Barra, às 16h, no Kiosque Carioca, no posto 7, celebrará a chegada do próximo ano com uma apresentação.
Além disso, o aniversário do DJ Lucão, DJ e diretor do bloco, também será celebrado.
O Bloco promove, ainda, oficinas de percussão todas as segundas, às 20h, na praia da Barra.
E é ai que a gente ganha um ponto, quando a gente vê que o trabalho tá sendo feito” – comenta Nando Ferreira, membro do Bloco.
Apesar da distância, sempre foi (e pretende continuar sendo) um assíduo frequentador das mais diversas regiões da Cidade Maravilhosa.",,"Compartilhe









No próximo dia 29/12, o bloco Chove na Barra, às 16h, no Kiosque Carioca, no posto 7, celebrará a chegada do próximo ano com uma apresentação. Além disso, o aniversário do DJ Lucão, DJ e diretor do bloco, também será celebrado.

Diversos convidados farão participações no evento.







O Bloco promove, ainda, oficinas de percussão todas as segundas, às 20h, na praia da Barra.

“É muito comum que os alunos saiam e digam que os encontros são uma terapia. E é ai que a gente ganha um ponto, quando a gente vê que o trabalho tá sendo feito” – comenta Nando Ferreira, membro do Bloco.

Falando em carnaval, a famosa lista de blocos do Dário do Rio está prestes a sair. Aguardem.

Felipe Lucena é jornalista, roteirista e escritor. Filho de nordestinos, nasceu e foi criado na Zona Oeste do Rio de Janeiro. Apesar da distância, sempre foi (e pretende continuar sendo) um assíduo frequentador das mais diversas regiões da Cidade Maravilhosa. http://malditaid.blogspot.com.br/2018/01/meus-links_31.html",uma|ensaio|fará|rio|ano|chove|é|um|antes|bloco|virada|que|próximo|barra|às|da|sendo
47_12-12-18_14_16.csv,diariodorio,"CompartilheO Uptown, localizado na Avenida Ayrton Senna, número 5.500, na Barra da Tijuca, vai receber a 5ª edição do Blues Rock Festival, entre os dias 14 e 16 de deste mês de dezembro.
Com entrada gratuita, o Festival terá também caráter solidário, já que o público é convidado a doar 1 kg de alimento não perecível, com o objetivo de realizar o bem e ajudar ao próximo.
Contando com uma programação voltada para o blues, rock e também para o jazz e o folk, o público presente terá a oportunidade de assistir oito shows durante os três dias de festival, incluindo uma apresentação das já renomadas bandas brasileiras Madame Blues e Corcel Mágico.
O evento contará também com diversas opções de cervejas artesanais, churros, hambúrgueres e churrasco.
Apesar da distância, sempre foi (e pretende continuar sendo) um assíduo frequentador das mais diversas regiões da Cidade Maravilhosa.",,"Compartilhe









O Uptown, localizado na Avenida Ayrton Senna, número 5.500, na Barra da Tijuca, vai receber a 5ª edição do Blues Rock Festival, entre os dias 14 e 16 de deste mês de dezembro. O evento reúne música e gastronomia.

Com entrada gratuita, o Festival terá também caráter solidário, já que o público é convidado a doar 1 kg de alimento não perecível, com o objetivo de realizar o bem e ajudar ao próximo. Toda a arrecadação será destinada para famílias carentes do estado do Rio de Janeiro.







Contando com uma programação voltada para o blues, rock e também para o jazz e o folk, o público presente terá a oportunidade de assistir oito shows durante os três dias de festival, incluindo uma apresentação das já renomadas bandas brasileiras Madame Blues e Corcel Mágico.

O evento contará também com diversas opções de cervejas artesanais, churros, hambúrgueres e churrasco. Para as famílias que quiserem ir acompanhadas por seus filhos, a criançada também terá o seu lugar no evento, que disponibilizará uma Área Kids, promovendo conforto e diversão a todos os participantes, mediante compra de ingressos no local.

Programação completa:

SEXTA: 17 às 00h

Hallisson Max (Fuzion Jazz)

Chá Etílico

Corcel Mágico

Dark House Band (tributo a George Harrison) Kleber Dias

SÁBADO: 12 às 00h

Madame Blues

Cyara Blues

Froglegs

Mojovibe

RJ Café Band

Jefferson Goncalves

DOMINGO: 12 às 22h

Quarteto JAZZ com Marcelo Magalhães Pinto

Gilli Emanuel

Parada Noturna

Ana Egito

Serviço:

Evento: Blues Rock Festival – Edição Uptown Barra

Datas: 14/12 (sexta-feira), 15/12(sábado) e 16/12 (domingo)

Horários: 14/12, de 17h à 0h

15/12, de 12h à 0h

16/12, de 12h às 22h

Endereço: Avenida Ayrton Senna, número 5.500, Barra da Tijuca

Site: http://www.bluesrockfestival.com.br/

Classificação: livre

Felipe Lucena é jornalista, roteirista e escritor. Filho de nordestinos, nasceu e foi criado na Zona Oeste do Rio de Janeiro. Apesar da distância, sempre foi (e pretende continuar sendo) um assíduo frequentador das mais diversas regiões da Cidade Maravilhosa. http://malditaid.blogspot.com.br/2018/01/meus-links_31.html",uma|rock|para|recebe|também|terá|blues|com|festival|às|da|uptown
47_12-12-18_14_16.csv,diariodorio,"CompartilheO Uptown, localizado na Avenida Ayrton Senna, número 5.500, na Barra da Tijuca, vai receber a 5ª edição do Blues Rock Festival, entre os dias 14 e 16 de deste mês de dezembro.
Com entrada gratuita, o Festival terá também caráter solidário, já que o público é convidado a doar 1 kg de alimento não perecível, com o objetivo de realizar o bem e ajudar ao próximo.
Contando com uma programação voltada para o blues, rock e também para o jazz e o folk, o público presente terá a oportunidade de assistir oito shows durante os três dias de festival, incluindo uma apresentação das já renomadas bandas brasileiras Madame Blues e Corcel Mágico.
O evento contará também com diversas opções de cervejas artesanais, churros, hambúrgueres e churrasco.
Apesar da distância, sempre foi (e pretende continuar sendo) um assíduo frequentador das mais diversas regiões da Cidade Maravilhosa.",,"Compartilhe









O Uptown, localizado na Avenida Ayrton Senna, número 5.500, na Barra da Tijuca, vai receber a 5ª edição do Blues Rock Festival, entre os dias 14 e 16 de deste mês de dezembro. O evento reúne música e gastronomia.

Com entrada gratuita, o Festival terá também caráter solidário, já que o público é convidado a doar 1 kg de alimento não perecível, com o objetivo de realizar o bem e ajudar ao próximo. Toda a arrecadação será destinada para famílias carentes do estado do Rio de Janeiro.







Contando com uma programação voltada para o blues, rock e também para o jazz e o folk, o público presente terá a oportunidade de assistir oito shows durante os três dias de festival, incluindo uma apresentação das já renomadas bandas brasileiras Madame Blues e Corcel Mágico.

O evento contará também com diversas opções de cervejas artesanais, churros, hambúrgueres e churrasco. Para as famílias que quiserem ir acompanhadas por seus filhos, a criançada também terá o seu lugar no evento, que disponibilizará uma Área Kids, promovendo conforto e diversão a todos os participantes, mediante compra de ingressos no local.

Programação completa:

SEXTA: 17 às 00h

Hallisson Max (Fuzion Jazz)

Chá Etílico

Corcel Mágico

Dark House Band (tributo a George Harrison) Kleber Dias

SÁBADO: 12 às 00h

Madame Blues

Cyara Blues

Froglegs

Mojovibe

RJ Café Band

Jefferson Goncalves

DOMINGO: 12 às 22h

Quarteto JAZZ com Marcelo Magalhães Pinto

Gilli Emanuel

Parada Noturna

Ana Egito

Serviço:

Evento: Blues Rock Festival – Edição Uptown Barra

Datas: 14/12 (sexta-feira), 15/12(sábado) e 16/12 (domingo)

Horários: 14/12, de 17h à 0h

15/12, de 12h à 0h

16/12, de 12h às 22h

Endereço: Avenida Ayrton Senna, número 5.500, Barra da Tijuca

Site: http://www.bluesrockfestival.com.br/

Classificação: livre

Felipe Lucena é jornalista, roteirista e escritor. Filho de nordestinos, nasceu e foi criado na Zona Oeste do Rio de Janeiro. Apesar da distância, sempre foi (e pretende continuar sendo) um assíduo frequentador das mais diversas regiões da Cidade Maravilhosa. http://malditaid.blogspot.com.br/2018/01/meus-links_31.html",uma|rock|para|recebe|também|terá|blues|com|festival|às|da|uptown
47_12-12-18_14_16.csv,diariodorio,"CompartilhePara fechar o ano, o Sofitel Ipanema reúne os artistas que participaram das exposições realizadas no Cajá Café em 2018 para uma mostra coletiva que celebra o espírito natalino.
Com curadoria de Luciane Valença, “VIAJANTES” fica aberta para visitação de 12/12 até 10/01.
Miniaturas de bicicletas, coqueiros, pranchas de surf, skates e até do Cristo Redentor se misturam a Torre Eiffel, trens, balas e doces em uma composição poética e tropicalmente natalina.
Parte da renda obtida com a venda dos quadros será revertida para uma instituição de caridade.
Apesar da distância, sempre foi (e pretende continuar sendo) um assíduo frequentador das mais diversas regiões da Cidade Maravilhosa.",,"Compartilhe









Para fechar o ano, o Sofitel Ipanema reúne os artistas que participaram das exposições realizadas no Cajá Café em 2018 para uma mostra coletiva que celebra o espírito natalino. Assim como a decoração de Natal criada por Irajá Carneiro para o hotel, a exibição foi inspirada no tema “Viagem Encantada”. Com curadoria de Luciane Valença, “VIAJANTES” fica aberta para visitação de 12/12 até 10/01. A entrada é gratuita.

Decolando nessa ideia, Irajá criou uma instalação artística em forma piramidal no lobby do hotel. Ou, na concepção do artista, uma “árvore de Natal lúdica”, com três metros de altura, cinco prateleiras de sustentação e incontáveis objetos com tamanhos de um a 15 centímetros, feitos à mão. Miniaturas de bicicletas, coqueiros, pranchas de surf, skates e até do Cristo Redentor se misturam a Torre Eiffel, trens, balas e doces em uma composição poética e tropicalmente natalina.

Já a exposição, segundo a curadora Luciana Valença, inspira a celebração expositiva do poema ‘O Viajante’, de Mário Quintana. “O objetivo é proporcionar uma sensação lúdica, conferindo aos festejos um tom especial e despertando afetivamente, por meio da expressão artística, sonhos, desejos e planos inspiradores, com esperança de suas concretizações no ano vindouro”, explica Luciana.

“VIAJANTES” reúne obras dos artistas Adriana Carvalho, Adriana Ninsk, Allan Alves, Andy Zapata, Átila Toledo, Cadu Leal, Carlos Valença, Charlotte Lisboa, Herbert Zampier, Linda Valente, Luciane Valença, Maria Maia, Philippe Seigle, Ricardo Bhering, Wander Rocha e Wilson Nobrega. Parte da renda obtida com a venda dos quadros será revertida para uma instituição de caridade.

Serviço

Exposição “VIAJANTES”

Curadoria: Luciane Valença

12 de dezembro de 2018 a 10 de janeiro de 2019

Local: SOFITEL Ipanema

Av. Vieira Souto, 460

Visitação todos os dias, de 8h às 20h.

Felipe Lucena é jornalista, roteirista e escritor. Filho de nordestinos, nasceu e foi criado na Zona Oeste do Rio de Janeiro. Apesar da distância, sempre foi (e pretende continuar sendo) um assíduo frequentador das mais diversas regiões da Cidade Maravilhosa. http://malditaid.blogspot.com.br/2018/01/meus-links_31.html",uma|viajantes|valença|é|um|em|para|foi|com|luciane|abre|da|exposição|ipanema|sofitel|coletiva
47_12-12-18_14_16.csv,diariodorio,"CompartilhePara fechar o ano, o Sofitel Ipanema reúne os artistas que participaram das exposições realizadas no Cajá Café em 2018 para uma mostra coletiva que celebra o espírito natalino.
Com curadoria de Luciane Valença, “VIAJANTES” fica aberta para visitação de 12/12 até 10/01.
Miniaturas de bicicletas, coqueiros, pranchas de surf, skates e até do Cristo Redentor se misturam a Torre Eiffel, trens, balas e doces em uma composição poética e tropicalmente natalina.
Parte da renda obtida com a venda dos quadros será revertida para uma instituição de caridade.
Apesar da distância, sempre foi (e pretende continuar sendo) um assíduo frequentador das mais diversas regiões da Cidade Maravilhosa.",,"Compartilhe









Para fechar o ano, o Sofitel Ipanema reúne os artistas que participaram das exposições realizadas no Cajá Café em 2018 para uma mostra coletiva que celebra o espírito natalino. Assim como a decoração de Natal criada por Irajá Carneiro para o hotel, a exibição foi inspirada no tema “Viagem Encantada”. Com curadoria de Luciane Valença, “VIAJANTES” fica aberta para visitação de 12/12 até 10/01. A entrada é gratuita.

Decolando nessa ideia, Irajá criou uma instalação artística em forma piramidal no lobby do hotel. Ou, na concepção do artista, uma “árvore de Natal lúdica”, com três metros de altura, cinco prateleiras de sustentação e incontáveis objetos com tamanhos de um a 15 centímetros, feitos à mão. Miniaturas de bicicletas, coqueiros, pranchas de surf, skates e até do Cristo Redentor se misturam a Torre Eiffel, trens, balas e doces em uma composição poética e tropicalmente natalina.

Já a exposição, segundo a curadora Luciana Valença, inspira a celebração expositiva do poema ‘O Viajante’, de Mário Quintana. “O objetivo é proporcionar uma sensação lúdica, conferindo aos festejos um tom especial e despertando afetivamente, por meio da expressão artística, sonhos, desejos e planos inspiradores, com esperança de suas concretizações no ano vindouro”, explica Luciana.

“VIAJANTES” reúne obras dos artistas Adriana Carvalho, Adriana Ninsk, Allan Alves, Andy Zapata, Átila Toledo, Cadu Leal, Carlos Valença, Charlotte Lisboa, Herbert Zampier, Linda Valente, Luciane Valença, Maria Maia, Philippe Seigle, Ricardo Bhering, Wander Rocha e Wilson Nobrega. Parte da renda obtida com a venda dos quadros será revertida para uma instituição de caridade.

Serviço

Exposição “VIAJANTES”

Curadoria: Luciane Valença

12 de dezembro de 2018 a 10 de janeiro de 2019

Local: SOFITEL Ipanema

Av. Vieira Souto, 460

Visitação todos os dias, de 8h às 20h.

Felipe Lucena é jornalista, roteirista e escritor. Filho de nordestinos, nasceu e foi criado na Zona Oeste do Rio de Janeiro. Apesar da distância, sempre foi (e pretende continuar sendo) um assíduo frequentador das mais diversas regiões da Cidade Maravilhosa. http://malditaid.blogspot.com.br/2018/01/meus-links_31.html",uma|viajantes|valença|é|um|em|para|foi|com|luciane|abre|da|exposição|ipanema|sofitel|coletiva
47_12-12-18_14_16.csv,diariodorio,"Nesta exposição, o arquiteto, urbanista e designer Paulo Sergio Niemeyer expõe gravuras inéditas, que farão contraponto com gravuras do seu grande mentor e bisavô.
As maquetes criadas para a mostra durante o Fórum Mundial Niemeyer, que aconteceu em outubro, e já passou pela Casa França-Brasil, também integrarão a exposição, que tem o patrocínio do CasaShopping e da Breton.
“Será uma data muito especial e com muitos motivos para se comemorar”, declara Paulo Sergio Niemeyer.
Com a inauguração no dia 15 de dezembro, data que se comemora o dia do arquiteto e aniversário do mestre Oscar Niemeyer, será anunciado o lançamento do Prêmio Global Niemeyer, a Escola Niemeyer e a assinatura da Carta Niemeyer baseada no conteúdo debatido durante o Fórum Mundial Niemeyer.
ServiçoAbertura: 15/12/18, às 19hLocal: CasaShopping- Bloco N – PAV 0| Avenida Ayrton Senna, 2150- Barra da Tijuca-RJA exposição vai até dia 31 de janeiro de 2019.",,"Compartilhe









A mostra “Niemeyer – A arquitetura onde o passado e o futuro se completam”, que abre no próximo dia 15/12, no CasaShopping, pretende relembrar o patrimônio arquitetônico do país e contextualizar a produção dos arquitetos de amanhã dentro de um panorama mais abrangente. Nesta exposição, o arquiteto, urbanista e designer Paulo Sergio Niemeyer expõe gravuras inéditas, que farão contraponto com gravuras do seu grande mentor e bisavô.

As maquetes criadas para a mostra durante o Fórum Mundial Niemeyer, que aconteceu em outubro, e já passou pela Casa França-Brasil, também integrarão a exposição, que tem o patrocínio do CasaShopping e da Breton.







“É com grande satisfação que a Breton patrocina a mostra. O evento retrata não somente o trabalho do artista Paulo Sergio Niemeyer, como também relembra os traços e a história de seu bisavô, um dos maiores arquitetos, reconhecido mundialmente. Acreditamos no design brasileiro e queremos disseminá-lo, por isso, a nossa participação reforça esse posicionamento’, diz Giselle Rivkind- diretora de Marketing da Breton.

A primeira parte da exposição de maquetes, representando o passado da nossa arquitetura e o rico patrimônio cultural que herdamos, retrata a obra de Oscar Niemeyer pela perspectiva de estudantes selecionados em diversas universidades do Rio de Janeiro. Cada equipe escolheu, para representar em maquetes, um projeto do mestre, considerando mais a relevância social dos projetos do que os tradicionais critérios arquitetônicos.

“Será uma data muito especial e com muitos motivos para se comemorar”, declara Paulo Sergio Niemeyer.

Com a inauguração no dia 15 de dezembro, data que se comemora o dia do arquiteto e aniversário do mestre Oscar Niemeyer, será anunciado o lançamento do Prêmio Global Niemeyer, a Escola Niemeyer e a assinatura da Carta Niemeyer baseada no conteúdo debatido durante o Fórum Mundial Niemeyer.

Serviço

Abertura: 15/12/18, às 19h

Local: CasaShopping- Bloco N – PAV 0| Avenida Ayrton Senna, 2150- Barra da Tijuca-RJ

A exposição vai até dia 31 de janeiro de 2019.

Horários de funcionamento do shopping| segunda-feira à sexta-feira das 10:00 às 21:00| sábados das 10:00 às 21:00| domingos e feriados das 15:00 às 21:00

Felipe Lucena é jornalista, roteirista e escritor. Filho de nordestinos, nasceu e foi criado na Zona Oeste do Rio de Janeiro. Apesar da distância, sempre foi (e pretende continuar sendo) um assíduo frequentador das mais diversas regiões da Cidade Maravilhosa. http://malditaid.blogspot.com.br/2018/01/meus-links_31.html",sergio|se|oscar|às|dia|um|das|niemeyer|que|bisneto|casashopping|terá|da|exposição
47_12-12-18_14_16.csv,diariodorio,"Nesta exposição, o arquiteto, urbanista e designer Paulo Sergio Niemeyer expõe gravuras inéditas, que farão contraponto com gravuras do seu grande mentor e bisavô.
As maquetes criadas para a mostra durante o Fórum Mundial Niemeyer, que aconteceu em outubro, e já passou pela Casa França-Brasil, também integrarão a exposição, que tem o patrocínio do CasaShopping e da Breton.
“Será uma data muito especial e com muitos motivos para se comemorar”, declara Paulo Sergio Niemeyer.
Com a inauguração no dia 15 de dezembro, data que se comemora o dia do arquiteto e aniversário do mestre Oscar Niemeyer, será anunciado o lançamento do Prêmio Global Niemeyer, a Escola Niemeyer e a assinatura da Carta Niemeyer baseada no conteúdo debatido durante o Fórum Mundial Niemeyer.
ServiçoAbertura: 15/12/18, às 19hLocal: CasaShopping- Bloco N – PAV 0| Avenida Ayrton Senna, 2150- Barra da Tijuca-RJA exposição vai até dia 31 de janeiro de 2019.",,"Compartilhe









A mostra “Niemeyer – A arquitetura onde o passado e o futuro se completam”, que abre no próximo dia 15/12, no CasaShopping, pretende relembrar o patrimônio arquitetônico do país e contextualizar a produção dos arquitetos de amanhã dentro de um panorama mais abrangente. Nesta exposição, o arquiteto, urbanista e designer Paulo Sergio Niemeyer expõe gravuras inéditas, que farão contraponto com gravuras do seu grande mentor e bisavô.

As maquetes criadas para a mostra durante o Fórum Mundial Niemeyer, que aconteceu em outubro, e já passou pela Casa França-Brasil, também integrarão a exposição, que tem o patrocínio do CasaShopping e da Breton.







“É com grande satisfação que a Breton patrocina a mostra. O evento retrata não somente o trabalho do artista Paulo Sergio Niemeyer, como também relembra os traços e a história de seu bisavô, um dos maiores arquitetos, reconhecido mundialmente. Acreditamos no design brasileiro e queremos disseminá-lo, por isso, a nossa participação reforça esse posicionamento’, diz Giselle Rivkind- diretora de Marketing da Breton.

A primeira parte da exposição de maquetes, representando o passado da nossa arquitetura e o rico patrimônio cultural que herdamos, retrata a obra de Oscar Niemeyer pela perspectiva de estudantes selecionados em diversas universidades do Rio de Janeiro. Cada equipe escolheu, para representar em maquetes, um projeto do mestre, considerando mais a relevância social dos projetos do que os tradicionais critérios arquitetônicos.

“Será uma data muito especial e com muitos motivos para se comemorar”, declara Paulo Sergio Niemeyer.

Com a inauguração no dia 15 de dezembro, data que se comemora o dia do arquiteto e aniversário do mestre Oscar Niemeyer, será anunciado o lançamento do Prêmio Global Niemeyer, a Escola Niemeyer e a assinatura da Carta Niemeyer baseada no conteúdo debatido durante o Fórum Mundial Niemeyer.

Serviço

Abertura: 15/12/18, às 19h

Local: CasaShopping- Bloco N – PAV 0| Avenida Ayrton Senna, 2150- Barra da Tijuca-RJ

A exposição vai até dia 31 de janeiro de 2019.

Horários de funcionamento do shopping| segunda-feira à sexta-feira das 10:00 às 21:00| sábados das 10:00 às 21:00| domingos e feriados das 15:00 às 21:00

Felipe Lucena é jornalista, roteirista e escritor. Filho de nordestinos, nasceu e foi criado na Zona Oeste do Rio de Janeiro. Apesar da distância, sempre foi (e pretende continuar sendo) um assíduo frequentador das mais diversas regiões da Cidade Maravilhosa. http://malditaid.blogspot.com.br/2018/01/meus-links_31.html",sergio|se|oscar|às|dia|um|das|niemeyer|que|bisneto|casashopping|terá|da|exposição
47_12-12-18_14_16.csv,diariodorio,"A grande novidade é o recém-inaugurado deck da casa, com vista privilegiada para o Cristo Redentor.
O novo espaço ao ar livre, com mesas e ombrelones, foi projetado para receber os clientes com mais conforto e acolher pequenos eventos.
Outra atração para os frequentadores do novo espaço são os páreos.
A casa, que ficou muito conhecida por seu espaço para eventos, também se prepara para ganhar uma nova programação noturna semanal.
O cardápio do Derby Bar é democrático, com opções de petiscos, sanduíches, massas, carnes e frutos do mar.",,"Compartilhe









Pouca gente sabe, mas os muros do Jockey Club, na Gávea, guardam muitas atrações além do hipódromo. Um desses endereços quase secretos é o Derby Bar. Inaugurado em 2013, o local está se renovando e trazendo boas novas para o público. A grande novidade é o recém-inaugurado deck da casa, com vista privilegiada para o Cristo Redentor.

O novo espaço ao ar livre, com mesas e ombrelones, foi projetado para receber os clientes com mais conforto e acolher pequenos eventos. Outra atração para os frequentadores do novo espaço são os páreos. Do deck é possível acompanhar a emoção da linha de chegada das corridas, que acontecem aos sábados e domingos das 13h45 às 19h e segundas e terças das 17h30 às 22h30.

A casa, que ficou muito conhecida por seu espaço para eventos, também se prepara para ganhar uma nova programação noturna semanal. Toda quinta, das 17h30 às 20h30, tem Happy Hour com dose dupla de caipirinhas e promoções de chope e cerveja. Já nas sextas e sábados rola a festa Derby Lounge, com DJ a partir das 20h.

Além das novidades no espaço e na agenda, a casa também está renovando a sua carta de drinques. Duas das novidades são o Fresh Derby (R$ 23), com cachaça, capim limão e suco de tangerina, e o Gin Botanic (R$ 25), uma versão do clássico G&T com gim, tônica e especiarias.

O cardápio do Derby Bar é democrático, com opções de petiscos, sanduíches, massas, carnes e frutos do mar. Quem quer pegar leve pode apostar na seleção de omeletes da casa. De segunda a sexta, das 11h30 às 16h, o bar oferece menu executivo, com sugestões do chef e pratos especiais que mudam a cada dia da semana. Receitas simples e cheias de sabor a preços convidativos, como o Picadinho de Carne (R$ 16,90), o Polpetone à parmegiana (R$16,90) e a Moqueca de filé de peixe (R$ 16,90).

Serviço:

Derby Bar

Endereço: Praça Santos Dumont, 31, Tribuna A – Jockey Club – Gávea

Telefone: (21) 2274-1867 ou (21) 96557-4148.

Felipe Lucena é jornalista, roteirista e escritor. Filho de nordestinos, nasceu e foi criado na Zona Oeste do Rio de Janeiro. Apesar da distância, sempre foi (e pretende continuar sendo) um assíduo frequentador das mais diversas regiões da Cidade Maravilhosa. http://malditaid.blogspot.com.br/2018/01/meus-links_31.html",clube|espaço|é|os|das|r|programação|varanda|para|derby|bar|com|às|da|nova|jockey|musical|ganha
47_12-12-18_14_16.csv,diariodorio,"A grande novidade é o recém-inaugurado deck da casa, com vista privilegiada para o Cristo Redentor.
O novo espaço ao ar livre, com mesas e ombrelones, foi projetado para receber os clientes com mais conforto e acolher pequenos eventos.
Outra atração para os frequentadores do novo espaço são os páreos.
A casa, que ficou muito conhecida por seu espaço para eventos, também se prepara para ganhar uma nova programação noturna semanal.
O cardápio do Derby Bar é democrático, com opções de petiscos, sanduíches, massas, carnes e frutos do mar.",,"Compartilhe









Pouca gente sabe, mas os muros do Jockey Club, na Gávea, guardam muitas atrações além do hipódromo. Um desses endereços quase secretos é o Derby Bar. Inaugurado em 2013, o local está se renovando e trazendo boas novas para o público. A grande novidade é o recém-inaugurado deck da casa, com vista privilegiada para o Cristo Redentor.

O novo espaço ao ar livre, com mesas e ombrelones, foi projetado para receber os clientes com mais conforto e acolher pequenos eventos. Outra atração para os frequentadores do novo espaço são os páreos. Do deck é possível acompanhar a emoção da linha de chegada das corridas, que acontecem aos sábados e domingos das 13h45 às 19h e segundas e terças das 17h30 às 22h30.

A casa, que ficou muito conhecida por seu espaço para eventos, também se prepara para ganhar uma nova programação noturna semanal. Toda quinta, das 17h30 às 20h30, tem Happy Hour com dose dupla de caipirinhas e promoções de chope e cerveja. Já nas sextas e sábados rola a festa Derby Lounge, com DJ a partir das 20h.

Além das novidades no espaço e na agenda, a casa também está renovando a sua carta de drinques. Duas das novidades são o Fresh Derby (R$ 23), com cachaça, capim limão e suco de tangerina, e o Gin Botanic (R$ 25), uma versão do clássico G&T com gim, tônica e especiarias.

O cardápio do Derby Bar é democrático, com opções de petiscos, sanduíches, massas, carnes e frutos do mar. Quem quer pegar leve pode apostar na seleção de omeletes da casa. De segunda a sexta, das 11h30 às 16h, o bar oferece menu executivo, com sugestões do chef e pratos especiais que mudam a cada dia da semana. Receitas simples e cheias de sabor a preços convidativos, como o Picadinho de Carne (R$ 16,90), o Polpetone à parmegiana (R$16,90) e a Moqueca de filé de peixe (R$ 16,90).

Serviço:

Derby Bar

Endereço: Praça Santos Dumont, 31, Tribuna A – Jockey Club – Gávea

Telefone: (21) 2274-1867 ou (21) 96557-4148.

Felipe Lucena é jornalista, roteirista e escritor. Filho de nordestinos, nasceu e foi criado na Zona Oeste do Rio de Janeiro. Apesar da distância, sempre foi (e pretende continuar sendo) um assíduo frequentador das mais diversas regiões da Cidade Maravilhosa. http://malditaid.blogspot.com.br/2018/01/meus-links_31.html",clube|espaço|é|os|das|r|programação|varanda|para|derby|bar|com|às|da|nova|jockey|musical|ganha
