Timestamp,Source,Summary,Authors,Text,Keywords
52_12-12-18_14_21.csv,correiodobrasil,"Em um alerta contundente a integrantes de seu partido que apoiam o Brexit, May disse que, se for deposta, a saída da União Europeia precisaria ser adiada, e talvez até suspensa.
– Um novo líder não teria tempo de renegociar um acordo de saída e aprovar a legislação no Parlamento até 29 de março.
Por isso um de seus primeiros atos teria que ser prorrogar ou rescindir o Artigo 50, adiando ou talvez até suspendendo o Brexit quando as pessoas querem que o levemos adiante.
Graham Brady, presidente da chamada comissão 1922 do Partido Conservador, disse que o patamar de 15 % dos parlamentares da legenda necessário para desencadear o voto de não confiança havia sido excedido.
May pode ser derrubada se 158 dos 315 parlamentares de seu partido votarem contra ela.",,"Faltando menos de quatro meses para a desfiliação, prevista para 29 de março, o Brexit foi posto em dúvida pela rejeição de parlamentares britânicos ao acordo de separação proposto por May e por um motim dentro do próprio partido da premiê.

Por Redação, com Reuters – de Londres

A primeira-ministra britânica, Theresa May, prometeu nesta quarta-feira lutar contra um voto de não confiança convocado por seu próprio Partido Conservador, dizendo que uma mudança agora adiaria ou até ameaçaria a planejada saída do Reino Unido da União Europeia.

Faltando menos de quatro meses para a desfiliação, prevista para 29 de março, o Brexit foi posto em dúvida pela rejeição de parlamentares britânicos ao acordo de separação proposto por May e por um motim dentro do próprio partido da premiê.

Falando do lado de fora da residência oficial, em Downing Street, cerca de uma hora depois do voto de não confiança ser anunciado, May disse que lutará pelo cargo com todas as suas forças.

Em um alerta contundente a integrantes de seu partido que apoiam o Brexit, May disse que, se for deposta, a saída da União Europeia precisaria ser adiada, e talvez até suspensa.

– Um novo líder não tomaria posse até o prazo legal de 21 de janeiro, por isso a eleição de uma liderança cria o risco de entregar o controle das negociações do Brexit a parlamentares da oposição no Parlamento – disse May.

– Um novo líder não teria tempo de renegociar um acordo de saída e aprovar a legislação no Parlamento até 29 de março. Por isso um de seus primeiros atos teria que ser prorrogar ou rescindir o Artigo 50, adiando ou talvez até suspendendo o Brexit quando as pessoas querem que o levemos adiante.

Graham Brady, presidente da chamada comissão 1922 do Partido Conservador, disse que o patamar de 15 % dos parlamentares da legenda necessário para desencadear o voto de não confiança havia sido excedido.

A votação será realizada entre 16h e 18h (no horário de Brasília) desta quarta-feira em uma sala na Casa dos Comuns e o resultado divulgado assim que possível, afirmou Brady.

May pode ser derrubada se 158 dos 315 parlamentares de seu partido votarem contra ela.

O Brexit é a decisão política e econômica mais significativa do Reino Unido desde a Segunda Guerra Mundial.

O resultado moldará a economia britânica de US$ 2,8 trilhões, terá consequências abrangentes para a unidade do país e determinará se Londres consegue se manter como um dos dois maiores centros financeiros do mundo.

A libra, que perdeu 25 centavos em relação ao dólar desde o referendo de 2016, caiu devido ao voto de não confiança, mas depois subiu para 1,2548 dólar com a notícia de que o Brexit pode precisar ser adiado.",confiança|correio|voto|brexit|partido|um|ser|parlamentares|risco|que|por|para|contra|lutar|corre|da|não|promete
52_12-12-18_14_21.csv,correiodobrasil,"O ex-assessor do deputado estadual Flávio Bolsonaro (PSL), filho do presidente eleito Jair Bolsonaro (PSL), ao contrário do que evidencia o saldo bancário, tem uma vida simples.
A fiação do imóvel e os canos de esgotamento sanitário ficam à mostra, juntos com os dos vizinhos de parede.
Ela descontou um cheque de R$ 24 mil que lhe foi destinado pelo motorista do enteado.
Além de cobrar explicações “convincentes” sobre a movimentação atípica do ex-assessor, os militares ligados ao presidente eleito não escondem o constrangimento com os fatos.
Nenhum, todavia, acima dos R$ 10 mil.",,"O ex-assessor do deputado estadual Flávio Bolsonaro (PSL), filho do presidente eleito Jair Bolsonaro (PSL), ao contrário do que evidencia o saldo bancário, tem uma vida simples.

Por Redação – do Rio de Janeiro

Ninguém sabia dizer, até o início da tarde desta terça-feira, onde se encontra o policial militar Fabrício José Carlos de Queiroz. Ele tem evitado o contato com as múltiplas equipes de reportagem que o procuram para que ele explique como funcionava o esquema de pagamentos montado enquanto ele servia de motorista, guarda-costa e entregador de encomendas para a família do presidente eleito, Jair Bolsonaro (PSL).

Queiroz foi apontado em relatório do Conselho de Controle de Atividades Financeiras (Coaf) como responsável pela movimentação atípica de R$ 1,2 milhão ao longo de 2016. O ex-assessor do deputado estadual Flávio Bolsonaro (PSL), filho do presidente eleito Jair Bolsonaro (PSL) e futuro titular de uma cadeira no Senado, ao contrário do que evidencia o saldo em sua conta bancária, tem uma vida simples.

O policial militar mora com a família em uma casa humilde, na Zona Oeste do Rio, com tijolos aparentes e localizada na rua secundária de uma conjunto habitacional com cerca de 70 outras unidades, no bairro da Taquara. A fiação do imóvel e os canos de esgotamento sanitário ficam à mostra, juntos com os dos vizinhos de parede.

Ao contrário do assessor, que tem uma existência humilde, o capitão da reserva Jair Bolsonaro (PSL) e seus três filhos, o senador Flávio (PSL-RJ), de 37 anos, o vereador Carlos, 36, e o deputado federal Eduardo, 34, tiveram uma sequência próspera nos últimos anos; a ponto de ampliar os bens em escalas muito acima da evolução patrimonial da quase totalidade dos brasileiros.

Uma série de denúncias, nos últimos dias, no entanto, colocam em risco o bordão de campanha usado pela família de políticos fluminenses, de luta contra os corruptos.

Aos 63 anos, o líder do clã Bolsonaro declarou um crescimento na fortuna pessoal em uma década, segundo declaração de bens apresentada ao Tribunal Superior Eleitoral (TSE), na ordem de 168%, a contar de 2006, quando ocupava uma vaga na Câmara Federal e era dono de um carro popular. Seu filho Eduardo, hoje deputado, ficou 432% mais rico em apenas quatro anos. E Flávio, eleito senador, multiplicou em 55% o seu patrimônio, desde 2010.

Relatório do Coaf

Embora não tenham esclarecido aos eleitores a receita de tamanho sucesso, os três, à exceção de Carlos, que chega agora ao primeiro mandato, disseram a jornalistas que aplicaram no mercado imobiliário; com a compra e venda de casas e apartamentos.

Bolsonaro e seus três filhos declaram a propriedade de 13 imóveis. A preço de mercado, valem cerca de R$ 15 milhões. A maioria dos imóveis está situada em pontos altamente valorizados do Rio de Janeiro; como Copacabana, Barra da Tijuca e Urca.

Apesar de inconsistências entre os valores pagos, efetivamente, e aqueles registrados em cartório, um relatório do Conselho de Controle de Atividades Financeiras (Coaf) levanta dúvidas quanto à origem dos lucros.

Flávio Bolsonaro, quem teve maior crescimento patrimonial nos últimos anos, é citado em relatório do Coaf por seu relacionamento com o sargento Queiroz, sobre as movimentações financeiras entre contas dele e da filha, Nathalia Melo de Queiroz.

Capital seguro

O ex-assessor é pessoa muito próxima à família Bolsonaro, há mais de 12 anos. Ele é citado no documento do Coaf por movimentar, em um ano, R$ 1,2 milhão, sem renda ou patrimônio compatíveis. Entre as pessoas que receberam recursos de Queiroz também está a primeira-dama Michelle Bolsonaro. Ela descontou um cheque de R$ 24 mil que lhe foi destinado pelo motorista do enteado.

Após 36 horas, desde que o escândalo foi divulgado na mídia conservadora, Bolsonaro concedeu uma breve entrevista na tentativa de explicar que os recursos depositados na conta da mulher provinham de um empréstimo de R$ 40 mil a Queiroz, pagos em 10 cheque de R$ 4 mil. Nas redes sociais, porém, “ficou pior a emenda do que o soneto”, opinam internautas.

Vice de Bolsonaro, o general Hamilton Mourão não esconde o aborrecimento que o escândalo tem levantado no meio militar. Além de cobrar explicações “convincentes” sobre a movimentação atípica do ex-assessor, os militares ligados ao presidente eleito não escondem o constrangimento com os fatos.

Saques

Segundo apurou o Coaf, no relatório, os maiores saques feitos em 2016 pelo policial militar Fabrício Queiroz, ex-assessor do senador eleito Flávio Bolsonaro (PSL-RJ), foram precedidos, geralmente na véspera, de depósito de valores de mesmo patamar.

A movimentação caracteriza, segundo os técnicos do Conselho, uma conta de passagem. Nela, real destinatário do valor creditado não é o seu titular. A manipulação de dinheiro vivo, nas duas pontas da operação, reforça o indício observado no documento.

O Ministério Público do Estado do Rio de Janeiro (MPE-RJ) instaurou, nesta terça-feira, uma investigação criminal sigilosa com base no relatório. O inquérito cita membros do gabinete de 22 deputados estaduais — entre eles Flávio Bolsonaro.

Cheques

Do total movimentado, R$ 324,8 mil se referem a saques e R$ 216,5 mil a depósitos em espécie — os demais valores são transferências identificadas, entre outras operações.

Ao longo de 2016, dos 176 saques realizados por Queiroz, 50 foram de valores acima de R$ 2.000. Apenas um foi superior aos R$ 10 mil. Nesse caso, a comunicação ao Coaf ocorre automaticamente.

Na maioria dos casos pesquisados, o saque era precedido de um depósito, também em espécie, de valor semelhante. Nenhum, todavia, acima dos R$ 10 mil. Nos dias 16 e 17 de fevereiro, para se ter uma ideia de como o esquema funcionava, Queiroz fez três saques de R$ 5 mil cada, no total de R$ 15 mil.

Sincronia

O movimento foi acompanhado de cinco depósitos em espécie feitos em sua conta entre os dias 15 e 17 de fevereiro, que somam R$ 15,3 mil. O movimento sincronizado também ocorreu em junho, quando nos dias 14 e 15 ele fez dois saques de R$ 5 mil, tendo recebido no mesmo período em depósito de dinheiro vivo R$ 13,2 mil.

A ocorrência desses saques maiores mantém como padrão o fato de ocorrerem poucos dias após depósito em espécie de patamar semelhante. Em 35 dos 50 casos de retiradas acima de R$ 2 mil, depósito acima do mesmo valor ocorreu até um dia antes — algumas vezes, no mesmo dia. Numa rápida projeção, com o intervalo entre o depósito e o saque para três dias, a sincronia se repete em 40 dos 50 maiores saques de Queiroz.

A correlação entre depósitos em dinheiro vivo e saque imediato também fica evidenciado em dezembro, quando o total sacado aumenta muito, assim como a entrada de dinheiro vivo.

No último mês do ano, por 12 vezes ele fez retiradas de dinheiro vivo acima de R$ 2.000, num total de R$ 58 mil. O volume de entrada também cresce e alcança R$ 41,6 mil distribuído em oito depósitos em espécie.

Procuradores, policiais federais e auditores fiscais afirmam que o uso de dinheiro vivo em transações bancárias costuma ter como objetivo ocultar o destinatário ou remetente dos recursos. A prática dificulta a identificação dos responsáveis pelas transações.

Manobra ilegal

Uma das hipóteses levantadas na investigação é a de que o ex-assessor recolhesse uma parcela dos salários de assessores do gabinete de Flávio Bolsonaro — sete deles aparecem no relatório transferindo recursos a Queiroz.

Trata-se de uma prática comum no Legislativo, ainda que ilegal e passível de punição severa. Os recursos arrecadados também poderiam irrigar as campanhas eleitorais da família. Até agora, porém, não há uma explicação plausível para o destino do dinheiro movimentado por Queiroz.",conta|que|bolsonaro|leva|da|milionário|uma|mil|dos|r|em|brasil|vida|simples|os|assessor|com|correio|saldo
52_12-12-18_14_21.csv,correiodobrasil,"— Temos muita esperança que Lula saia da prisão antes do Natal.
A maioria concorda que não há base legal para que Lula seja libertado, tão cedo.
Estado opressorGleisi, por sua vez, voltou a dizer que Lula foi preso “sem provas” e devido ao “altíssimo grau de politização” do Judiciário.
— Isso é evidenciado pela nomeação de Moro para ministro da Justiça (do futuro governo de Jair Bolsonaro (PSL)).
Teremos um estado opressor e a população submetida a um estado muito grave de proteção social — concluiu.",,"Hoffmann teme que a nomeação do ex-juiz Sérgio Moro, autor da sentença que determinou a prisão de Lula, na titularidade do Ministério da Justiça, a partir de janeiro do ano que vem, leve o país para um “estado policial”.

Por Redação – de São Paulo

Senadora em fim de mandato, reeleita como deputada federal e ainda na Presidência do PT, Gleisi Hoffmann alimenta a esperança de que o ex-presidente Luiz Inácio Lula da Silva, considerado internacionalmente um preso político no Brasil, seja libertado antes do Natal.

Hoffmann teme que a nomeação do ex-juiz Sérgio Moro, autor da sentença que determinou a prisão de Lula, na titularidade do Ministério da Justiça, a partir de janeiro do ano que vem, leve o país para um “estado policial”.

— Temos muita esperança que Lula saia da prisão antes do Natal. Se isso não acontecer, estamos organizando um Natal com Lula — afirmou durante a Conferência Internacional em Defesa da Democracia, promovida pela Fundação Perseu Abramo, em São Paulo, sem dar indicações de como concretizar tal esperança.

Analistas ouvidos pela reportagem do Correio do Brasil, no entanto, não encontraram qualquer fundamento jurídico na esperança da líder petista. A maioria concorda que não há base legal para que Lula seja libertado, tão cedo.

Estado opressor

Gleisi, por sua vez, voltou a dizer que Lula foi preso “sem provas” e devido ao “altíssimo grau de politização” do Judiciário.

— Isso é evidenciado pela nomeação de Moro para ministro da Justiça (do futuro governo de Jair Bolsonaro (PSL)). Sabemos que cargo de ministro é cargo político, não técnico — disse.

Segundo a futura deputada, a ida de Moro para o Ministério da Justiça sinaliza para a implantação de “um estado policial” no país.

— E achamos que esse estado vai ser opressor a quem fizer oposição ao governo. Teremos um estado opressor e a população submetida a um estado muito grave de proteção social — concluiu.",justiça|pt|estado|um|tem|que|jurídico|para|prisão|será|sem|presidente|da|moro|lula|libertado|fundamento|não
52_12-12-18_14_21.csv,correiodobrasil,"Salles foi secretário particular de Alckmin entre 2013 e 2014, é filiado ao partido Novo e também foi Secretário do Meio Ambiente do Estado de São Paulo entre 2016 e meados de 2017.
Por Redação, com Reuters – do Rio de JaneiroO presidente eleito Jair Bolsonaro (PSL) indicou neste domingo o advogado Ricardo Salles, ex-secretário do ex-governador paulista Geraldo Alckmin (PSDB), para ser ministro do Meio Ambiente em seu governo.
Salles foi secretário particular de Alckmin entre 2013 e 2014, é filiado ao partido Novo e também foi Secretário do Meio Ambiente do Estado de São Paulo entre 2016 e meados de 2017.
Em comunicado, o grupo ambiental Greenpeace afirmou que a indicação de Salles marca o interesse do novo governo em transformar o ministério do Meio Ambiente em “uma subsede do Ministério da Agricultura”.
“A escolha do novo ministro segue esta lógica.",,"Salles foi secretário particular de Alckmin entre 2013 e 2014, é filiado ao partido Novo e também foi Secretário do Meio Ambiente do Estado de São Paulo entre 2016 e meados de 2017.

Ele também é presidente do Movimento Endireita Brasil.

Por Redação, com Reuters – do Rio de Janeiro

O presidente eleito Jair Bolsonaro (PSL) indicou neste domingo o advogado Ricardo Salles, ex-secretário do ex-governador paulista Geraldo Alckmin (PSDB), para ser ministro do Meio Ambiente em seu governo.

Salles foi secretário particular de Alckmin entre 2013 e 2014, é filiado ao partido Novo e também foi Secretário do Meio Ambiente do Estado de São Paulo entre 2016 e meados de 2017. Ele também é presidente do Movimento Endireita Brasil, um dos muitos grupos de direita contrários ao Partido do Trabalhadores.

O futuro ministro tem pós-graduação pelas Universidades de Coimbra e Lisboa, além de especialização em administração de empresas pelo CEAG-FGV.

Conferência

A escolha de Salles por Bolsonaro para o Meio Ambiente marca o fim da composição dos membros de seu futuro governo, depois de polêmica em que a equipe de transição chegou a cogitar a integração da pasta com a da Agricultura.

Em comunicado, o grupo ambiental Greenpeace afirmou que a indicação de Salles marca o interesse do novo governo em transformar o ministério do Meio Ambiente em “uma subsede do Ministério da Agricultura”.

“A escolha do novo ministro segue esta lógica. A principal função do novo ministro será a promoção de uma verdadeira agenda antiambiental, colocando em prática medidas que vão resultar na explosão do desmatamento na Amazônia e na diminuição do combate ao crime ambiental. O que já está ruim, pode piorar”, afirmou o coordenador de políticas públicas do Greenpeace no Brasil, Márcio Astrini, no comunicado.

A indicação de Salles também ocorre em um momento em que o Brasil desistiu de sediar a próxima COP-25, a Conferência das Partes sobre mudanças climáticas, prevista para novembro de 2019.

Commodities

Bolsonaro, disse na ocasião do cancelamento, em 28 de novembro, que havia recomendado ao futuro chanceler do país, Ernesto Araújo, que rejeita evidências científicas sobre o aquecimento global, para evitar a realização do evento no Brasil.

Por seu lado, o Observatório do Clima, grupo criado em 2002 que reúne várias entidades do Brasil que discutem as mudanças climáticas, afirmou em comunicado que a estratégia de Bolsonaro com a indicação de Salles “contorna o desgaste que poderia ter com a extinção formal da pasta (Ministério do Meio Ambiente), por outro garante que o MMA deixará de ser, pela primeira vez desde sua criação, em 1992, uma estrutura independente. Seu ministro será um ajudante de ordens da ministra da Agricultura”.

“O ruralismo ideológico, assim, compromete o agronegócio moderno – que vai pagar o preço quando mercados se fecharem para nossas commodities”, acrescentou o grupo.",correio|novo|alckmin|em|exsecretário|meio|para|escolhe|bolsonaro|que|também|ministro|da|salles|pasta|brasil|ambiente
52_12-12-18_14_21.csv,correiodobrasil,"A Polícia Civil informou que Euler Fernando Grandolpho, de 49 anos, é o autor dos disparos na Catedral Metropolitana de Campinas.
O Ministério Público de São Paulo informou que ele pediu exoneração do cargo em 3 de julho de 2014.
O perfil de Euler em uma rede social, sem postagens, informa que ele estudou no Colégio Técnico da Unicamp e na Unip, em Campinas.
O delegado José Henrique Ventura, que acompanha as investigações do caso, informou que Euler Fernando Grandolpho não tem antecedentes criminais.
A carteira de habilitação do atirador foi encontrada em uma mochila dentro da igreja.",,"A Polícia Civil informou que Euler Fernando Grandolpho, de 49 anos, é o autor dos disparos na Catedral Metropolitana de Campinas. Ele era morador de Valinhos, cidade vizinha a Campinas.

Por Redação, com agências de notícias – de São Paulo

A Prefeitura de Campinas confirmou nesta quarta-feira a morte de Heleno Severo Alves, de 84 anos, um dos baleados durante o ataque na Catedral Metropolitana, na terça. Ele estava internado no Hospital Municipal Dr. Mário Gatti, onde passou por cirurgia após ser ferido por dois disparos nas regiões do tórax e abdômen. Outros quatro fiéis morreram na igreja.

Atirador de Campinas

A Polícia Civil informou que Euler Fernando Grandolpho, de 49 anos, é o autor dos disparos na Catedral Metropolitana de Campinas. Ele era morador de Valinhos, cidade vizinha a Campinas.

Euler foi servidor concursado do Ministério Público do Estado de São Paulo, atuando como auxiliar de Promotoria I, na Comarca de Carapicuíba, região metropolitana de São Paulo. O Ministério Público de São Paulo informou que ele pediu exoneração do cargo em 3 de julho de 2014. O perfil de Euler em uma rede social, sem postagens, informa que ele estudou no Colégio Técnico da Unicamp e na Unip, em Campinas.

O delegado José Henrique Ventura, que acompanha as investigações do caso, informou que Euler Fernando Grandolpho não tem antecedentes criminais. “A profissão, ao que parece, é analista de sistemas. É uma pessoa fora de qualquer suspeita em circunstâncias normais. Agora, com a identificação, nós vamos investigar a motivação”, apontou.

A carteira de habilitação do atirador foi encontrada em uma mochila dentro da igreja. Ventura informou que será feita uma diligência à casa de Grandolpho para buscar informações que possam levar ao esclarecimento do crime. “Vamos fazer um levantamento da casa, de quem mora, se é casado. Os dados para saber os antecedentes antes dele chegar a Campinas”, explicou.

Investigações preliminares apontam que Grandolpho não conhecia as vítimas. “Estamos agora identificando as vítimas, porque o que nos interessava primeiro era saber quem era o atirador”, apontou o delegado.

As imagens de câmeras de segurança mostram que o atirador entrou na igreja, sentou em um dos bancos e começou a atirar em pessoas que estavam atrás dele. Ele tinha uma pistola e quatro carregadores. “Usou dois carregadores e tinha dois cheios com 22 cápsulas”, disse Ventura. Antes de se matar, o atirador foi atingido pela polícia.",é|que|uma|são|metropolitana|em|campinas|grandolpho|euler|brasil|baleada|informou|por|morre|quinta|vítima|correio|durante|ele
52_12-12-18_14_21.csv,correiodobrasil,"Por Gilberto Maringoni – de São PauloContam que quando Milton Temer nasceu, apareceu um anjo torto – não numa goiabeira!
“Eram tempos em que o PT fazia a diferença, mesmo com uma bancada pequena”, lembra.
AniversárioMilton Temer é típico personagem de um Rio de Janeiro em desaparecimento, mais moleque, boêmio e generoso.
João Saldanha (1917-1990), outro comunista ensolarado, finalizava suas crônicas e intervenções com um bordão famoso: “Vida que segue”.
Tenho o inigualável e invejável privilégio de me incluir – espero que não unilateralmente – em sua vasta confraria de amigos.",,"Comunista, oficial da Marinha e cassado em 1964, Milton tornou-se mais tarde destacado jornalista dos principais órgãos da imprensa brasileira, a começar pela lendária revista Realidade, passando pelo Jornal do Brasil, O Globo e TVE.

Por Gilberto Maringoni – de São Paulo

Contam que quando Milton Temer nasceu, apareceu um anjo torto – não numa goiabeira! – que pegou sua mão e lhe deu uma carga de 220 volts.

É a única explicação plausível para o garoto chegar agora aos 80 absolutamente pilhado e com pensamento faiscante como se fosse um adolescente.

Esse vilaisabelense universal é um senhor magro e não muito alto, bigode e cabelos brancos, olhos claros e curiosos, que dispara frases e definições com a rapidez de um AK-47. Na carteira de identidade é Jorge Milton Temer. Na vida prática, o Jorge ficou de fora. “Nada a ver com o tal do Michel Lulia”, esbraveja, referindo-se ao último sobrenome de outro Temer, o golpista que agora sai de cena.

Mandatos

Comunista, oficial da Marinha e cassado em 1964, Milton tornou-se mais tarde destacado jornalista dos principais órgãos da imprensa brasileira, a começar pela lendária revista Realidade, passando pelo Jornal do Brasil, O Globo e TVE. Como repórter, realizou coberturas internacionais na América Latina e na África.

Milton foi ativo militante do PCB, entre os anos 1960-80. Exilou-se por cinco anos na Europa, nos tempos mais ásperos da ditadura (1973-78) e cursou a famosa Escola de Quadros do Partido Comunista da União Soviética.

Após uma breve passagem pelo PSB, nosso personagem militou ativamente no PT, entre 1988 e 2003. Exerceu mandatos de deputado estadual constituinte (1987-91) e de deputados federal (1995-2003), destacando-se na luta contra as privatizações do governo FHC. “Eram tempos em que o PT fazia a diferença, mesmo com uma bancada pequena”, lembra.

O rompimento aconteceu após a chegada de Lula à presidência, por força do que ele define como desvio do ideário original de uma agremiação de esquerda. Logo, empenhou-se na fundação e construção do Partido Socialismo e Liberdade (PSOL), pelo qual foi indicado candidato a governador, em 2006, e ao Senado, em 2010.

Aniversário

Milton Temer é típico personagem de um Rio de Janeiro em desaparecimento, mais moleque, boêmio e generoso. E indignado.

João Saldanha (1917-1990), outro comunista ensolarado, finalizava suas crônicas e intervenções com um bordão famoso: “Vida que segue”.

Milton captou a essência do mote e cunhou sua versão: “Luta que segue”. A expressão sintetiza suas atividades incessantes, sua coragem física e um pensamento que teima em não se acomodar. Coisas de um garoto de mil e uma atividades que chega hoje à oitava década de sua turnê mundial.

Tenho o inigualável e invejável privilégio de me incluir – espero que não unilateralmente – em sua vasta confraria de amigos.

O aniversário é dele. Mas a felicidade de tê-lo próximo supera todas as festas.

Anos que seguem!

Gilberto Maringoni é jornalista e escritor.",uma|mil|correio|sua|os|um|é|tons|seus|em|que|temer|pelo|homenagem|importa|da|com|pequena
52_12-12-18_14_21.csv,correiodobrasil,"Recentemente, houve uma reunião do Conselho de Segurança turco em que os participantes apontaram que a principal ameaça para a estabilização política na Síria vem dos curdos ao leste do rio Eufrates.
Por Redação, com Sputnik – de AncaraO presidente turco, Recep Tayyip Erdogan, afirmou que o país está determinado em lançar uma operação militar ao leste do Eufrates para tornar a área em um local habitável e pacífico.
Além disso, o presidente turco acredita que uma operação militar no nordeste da Síria ajudará obter uma solução política na região.
A operação militar tem como objetivo atacar as milícias curdas, consideradas pela Turquia como a principal ameaça para a estabilização política da Síria.
Vale ressaltar que a Turquia está no momento realizando uma operação militar contra os curdos no norte do Iraque.",,"Recentemente, houve uma reunião do Conselho de Segurança turco em que os participantes apontaram que a principal ameaça para a estabilização política na Síria vem dos curdos ao leste do rio Eufrates.

Por Redação, com Sputnik – de Ancara

O presidente turco, Recep Tayyip Erdogan, afirmou que o país está determinado em lançar uma operação militar ao leste do Eufrates para tornar a área em um local habitável e pacífico.

Além disso, o presidente turco acredita que uma operação militar no nordeste da Síria ajudará obter uma solução política na região. A operação militar tem como objetivo atacar as milícias curdas, consideradas pela Turquia como a principal ameaça para a estabilização política da Síria.

Recentemente, houve uma reunião do Conselho de Segurança turco em que os participantes apontaram que a principal ameaça para a estabilização política na Síria vem dos curdos ao leste do rio Eufrates.

Na ocasião, o Conselho de Segurança adicionou que a Turquia pode utilizar o direito de autodefesa para não permitir que as YPG (Unidades de Proteção Popular) alterem a estrutura demográfica no norte da Síria através de migrações forçadas.

A Turquia demonstrou por diversas vezes ser contra a presença das Unidades de Proteção Popular nas proximidades de sua fronteira, pois ela estaria comprometendo a sua segurança nacional.

Vale ressaltar que a Turquia está no momento realizando uma operação militar contra os curdos no norte do Iraque.",uma|segurança|síria|correio|militar|turco|que|política|para|lançará|confirma|turquia|brasil|erdogan|operação
52_12-12-18_14_21.csv,correiodobrasil,"Vítimas foram mantidas em cativeiro na própria sede da montadora, nos arredores de Buenos Aires.
O caso envolve o sequestro de 24 pessoas em 1976 que trabalhavam em uma fábrica da Ford nos arredores de Buenos Aires.
É a primeira vez que ex-funcionários de uma multinacional com atuação na Argentina durante a ditadura foram condenados por crimes contra a humanidade.
A Ford Argentina disse em nota que não foi parte envolvida no processo e que cooperou inteiramente com os promotores.
– Está claro que a Ford Motor Company tinha controle da subsidiária argentina durante a década de 70.",,"Dois ex-funcionários foram considerados culpados de participar de sequestro e tortura de sindicalistas nos anos 1970. Vítimas foram mantidas em cativeiro na própria sede da montadora, nos arredores de Buenos Aires.

Por Redação, com DW – de Buenos Aires

Um tribunal argentino condenou dois ex-diretores de uma fábrica local da montadora americana Ford por participarem do sequestro de trabalhadores da companhia durante a ditadura do país na década de 1970, afirmou uma advogada das vítimas dos crimes na terça-feira.

O caso envolve o sequestro de 24 pessoas em 1976 que trabalhavam em uma fábrica da Ford nos arredores de Buenos Aires.

É a primeira vez que ex-funcionários de uma multinacional com atuação na Argentina durante a ditadura foram condenados por crimes contra a humanidade.

Os ex-diretores locais da Ford Pedro Muller e Hector Sibilla foram condenados a 10 e 12 anos de prisão, respectivamente, pelo envolvimento no sequestro e tortura dos trabalhadores, disse Elizabeth Gomez Alcorta, uma advogada que representa as vítimas. Sibilla é ex-diretor de segurança da empresa e Pedro Muller, ex-gerente de manufatura.

Eles foram acusados de fornecer fotografias, endereços residenciais e outros dados pessoais das vítimas aos agentes. Ainda segundo a denúncia, dupla também “permitiu que um centro de detenção fosse montado dentro das instalações da fábrica, na área de lazer, para que os sequestrados pudessem ser interrogados”.

Nesse local, eles foram algemados, espancados e tiveram seus rostos cobertos para que eles não pudessem ver quem estava conduzindo o interrogatório.

A Argentina foi governada por uma ditadura militar entre os anos de 1976 a 1983.Cerca de 30 mil pessoas foram assassinada no período.

A Ford Argentina disse em nota que não foi parte envolvida no processo e que cooperou inteiramente com os promotores.

Muller e Sibilla “forneceram os meios necessários” para agentes da ditadura identificarem membros importantes do sindicato que representava trabalhadores da fábrica “para que eles pudessem ser detidos”, segundo uma nota da agência oficial de informações do Judiciário da Argentina.

Questionado sobre os próximos passados, Tomas Ojea Quintana, outro advogado das vítimas, disse que eles estão avaliando processar a Ford Motor nos Estados Unidos.

– Está claro que a Ford Motor Company tinha controle da subsidiária argentina durante a década de 70. Portanto, há uma responsabilidade direta da Ford Motor Company e isso pode nos dar a possibilidade de levar o caso a tribunais dos EUA – disse ele.",uma|são|ditadura|correio|os|nos|colaborar|sequestro|por|que|vítimas|para|condenados|com|foram|ford|da|exfuncionários
52_12-12-18_14_21.csv,correiodobrasil,"O defensor brasileiro, que se recuperou de lesão recentemente, demorou a voltar ao time, devido avaliação da comissão técnica de que era necessário o aprimoramento físico.
O defensor brasileiro, que se recuperou de lesão recentemente, demorou a voltar ao time, devido avaliação da comissão técnica de que era necessário o aprimoramento físico.
A ideia, de acordo com publicação, é passar as partidas para os fins de semana para aumentar a audiência das transmissões pela televisão no mundo todo.
Em alguns países a diferença de horário dificulta acompanhar as partidas da Liga dos Campeões na terça-feira e na quarta-feira.
A reforma significaria que os campeonatos nacionais passariam a ser disputados com mais frequência no meio da semana.",,"O defensor brasileiro, que se recuperou de lesão recentemente, demorou a voltar ao time, devido avaliação da comissão técnica de que era necessário o aprimoramento físico.

Por Redação, com EFE – de Madri

O lateral-esquerdo Marcelo e o meia alemão Toni Kroos voltaram a ser relacionados pelo técnico do Real Madrid, Santiago Solari, para o jogo com o CSKA Moscou, pela última rodada do grupo G da Liga dos Campeões, que acontecerá no estádio Santiago Bernabéu.

O defensor brasileiro, que se recuperou de lesão recentemente, demorou a voltar ao time, devido avaliação da comissão técnica de que era necessário o aprimoramento físico.

– Queremos que esteja no time com constância, fino e que esteja bem. É um jogador fantástico, mas não nos serve se jogar uma partida e não a seguinte. Queremos ele em todas – disse Solari, ontem, em entrevista coletiva concedida na véspera do jogo.

Kroos, por sua vez, volta após três partidas de ausência, devido dores no joelho direito. Por outro lado, os defensores Nacho e Sergio Reguilón, o volante Casemiro e o atacante Mariano Díaz seguem fora devido problemas físicos.

Já o zagueiro Sergio Ramos e o meia Dani Ceballos serão poupados por Solari, já que a partida é mero cumprimento de tabela pelo Real Madrid, já classificado às oitavas de final, com direito a primeiro lugar garantido na chave.

Jogos da Champions

O presidente da Uefa, Aleksander Ceferin, e o presidente da Associação de Clubes Europeus (ECA) e da Juventus, Andreas Agnelli, discutem atualmente um plano para que a Liga dos Campeões seja disputada nos fins de semana, segundo informações da revista alemã Sport Bild.

A ideia, de acordo com publicação, é passar as partidas para os fins de semana para aumentar a audiência das transmissões pela televisão no mundo todo.

Em alguns países a diferença de horário dificulta acompanhar as partidas da Liga dos Campeões na terça-feira e na quarta-feira. Por exemplo, na China – um mercado que a Uefa pretende conquistar – as partidas começam às 4h da manhã.

A reforma significaria que os campeonatos nacionais passariam a ser disputados com mais frequência no meio da semana. Agnelli, segundo a revista alemã, propõe uma redução do número de equipes que disputam os torneios continentais para facilitar a reforma. De acordo com Sport Bild, a Liga Alemã de Futebol (DFL) conhece os planos e se posiciona contra a mudança.

Outro aspecto da reforma afetaria a fase de grupos dos torneios continentais. Não haveria mais oito grupos de quatro equipes cada, mas quatro de oito.",liga|ser|que|relacionados|da|dos|partidas|real|voltam|madrid|os|marcelo|kroos|por|para|com|correio|jogo|se
52_12-12-18_14_21.csv,correiodobrasil,"Publicado quarta-feira, 12 de dezembro de 2018 as 13:16, por: CdBO prédio fica localizado na região da Rua 25 de Março, local que, nesta época do ano, tem grande movimentação de pessoas em busca de artigos para as festas de final de ano.
Por Redação, com ABr – de São PauloUm incêndio de grandes proporções atingiu na manhã desta quarta-feira um prédio comercial na Rua Jorge Azem, 60.
O prédio fica localizado na região da Rua 25 de Março, local que, nesta época do ano, tem grande movimentação de pessoas em busca de artigos para as festas de final de ano.
Desde o início da manhã, os bombeiros trabalham no controle do fogo.
As maiores chamas já foram combatidas, mas os bombeiros tentam extinguir surgimento de novos focos.",,"Publicado quarta-feira, 12 de dezembro de 2018 as 13:16, por: CdB

O prédio fica localizado na região da Rua 25 de Março, local que, nesta época do ano, tem grande movimentação de pessoas em busca de artigos para as festas de final de ano.

Por Redação, com ABr – de São Paulo

Um incêndio de grandes proporções atingiu na manhã desta quarta-feira um prédio comercial na Rua Jorge Azem, 60.

O prédio fica localizado na região da Rua 25 de Março, local que, nesta época do ano, tem grande movimentação de pessoas em busca de artigos para as festas de final de ano.

Desde o início da manhã, os bombeiros trabalham no controle do fogo. Até agora, já foram enviadas 31 viaturas e 90 bombeiros. Não há informações sobre vítimas.

As maiores chamas já foram combatidas, mas os bombeiros tentam extinguir surgimento de novos focos.",rua|sp|pessoas|região|correio|quartafeira|incêndio|atinge|tem|que|março|comercial|prédio|da|brasil|época|bombeiros
52_12-12-18_14_21.csv,correiodobrasil,"As características mais marcantes da cultura mineira estão todas reunidas no mercado mais tradicional de Belo Horizonte.
Há mais de oitenta anos, o Mercado Central é parada obrigatória para quem vem de fora e também é ponto de encontro para quem vive na cidade.
Além do turismo gastronômico, o mercado também oferece lojas de decoração, de produtos para animais de estimação.
Jovem cidadeAlém de tudo, o mercado mais querido dos mineiros é um espaço democrático e com acesso para todos!
O Mercado também participa do projeto Consumidor do Futuro, atendendo escolas regulares e especiais.",,"Com mais de 400 lojas, o oferece uma enorme variedade de comidas típicas do estado, como queijos artesanais, carnes e até cachaças.

Por Celso Martins

Sabores, cheiros, muitas cores e pessoas que adoram uma roda de conversas! As características mais marcantes da cultura mineira estão todas reunidas no mercado mais tradicional de Belo Horizonte. Há mais de oitenta anos, o Mercado Central é parada obrigatória para quem vem de fora e também é ponto de encontro para quem vive na cidade.

Com mais de 400 lojas, o Mercado Central oferece uma enorme variedade de comidas típicas do estado, como queijos artesanais, carnes e até cachaças. Há vários bares e restaurantes dentro do próprio mercado, ideais para quem gosta de uma boa comida na chapa e cerveja gelada! Além do turismo gastronômico, o mercado também oferece lojas de decoração, de produtos para animais de estimação.

Jovem cidade

Além de tudo, o mercado mais querido dos mineiros é um espaço democrático e com acesso para todos! Pensando em ter suas portas abertas para todo o público, incluindo aqueles que podem ter alguma dificuldade de mobilidade, o Mercado Central conta com vários elevadores e rampas de acesso. O espaço também disponibiliza cadeiras de rodas e tem profissionais treinados para atendimentos especializados.

O Mercado também participa do projeto Consumidor do Futuro, atendendo escolas regulares e especiais. O projeto garante que crianças e jovens portadores de necessidades especiais também possam vir ao Mercado para descobrir as cores, os cheiros e os sabores diversificados. Sempre que precisar de ajuda, basta procurar por um dos seguranças. Eles são orientados a auxiliar todos clientes em todos os casos, da melhor maneira possível.

E a tradição não vem de hoje: o Mercado nasceu quando Belo Horizonte tinha apenas 31 anos de idade. O até então prefeito, e empreendedor, Cristiano Machado, resolveu reunir, em um só local, produtos destinados ao abastecimento dos habitantes da jovem cidade. No dia 7 de setembro de 1929 ele foi inaugurado, reunindo feiras que já existiam em vários pontos da cidade.

Até então denominado Mercado Municipal, o empreendimento tinha uma atividade intensa, mas passou por altos e baixos. O estabelecimento funcionou até 1964, quando o prefeito da época, Jorge Carone, resolveu vender o terreno. Para impedir o fechamento do Mercado, os comerciantes se organizaram, criaram uma cooperativa e compraram o imóvel da prefeitura.

Com a ajuda dos irmãos Osvaldo, Vicente e Milton de Araújo, que decidiram acreditar no empreendimento e investiram no projeto, a reinauguração do Mercado foi possível. Assim, bastante organizado e com muita participação dos comerciantes, o Mercado ampliou cada vez mais seus negócios e se transformou em um núcleo não só de produtos alimentícios, mas também de artesanato e de comidas típicas.

HORÁRIO DE FUNCIONAMENTO

DE FIM DE ANO:

20/12 – Quinta-feira – 07h às 19h.

21/12 – Sexta-feira – 07h às 19h.

22/12 – Sábado – 07h às 18h.

23/12 – Domingo – 07h às 15h.

30/12 – Domingo – 07 às 14h.

ENDEREÇO:

Avenida Augusto de Lima, 744

Centro – Belo Horizonte.

POSTO DE INFORMAÇÕES TURÍSTICAS:

Tel: 31 3277.4691

[email protected]

SITE DO MERCADO CENTRAL",uma|mais|às|correio|dos|belo|que|turistas|para|central|em|também|gerais|da|horizonte|mercado|brasil|minas
52_12-12-18_14_21.csv,correiodobrasil,"“Tudo indica que a intervenção do BC será capaz de conter a pressão sobre a moeda estrangeira, sinalizando claramente que repetirá o movimento toda vez que fatores externos promoverem a desvalorização artificial da moeda nacional”, escreveu a corretora Correparti em relatório.
Às 10h26, o dólar recuava 0,37%, a R$ 3,9043 na venda, depois de fechar a segunda-feira em alta de 0,73%, a R$ 3,9187.
O Banco Central realizará nesta terça-feira leilão de até US$ 1 bilhão em linha para prover liquidez ao mercado cambial.
Nesta manhã, no entanto, o dólar caía ante a cesta de moedas e exibia baixas tímidas ante as divisas de emergentes, como o peso mexicano.
Porém, com o exterior mais tranquilo nesta sessão, o benchmark da bolsa salta 1,35% às 10h16 (horário de Brasília), a 87.072 pontos.",,"“Tudo indica que a intervenção do BC será capaz de conter a pressão sobre a moeda estrangeira, sinalizando claramente que repetirá o movimento toda vez que fatores externos promoverem a desvalorização artificial da moeda nacional”, escreveu a corretora Correparti em relatório.

Por Redação – de São Paulo

O dólar operava com pequena baixa ante o real nesta terça-feira, em dia de certa recuperação no mercado internacional e com o anúncio de atuação do Banco Central no câmbio, após a moeda subir 2% em cinco pregões e terminar a véspera no maior nível em mais de dois meses.

Às 10h26, o dólar recuava 0,37%, a R$ 3,9043 na venda, depois de fechar a segunda-feira em alta de 0,73%, a R$ 3,9187. O dólar futuro tinha baixa de cerca de 0,3%.

“Tudo indica que a intervenção do BC será capaz de conter a pressão sobre a moeda estrangeira, sinalizando claramente que repetirá o movimento toda vez que fatores externos promoverem a desvalorização artificial da moeda nacional”, escreveu a corretora Correparti em relatório.

O Banco Central realizará nesta terça-feira leilão de até US$ 1 bilhão em linha para prover liquidez ao mercado cambial. É o quarto leilão de novos contratos feito desde o final de novembro pela autoridade, que ainda rolou mais US$ 1,25 bilhão que venciam no início deste mês. Em novos contratos, foram US$ 4 bilhões até o momento.

Guerra comercial

“A preocupação é que a tensão externa se some ao período onde as empresas direcionam recursos para suas matrizes e a intervenção visa dar liquidez e segurar um pulo mais forte do dólar ante o real na reta final do ano”, escreveu o analista da corretora Mirae Pedro Galdi.

As preocupações que içaram a moeda norte-americana na véspera em todo o globo ainda não se dissiparam, entre eles a desaceleração econômica global, guerra comercial entre Estados Unidos e China e o Brexit.

Nesta manhã, no entanto, o dólar caía ante a cesta de moedas e exibia baixas tímidas ante as divisas de emergentes, como o peso mexicano. Internamente, os investidores seguiam monitorando o noticiário político local, a poucos dias de ter início o novo governo.

Ações

O Ibovespa, por sua vez, registrava alta expressiva após a sequência de quedas, que ganhou contornos mais dramáticos com a baixa de 2,5% na véspera em meio à tensão comercial, além de temores (dissipados) de uma possível greve dos caminhoneiros e do noticiário sobre o novo governo.

Porém, com o exterior mais tranquilo nesta sessão, o benchmark da bolsa salta 1,35% às 10h16 (horário de Brasília), a 87.072 pontos.",volta|que|vez|da|reservas|em|ante|banco|brasil|dólar|queimar|moeda|véspera|para|com|correio|central|conter|mais
52_12-12-18_14_21.csv,correiodobrasil,"O superávit comercial da China com os Estados Unidos aumentou para US$ 35,55 bilhões em novembro, ante US$ 31,78 bilhões em outubro, mostraram dados divulgados pela China neste sábado.
De janeiro a novembro, o superávit comercial da China com os Estados Unidos totalizou US$ 293,52 bilhões, ante US$ 251,26 bilhões no mesmo período do ano passado.
O grande superávit comercial da China com os Estados Unidos tem sido há muito tempo um ponto sensível em Washington, e está no centro de uma amarga disputa entre as duas maiores economias do mundo.
Os dois países se enfrentaram com direitos aduaneiros sobre mercadorias no valor de centenas de bilhões de dólares.
Na Argentina, no último fim de semana, os presidentes Donald Trump e Xi Jinping concordaram com uma trégua de 90 dias que adiou o aumento de tarifas americanas para 25 %, de 10 %, contra US$ 200 bilhões em bens chineses enquanto negociam um acordo comercial.",,"O superávit comercial da China com os Estados Unidos aumentou para US$ 35,55 bilhões em novembro, ante US$ 31,78 bilhões em outubro, mostraram dados divulgados pela China neste sábado.

De janeiro a novembro, o superávit comercial da China com os Estados Unidos totalizou US$ 293,52 bilhões, ante US$ 251,26 bilhões no mesmo período do ano passado.

O grande superávit comercial da China com os Estados Unidos tem sido há muito tempo um ponto sensível em Washington, e está no centro de uma amarga disputa entre as duas maiores economias do mundo.

Os dois países se enfrentaram com direitos aduaneiros sobre mercadorias no valor de centenas de bilhões de dólares.

Na Argentina, no último fim de semana, os presidentes Donald Trump e Xi Jinping concordaram com uma trégua de 90 dias que adiou o aumento de tarifas americanas para 25 %, de 10 %, contra US$ 200 bilhões em bens chineses enquanto negociam um acordo comercial.",superávit|correio|bilhões|os|eua|em|estados|para|china|unidos|comercial|com|da|brasil
52_12-12-18_14_21.csv,correiodobrasil,"Metade do óleo derramado foi recolhido pelas equipes de emergência da Transpetro acionadas logo após o incidente, segundo a empresa.
Metade do óleo derramado foi recolhido pelas equipes de emergência da Transpetro acionadas logo após o incidente, segundo a empresa.
A tentativa de furto, de acordo com a Transpetro, ocorreu em um duto localizado no município de Magé, e um rio da região também foi atingido pelo vazamento.
Grandes proporçõesA Petrobras e a Transpetro têm sido alvos frequentes de ações criminosas de furto de óleo e derivados em suas instalações.
Pescadores que trabalham na Baía de Guanabara publicaram imagens do vazamento nas redes sociais mostrando a camada de óleo que tomou conta de parte do local.",,"Metade do óleo derramado foi recolhido pelas equipes de emergência da Transpetro acionadas logo após o incidente, segundo a empresa.

Por Redação, com Reuters – do Rio de Janeiro

Um volume de cerca de 60 mil litros de óleo vazaram na Baía de Guanabara neste o fim de semana, devido à tentativa de furto ocorrida em um duto da Transpetro, na Baixada Fluminense, no Estado do Rio de Janeiro, informou a empresa subsidiária da Petrobras.

Metade do óleo derramado foi recolhido pelas equipes de emergência da Transpetro acionadas logo após o incidente, segundo a empresa.

A tentativa de furto, de acordo com a Transpetro, ocorreu em um duto localizado no município de Magé, e um rio da região também foi atingido pelo vazamento.

A Transpetro informou que “ao detectar a ação criminosa, imediatamente interrompeu as operações do duto, acionou equipes de emergência e conteve o vazamento do oleoduto”.

Grandes proporções

A Petrobras e a Transpetro têm sido alvos frequentes de ações criminosas de furto de óleo e derivados em suas instalações.

Pescadores que trabalham na Baía de Guanabara publicaram imagens do vazamento nas redes sociais mostrando a camada de óleo que tomou conta de parte do local.

— Foi um vazamento de grandes proporções, com impacto em manguezais, e a mancha já está chegando à Ilha de Paquetá — disse a jornalistas o analista ambiental Maurício Muniz, do Instituto Chico Mendes.

Em 2000, um vazamento de óleo na Baía de Guanabara provocado pelo rompimento de um duto da Refinaria Duque de Caxias (Reduc) derramou cerca de 1,3 milhão de litros de óleo no local e afetou fauna e flora da região.",rio|transpetro|guanabara|que|da|um|em|poluição|oleoduto|óleo|brasil|vazamento|duto|baia|correio|tentativa|furto|foi|causa
52_12-12-18_14_21.csv,correiodobrasil,"A foto em que a primeira-dama norte-americana, Melania Trump, troca sorrisos com o líder russo ganha tons de malícia nas redes sociais.
Corrida armamentistaNessa conexão, muitos especialistas opinam que, na corrida pelo Ártico, os EUA estão sendo ultrapassados pela Rússia.
Uma coisa é um navio estar bloqueado no gelo, pois vários países podem ajudar nesse caso.
Outra coisa completamente diferente é quando um adversário tenta invadir a zona econômica exclusiva norte-americana ou entrar na corrida armamentista com os EUA.
— A questão é que os EUA ignoraram o Ártico.",,"No jantar promovido pela Presidência da Argentina, Melania e Putin, na realidade, trocaram apenas um cumprimento, avidamente registrado por um batalhão de paparazzi, durante o encontro. A tensão entre os dois países, na realidade, está longe das questões pessoais.

Por Redação, com agências internacionais – de Buenos Aires e Moscou

Embora as relações entre os EUA e a Rússia tenham esfriado, após a escalada na tensão com a Ucrânia, o que levou o presidente Donald Trump a cancelar uma reunião com o contraparte russo, Vladimir Putin, durante o encontro do G20 — encerrado no domingo, em Buenos Aires — o tempo vai esquentar entre as duas superpotências nucleares. A foto em que a primeira-dama norte-americana, Melania Trump, troca sorrisos com o líder russo ganha tons de malícia nas redes sociais.

No jantar promovido pela Presidência da Argentina, Melania e Putin, na realidade, trocaram apenas um cumprimento, avidamente registrado por um batalhão de paparazzi, durante o encontro. A tensão entre os dois países, na realidade, está longe das questões pessoais e muito mais perto da disputa, palmo a palmo, pela exploração de petróleo na região do Círculo Ártico, considerada a última e mais rica fronteira da energia suja.

Alvo das maiores petroleiras do Ocidente, o Ártico sob controle da Rússia tem sido ativamente pesquisado por setores do governo; enquanto os EUA têm perdido terreno na disputa pela região. Comentarista do canal norte-americano de TV NBC News, a jornalista Sabrina Shankman lembrou, nesta terça-feira, que a frota de quebra-gelos da marinha yankee está em condições terríveis, adicionando que atualmente só dois quebra-gelos estão operacionais.

Novo muro

Os objetivos principais dos quebra-gelos incluem a coleta de dados científicos, resgate de navios bloqueados nos gelos e a neutralização de vazamentos de petróleo em partes remotas do planeta. Ademais, esses navios garantem os interesses dos EUA nas regiões do Ártico, visto que o degelo das geleiras abre novas oportunidades comerciais nessa região.

No entanto, o canal indica que um dos quebra-gelo em serviço, o Polar Star (Estrela Polar), construído há 40 anos, já ultrapassou o período de vida útil e registra avarias frequentes. Ao mesmo tempo, o segundo, Healy, foi construído em 2000 e hoje só é capaz realizar tarefas científicas.

A autora destaca que, no melhor dos casos, um novo quebra-gelo norte-americano entrará nas águas árticas dentro de cinco anos, enquanto hoje a Rússia conta com mais de 40 navios desse tipo na região. No entanto, para atingir isso, é preciso que o governo dos EUA invista bilhões de dólares, mas, em vez disso, a Casa Branca gasta somas enormes para construir um muro na fronteira com o México, sublinha o canal.

Corrida armamentista

Nessa conexão, muitos especialistas opinam que, na corrida pelo Ártico, os EUA estão sendo ultrapassados pela Rússia. Uma coisa é um navio estar bloqueado no gelo, pois vários países podem ajudar nesse caso. Outra coisa completamente diferente é quando um adversário tenta invadir a zona econômica exclusiva norte-americana ou entrar na corrida armamentista com os EUA.

— A questão é que os EUA ignoraram o Ártico. Perderam a principal rota marítima do futuro entre a Ásia e a Europa. Cedemos o controle sobre este oceano à Rússia e à China — afirmou o deputado democrata norte-americano John Garamendi.

Entretanto, o artigo lembra que na época da Segunda Guerra Mundial, a frota norte-americana de quebra-gelos estava no seu auge, contando com sete navios. Mas essa era acabou. A Administração Trump propôs destinar US$ 750 milhões (R$ 2,88 bilhões) para um novo navio, mas o dinheiro acabou por ser investido no muro na fronteira com o México.

— Somos a maior potência naval no mundo e esperamos que um navio construído nos anos 70 continue a funcionar — completou o cientista político Heather Conley, referindo-se ao quebra-gelo Polar Star.",rússia|mas|trump|um|melania|eua|os|em|que|é|gelo|quebra|com|da|sorriso|não|ártico
52_12-12-18_14_21.csv,correiodobrasil,"Publicado sábado, 1 de dezembro de 2018 as 13:14, por: CdBDe acordo com Marshall, de entre as principais cidades condenadas estão o Rio de Janeiro (Brasil), Nova York e Miami (EUA), Londres (Reino Unido), Pequim e Xangai (China).
Por Redação, com Sputnik – de MoscouAo menos 100 grandes cidades desaparecerão gradualmente no próximo século devido ao aumento do nível do mar causado pelo derretimento das geleiras, afirmou especialista.
Estima-se que muitas cidades litorâneas desaparecerão causando a migração de 1,6 bilhão de pessoas e, segundo o glaciologista, esse fenômeno é inevitável e “não há como voltar atrás”.
LitoralDe acordo com Marshall, de entre as principais cidades condenadas estão o Rio de Janeiro (Brasil), Nova York e Miami (EUA), Londres (Reino Unido), Pequim e Xangai (China).
O glaciologista chega à conclusão que as outras localidades longe do litoral “deverão acolher ao menos 100 milhões de refugiados nos próximos anos”.",,"Publicado sábado, 1 de dezembro de 2018 as 13:14, por: CdB

De acordo com Marshall, de entre as principais cidades condenadas estão o Rio de Janeiro (Brasil), Nova York e Miami (EUA), Londres (Reino Unido), Pequim e Xangai (China).

Por Redação, com Sputnik – de Moscou

Ao menos 100 grandes cidades desaparecerão gradualmente no próximo século devido ao aumento do nível do mar causado pelo derretimento das geleiras, afirmou especialista.

O glaciologista e climatologista canadense Shawn Marshall afirmou durante entrevista à rádio russa RCN, afirmou que isso causará uma migração massiva de pessoas em muitas regiões do mundo como consequência do degelo, que repercutirá em menos água potável.

Estima-se que muitas cidades litorâneas desaparecerão causando a migração de 1,6 bilhão de pessoas e, segundo o glaciologista, esse fenômeno é inevitável e “não há como voltar atrás”.

Litoral

De acordo com Marshall, de entre as principais cidades condenadas estão o Rio de Janeiro (Brasil), Nova York e Miami (EUA), Londres (Reino Unido), Pequim e Xangai (China).

O glaciologista chega à conclusão que as outras localidades longe do litoral “deverão acolher ao menos 100 milhões de refugiados nos próximos anos”.

Na lista dos principais causadores dessa terrível mudança climática estão a China, Estados Unidos, Índia e Rússia, segundo o especialista, adicionando que o Ártico, Groenlândia, Rússia, Canadá, Noruega e Peru são as áreas mais problemáticas do mundo.",glaciologista|que|principais|da|terra|afirmou|centros|brasil|redor|derretem|menos|marshall|urbanos|com|cidades|grandes|correio|estão|à|geleiras
52_12-12-18_14_21.csv,correiodobrasil,"Os mais idosos têm alguma coisa para contar ocorrida nessa sexta-feira, dia 13 de dezembro de 1968, ou em decorrência dela.
Agora, que me preparo para retornar ao Brasil a fim de terminar minha carreira, terei de viver um segundo exílio?
Espero e luto para que não seja preciso.
O 13 de dezembro de 1968 caiu numa 6ª feira –a mais funesta da História brasileira.
De um momento para outro, tornou-se um pesadelo que me deixou em frangalhos, além de tragar alguns dos meus melhores amigos e tantos companheiros estimados.",,"Nosso colunista Celso Lungaretti lembra a edição do Ato 5, pela Ditadura Militar em 1968. Faz meio século, porém as atrocidades cometidas não causam mais vergonha. O Brasil deu meia-volta e no seu retrocesso confirmado nas urnas, poderá mesmo decretar dia feriado o 31 de março ou o 1 de abril, em homenagem ao golpe militar de 1964. Os mais idosos têm alguma coisa para contar ocorrida nessa sexta-feira, dia 13 de dezembro de 1968, ou em decorrência dela. Para mim, foi a demissão da chefia da sucursal paulista da Última Hora do Rio por ter me declarado solidário com grevistas de outros jornais, ao receber a informação da deflagração da greve por um colega do Jornal da Tarde. A informação era prematura, acabou não havendo greve, mas meu destino tinha sido selado e, oito meses depois, eu partia para o exílio. Agora, que me preparo para retornar ao Brasil a fim de terminar minha carreira, terei de viver um segundo exílio? Espero e luto para que não seja preciso. (Nota do Editor)

Por Celso Lungaretti, de São Paulo:

N a próxima 5ª feira se terá passado meio século desde que o Brasil saiu não do azul, mas de um cinza já bem escuro, para entrar nas trevas absolutas do Ato Institucional nº 5. O 13 de dezembro de 1968 caiu numa 6ª feira –a mais funesta da História brasileira. Foi quando 17 sinistros personagens, com uma simples canetada, deram sinal verde para torturas, assassinatos, estupros, ocultação de cadáveres e todo o festival de horrores dos anos subsequentes.

“E você tendo ido, não pode voltar, quando sai do azul e entra nas trevas”

(Neil Young, Hey Hey My My )

Eram eles o ditador Costa e Silva e 16 de seus ministros: Albuquerque Lima (Interior); Augusto Rademaker (Marinha); Carlos Simas (Comunicações); Costa Cavalcanti (Minas e Energia); Delfim Netto (Fazenda); Gama e Silva (Justiça); Hélio Beltrão (Planejamento); Ivo Arzua (Agricultura); Jarbas Passarinho (Trabalho); Leonel Miranda (Saúde); Lyra Tavares (Exército); Macedo Soares (Indústria e Comércio); Magalhães Pinto (Relações Exteriores); Mário Andreazza (Transportes); Souza e Mello (Aeronáutica); e Tarso Dutra (Educação).

Só um permanece vivo até hoje, Delfim Netto, que está com 90 anos e não se arrepende da autoria de uma assinatura da qual tanto sangue jorrou: continua afirmando que, apresentando-se as mesmas circunstâncias, voltaria a proceder da mesmíssima maneira.

O 16º a falecer foi (em junho de 2016) o igualmente empedernido Jarbas Passarinho, de origem militar, que ao proferir seu voto, disse a frase mais emblemática daquela infame reunião ministerial: . “Às favas, sr. presidente, neste momento, todos os escrúpulos de consciência”. . Ele continuou, pelas décadas adentro, enturmado com as aves de mau agouro, sempre defendendo o regime de exceção ao qual serviu nas equipes ministeriais de Costa e Silva, Médici e Figueiredo. Um mês depois chegou a vez de Rondon Pacheco, cuja assinatura não consta do documento, embora chefiasse o Gabinete Civil. Talvez a lacuna se deva a haver sido um personagem reticente naquele momento, tendo inclusive tentado fixar um prazo para a vigência do AI-5: um ano apenas. Também se atribui a ele e ao ministro da Justiça Gama e Silva o mérito de, numa reunião prévia, terem excluído do documento alguns pontos mais duros, como o fechamento do Congresso Nacional e do Supremo Tribunal Federal.

Outra voz dissonante foi a do vice-presidente Pedro Aleixo, que inclusive empenhou-se adiante em restabelecer a legalidade. Chegou a convencer Costa e Silva, mas este morreu antes de concretizar o intento (coincidência?). O golpe dentro do golpe, que levou ao paroxismo o fechamento ditatorial do País, foi o lance decisivo da disputa interna entre a linha dura militar (que queria radicalizar o arbítrio) e os conspiradores originais (oficiais veteranos da participação brasileira na 2ª Guerra Mundial).

Os últimos, encabeçados por Castello Branco, pretendiam usurpar o poder por pouco tempo. Falavam numa intervenção cirúrgica, durante a qual imporiam medidas que modernizassem o Estado e enfraquecessem a esquerda (prisões, perseguições, cassações, extinção de entidades legais, etc.). Aprenderam, contudo, que implantar uma ditadura é bem mais fácil que dar-lhe fim.

As duas posições competiram acirradamente pela hegemonia na caserna ao longo de 1968, mas o crescimento dos movimentos contestatórios fez a balança pender para o lado dos ferrabrases.Estes iam ao encontro da cultura de intolerância que grassava nos quartéis, pois se propunham a dotar o regime de meios para reagir com maior contundência às manifestações de rua e ao desafio das organizações armadas, passando por cima dos direitos humanos e das garantias constitucionais.

Pesaram também os interesses mesquinhos dos oficiais das três Armas, seduzidos pelas perspectivas que o prolongamento do regime de exceção e a ampliação dos poderes ditatoriais abriam para seu enriquecimento pessoal:

os da ativa, como gestores de um setor estatal que estava sendo cada vez mais inflado, ou como beneficiários de suas boquinhas ; e

; e os da reserva como facilitadores dos favores oficiais (quase todos os grandes grupos privados contrataram militares reformados para integrarem seus conselhos de administração, como forma de terem seus interesses contemplados nos altos escalões governamentais).

O pretexto para a nova virada de mesa foi um discurso exaltado do deputado Márcio Moreira Alves numa sessão esvaziada (o chamado pequeno expediente) da Câmara Federal, no início de setembro de 1968.

Discurso errado, hora errada

Tratava-se de uma lengalenga sem verdadeira importância (incluía até uma sugestão às moças, de que não namorassem alunos das academias militares –vide aqui), proferida apenas para constar dos anais e poder ser exibida depois aos eleitores, quando ele lhes fosse pedir votos no pleito seguinte. Mas, um jornalista favorável ao arbítrio vislumbrou a oportunidade de uma provocação e trombeteou-a; em seguida, os partidários do enrijecimento a divulgaram amplamente, mimeografada, entre os fardados, insuflando a indignação. As Forças Armadas se declararam atingidas e o governo pediu ao Congresso Nacional a abertura de um processo visando à cassação de Moreira Alves. Os parlamentares, depois de em tantas ocasiões, tão vergonhosamente, se prostrarem aos ultimatos da caserna, daquela vez rechaçaram o pedido, temendo que outras cabeças fossem exigidas na sequência e a caça às bruxas acabasse extinguindo o mandato de muitos deles. Pateticamente, encerraram a sessão cantando o Hino Nacional, sem perceberem que tinham é escancarado as portas do inferno.

A resposta da ditadura foi imediata e a mais tirânica possível: colocou os Legislativos federal e estaduais em recesso e impôs à Nação, na marra, novas e terríveis regras do jogo.

Revista tida como outro pivô do AI-5 O presidente da República (escolhido por um Congresso Nacional expurgado e intimidado) passou a ter plenos poderes para cassar mandatos eletivos, suspender direitos políticos, demitir ou aposentar juízes e outros funcionários públicos, suspender o habeas-corpus em crimes contra a segurança nacional, legislar por decreto e julgar crimes políticos em tribunais militares, dentre outras medidas totalitárias.

Principal ferramenta do terrorismo de estado, o AI-5 só seria atirado na lixeira dez anos depois. Nesse meio tempo, centenas de resistentes foram executados, dezenas de milhares torturados, mais de uma centena de parlamentares cassados, um sem-número de funcionários públicos no olho da rua, a arte amordaçada (mais de 500 filmes, 450 peças teatrais, 200 livros e umas 500 canções sofreram os rigores da censura), etc.

Quando os gorilas saíram do armário, o Brasil entrou no período mais bestial e vergonhoso de sua História.

. UM DEPOIMENTO PESSOAL – Para jovens estudantes que, como eu, ingressaram na luta a partir do novo ascenso do movimento de massas, aquele agourento 13 de dezembro de 1968 marcou o fim da aventura e o início da tragédia. Passáramos o melhor ano de nossas vidas descobrindo a luta e descobrindo-nos na luta. Aí veio aquele pacote de medidas draconianas ao extremo, cujas implicações captamos de imediato: haviam declarado guerra contra nós e os riscos dali em diante seriam imensos. Mesmo assim, diante da alternativa desistir x perseverar , fizemos a opção digna… que se revelaria das mais sofridas. Então, o AI-5 foi o divisor de águas entre o 1968 exuberante e o 1969 soturno.

Entre o enfrentamento a céu aberto e o martírio nos porões. Entre a luta travada ao lado das massas despertadas e a luta que travamos sozinhos em nome das massas amedrontadas.

Meu avô morreu quando meu pai tinha 11 anos. Como era o primogênito, minha avó fez com que começasse imediatamente a trabalhar numa fábrica escura, barulhenta e empoeirada, burlando a legislação que exigia idade mínima de 14 anos.

Passou o resto da vida lamentando a responsabilidade que desabou cedo demais sobre seus ombros. Num dia, estava despreocupadamente jogando bola no campinho ao lado de sua casa. No outro, esfalfando-se oito horas seguidas para colocar o pão na mesa familiar.

O AI-5 teve o mesmo efeito sobre mim. Até então, a militância era puro deleite. De um momento para outro, tornou-se um pesadelo que me deixou em frangalhos, além de tragar alguns dos meus melhores amigos e tantos companheiros estimados.

Parafraseando a bela canção de Neil Young, foi a saída do azul e entrada nas trevas.",volta|correio|estão|eles|um|os|ao|dos|em|meio|que|para|século|foi|da|brasil|mais|depois
52_12-12-18_14_21.csv,correiodobrasil,"Valor da fiança é de R$ 29 milhões.
O juiz William Ehrcke determinou que Meng, de 46 anos e filha do fundador da Huawei, Ren Zhengfei, seja libertada após pagar uma fiança de 10 milhões de dólares canadenses (cerca de 29 milhões de reais).
Meng foi presa pelo Canadá a pedido dos Estados Unidos no último dia 1 de dezembro, em Vancouver, quando viajaria para o México.
O governo do Canadá, apesar de ter reconhecido que foi avisado com antecedência sobre a prisão da diretora da Huawei, afirmou que não tinha poder para interferir nas ações da Justiça.
A executiva da Huawei é acusada pelos EUA de fraude para violar as sanções comerciais impostas pela Casa Branca ao Irã, o que é negado por Meng.",,"Publicado quarta-feira, 12 de dezembro de 2018 as 11:17, por: CdB

Meng Wanzhou foi presa no início do mês em Vancouver, no Canadá, e enfrenta processo de extradição para os EUA. Valor da fiança é de R$ 29 milhões.

Por Redação, com DW – de Sydney

A Suprema Corte da província da Colúmbia Britânica, no Canadá, concedeu na terça-feira liberdade por meio de pagamento de fiança para Meng Wanzhou, diretora financeira da empresa de telecomunicações chinesa Huawei, enquanto a executiva aguarda a resolução de um pedido de extradição apresentado pelos Estados Unidos.

O juiz William Ehrcke determinou que Meng, de 46 anos e filha do fundador da Huawei, Ren Zhengfei, seja libertada após pagar uma fiança de 10 milhões de dólares canadenses (cerca de 29 milhões de reais).

A decisão foi tomada poucas horas depois de Michael Kovrig, um ex-diplomata canadense que trabalha na China para a ONG International Crisis Group (ICG), ter sido detido em Pequim.

Meng foi presa pelo Canadá a pedido dos Estados Unidos no último dia 1 de dezembro, em Vancouver, quando viajaria para o México.

A prisão abriu uma crise diplomática entre Canadá e China, que ameaçou o governo de Justin Trudeau com “sérias consequências” caso Meng não fosse libertada de forma imediata.

O governo do Canadá, apesar de ter reconhecido que foi avisado com antecedência sobre a prisão da diretora da Huawei, afirmou que não tinha poder para interferir nas ações da Justiça.

A executiva da Huawei é acusada pelos EUA de fraude para violar as sanções comerciais impostas pela Casa Branca ao Irã, o que é negado por Meng.",sob|concede|tribunal|correio|canadá|meng|é|que|por|para|executiva|foi|huawei|da|fiança|liberdade
52_12-12-18_14_21.csv,correiodobrasil,"– A defesa que Ali fez… não tenho palavras para ela – disse Klopp.
– Não foi só uma defesa, ele tinha muitas coisas para fazer e as fez com muita tranquilidade e calma.
Os elogios de Klopp para Salah, que decidiu o jogo, foram bem mais concisos.
– Ele só precisa se concentrar em ser um pouco mais profissional e parar de chegar atrasado às sessões de treinamento.
– Essa não é a mentalidade correta de alguém que pode estar tentando sair do Barcelona.",,"O placar magro bastou para o Liverpool avançar à custa do rival italiano, que começou o dia como líder do Grupo C, mas foi eliminado no saldo de gols depois que as duas equipes empataram em nove pontos.

Por Redação, com Reuters – de Londres/Barcelona

Mohamed Salah continuou a mostrar uma grande forma e marcou o gol que levou o Liverpool às oitavas de final da Liga dos Campeões, mas o técnico Juergen Klopp ficou igualmente agradecido ao goleiro Alisson por salvar o time na vitória de terça-feira por 1 a 0 sobre o Napoli.

O placar magro bastou para o Liverpool avançar à custa do rival italiano, que começou o dia como líder do Grupo C, mas foi eliminado no saldo de gols depois que as duas equipes empataram em nove pontos.

O alívio foi geral para Klopp e a multidão que lotou o Anfield quando o brasileiro Alisson saiu do gol para frustrar finalização cara a cara de Arkadiusz Milik praticamente no último lance da partida.

– A defesa que Ali fez… não tenho palavras para ela – disse Klopp. “Ela salvou a pátria esta noite”.

– Não foi só uma defesa, ele tinha muitas coisas para fazer e as fez com muita tranquilidade e calma. Mesmo assim ele conseguiu, incrível, inacreditável, nunca vi nada assim.

Os elogios de Klopp para Salah, que decidiu o jogo, foram bem mais concisos.

– O gol que Mo fez, que gol, inacreditável – disse Klopp.

Rivaldo aconselha Dembelé a parar de se atrasar

O ponta francês Ousmane Dembélé, do Barcelona, precisa melhorar sua atitude e se esforçar para ser mais profissional mesmo que deseje deixar os líderes do Campeonato Espanhol, disse o ex-meio-campista do time catalão e da seleção brasileira Rivaldo.

Dembélé, que foi para o Barcelona em agosto de 2017 por US$ 119,45 milhões, teve problemas com lesões em seu primeiro ano, e nesta temporada tem sido criticado por seu comportamento, inclusive chegar atrasado a treinos e eventos.

Reportagens têm veiculado rumores de que o jogador de 21 anos deixará o Camp Nou na janela de transferência do mês que vem.

Rivaldo, que jogou no Barça durante cinco anos a partir de 1997 e é visto como um dos meias mais habilidosos de sua geração, disse que não existe dúvida sobre o talento do francês.

– A situação de Ousmane Dembélé no Barcelona é chata porque ele já mostrou que sabe jogar muito bem, marcar gols e ser um membro importante do time – disse Rivaldo, que conquistou a Copa do Mundo com o Brasil em 2002, ao site Betfair.

– Ele só precisa se concentrar em ser um pouco mais profissional e parar de chegar atrasado às sessões de treinamento.

– Essa não é a mentalidade correta de alguém que pode estar tentando sair do Barcelona. É sempre estranho ouvir que alguém pode querer sair de um grande clube desta maneira.",classificação|é|que|klopp|um|em|elogia|salvadora|brasil|não|juergen|por|para|liverpool|correio|foi|defesa|mais|disse
52_12-12-18_14_21.csv,correiodobrasil,"Astori morreu em um quarto de um hotel em Udine, onde a Fiorentina estava concentrada para jogar contra a Udinese, pelo Italiano.
Astori morreu em um quarto de um hotel em Udine, onde a Fiorentina estava concentrada para jogar contra a Udinese, pelo Italiano.
– A Fiorentina tomou nota do que apareceu hoje em vários veículos de imprensa pelo referido à tragédia de Davide Astori.
– Nós louvamos Raheem por seu profissionalismo durante o incidente – disse o PFA, entidade que representa jogadores na Inglaterra, em comunicado.
– Estamos ao seu lado em instar a imprensa para que considere sua cobertura de todos jogadores cuidadosamente, e para que encerrem sua cobertura desequilibrada de jovens jogadores negros.",,"Astori morreu em um quarto de um hotel em Udine, onde a Fiorentina estava concentrada para jogar contra a Udinese, pelo Italiano. A autópsia realizada dois dias depois confirmou a morte por parada cardíaca.

Por Redação, com EFE e Reuters – de Roma/Londres

O Ministério Público de Florença enviou na segunda-feira uma notificação de acusação a dois médicos italianos, que estão investigados por possível homicídio culposo do jogador da Fiorentina Davide Astori, morto em 4 de março por parada cardíaca.

Os dois médicos, que trabalham em clínicas de Florença e de Cagliari, onde Astori jogou de 2008 a 2014, estão sob investigação por serem os responsáveis por emitirem certificados de aptidão física, o que permitia ao zagueiro de 31 anos competir na primeira divisão do Campeonato Italiano e em outros torneios, segundo informações da imprensa local.

Astori morreu em um quarto de um hotel em Udine, onde a Fiorentina estava concentrada para jogar contra a Udinese, pelo Italiano. A autópsia realizada dois dias depois confirmou a morte por parada cardíaca.

Ao se informar sobre a investigação, a ‘Viola’ publicou um breve comunicado em que se limitou a dizer que esperará o resultado para se pronunciar a respeito do caso e tomar providências, se for o caso.

– A Fiorentina tomou nota do que apareceu hoje em vários veículos de imprensa pelo referido à tragédia de Davide Astori. O clube ‘viola’, sempre próximo à família de Davide, considera necessário manter o silêncio como forma de respeito para o nosso Capitão e para seus familiares, à espera de evoluções nas investigações – disse o clube da Toscana.

Torcedores do Chelsea são banidos

O Chelsea disse na segunda-feira que baniu quatro torcedores de partidas até que seja concluída uma investigação sobre suposto racismo contra o atacante do Manchester City Raheem Sterling.

O incidente envolvendo o jogador de 24 anos ocorreu durante a derrota por 2 x 0 do City na Premier League em Stamford Bridge no sábado.

O Chelsea disse que está “apoiando inteiramente” uma investigação policial iniciada após um vídeo postado na internet mostrar Sterling sendo alvo de gritos de um torcedor ao buscar a bola atrás do gol.

Questionado sobre os comentários feitos pelo torcedor, Sterling disse a jornalistas no domingo que ele “teve que rir” porque não esperava mais, acrescentando que os jornais eram “inaceitáveis” na forma com que retratam jovens jogadores negros.

A Associação de Futebolistas Profissionais (PFA, na sigla em inglês) disse que o tratamento duro que Sterling está recebendo da imprensa está alimentando racismo nos campos, cujos relatos aumentaram desde a temporada passada.

– Nós louvamos Raheem por seu profissionalismo durante o incidente – disse o PFA, entidade que representa jogadores na Inglaterra, em comunicado.

– Estamos ao seu lado em instar a imprensa para que considere sua cobertura de todos jogadores cuidadosamente, e para que encerrem sua cobertura desequilibrada de jovens jogadores negros.",pela|itália|investigados|astori|que|morte|são|um|em|pelo|médicos|brasil|por|para|zagueiro|correio|jogadores|investigação|se|disse
52_12-12-18_14_21.csv,correiodobrasil,"Só que não.
Por que não?
O resultado disso é que toda a equipe, incluindo elenco, terá direito a folga no período entre Natal e Ano Novo.
· Não se pode dizer que Espelho da Vida, a das 6, na Globo, é uma novela ruim.
Não é…· … Mas também não se comete nenhum erro afirmar que ela é bem vagarosa.",,"Publicado quarta-feira, 12 de dezembro de 2018 as 09:44, por: CdB

Trata-se de Carcereiras, a versão feminina para o programa protagonizado por Rodrigo Lombardi, sobre o dia a dia e a dura realidade de um grupo de prisioneiras brasileiras.

Por Flávio Ricco – do Rio de Janeiro

Colaboração – José Carlos Nery

Está em andamento na Globo uma nova série, para estreia no Globoplay e em outras plataformas, tocada pela mesma equipe de“Carcereiros, os roteiristas Marçal Aquino, Fernando Bonassi e Dennison Ramalho.

Trata-se de Carcereiras, a versão feminina para o programa protagonizado por Rodrigo Lombardi, sobre o dia a dia e a dura realidade de um grupo de prisioneiras brasileiras.

Ainda não há informações a respeito de lançamento, apenas a confirmação do desenvolvimento do projeto e a opção inicial pelo streaming, setor que vem recebendo forte investimento.

Evidentemente, um trabalho desse gênero poderia até remeter ao sucesso da Netflix, Orange Is The New Black ou à história da jovem de classe alta que acaba em uma penitenciária por causa de um crime do passado, estrelada por Taylor Schilling, que terá sua última temporada, a sétima, em 2019. Só que não.

Por aqui, não faltam questões sobre presídios femininos, e a nossa Carcereiras, a exemplo de“Carcereiros, certamente também terá impressões de Drauzio Varella.

TV Tudo

O que existe

Carcereiros retrata o universo de agentes penitenciários no Brasil, com o personagem do Rodrigo Lombardi vivendo as dificuldades do encarceramento. Dele e dos presidiários.

Resta saber, portanto, qual linha será adotada para essa investida que vem aí, se vão colocar, por exemplo, uma grande estrela do elenco da Globo “atrás das grades”.

Por outro lado

A Neflix ainda não tem uma posição oficial sobre o lançamento da terceira temporada de La Casa de Papel. Está em gravações.

É um dos seus maiores sucessos. A um e dois arrebentaram.

Por isso

Hugo Gloss já é ausência confirmada na transmissão que o TNT vai fazer da 76ª edição do Globo de Ouro, dia 6 de janeiro, em Los Angeles.

Como estará de férias em Fernando de Noronha, não chegará a tempo do credenciamento.

Parabéns!

Nesta quarta-feira, é dia de mais um aniversário de Silvio Santos.

O 88º. Um menino. Parabéns! Como ele gravou ontem, não deve aparecer no SBT nesta quarta-feira.

Filme do Homem

A Moonshot se uniu à Maristela Filmes, FJ Productions e Ricardo Scalamandré para produzir o filme sobre a história de Silvio Santos.

Os trabalhos terão início agora em janeiro, com Rodrigo Faro no papel principal.

Por que não?

A Record poderia muito bem transformar o Balanço Geral – SP, devido ao sucesso, em um programa nacional, na medida do possível com a participação de outras praças.

Pode parecer exagero, mas seria até uma maneira de nivelar por cima, diante do que se faz e se apresenta em outros tantos lugares.

Diferencial

Em relação à décima edição de A Fazenda, muito tem se falado sobre Marcos Mion e os seus índices de audiência.

Mas é preciso destacar também o trabalho da TeleImage, braço da Casablanca, responsável pela criação das provas disputadas pelo elenco. Sempre bem elaboradas.

Outra coisa

Não há nenhum exagero em se afirmar que Marcos Mion foi importante para A Fazenda. Revitalizou o programa.

Mas também é justo reconhecer o quanto foi relevante a Fazenda para o Mion. Da mesma forma, reavivou a carreira dele.

Melhores Anos

Luciano Nassyn e Patrícia Marx, ex-integrantes do “Trem da Alegria”, estarão em Os Melhores Anos das Nossas Vidas, no ar nesta quinta, na Globo.

Apresentação de Lázaro Ramos.

Calculado

O diretor Jorge Fernando conseguiu organizar todas as escalas de gravações de Verão 90, a substituta de O Tempo Não Para na faixa das sete da Globo.

O resultado disso é que toda a equipe, incluindo elenco, terá direito a folga no período entre Natal e Ano Novo.

Último da temporada

Em Sob Pressão, último episódio da temporada que a Globo exibe terça-feira, Carolina (Marjorie Estiano) vai ao encontro de Ana (Nina Morena), filha de Samuel (Stepan Nercessian), para pedir ajuda com as coisas do médico. O objetivo é procurar provas contra Renata (Fernanda Torres).

Bate – Rebate

· Só na terça-feira, de forma oficial, a Globo anunciou a renovação de contrato do Galvão Bueno até 2022…

· … E ressaltou que o narrador vai seguir à frente das principais partidas de futebol e transmissões de Fórmula 1…

· … Além do comando do Bem, Amigos! no SporTV, às segundas-feiras.

· A TV Aparecida vai exibir ao vivo a tradicional Missa do Galo, direto do Vaticano. A celebração, feita pelo Papa Francisco, acontecerá no dia 24, às 18h30…

· … Na Globo, gravação, para exibição à meia-noite.

· Não se pode dizer que Espelho da Vida, a das 6, na Globo, é uma novela ruim. Não é…

· … Mas também não se comete nenhum erro afirmar que ela é bem vagarosa.

· O cantor Daniel recebeu convite para uma participação no filme e na série do grupo Mamonas Assassinas, mas ainda não fechou…

· …A série será exibida pela Record.

· Elenco de Jesus gravando em ritmo acelerado no Casablanca Estúdios, no Rio…

· …Porque é preciso abrir espaço para as próximas produções.

C´est fini

Em novembro, o Comedy Central, canal da Viacom, conseguiu se posicionar à frente de concorrentes como Multishow, Discovery Home & Health e AXN, sendo o 6º canal com maior audiência no público adulto de 18 e 34 anos.

Um dos campeões de audiência é o programa A Culpa é do Cabral, uma mesa redonda de humor. Segundo a assessoria, esse ranking do Kantar Ibope não inclui infantis.

Então é isso. Mas amanhã tem mais. Tchau!",feminina|é|globo|que|da|uma|versão|um|prepara|em|brasil|carcereiros|por|para|orange|black|correio|se|não
