Timestamp,Source,Summary,Authors,Text,Keywords
58_12-12-18_14_34.csv,folharj,"“Estamos em um momento muito importante para a história da moda, estamos em um século colaborativo e precisamos nos unir, para assim, nos fortalecermos para cavar um espaço para o novo no setor, que precisa urgente de renovação.
A moda necessita abrir as portas para uma nova geração com sede de mostrar seu talento, mas precisa de espaço e oportunidade para isso!
Agora é a hora, por isso criei o Projeto Moda Rio e estamos trabalhando de maneira incansável e sem apoio financeiro para isso, mas acreditando em toda uma geração.
O Moda Rio é um novo caminho de transformação de uma realidade hierárquica, antiquada e engessada em um cenário plural, participativo e atual.
O mercado da moda ainda é um setor inacessível, o que inviabiliza o acesso de novos profissionais a esse setor.",Vanessa Haddad,"Por Vanessa Haddad

No próximo dia 8 de dezembro, às 14 h ,o Projeto Moda Rio dará start em sua oitava edição e será palco do PMR LET’S GO, que irá promover um desfile de novos talentos, apresentando ao mercado de moda do Rio de Janeiro cinco novas marcas, consideradas apostas pelo projeto. Os Novos Talentos mostrarão suas coleções para 2019 na passarela do evento, que ocupará o Space Coworking, situado dentro do Teatro Riachuelo, no Centro do Rio. O projeto que coleciona sucessos e uma legião de fãs por onde passa, promete surpreender ainda mais e mostrar um trabalho melhor que o das sete edições já apresentadas.

Nesta edição, o CEO e idealizador do projeto declara estar se sentindo muito feliz com as coleções que serão apresentadas e sobre os profissionais envolvidos em cada uma das marcas, pois acredita que todos poderão acompanhar trabalhos com muita personalidade, com uma pegada sofisticada e atual.

“Estamos em um momento muito importante para a história da moda, estamos em um século colaborativo e precisamos nos unir, para assim, nos fortalecermos para cavar um espaço para o novo no setor, que precisa urgente de renovação. A moda necessita abrir as portas para uma nova geração com sede de mostrar seu talento, mas precisa de espaço e oportunidade para isso! Agora é a hora, por isso criei o Projeto Moda Rio e estamos trabalhando de maneira incansável e sem apoio financeiro para isso, mas acreditando em toda uma geração. Vamos fazer no PMR LET’S GO 2018 um belíssimo trabalho, estou muito feliz com tudo que já vi e quem assistir os desfiles, garanto que também vai gostar muito e se surpreender!” declara animado o CEO Wallace Safra.

Nesta edição serão apresentadas as marcas: Luna, Doble, Viviane Blanco, Clichêe e Geração P.

Geração P (marca masculina)

Izaquis de Paulo / Sócio e Gestor operacional

53 anos / Nascido em Anchieta (Zona Norte do Rio de Janeiro) e hoje reside em Copacaba (Zona sul do Rio) – Microempreendedor e Bombeiro aposentado.

Luna (marca masculina e moda praia masculina)

Felipe Luna / Designer e Estilista

22 anos / Nascido na Praça XV (Centro do Rio de Janeiro) e hoje reside em Nova Iguaçu (Baixada Fluminense) – Estudante

Clichêe (Marca de acessórios)

Gisele Barthar / Designer

39 anos / Nascida em Rocha Miranda (Zona norte do Rio de Janeiro) e hoje ainda reside em Rocha Miranda – Microempreendedora

Viviane Blanco (Marca Moda praia Feminina)

Viviane Blanco / Designer e Estilista

30 anos / Nascida em Engenho de Dentro (Zona norte do Rio de Janeiro) e hoje ainda reside em Engenho de Dentro – Microempreendedora e Modelista da Leader Magazzine;

Duplo

Lucas Miranda – Designer e CEO

24 anos / Nascido em Nova Iguaçu (baixada Fluminense) e hoje ainda reside em Nova Iguaçu – Microempreendedor e Gestor da Cravo e Rosa (Confecção de Roupas);

Para você que ainda não conhece, o Projeto Moda Rio é uma startup focada na gestão do capital humano e que dá apoio a novos profissionais, serviços, negócios e empreendedores do setor de moda no Rio de Janeiro, com diversidade social, de gênero e de raça. A moda não pode ter só uma cara. A pluralidade é o que os move.

O Projeto realiza eventos de médio e grande porte, com desfiles, talks, exposições, palestras, oficinas, exposições, áreas de convivência, shows, etc.

Acreditamos no PROJETO MODA RIO como uma oportunidade de fomento cultural e com grande potencial de aquecimento da economia regional, uma nova maneira de investidores, órgãos envolvidos, empreendedores e consumidores enxergarem o mercado com maior amplitude comercial. Uma oportunidade genuína de como investidores, entidades, empreendedores e visitantes podem enxergar o Estado. O Moda Rio é um novo caminho de transformação de uma realidade hierárquica, antiquada e engessada em um cenário plural, participativo e atual.

O mercado da moda ainda é um setor inacessível, o que inviabiliza o acesso de novos profissionais a esse setor. A Startup cria um ambiente de profissionalização, através da integração entre profissionais, novas marcas e produtos, demonstrando seus trabalhos, ideias e capacidades, propondo visibilidade, através de uma vitrine de boas e novas opções.

Fotos Gustavo Paixão

Serviço

Dia 8 de dezembro às 14 h no Teatro Riachuelo

Rua do Passeio, 38/40 – Centro, Rio de Janeiro – RJ, 20021-290",explora|rio|que|da|talentos|moda|uma|tendências|um|em|mostra|projeto|para|com|desfile|novos|novas|diversidade|janeiro
58_12-12-18_14_34.csv,folharj,"A Casa Civil, que será comandada por Onyx Lorenzoni, manterá as atribuições de comando de governo e será responsável pela articulação política no Congresso Nacional.
Segundo Onyx, serão criadas duas secretarias específicas para cuidar das relações com a Câmara dos Deputados e o Senado Federal, uma para cada Casa.
A relação do governo federal com estados e municípios será atribuição da Secretaria de Governo, sob o comando do general Santos Cruz.
“O Ministério do Trabalho passa a estar contido, majoritariamente, no Ministério da Justiça.
Lá está, com certeza, a secretaria que cuida das [concessões de] cartas sindicais, que foi foco de problemas.",Agência Brasil,"Por Agência Brasil

A estrutura definitiva da Esplanada dos Ministérios no governo de Jair Bolsonaro foi apresentada na tarde de hoje (3), em coletiva de imprensa, pelo ministro extraordinário da transição, Onyx Lorenzoni. Inicialmente, serão 22 ministérios (veja a lista abaixo), incluindo Banco Central (BC) e Advocacia-Geral da União (AGU). Esses dois órgãos, no entanto, deverão perder o status de ministério na próxima gestão, reduzindo posteriormente o número de pastas a 20.

No caso do BC, o novo governo defenderá aprovação da autonomia e independência da autarquia. Já em relação à AGU, a ideia é apresentar uma mudança constitucional para prever que toda ação judicial que envolva atuação do governo federal tenha como foro judicial os tribunais superiores. Com isso, o governo poderia abrir mão do status de ministério da AGU, que dava foro especial ao advogado-geral da União para processos movidos em primeira instância.

O presidente eleito Jair Bolsonaro terá uma assessoria especial específica para cuidar de sua comunicação pessoal. Essa estrutura estará vinculada diretamente ao gabinete presidencial e deverá ser responsável pela gestão das redes sociais do presidente, muito usadas por ele para manifestar posições e se comunicar com a população. Já a comunicação institucional de governo, incluindo as verbas oficiais de publicidade, será mantida na Secretaria de Comunicação, que ficará vinculada à Secretaria-Geral da Presidência da República, comandada pelo advogado Gustavo Bebianno. A pasta também será responsável por um programa de modernização do Estado e pela Secretaria de Assuntos Estratégicos (SAE) do governo.

A Casa Civil, que será comandada por Onyx Lorenzoni, manterá as atribuições de comando de governo e será responsável pela articulação política no Congresso Nacional. Segundo Onyx, serão criadas duas secretarias específicas para cuidar das relações com a Câmara dos Deputados e o Senado Federal, uma para cada Casa. Elas serão integradas por ex-parlamentares. A relação do governo federal com estados e municípios será atribuição da Secretaria de Governo, sob o comando do general Santos Cruz. Ele também ficará responsável pelo Programa de Parcerias e Investimentos (PPI), que tem uma carteira de mais de 40 projetos e cerca de R$ 20 bilhões previstos em investimentos.

Onyx Lorenzoni também confirmou a extinção do Ministério do Trabalho e a redistribuição das atribuições da pasta entre os ministérios da Justiça e Segurança Pública, da Cidadania e Economia. “O Ministério do Trabalho passa a estar contido, majoritariamente, no Ministério da Justiça. Lá está, com certeza, a secretaria que cuida das [concessões de] cartas sindicais, que foi foco de problemas. Ela vai estar sob controle do doutor Moro. No Ministério da Economia, vai estar a questão da fiscalização e políticas públicas para o emprego, e há uma parte menor no Ministério da Cidadania, como a Secretaria de Economia Solidária”, explicou.

O próximo governo também manterá o Ministério dos Direitos Humanos, que incluirá uma Secretaria de Políticas para as Mulheres, além de questões relacionadas à igualdade social e políticas para a população LGBT.

Confira os 22 ministérios do governo de Jair Bolsonaro a partir de 2019:

– Casa Civil

– Secretaria-Geral da Presidência da República

– Secretaria de Governo

– Gabinete de Segurança Institucional (GSI)

– Advocacia-Geral da União (AGU)*

– Banco Central*

– Economia

– Agricultura

– Meio Ambiente

– Direitos Humanos

– Ciência, Tecnologia e Comunicação

– Relações Exteriores

– Defesa

– Cidadania

– Educação

– Saúde

– Justiça e Segurança Pública

– Turismo

– Infraestrutura

– Desenvolvimento Regional

– Transparência

– Minas e Energia

* devem perder o status de ministério durante o governo",lista|ministério|uma|ministérios|secretaria|dos|governo|que|por|para|bolsonaro|será|com|da|22|apresenta|onyx
58_12-12-18_14_34.csv,folharj,"Por Vanessa HaddadO Brasil é record em cirurgias plásticas, mas será que as pessoas que desejam passar por uma cirurgia plástica, seja ela estética ou reparadora, estão em condições de realizar a cirurgia?
Ainda segundo o cirurgião, a primeira coisa que o paciente deve se perguntar é: Estou em condições de realizar uma cirurgia plástica?
8- Quero fazer a cirurgia plástica para mudar algo que considero importante e não para satisfazer a vontade de outras pessoas?
11- Estou ciente que tenho que fazer minha parte no pré e pós-operatório para garantir o sucesso da cirurgia?
15- Compreendi todas as informações e assinei os documentos necessários para realização da cirurgia plástica?",Vanessa Haddad,"Por Vanessa Haddad

O Brasil é record em cirurgias plásticas, mas será que as pessoas que desejam passar por uma cirurgia plástica, seja ela estética ou reparadora, estão em condições de realizar a cirurgia?

Segundo o Cirurgião plástico Dr Eduardo Mello da QUOVITA, é muito importante ficar atenta as mudanças no estilo de vida, possíveis cicatrizes, pesquisar sobre o profissional que vai realizar a cirurgia e estar consciente sobre o pós-operatório.

Ainda segundo o cirurgião, a primeira coisa que o paciente deve se perguntar é: Estou em condições de realizar uma cirurgia plástica?

“Responder a esta pergunta pode não ser tão simples como parece! Por isso, listei abaixo alguns questionamentos que considero muito importante que todo paciente deve fazer antes de decidir se submeter a um procedimento cirúrgico”, explica o Dr Eduardo Mello.

1- Tenho uma vida saudável, não fumo, minha alimentação é saudável e pratico exercícios físicos regularmente?

2- Estou bem emocionalmente para encarar uma cirurgia plástica nesse momento?

3- Fumo e estou disposta a parar de fumar para realizar minha cirurgia?

4- Sou sedentária e me alimento mal, mas estou disposta a mudar meu estilo de vida?

5- Estou disposta a fazer o repouso e me cuidar no pós-operatório?

6- Estou consciente sobre as cicatrizes após a cirurgia?

7- Sou realista quanto aos resultados do meu procedimento?

8- Quero fazer a cirurgia plástica para mudar algo que considero importante e não para satisfazer a vontade de outras pessoas?

9- Pesquisei sobre o cirurgião plástico e seus resultados em outras pacientes e estou segura quanto ao procedimento e a escolha? Me certifiquei que o médico é especialista em cirurgia plástica pela Sociedade Brasileira de Cirurgia Plástica (SBCP)

10- Esclareci todas as minhas dúvidas e falei sobre as minhas condições de saúde, tratamentos médicos, estéticos, alergias e uso de medicamentos?

11- Estou ciente que tenho que fazer minha parte no pré e pós-operatório para garantir o sucesso da cirurgia?

12- Tenho uma pessoa que vai cuidar de mim no pós-operatório ou enquanto estiver de repouso?

13- Tenho todas as informações sobre o médico, cirurgia, hospital e pós-operatório?

14- Estou confiante sobre o Meu procedimento e meus resultados?

15- Compreendi todas as informações e assinei os documentos necessários para realização da cirurgia plástica?

O Cirurgião plástico explicou que responder essas perguntas a si mesma é muito importante para o sucesso da cirurgia, dos resultados e diminui os riscos à saúde física e emocional dessa paciente.

“É de extrema importância esclarecer todas as dúvidas antes de se submeter a uma cirurgia plástica para evitar as frustações com o resultado da cirurgia, com os efeitos do pós-operatório e com a segurança dessa paciente”, finaliza o Dr Eduardo Mello.",uma|cirurgia|saber|é|antes|em|que|para|plástica|devo|realizar|sobre|da|estou
58_12-12-18_14_34.csv,folharj,"Referência em clareamento dental a Dra.
Patrícia Baptista fala sobre diferentes tipos de tratamentos, e dá dicas dos cuidados que se deve ter na hora de fazer esse processo em casa.
Antes de mais nada é preciso saber que para realizar um clareamento é imprescindível que se faça uma consulta com o dentista que fará uma rigorosa avaliação e analise dos seus dentes.
O clareamento dental é um tratamento que usa substâncias químicas que modificam a cor do dente, tirando manchas que aparecem.
Após os processos de clareamento alguns pacientes podem sentir um pouco de sensibilidade nos dentes, mas com um creme dental apropriado essa sensação passará em poucos dias.",Vanessa Haddad,"Por Vanessa Haddad

Todo mundo sabe que o sorriso é o cartão de visitas do ser humano, e para garantir um sorriso branco e saudável, muitas pessoas tem recorrido ao clareamento dental.

Referência em clareamento dental a Dra. Patrícia Baptista fala sobre diferentes tipos de tratamentos, e dá dicas dos cuidados que se deve ter na hora de fazer esse processo em casa.

Antes de mais nada é preciso saber que para realizar um clareamento é imprescindível que se faça uma consulta com o dentista que fará uma rigorosa avaliação e analise dos seus dentes. Muitas pessoas acham técnicas rápidas e milagrosas na internet sobre clareamento, e resolvem fazer, mas cuidado, isso pode ser muito perigoso e causar danos irreparáveis aos dentes.

O clareamento dental é um tratamento que usa substâncias químicas que modificam a cor do dente, tirando manchas que aparecem. O consumo de alimentos escuros e com muito corante podem contribuir para o amarelamento dos dentes, o uso frequente de tabaco é um dos principais causadores de pigmentação nos dentes.

Existem dois tipos de clareamento dental, o caseiro e o de consultório, mas ambos devem ter acompanhamento de um dentista.

o clareamento de consultório deve ser feito exclusivamente pelo profissional capacitado que usará peróxido de hidrogênio, que é muito mais potente que o peróxido de carbamida que é utilizado na técnica caseira. A diferença na coloração dos dentes pode ser notadas logo na primeira sessão do clareamento em consultório.

No clareamento caseiro o dentista confecciona uma moldeira personalizada e fornece o gel clareador, e acompanha o processo de evolução do clareamento do paciente.

Após os processos de clareamento alguns pacientes podem sentir um pouco de sensibilidade nos dentes, mas com um creme dental apropriado essa sensação passará em poucos dias.

Sobre a Dra. Patrícia:

A empresária e dentista Dra. Patrícia Baptista, se apaixonou pela carreira ainda na adolescência. Iniciou o curso de odontologia aos 18 anos, e se especializou em clareamentos, cuidado bucal na 3° idade, com foco em próteses dentarias, reabilitação oral e prótese sobre implante.

“Adoro ver a confiança dos meus pacientes, restaurada. Nunca é tarde pra voltar a sorrir.” – Dra. Patrícia Baptista

A simpatia do consultório chegou as redes sociais, onde a dentista divide seu dia a dia com seguidores, mostra o resultado de alguns tratamentos e também publica dicas de cuidados diários. Com o sucesso das redes sociais, chamou atenção de grandes personalidades, e quase que diariamente recebe grandes nomes da mídia em seus consultórios.

Redes sociais:

Instagram: @drapatriciabaptista

Site: http://odontobap.com.br/

Endereços:

Consultório Tatuapé

Rua Tuiuti, 1345 – Tatuapé

Consultório Penha

Av. Amador Bueno da Veiga, 184 – Penha",dra|baptista|clareamento|dental|é|um|patricia|dicas|dos|em|que|ser|com|confira|se
58_12-12-18_14_34.csv,folharj,"Por Vanessa HaddadProfissional do Estúdio Nanno fala sobre as principais tendências de cortes para arrasar em 2019Os cortes contam com os fios mais bagunçados, desconectados e desfiados.
Eles contam com as pontas mais desconectadas, um pouco de volume – dependendo do estilo -, somados a muita ousadia.
Veja as inspirações e crie algo único e lindo nos seus fios:MédiosOs médios também chegam com tudo para arrasar em 2019.
Aquilo que lhe faz bem, o estilo que lhe traz segurança e o modelo de corte que faz você se sentir linda.
Não precisa copiar os cortes das tendências para ter um estilo lindo, ok?",Vanessa Haddad,"Por Vanessa Haddad

Profissional do Estúdio Nanno fala sobre as principais tendências de cortes para arrasar em 2019

Os cortes contam com os fios mais bagunçados, desconectados e desfiados. Fugindo do estilo tradicional, por isso separamos as melhores opções de curtíssimos e médios, já que o ano conta com cabelos menos compridos. Deixando de lado aquela história de feminilidade apenas com relação aos cabelos imensos.

Veja as opções e inspire-se:

Curtos

Os curtíssimos estarão super em alta no novo ano. Eles contam com as pontas mais desconectadas, um pouco de volume – dependendo do estilo -, somados a muita ousadia. Veja as inspirações e crie algo único e lindo nos seus fios:

Médios

Os médios também chegam com tudo para arrasar em 2019. Contando, principalmente, com aqueles modelos que apresentam bastante volume. Uma vez que estes fios tendem a apresentar um acabamento mais sensual e bonito. Ouse, abandone as madeixas certinhas e crie camadas e desfio um médio também ! Veja as inspirações:

Escolhendo de acordo com o seu estilo

Vale lembrarmos que, apesar de haver tendências e estilos que estarão em alta no ano de 2019, o que mais conta na hora de escolher o seu corte é o seu estilo. Sim! Aquilo que lhe faz bem, o estilo que lhe traz segurança e o modelo de corte que faz você se sentir linda. Não precisa copiar os cortes das tendências para ter um estilo lindo, ok? Pois não há nada mais bonito do que uma mulher segura de si. Portanto, escolha algo que fale sobre você, sua personalidade e invista nestas opções !!!

http://studionanno.com.br/",victor|estilo|que|hair|cortes|tendências|padilha|dos|um|em|mostra|famosos|cabelo|para|opções|stylist|com|seu|mais
58_12-12-18_14_34.csv,folharj,"Por Agência BrasilO pagamento do 13º salário a 3,9 milhões de trabalhadores e funcionários públicos do estado do Rio de Janeiro deve injetar R$ 8,81 bilhões na economia fluminense, já considerando deduções do imposto de renda.
O pagamento da primeira parcela do 13º salário chega R$ 4,76 bilhões.
A segunda parcela, que deve ser depositada até o dia 20 de dezembro, será de R$ 4,05 bilhões.
Segundo a Fecomércio, o salário médio a ser pago é de R$ 2.240.
Entre os trabalhadores formais, 2,79 milhões são do setor privado, 201 mil são domésticos, 125 empregados são do setor público e 793 mil, servidores públicos e militares.",Agência Brasil,"Por Agência Brasil

O pagamento do 13º salário a 3,9 milhões de trabalhadores e funcionários públicos do estado do Rio de Janeiro deve injetar R$ 8,81 bilhões na economia fluminense, já considerando deduções do imposto de renda.

O levantamento é da Federação do Comércio de Bens, Serviços e Turismo do Rio de Janeiro (Fecomércio-RJ), feito com base em dados da Pesquisa Nacional por Amostra de Domicílio (PNAD Trimestral), do Instituto Brasileiro de Geografia e Estatística (IBGE). As empresas terão até o dia 30 de novembro para quitar a primeira parcela do benefício, de acordo com a legislação vigente.

O pagamento da primeira parcela do 13º salário chega R$ 4,76 bilhões. A segunda parcela, que deve ser depositada até o dia 20 de dezembro, será de R$ 4,05 bilhões.

Segundo a Fecomércio, o salário médio a ser pago é de R$ 2.240. Entre os trabalhadores formais, 2,79 milhões são do setor privado, 201 mil são domésticos, 125 empregados são do setor público e 793 mil, servidores públicos e militares.

Contratação de temporários

A estimativa da Fecomércio RJ indica que os recursos provenientes do pagamento do 13º salário devem impulsionar a economia no final do ano, quando tradicionalmente o comércio tem maior movimento de vendas.

Com isso, a instituição estima que deverão ser contratos, no período das festas de Natal e final de ano, cerca de 10,3 mil funcionários temporários, com o objetivo de suprir a demanda do comércio no período em todo o estado.

“As contratações devem ocorrer nos estabelecimentos do comércio varejista de vestuário e calçados, joias e bijuterias, magazines, tecidos e artigos de cama mesa e banho, hipermercados, supermercados e minimercados, eletroeletrônicos, papelarias, produtos de perfumaria, CDs e DVDs e brinquedos”, estima a Fecomércio.",pagamento|são|rio|economia|bilhões|mil|salário|ser|r|que|13º|88|injetará|comércio|da|parcela
58_12-12-18_14_34.csv,folharj,"Por Agência BrasilO presidente eleito, Jair Bolsonaro, afirmou hoje (28) que poderá criar até 22 ministérios em seu governo, sete a mais do que os 15 previstos inicialmente.
A última pasta, segundo ele, poderá ser o Ministério das Mulheres, a partir de um pedido da bancada feminina no Congresso Nacional.
“[Queremos] um direitos humanos de verdade, não esse que está aí, que não tem qualquer eco na sociedade brasileira”, disse Bolsonaro, ao se referir à possibilidade de manutenção da pasta.
Até agora, incluindo Banco Central e Advocacia Geral da União (AGU), foram anunciados 19 ministérios do futuro governo.
Sobre a AGU, o governo ainda poderá avaliar se manterá o statu de primeiro escalão, como ocorre hoje.",Agência Brasil,"Por Agência Brasil

O presidente eleito, Jair Bolsonaro, afirmou hoje (28) que poderá criar até 22 ministérios em seu governo, sete a mais do que os 15 previstos inicialmente. A última pasta, segundo ele, poderá ser o Ministério das Mulheres, a partir de um pedido da bancada feminina no Congresso Nacional. Atualmente, o governo tem 29 ministérios.

“Vai ser decidido [sobre a criação da pasta], houve um apelo por parte da bancada feminina, grande parte presente aqui”, afirmou, pouco antes de deixar o Centro Cultural Banco do Brasil (CCBB), em Brasília, para retornar ao Rio de Janeiro.

De acordo com Onyx Lorezoni, futuro ministro-chefe da Casa Civil, a pasta reivindicada pela bancada feminina poderá ser a manutenção do atual Ministério dos Direitos Humanos, que cuida das políticas de igualdade racial, população LGBT e mulheres.

“[Queremos] um direitos humanos de verdade, não esse que está aí, que não tem qualquer eco na sociedade brasileira”, disse Bolsonaro, ao se referir à possibilidade de manutenção da pasta.

Até agora, incluindo Banco Central e Advocacia Geral da União (AGU), foram anunciados 19 ministérios do futuro governo. Ainda faltam as indicações para o Meio Ambiente e Minas e Energia. Segundo o presidente eleito, os nomes serão anunciados na semana que vem.

“A semana que vem sai os demais ministérios”, disse. Segundo ele, para o Meio Ambiente, a demora no anúncio se deve a conversas e acertos, e citou a indicação de um terceiro nome nos últimos dias, que ele está avaliando.

Segundo Onyx Lorenzoni, quando fora aprovada a independência do Banco Central, o órgão não terá mais status de ministério. Sobre a AGU, o governo ainda poderá avaliar se manterá o statu de primeiro escalão, como ocorre hoje.",ministérios|diz|ser|um|pasta|governo|que|para|bolsonaro|segundo|futuro|da|ter|se|22|poderá
58_12-12-18_14_34.csv,folharj,"Por Agência BrasilNa primeira visita ao Congresso Nacional desde que foi eleito, Jair Bolsonaro reafirmou seu compromisso com a Constituição Federal, e afirmou que todos os Poderes da República têm o compromisso de preservar a Carta Magna, que completa 30 anos.
“Na democracia só existe um norte que é o da nossa Constituição.
“É momento de reafirmar nosso comprometimento com a manutenção e longevidade da nossa Constituição.
É hora de celebrarmos um grande pacto nacional para juntos trilharmos caminho na busca de reformas fundamentais que precisamos enfrentar”, disse.
Toffoli disse ser testemunha de que o Congresso tem conseguido atualizar as leis com a votação de emendas e projetos e assegurou que Judiciário continuará sendo moderador nas questões fundamentais para o país que precisarão ser apaziguadas.",Agência Brasil,"Por Agência Brasil

Na primeira visita ao Congresso Nacional desde que foi eleito, Jair Bolsonaro reafirmou seu compromisso com a Constituição Federal, e afirmou que todos os Poderes da República têm o compromisso de preservar a Carta Magna, que completa 30 anos.

“Na democracia só existe um norte que é o da nossa Constituição. Juntos, vamos continuar construindo o Brasil que nosso povo merece. Temos tudo para ser uma grande nação”, disse ao declarar estar feliz com o retorno à Casa e lembrar que os presentes na sessão ocupam cargos chaves capazes de mudar o futuro da nação.

Pouco antes, o presidente do Supremo Tribunal Federal (STF), Dias Toffoli, defendeu que, passadas as eleições, o Brasil precisa encontrar um ponto de união em meio às diferenças. Durante o evento, Toffoli defendeu dedicação às reformas essenciais e destacou, como principais, as mudanças previdenciárias, tributárias e fiscais e a promoção da segurança pública.

“É momento de reafirmar nosso comprometimento com a manutenção e longevidade da nossa Constituição. País sempre demanda atualização da Carta. É hora de celebrarmos um grande pacto nacional para juntos trilharmos caminho na busca de reformas fundamentais que precisamos enfrentar”, disse.

Toffoli disse ser testemunha de que o Congresso tem conseguido atualizar as leis com a votação de emendas e projetos e assegurou que Judiciário continuará sendo moderador nas questões fundamentais para o país que precisarão ser apaziguadas.",congresso|ser|é|um|constituição|que|para|compromisso|bolsonaro|toffoli|com|reafirma|às|da
58_12-12-18_14_34.csv,folharj,"Com mais de 97% das urnas apuradas, o pesselista obteve pouco mais de 55% dos votos válidos, contra 44% de Fernando Haddad (PT).
O povo, mais que o dever, tem o direito de saber o que acontece em seu país.
Bolsonaro disse ainda que terá governabilidade, “dado os contatos que fizemos ao longo dos últimos anos” e disse que “todos os compromissos assumidos com essas bandeiras serão cumpridos, com o povo em cada local do Brasil em que estive presente”.
Ao se dirigir aos jovens, ele disse que vai governar “com os olhos nas futuras gerações e não na próxima eleição”.
Ao ser questionado por um repórter que mensagem ele teria para o conjunto de eleitores, inclusive os que não o elegeram, Bolsonaro prometeu trabalhar pela pacificação do país.",Agência Brasil,"Por Agência Brasil

O presidente eleito do país Jair Bolsonaro (PSL) usou sua conta oficial no Facebook, que tem mais de 8 milhões de seguidores, para transmitir seu primeiro discurso após a vitória. Com mais de 97% das urnas apuradas, o pesselista obteve pouco mais de 55% dos votos válidos, contra 44% de Fernando Haddad (PT).

Foram quase 8 minutos de pronunciamento na rede social, ao lado de sua esposa, Michele, e de uma tradutora de Libras (Língua Brasileira de Sinais). As imagens foram gravadas na casa do próprio candidato eleito. Sobre a mesa, havia exemplares da Bíblia, da Constituição e de um livro sobre o ex-primeiro ministro britânico Wiston Churchill, que liderou o Reino Unido durante a Segunda Guerra Mundial.

Inicialmente, Bolsonaro fez uma referência religiosa e agradeceu aos médicos que cuidaram de sua saúde, após o atentando à faca que sofreu no dia 6 de setembro. “Fizemos uma campanha diferente das outras. Nossa bandeira e nosso slogan, fui buscar naquilo que muitos chamam de caixa de ferramentas para consertar o homem e a mulher: a Bíblia sagrada”,

Ele lembrou que tomou a decisão de disputar a Presidência da República há quatro anos. “A verdade tem que começar a valer dentro dos lares, até o ponto mais alto, que é a Presidência da República. O povo, mais que o dever, tem o direito de saber o que acontece em seu país. Graças à Deus, essa verdade o povo entendeu perfeitamente. Alguém sem um grande partido, sem um fundo partidário, com grande parte da grande mídia o tempo todo criticando, colocando-me numa situação, muitas vezes, próximo a uma situação vexatória”.

Sem fazer referência a Fernando Haddad, o presidente eleito falou que o país clamava por mudança e fez críticas à esquerda, prometendo governar sem indicações políticas. “Não podíamos mais continuar flertando com o socialismo, o comunismo e o extremismo da esquerda. (…) O que eu mais quero, seguindo o ensinamento de Deus, ao lado da Constituição brasileira, inspirando-se em grandes líderes mundiais e com uma boa assessoria técnica e profissional, isenta de indicações políticas de praxe, começar a fazer um governo, a partir do ano que vem, que possa colocar o Brasil em um lugar de destaque”, afirmou.

Bolsonaro disse ainda que terá governabilidade, “dado os contatos que fizemos ao longo dos últimos anos” e disse que “todos os compromissos assumidos com essas bandeiras serão cumpridos, com o povo em cada local do Brasil em que estive presente”.

Pronunciamento

Minutos depois, Bolsonaro falou em rede nacional, para emissoras de rádio e televisão do país. Antes de ler o discurso escrito, houve um rápido momento de oração, puxado pelo senador Magno Malta (PR), integrante da bancada evangélica e aliado do presidente eleito. Nesse segundo pronunciamento, Bolsonaro voltou a agradecer a Deus e ao povo brasileiro e falou dos diversos compromissos assumidos.

“O que ocorreu hoje na urnas não foi a vitória de um partido, mas a celebração de um país pela liberdade. O compromisso que assumimos foi fazer um governo decente. Nosso governo será formado por pessoas com o mesmo propósito de transformar nosso país em uma grande, livre e próspera nação. Trabalhermos dia e noite para isso”, afirmou.

Em seguida, defendeu as liberdades de empreender, política, religiosa e de informar e ser informado. Bolsonaro disse que “não existem brasileiros do Sul e do Norte. Somos todos um só país, somos todos uma só nação”. Ao se dirigir aos jovens, ele disse que vai governar “com os olhos nas futuras gerações e não na próxima eleição”.

Federação

Bolsonaro falou também em “desamarrar” o Brasil e disse que vai descentralizar a liberação de recursos para os municípios. “Os recursos federais irão diretamente do governo central para os estados e municípios. Precisamos de mais Brasil e menos Brasília”.

Economia

O presidente eleito prometeu reduzir o tamanho do Estado. “O governo dará um passo atrás, reduzindo sua esturutura e cortando privilégios, para que a sociedade dê muitos passos à frente”. Afirmou que terá compromisso com o emprego, a renda e o equilíbrio fiscal. O pesselista defendeu o direito de propriedade e falou em “quebrar o ciclo vicioso do crescimento da dívida [pública]”. Ele disse que é preciso eliminar o déficit primário “o mais rápido possível e converter em superávit”.

Política externa

Bolsonaro fez referência à política externa do país e disse que vai libertar o Itamaraty do que chamou de “viés de esquerda”: “O Brasil deixará de estar apartado das nações desenvolvidas”, afirmou.

Ao ser questionado por um repórter que mensagem ele teria para o conjunto de eleitores, inclusive os que não o elegeram, Bolsonaro prometeu trabalhar pela pacificação do país. “Vamos pacificar o Brasil e, sob a Constituição e as leis, vamos construir uma grande nação”, afirmou",uma|país|governará|diz|os|um|constituição|ao|em|que|para|bolsonaro|com|da|lado|mais
58_12-12-18_14_34.csv,folharj,"Com pouco menos de 5% dos votos para serem apurados, o candidato do PSL venceu o petista Fernando Haddad com 55,49% dos votos válidos, contra 44,51% para Haddad.
A pesquisa de boca de urna divulgada pelo Ibope na tarde deste domingo apontava Bolsonaro com 56% dos votos válidos, contra 44% para Haddad.
O Datafolha apontou Bolsonaro com 55% dos votos válidos, contra 45% para Haddad.
No primeiro turno, Bolsonaro totalizou 49,2 milhões de votos, ou 46,03% dos votos válidos.
Haddad avançou ao segundo turno com 29,28% dos votos válidos, com cerca de 31,3 milhões de votos.",Agência Brasil,"Por Agência Brasil

Jair Messias Bolsonaro é o novo presidente do Brasil. Com pouco menos de 5% dos votos para serem apurados, o candidato do PSL venceu o petista Fernando Haddad com 55,49% dos votos válidos, contra 44,51% para Haddad. A pesquisa de boca de urna divulgada pelo Ibope na tarde deste domingo apontava Bolsonaro com 56% dos votos válidos, contra 44% para Haddad.

Os levantamentos de intenções de voto divulgados por Ibope e Datafolha no sábado apontavam uma vitória do candidato do PSL contra seu adversário do PT. O Datafolha apontou Bolsonaro com 55% dos votos válidos, contra 45% para Haddad. Já o Ibope mostrou Bolsonaro com 56%, enquanto Haddad apareceu com 44%.

No primeiro turno, Bolsonaro totalizou 49,2 milhões de votos, ou 46,03% dos votos válidos. Haddad avançou ao segundo turno com 29,28% dos votos válidos, com cerca de 31,3 milhões de votos.

Jair Bolsonaro iniciou sua carreira política em 1988, quando se elegeu vereador pelo Rio de Janeiro. Em 1990, Bolsonaro foi eleito deputado federal pela primeira vez. Atualmente, o capitão da reserva está em seu sétimo mandato consecutivo na Câmara dos Deputados.

Bolsonaro, de 63 anos, nasceu em Glicério, no interior de São Paulo. O novo presidente do Brasil serviu ao Exército entre 1977 e 1988, e chegou à patente de capitão. Três filhos de Bolsonaro também ocupam cargos políticos: Flávio, senador eleitor pelo Rio; Eduardo, deputado federal reeleito por São Paulo; e Carlos, vereador na capital fluminense.

Apoiadores de Bolsonaro fizeram festa ao longo do dia na frente da sua residência, na Barra da Tijuca, Zona Oeste do Rio. Eleitores do candidato do PSL chegaram a fazer desafios de pagar 17 flexões, em referência ao número do partido. Alguns deles organizaram um churrasco na frente do condomínio de Bolsonaro.

Após sofrer um atentado a faca em Juiz de Fora (MG) durante um evento de campanha, no início de setembro, Bolsonaro teve de passar por cirurgia e colocou uma bolsa de colostomia. O presidenciável passou cerca de três semanas internado, a maior parte desse tempo no Hospital Albert Einstein, em São Paulo.

Depois que recebeu alta hospitalar, Bolsonaro passou a maior parte do tempo em sua residência, na Barra da Tijuca, onde recebeu aliados para traçar os passos seguintes da campanha e manteve comunicação diária com eleitores através de publicações em redes sociais. Bolsonaro alegou motivos de saúde para não participar de debates com Fernando Haddad no segundo turno.",válidos|é|jair|dos|em|haddad|votos|para|bolsonaro|por|presidente|eleito|com|da|brasil
58_12-12-18_14_34.csv,folharj,"Por Agência BrasilO ex-juiz federal Wilson Witzel (PSC) foi eleito hoje (28) governador do Rio de Janeiro.
Com 87,24% das urnas apuradas, Witzel está eleito com 60,68% dos votos válidos.
Em sua primeira eleição para um cargo público, Witzel passou boa parte do primeiro turno com menos de 5% das intenções de voto nas pesquisas eleitorais.
Apenas na última semana antes das eleições as pesquisas registraram a disparada de Witzel, que terminou o primeiro turno na primeira colocação, com 3,15 milhões de votos.
A ideia é que os dois novos secretários e o governador componham um gabinete de segurança pública para que Witzel tenha controle direto sobre a área.",Agência Brasil,"Por Agência Brasil

O ex-juiz federal Wilson Witzel (PSC) foi eleito hoje (28) governador do Rio de Janeiro. Com 87,24% das urnas apuradas, Witzel está eleito com 60,68% dos votos válidos. Eduardo Paes (DEM) ficou em segundo lugar, com 39,32%.

Em sua primeira eleição para um cargo público, Witzel passou boa parte do primeiro turno com menos de 5% das intenções de voto nas pesquisas eleitorais. Apenas na última semana antes das eleições as pesquisas registraram a disparada de Witzel, que terminou o primeiro turno na primeira colocação, com 3,15 milhões de votos. No segundo turno, liderou toda a corrida eleitoral, apesar de Eduardo Paes (DEM) ter se aproximado dele no final.

Com o lema “Mudando o Rio com Juízo”, Witzel aliou sua imagem de político novo com a sua experiência na magistratura para criticar as gestões de Sérgio Cabral (2007 a 2014) e de Luiz Fernando Pezão (governador desde 2014) e angariar o apoio do eleitorado.

Eixos de governo

Seus principais eixos de governo são a reorganização das contas públicas do estado, que passa por uma crise orçamentária há três anos; o combate à corrupção e a prioridade para a segurança pública.

Como proposta para acabar com a crise financeira, Witzel propõe o estímulo à atividade econômica e o combate à evasão fiscal para aumentar a arrecadação do estado, ao mesmo tempo em que reduz a carga tributária. Também propõe uma melhoria da gestão do serviço público.

Em relação à corrupção, a proposta de Witzel inclui a reestruturação dos órgãos de controle do estado, como o Tribunal de Contas do Estado (TCE), que teve quase todos seus conselheiros envolvidos em corrupção no ano passado. O governador eleito também propõe incorporar as dez medidas de combate à corrupção elaboradas pelo Ministério Público Federal (MPF) e replicar o modelo investigativo da Lava Jato no estado.

A segurança pública é a terceira bandeira prioritária de Witzel. Entre suas propostas para a área, está extinguir a Secretaria de Segurança e elevar a Chefia de Polícia Civil e o Comando de Polícia Militar ao status de secretarias. A ideia é que os dois novos secretários e o governador componham um gabinete de segurança pública para que Witzel tenha controle direto sobre a área.

A proposta é que o gabinete seja assessorado por um comitê formado por integrantes do Judiciário, do Ministério Público e de forças federais (Polícia Federal e Forças Armadas).

Para a Polícia Militar, são propostas 15 medidas, entre elas a reformulação das Unidades de Polícia Pacificadora (UPPs), recuperação gradativa do salário dos policiais e autorização para que policiais matem pessoas que estejam portando armas de uso restrito das forças armadas.

Para a Polícia Civil, é prevista a criação de uma central de inteligência, onde será possível trocar informações com outros órgãos como a Agência Brasileira de Inteligência (Abin) e o Conselho de Controle das Atividades Finaceiras (Coaf) do Ministério da Fazenda.",segurança|rio|à|sua|é|das|witzel|em|que|para|governador|por|polícia|janeiro|eleito|disputa|com|primeira
58_12-12-18_14_34.csv,folharj,"Por Vanessa HaddadModa entre influenciadores digitais, uso pode deixar dentes frágeis e quebradiços.
Promessa de dentes branquinhos de modo rápido, fácil e indolor está na pauta de muitas blogueiras e influenciadoras que passaram a indicar o carvão ativado como clareador dental, expondo experiências pessoais.
Não se sabe exatamente quando o produto, que se apresenta como um pó de coloração negra, teve suas supostas propriedades clareadoras de dentes reveladas.
Nesse caso, há um ponto que não pode ser ignorado: não há comprovação científica da efetividade e segurança do método.
“E mais do que isso, alguns destes produtos, contém substâncias corrosivas ou abrasivas, que são capazes de atacar a superficie dos dentes”, alerta o Cirurgião-dentista, Rogério A. Marques, graduado, mestre e doutor pela Universidade de São Paulo, especialista em Implantodontia e pós-graduado em Harmonização Orofacial.",Vanessa Haddad,"Por Vanessa Haddad

Moda entre influenciadores digitais, uso pode deixar dentes frágeis e quebradiços. Promessa de dentes branquinhos de modo rápido, fácil e indolor está na pauta de muitas blogueiras e influenciadoras que passaram a indicar o carvão ativado como clareador dental, expondo experiências pessoais. Não se sabe exatamente quando o produto, que se apresenta como um pó de coloração negra, teve suas supostas propriedades clareadoras de dentes reveladas. Mas, como toda e qualquer experimentação, é preciso cautela na escolha. Nesse caso, há um ponto que não pode ser ignorado: não há comprovação científica da efetividade e segurança do método.

De acordo com a Associação Brasileira de Odontologia, as receitas caseiras que utilizam bicarbonato de sódio, carvão, morango, casca de banana, suco de limão e casca de laranja, entre outros, não tem a capacidade de clarear os dentes.

“E mais do que isso, alguns destes produtos, contém substâncias corrosivas ou abrasivas, que são capazes de atacar a superficie dos dentes”, alerta o Cirurgião-dentista, Rogério A. Marques, graduado, mestre e doutor pela Universidade de São Paulo, especialista em Implantodontia e pós-graduado em Harmonização Orofacial.",clareamento|há|que|rogério|são|entre|dos|um|marques|perigo|dentes|para|como|dr|pode|carvão|sobre|se|não
58_12-12-18_14_34.csv,folharj,"Por Ana GilPara a maioria das pessoas, a dança é vista como uma maneira de descontrair e se divertir.
Mas a dança traz diversos benefícios para o corpo.
Além de auxiliar a correção de algumas alterações posturais.
Todas as modalidades da dança podem trazer benefícios para a saúde.
Lembrando que é imprescindível uma avaliação com profissional da saúde em caso de alguma afecção instalada.",Ana Gil,"Por Ana Gil

Para a maioria das pessoas, a dança é vista como uma maneira de descontrair e se divertir. Mas a dança traz diversos benefícios para o corpo.

A dança, de uma forma geral, traz diversos benefícios para o corpo e também pode ser uma aliada na prevenção e tratamento fisioterapêutico de lesões ortopédicas, visto que melhora a força, resistência muscular e estabilidade articular, aumenta a flexibilidade, equilíbrio, coordenação, agilidade e a capacidade respiratória e cardíaca. Além de auxiliar a correção de algumas alterações posturais. Sendo importante o acompanhamento e orientação de um profissional qualificado.

Todas as modalidades da dança podem trazer benefícios para a saúde. Entretanto, existem as mais recomendadas, como ferramenta de auxílio na prevenção e tratamento de algumas afecções ortopédicas e inclusive alterações posturais, como o ballet, jazz, dança de salão, dentre outras.

Lembrando que é imprescindível uma avaliação com profissional da saúde em caso de alguma afecção instalada. Também é importante uma análise física-postural detalhada, para determinar a melhor modalidade de dança, de acordo com a lesão e alterações motoras e posturais presentes em cada pessoa.

Ana Gil

Fisioterapeuta",uma|traz|dança|saúde|é|tratamento|para|posturais|como|da|alterações|benefícios
58_12-12-18_14_34.csv,folharj,"Por Tânia RibeiroCom as eleições batendo na porta, em quase todo lugar que se vá, sempre tem alguém discutindo sobre politica.
24% também acham que a qualidade do trabalho foi pro chinelo, e 21% afirmaram que desenvolveram dificuldades para terminar o trabalho do dia por causa disso.
Pelo menos, a pesquisa não encontrou diferença expressiva entre os níveis de estresse entre quem é “coxinha” ou “petralha”, ao exemplo dos EUA.
Lembra que, situação politica sempre passa…Cuide bem do que é precioso, sua saúde e seu bem estar!!
Mora em Florianópolis, é fotógrafa nas horas livres, apaixonada por desenvolvimento pessoal e por todas as formas de autorrealização",Tânia Ribeiro,"Por Tânia Ribeiro

Com as eleições batendo na porta, em quase todo lugar que se vá, sempre tem alguém discutindo sobre politica.

Muitos defendem seu ponto de vista com unhas e dentes, e muitas vezes com a desculpa de “debate” o que querem mesmo é doutrinar o outro lado.

É tambem muito comum rótulos serem distribuidos , de maneira a separar as pessoas em grupos.

Por exemplo , no Brasil somos; Petralha ou coxinha, nos EUA Democrata ou republicano.

Um estudo da Associação Americana de Psicologia que analisou mudanças nas relações profissionais dos americanos nas ultimas eleições presidenciais, mostra que; Sem importar qual posição ou candidato que se defende:

-Discutir política no trabalho aumenta o estresse, cria rixas entre funcionários e produz um maior isolamento entre eles.

Essa pesquisa foi feita online, atraves de um questionário com 927 adultos empregados — E pelos resultados do estudo, dá pra ver que o debate político realmente aumenta a separação e o estresse:

Pelo menos 28% dos trabalhadores jovens (entre 18 e 34 anos) disseram que estavam estressados exclusivamente por causa do aumento de debates políticos durante o expediente,

Sobre a queda na produtividade; 19% disseram que a produtividade caiu muito desde que as discussões relacionadas às eleições dominaram os papos na hora do cafezinho.

24% também acham que a qualidade do trabalho foi pro chinelo, e 21% afirmaram que desenvolveram dificuldades para terminar o trabalho do dia por causa disso.

Observando algumas respostas, que sugerem a busca por isolamento : 54% das pessoas entrevistadas disseram que evitam discutir política com os colegas, e 20% também passaram a evitar colegas com opiniões diferentes para evitar embates.

Tambem é interessante notar que quase metade (47%) dos entrevistados, acredita que essa brigalhada toda não aconteceria no passado, sem as redes sociais. .

Agora, quer saber qual o lado mais briguento? Adivinha…nenhum! Pelo menos, a pesquisa não encontrou diferença expressiva entre os níveis de estresse entre quem é “coxinha” ou “petralha”, ao exemplo dos EUA.

Ou seja: não importa qual o posicionamento político,e sim o efeito negativo na saúde, depois de uma dessas brigas.

Sabemos que a política está presente em boa parte dos aspectos que rondam nossa vida.

E que nem sempre é possivel evitar discussões, porém, para manter a serenidade, todo esforço vale a pena.

Algumas praticas de meditação, contemplação da natureza, oração, e exercicios fisicos são bons recursos para reduzir o estresse.

Assim como ouvir uma musica relaxante, ler um bom livro durante os espaços de folga no trabalho, de forma a poder se desligar um pouco, são atitudes simples e muito bem vindas para manter sua paz, e sanidade.

Lembra que, situação politica sempre passa…Cuide bem do que é precioso, sua saúde e seu bem estar!!

Tânia Ribeiro é Administradora por formação, Empresária, com forte experiência no mercado financeiro. É Coach, especialista em Finanças Pessoais, Empreendedorismo e também em Psicologia Positiva. Coautora do livro “Transformando motivação em hábito” e colunista do Jornal Folha do Rio de Janeiro.

Atua também como gestora voluntária da ONG internacional UNIPAZ-SC.

Mora em Florianópolis, é fotógrafa nas horas livres, apaixonada por desenvolvimento pessoal e por todas as formas de autorrealização",entre|trabalho|é|dos|um|politica|por|que|em|para|brigar|afeta|causa|estresse|com|produtividade
58_12-12-18_14_34.csv,folharj,"Para 11%, a alternativa é o uso do recurso para o pagamento de tributos e impostos típicos de início de ano, como IPTU e IPVA, por exemplo.
“O dinheiro deveria ser primeiramente pensado para pagar dívidas atrasadas, empréstimos ou para investir.
A pesquisa também mostrou que 44% dos entrevistados pretendem fazer alguma atividade que possa gerar renda extra para comprar mais presentes de Natal.
“Muitos consumidores costumam recorrer aos trabalhos informais e temporários para comprar presentes melhores ou em maior quantidade.
O Natal é uma data comercial de grande apelo e tem uma importância simbólica para as pessoas”.",Agência Brasil,"Por Agência Brasil

Estudo da Confederação Nacional de Dirigentes Lojistas (CNDL) e do Serviço de Proteção ao Crédito (SPC Brasil) indica que dois a cada dez trabalhadores, 23%, que receberão o 13º salário neste final de ano usarão parte do dinheiro para comprar presentes de Natal. Outros 27% dos trabalhadores pretendem poupar ou investir o valor recebido, enquanto 17% pretendem utilizar o dinheiro extra para quitar dívidas em atraso.

A pesquisa, feita nas 27 capitais do país com 761 pessoas, revelou que 16% vão gastar o 13°salário durante as festividades de Natal e Ano Novo e 13% vão pagar despesas essenciais da casa, como contas de água e luz. Para 11%, a alternativa é o uso do recurso para o pagamento de tributos e impostos típicos de início de ano, como IPTU e IPVA, por exemplo.

“O dinheiro deveria ser primeiramente pensado para pagar dívidas atrasadas, empréstimos ou para investir. Se o consumidor tem apenas uma dívida em aberto, é mais fácil resolver o problema. Caso exista mais de uma, o ideal é escolher aquela que está atrasada ou optar pela que possui o valor com juros mais altos como, por exemplo, cheque especial e cartão de crédito”, recomenda o educador financeiro do SPC Brasil José Vignoli.

Segundo ele, é importante considerar os gastos que costumam aparecer no começo do ano, como o IPTU, as mensalidades escolares e o IPVA, por exemplo. “Assim como a quitação de dívidas atrasadas, a formação de uma reserva para saldar compromissos típicos de início de ano também deve ser uma prioridade do consumidor. Todos os anos elas aparecem, mas muitos só deixam para pensar nessas despesas quando elas chegam”, alerta.

A pesquisa também mostrou que 44% dos entrevistados pretendem fazer alguma atividade que possa gerar renda extra para comprar mais presentes de Natal. Esse grupo abrange principalmente os mais jovens (54%) e as pessoas das classes C, D e E (51%). “Muitos consumidores costumam recorrer aos trabalhos informais e temporários para comprar presentes melhores ou em maior quantidade. O Natal é uma data comercial de grande apelo e tem uma importância simbólica para as pessoas”.

Vignoli orienta ainda a não dividir o pagamento dos presentes em muitas parcelas para não sobrecarregar o orçamento com as contas de início de ano, e pesquisar bastante para conseguir bons descontos e condições vantajosas.",uma|ou|mais|chegam|presentes|ano|é|que|por|para|13º|como|23|usarão|trabalhadores|natal
58_12-12-18_14_34.csv,folharj,"Por Agência BrasilA consulta ao quarto lote de restituição do Imposto de Renda Pessoa Física (IRPF) 2018 será liberada a partir das 9h de segunda-feira (10).
O índice equivale à taxa Selic (juros básicos da economia) acumulada desde o mês de entrega da declaração até setembro deste ano.
Na consulta à página da Receita, serviço e-CAC, é possível verificar o extrato da declaração e ver se há inconsistências de dados identificadas pelo processamento.
A Receita oferece ainda aplicativos para tablets e smartphones para consulta à declaração e à situação cadastral no CPF.
Com ele é possível verificar diretamente nas bases da Receita Federal informações sobre a liberação das restituições e a situação cadastral de uma inscrição no CPF.",Agência Brasil,"Por Agência Brasil

A consulta ao quarto lote de restituição do Imposto de Renda Pessoa Física (IRPF) 2018 será liberada a partir das 9h de segunda-feira (10). Esse lote também contempla restituições residuais dos exercícios de 2008 a 2017.

A correção variará de 3,15%, para as declarações entregues em maio deste ano, até 105,27%, para os contribuintes que estavam na malha fina desde 2008. O índice equivale à taxa Selic (juros básicos da economia) acumulada desde o mês de entrega da declaração até setembro deste ano.

O crédito bancário para 2.646.626 contribuintes será feito em 17 de setembro, totalizando o valor de R$ 3,3 bilhões. Desse total, R$ 219,3 milhões são destinados a contribuintes com prioridade: 4.863 idosos acima de 80 anos, 36.308 entre 60 e 79 anos, 5.490 com alguma deficiência física ou mental ou moléstia grave e 18.409 contribuintes cuja maior fonte de renda seja o magistério.

Para saber se teve a declaração liberada, o contribuinte deve acessar a página da Receita na internet, ou ligar para o Receitafone, número 146. Na consulta à página da Receita, serviço e-CAC, é possível verificar o extrato da declaração e ver se há inconsistências de dados identificadas pelo processamento. Nessa hipótese, o contribuinte pode fazer a autorregularização, mediante entrega de declaração retificadora.

A Receita oferece ainda aplicativos para tablets e smartphones para consulta à declaração e à situação cadastral no CPF. Com ele é possível verificar diretamente nas bases da Receita Federal informações sobre a liberação das restituições e a situação cadastral de uma inscrição no CPF.

A restituição ficará disponível no banco durante um ano. Se o contribuinte não fizer o resgate nesse prazo, deverá fazer requerimento por meio da internet, mediante o Formulário Eletrônico – Pedido de Pagamento de Restituição, ou diretamente no e-CAC, no serviço Extrato do Processamento da DIRPF.

Caso o valor não seja creditado, o contribuinte poderá contactar pessoalmente qualquer agência do Banco do Brasil ou ligar para a Central de Atendimento, por meio do telefone 4004-0001 (capitais), 0800-729-0001 (demais localidades) e 0800-729-0088 (telefone especial exclusivo para deficientes auditivos) para agendar o crédito em conta corrente ou poupança, em seu nome, em qualquer banco.",libera|ou|se|receita|segundafeira|à|contribuinte|lote|ao|contribuintes|em|para|consulta|da|restituição|ir|declaração|4º
58_12-12-18_14_34.csv,folharj,"Por Agência BrasilPor 7 a 4, o Supremo Tribunal Federal decidiu hoje (30) pela constitucionalidade da terceirização da contratação de trabalhadores para a atividade-fim das empresas.
Os últimos dois votos foram proferidos pelo ministro Celso de Mello e a presidente, ministra Cármen Lúcia, ambos a favor da terceirização.
A Corte julgou duas ações que chegaram ao tribunal antes da sanção da Lei da Terceirização, em março de 2017.
A lei liberou a terceirização para todas as atividades das empresas.
É preciso que o trabalho que ele presta esteja diretamente relacionado com a atividade-fim da empresa”, afirmou.",Agência Brasil,"Por Agência Brasil

Por 7 a 4, o Supremo Tribunal Federal decidiu hoje (30) pela constitucionalidade da terceirização da contratação de trabalhadores para a atividade-fim das empresas. O julgamento foi concluído nesta tarde após cinco sessões para julgar o caso.

Os últimos dois votos foram proferidos pelo ministro Celso de Mello e a presidente, ministra Cármen Lúcia, ambos a favor da terceirização.

O ministro entendeu que os empresários são livres para estabelecer o modo de contratação de seus funcionários. Mello citou que o país tem atualmente 13 milhões de desempregados e que a terceirização, desde que se respeite os direitos dos trabalhadores, é uma forma de garantir o aumento dos empregos.

“Os atos do Poder Público, à guisa de proteger o trabalhador, poderão causar muitos prejuízos ao trabalhador, pois nas crises econômicas diminuem consideravelmente os postos de trabalho”, argumentou o ministro.

Para a ministra Cármen Lúcia, a terceirização, por si só, não viola a dignidade do trabalho, e os abusos contra os trabalhadores devem ser combatidos.

A Corte julgou duas ações que chegaram ao tribunal antes da sanção da Lei da Terceirização, em março de 2017. A lei liberou a terceirização para todas as atividades das empresas.

Apesar da sanção, a Súmula 331, do Tribunal Superior do Trabalho (TST), editada em 2011, que proíbe a terceirização das atividades-fim das empresas, continua em validade e tem sido aplicada pela Justiça trabalhista nos contratos que foram assinados e encerrados antes da lei.

A terceirização ocorre quando uma empresa decide contratar outra para prestar determinado serviço, com objetivo de cortar custos de produção. Dessa forma, não há contratação direta dos empregados pela tomadora do serviço.

Manifestações

Nas primeiras sessões, a representante da Associação Brasileira do Agronegócio, Tereza Arrufa Alvim, defendeu que a norma do TST, uma súmula de jurisprudência, não tem base legal na Constituição e ainda provoca diversas decisões conflitantes na Justiça do Trabalho.

“A terceirização está presente no mundo em que vivemos. Ela não deve ser demonizada, não é mal em síntese. Desvios podem haver tanto na contratação de empregados quanto na contratação de outras empresas”, afirmou.

A procuradora-geral da República, Raquel Dodge, defendeu o posicionamento da Justiça trabalhista por entender que a norma do TST procurou proteger o trabalhador. Segundo a procuradora, a Constituição consagrou o direito ao trabalho, que passou a ser um direito humano com a Carta de 1988.

“É preciso que o empregado saiba quem é seu empregador. É preciso que o trabalho que ele presta esteja diretamente relacionado com a atividade-fim da empresa”, afirmou.",atividadefim|trabalho|valida|os|contratação|terceirização|nas|em|supremo|que|para|é|empresas|da|não
58_12-12-18_14_34.csv,folharj,"Por Agência BrasilEntre os brasileiros, apenas 18% pouparam dinheiro no mês de junho, de acordo com a Confederação Nacional de Dirigentes Lojistas (CNDL) e o Serviço de Proteção ao Crédito (SPC Brasil).
O levantamento mostra que 35% dos brasileiros poupam habitualmente, sendo que 28% afirmam guardar o que sobra do orçamento e 7% estipulam um valor a ser poupado.
Guardar dinheiro em casa é a segunda opção, mencionada por 25% dos brasileiros.
Em terceiro lugar, aparece a conta corrente (15%); em quarto, os fundos de investimentos (9%) e, em quinto, a previdência privada (7%).
A sondagem mostra que 38% dos poupadores precisaram sacar alguma parte dos seus recursos em junho.",Agência Brasil,"Por Agência Brasil

Entre os brasileiros, apenas 18% pouparam dinheiro no mês de junho, de acordo com a Confederação Nacional de Dirigentes Lojistas (CNDL) e o Serviço de Proteção ao Crédito (SPC Brasil). Em média, o valor guardado foi de R$ 520.

A maioria, 73%, respondeu que terminou o mês sem nenhuma reserva. Entre as justificativas estão a renda muito baixa (44%), o que inviabiliza guardar dinheiro. Outros motivos apontados foram imprevistos (17%), ausência de renda por desemprego (15%) e reconhecimento de descontrole sobre os próprios gastos (14%).

O levantamento mostra que 35% dos brasileiros poupam habitualmente, sendo que 28% afirmam guardar o que sobra do orçamento e 7% estipulam um valor a ser poupado. Os objetivos para o dinheiro poupado são cobrir imprevistos (53%), garantir um futuro melhor à família (37%), enfrentar eventual desemprego (28%), cobrir a aposentadoria (17%), arcar com a educação dos filhos (16%), fazer viagens (15%) e reformar a casa (15%). Já 55% admitem que não têm o hábito de poupar.

Aplicações

A poupança lidera entre as aplicações financeiras, sendo citada por 64% dos que poupam habitualmente. Guardar dinheiro em casa é a segunda opção, mencionada por 25% dos brasileiros. Em terceiro lugar, aparece a conta corrente (15%); em quarto, os fundos de investimentos (9%) e, em quinto, a previdência privada (7%).

Modalidade de investimento mais conhecida pelos brasileiros, 92% já ouviram falar sobre a poupança. Em seguida vêm os títulos de capitalização (57%), os planos de previdência privada (53%), as ações em bolsas de valores (42%), os fundos de investimentos (34%), o Tesouro Direto (25%) e os CDBs (25%).

A sondagem mostra que 38% dos poupadores precisaram sacar alguma parte dos seus recursos em junho. Os imprevistos foram a principal razão para o saque, citado por 13%. Outros 8% sacaram porque os ganhos não haviam sido suficientes, 8% para quitar dívidas pendentes e 5% por estarem sem emprego.

O indicador da CNDL abrangeu 12 capitais das cinco regiões brasileiras: São Paulo, Rio de Janeiro, Belo Horizonte, Porto Alegre, Curitiba, Recife, Salvador, Fortaleza, Brasília, Goiânia, Manaus e Belém. Juntas, essas cidades somam aproximadamente 80% da população residente nas capitais. A amostra, de 800 casos, foi composta por pessoas com idade superior ou igual a 18 anos, de ambos os sexos e de todas as classes sociais. A margem de erro é de 3,5 pontos percentuais a uma margem de confiança de 95%.",pouparam|indicador|diz|15|os|dos|junho|em|que|por|para|brasileiros|imprevistos|da|dinheiro|cndl|apenas
58_12-12-18_14_34.csv,folharj,"Por Vanessa HaddadCom 42 anos de história, a grife traz a inspiração no consumo consciente em suas peças da linha verão 2019Referência no mercado da moda, a marca Equus sempre faz suas coleções com um toque de inovação.
Além disso, o nosso jeans está incrível, com uma modelagem única, que valoriza muito o corpo da nossa cliente”, ressalta Carol Monteiro, CEO da Equus.
Inspiração que vem da naturezaSe equilíbrio é a palavra de ordem, nada melhor do que sugestões ao que remetem ao campo.
“Tudo isso traduzindo o tema lúdico da coleção.
“São inspirações para os looks da coleção com tons neutros e pastel, que surgem para contrastar a força dos vermelhos, alaranjados e rosados”, finaliza Carol.",Vanessa Haddad,"Por Vanessa Haddad

Com 42 anos de história, a grife traz a inspiração no consumo consciente em suas peças da linha verão 2019

Referência no mercado da moda, a marca Equus sempre faz suas coleções com um toque de inovação. E para o verão 2019 não seria diferente: as peças são inspiradas pelo “Jardim da Alma”, menção às reflexões de consumo consciente e no que realmente seja importante para nós.

“Fizemos uma coleção leve, com estampas exclusivas e tecidos diferenciados. Além disso, o nosso jeans está incrível, com uma modelagem única, que valoriza muito o corpo da nossa cliente”, ressalta Carol Monteiro, CEO da Equus.

Inspiração que vem da natureza

Se equilíbrio é a palavra de ordem, nada melhor do que sugestões ao que remetem ao campo.

Por isso, a grife também embute em sua coleção a volta ao campo, valorizando a conexão com as nossas raízes, assim como a valorização do rural: produtores locais e a história que cada um traz.

“Tudo isso traduzindo o tema lúdico da coleção. Estamos felizes com nosso momento e confiantes de que a coleção será um sucesso”, complementa a CEO.

Resumindo: para quem busca o rústico mesclado ao refinado, a marca promete agradar a todos.

“São inspirações para os looks da coleção com tons neutros e pastel, que surgem para contrastar a força dos vermelhos, alaranjados e rosados”, finaliza Carol.

Serviço:

Equus – www.equus.com.br",uma|suas|inspiração|é|um|ao|que|verão|alma|para|equus|coleção|com|da|nova|jardim|marca
58_12-12-18_14_34.csv,folharj,"Por Agência BrasilOs 12 garotos de um time de futebol, de 11 a 16 anos, que ficaram presos em uma caverna, por mais de duas semanas, em Tham Luang, na Tailândia, terão alta médica amanhã (18).
Perguntados pelo entrevistador o que estavam ansiosos para comer, os jovens mencionaram os mais distintos pratos.
Pipat Photi, de 15 anos, disse que gostaria de comer porco crocante e arroz de porco assado; Duangpetch Promtep, de 13, seguiu o colega.
Em média, os garotos perderam 2 quilos, mas recuperaram parte do peso e apetite, segundo o ministro da Saúde, Piyasakol Sakol.
A imprensa tailandesa informa que festas e cerimônias religiosas foram realizadas em celebração ao resgaste dos jovens e do treinador após 17 dias na caverna.",Agência Brasil,"Por Agência Brasil

Os 12 garotos de um time de futebol, de 11 a 16 anos, que ficaram presos em uma caverna, por mais de duas semanas, em Tham Luang, na Tailândia, terão alta médica amanhã (18). Eles passaram os últimos dias internados em Chiang Rai isolados dos demais pacientes, usaram máscaras por algum tempo e foram submetidos a uma série de exames.

Em vídeo, divulgado pelas autoridades tailandesas, as crianças e os adolescentes demonstram recuperação física e psicológica, também fazem brincadeiras e dizem o que estão com vontade de comer. Todos ainda estão com as roupas hospitalares e no quarto exclusivo para eles.

Os depoimentos são rápidos, mas repletos de sorrisos. Perguntados pelo entrevistador o que estavam ansiosos para comer, os jovens mencionaram os mais distintos pratos.

Pipat Photi, de 15 anos, disse que gostaria de comer porco crocante e arroz de porco assado; Duangpetch Promtep, de 13, seguiu o colega. Outros disseram que eestavam querendo sushi e bifes.

Em média, os garotos perderam 2 quilos, mas recuperaram parte do peso e apetite, segundo o ministro da Saúde, Piyasakol Sakol.

A imprensa tailandesa informa que festas e cerimônias religiosas foram realizadas em celebração ao resgaste dos jovens e do treinador após 17 dias na caverna. Segundo a imprensa tailandesa, a alta médica foi confirmada.",presos|alta|uma|nesta|caverna|porco|os|em|terão|que|por|para|comer|segundo|tailandesa|quartafeira|tailândia|meninos
58_12-12-18_14_34.csv,folharj,"Por Agência BrasilA Confederação Geral do Trabalho (CGT) anunciou que vai parar a Argentina nesta segunda-feira (25), em reação à política econômica adotada pelo governo.
Para alguns setores da economia, o momento atual é comparado à crise de 2001, apontada como a pior da história recente da Argentina.
ReivindicaçõesOs diferentes sindicatos têm pauta comum: reajuste de salários para combater a elevação do custo de vida, que em 2017 chegou a 25%.
A Igreja Católica também divulgou um documento, apelando ao governo para não adotar políticas de ajuste que aumentem a desigualdade.
Em nome do papa Francisco, que é argentino, religiosos apelaram para que o interesse social se sobreponha ao econômico.",Agência Brasil,"Por Agência Brasil

A Confederação Geral do Trabalho (CGT) anunciou que vai parar a Argentina nesta segunda-feira (25), em reação à política econômica adotada pelo governo. É a terceira greve geral em dois anos e meio da gestão do presidente Mauricio Macri.

A paralisação atinge o transporte publico, os postos de gasolina e os bancos. Movimentos sociais de esquerda cortarão as principais vias de acesso à capital, Buenos Aires. Amanhã (26), os argentinos enfrentam outro desafio: derrotar a seleção da Nigéria, no jogo na Rússia. Sem essa vitória, o país ficará fora da Copa do Mundo de Futebol.

Às vésperas das paritárias, as negociações entre sindicatos e empresários, as centrais sindicais tomam a paralisação como demonstração de força. Paralelamente, a paralisação ocorre cinco dias após o primeiro desembolso dos US$ 50 bilhões que o Fundo Monetário Internacional (FMI) colocou à disposição do governo argentino.

A medida vale pelos próximos 36 meses e tem o objetivo de ajudar o país a superar a crise cambial e colocar as contas em ordem. Em troca do empréstimo, o governo se comprometeu a reduzir os gastos públicos e a inflação, que este ano deve chegar a quase 30%.

Centrais sindicais prometem uma paralisação de 24 horas, que ganhou o nome de reação ao “brutal ajuste econômico” imposto pelo FMI. Para alguns setores da economia, o momento atual é comparado à crise de 2001, apontada como a pior da história recente da Argentina.

Reivindicações

Os diferentes sindicatos têm pauta comum: reajuste de salários para combater a elevação do custo de vida, que em 2017 chegou a 25%. Também reivindicam garantias para evitar demissões.

Por sua vez, o governo anunciou que vai reduzir o tamanho do Estado e o programa de obras públicas – que esperava usar para reativar a economia e gerar empregos. O ministro da Fazenda, Nicolas Dujovne, disse que o crescimento econômico será menor e a inflação será maior do que o esperado. Segundo ele, o acordo com o FMI impediu o agravamento da crise.

Desde dezembro, o peso argentino perdeu metade de seu valor. Segundo o presidente do Banco Central argentino, Luis Caputo, a desvalorização terá um custo no curto prazo. “Foi o melhor que pode ter acontecido”, resumiu Caputo, informando que a medida obrigou a Argentina a buscar o apoio do FMI e estabilizar a economia.

Pressão

O ministro do Trabalho, Jorge Triaca, afirmou que a greve geral “não serve para coisa alguma, porque não vai resolver os problemas dos argentinos”. Segundo ele, o objetivo da gestão Macri é manter o diálogo com as centrais sindicais. O sindicato dos caminhoneiros ameaçou parar o país e voltou atrás, após conseguir aumento de 25%. Mas outras categorias não obtiveram o mesmo.

A Igreja Católica também divulgou um documento, apelando ao governo para não adotar políticas de ajuste que aumentem a desigualdade. Em nome do papa Francisco, que é argentino, religiosos apelaram para que o interesse social se sobreponha ao econômico.

O governo e o próprio FMI têm ressaltado que o atual programa vai garantir a manutenção dos programas sociais, para proteger os “mais vulneráveis”",vai|é|governo|que|da|greve|argentina|envolve|em|civil|os|atinge|sociedade|para|fmi|vários|à|geral|setores
58_12-12-18_14_34.csv,folharj,"Por Agência BrasilO governo brasileiro elogiou hoje (12) a reunião entre o presidente dos Estados Unidos, Donald Trump, e o líder da Coreia do Norte, Kim Jong-un, ao dizer que o encontro representa um caminho em direção à paz.
Em nota, o Ministério das Relações Exteriores, Itamaraty, reiterou a confiança no diálogo e na diplomacia.
“Os dois dirigentes assumiram, em declaração conjunta, o compromisso de unir esforços para construir um regime de paz duradouro e robusto na Península Coreana”, diz a nota.
A cúpula desta terça-feira foi a primeira entre um norte-americano e norte-coreano depois de quase 70 anos de tensão por causa da Guerra da Coreia (1950-1953), incluindo várias negociações frustradas sobre o chamado processo de desnuclearização norte-coreano.
A nota do Itamaraty destaca ainda a esperança de continuidade das negociações: “o Brasil saúda a disposição das partes de buscar entendimento por meio do diálogo e da diplomacia e reitera, nesse contexto, seu apoio ao processo negociador iniciado em Cingapura, fazendo votos de que este possa continuar evoluindo positivamente, de forma a contribuir para a paz e a segurança internacionais.”",Agência Brasil,"Por Agência Brasil

O governo brasileiro elogiou hoje (12) a reunião entre o presidente dos Estados Unidos, Donald Trump, e o líder da Coreia do Norte, Kim Jong-un, ao dizer que o encontro representa um caminho em direção à paz. Em nota, o Ministério das Relações Exteriores, Itamaraty, reiterou a confiança no diálogo e na diplomacia.

“Os dois dirigentes assumiram, em declaração conjunta, o compromisso de unir esforços para construir um regime de paz duradouro e robusto na Península Coreana”, diz a nota.

A cúpula desta terça-feira foi a primeira entre um norte-americano e norte-coreano depois de quase 70 anos de tensão por causa da Guerra da Coreia (1950-1953), incluindo várias negociações frustradas sobre o chamado processo de desnuclearização norte-coreano.

A nota do Itamaraty destaca ainda a esperança de continuidade das negociações: “o Brasil saúda a disposição das partes de buscar entendimento por meio do diálogo e da diplomacia e reitera, nesse contexto, seu apoio ao processo negociador iniciado em Cingapura, fazendo votos de que este possa continuar evoluindo positivamente, de forma a contribuir para a paz e a segurança internacionais.”",entre|processo|à|trump|um|das|jongun|em|elogia|por|que|para|cúpula|direção|paz|nota|da|kim
58_12-12-18_14_35.csv,folharj,"Cento e dez pessoas morreram na queda do avião, pertencente à empresa aérea estatal Cubana de Aviação, que foi arrendado pela companhia mexicana Damojh e transportava 104 passageiros e nove tripulantes.
De acordo com as informações da imprensa oficial, a Damojh tem mais de 15 anos de experiência.
O presidente de Cuba, Miguel Díaz-Canel, foi até o local acompanhado por brigadas de resgate e bombeiros.
O último acidente aéreo grave registrado em Cuba foi em 29 de abril do ano passado, quando uma aeronave AN-26 das Forças Armadas Revolucionárias colidiu com a Loma de la Pimienta, cidade Candelaria, na província de Artemisa.
*Com informações do jornal Granma, veículo oficial de Cuba*O texto foi corrigido às 17h42: o avião acidentado pertence à Cubana de Aviação, e não à companhia mexicana Damojh, que o arrendou da estatal cubana",Agência Brasil,"Por Agência Brasil

Pelo menos três pessoas sobreviveram hoje (18) à queda de um Boeing-737-200 por volta do meio-dia desta sexta-feira (13h em Brasília), no município de Boyeros, nos arredores do aeroporto de Havana, capital cubana.

Cento e dez pessoas morreram na queda do avião, pertencente à empresa aérea estatal Cubana de Aviação, que foi arrendado pela companhia mexicana Damojh e transportava 104 passageiros e nove tripulantes. O voo seguiria de Havana para Holguín. As causas do acidente estão sendo investigadas.

A tripulação era formada por estrangeiros. De acordo com as informações da imprensa oficial, a Damojh tem mais de 15 anos de experiência.

As vítimas foram levadas para o Hospital Universitário Geral Calixto García.

O presidente de Cuba, Miguel Díaz-Canel, foi até o local acompanhado por brigadas de resgate e bombeiros. O ministro da Saúde e vice-presidente do Conselho de Estado, Roberto Morales, também foi ao local do acidente e acompanha o atendimento aos sobreviventes.

O Boeing caiu em uma área agrícola.

A imprensa oficial informou que, entre as vítimas, havia um bebê de 2 anos e mais quatro crianças, além de nove tripulantes. Ainda não há detalhes sobre as vítimas.

O último acidente aéreo grave registrado em Cuba foi em 29 de abril do ano passado, quando uma aeronave AN-26 das Forças Armadas Revolucionárias colidiu com a Loma de la Pimienta, cidade Candelaria, na província de Artemisa. Oito pessoas morreram.

*Com informações do jornal Granma, veículo oficial de Cuba

*O texto foi corrigido às 17h42: o avião acidentado pertence à Cubana de Aviação, e não à companhia mexicana Damojh, que o arrendou da estatal cubana",pessoas|oficial|à|cubana|em|110|por|cai|mata|que|damojh|foi|avião|da|cuba
58_12-12-18_14_35.csv,folharj,"Por Agência BrasilApontado por investigadores como o maior traficante de armas do Brasil, Frederik Barbieri declarou-se hoje (15) culpado perante a Justiça dos Estados Unidos (EUA), por exportação ilegal de armas de fogo, acessórios e munições do estado americano da Flórida para o Rio de Janeiro.
Detido desde o ano passado nos Estados Unidos, Barbieri é acusado, entre outros crimes, do envio fuzis e rifles para o Brasil.
InterceptaçãoA polícia brasileira interceptou no Rio de Janeiro pacotes enviados por Barbieri que continham 30 fuzis AR-15 e AK-47 e revistas sobre armas, todos escondidos em quatro aquecedores de água.
A Justiça norte-americana entende que os itens podem ter sido usados para exportar armas ilegalmente.
Em fevereiro deste ano, agentes norte-americanos encontraram 52 rifles em um depósito alugado por Barbieri em Vero Beach, na Flórida, dos quais 49 foram embalados para ser transportados e tiveram os números de série apagados.",Agência Brasil,"Por Agência Brasil

Apontado por investigadores como o maior traficante de armas do Brasil, Frederik Barbieri declarou-se hoje (15) culpado perante a Justiça dos Estados Unidos (EUA), por exportação ilegal de armas de fogo, acessórios e munições do estado americano da Flórida para o Rio de Janeiro. As informações são do Serviço de Imigração e Controle de Aduana norte-americano.

A Justiça norte-americana deve definir em 19 de julho a sentença de Barbieri. De acordo com especialistas, a pena pode chegar a 25 anos de prisão.

Detido desde o ano passado nos Estados Unidos, Barbieri é acusado, entre outros crimes, do envio fuzis e rifles para o Brasil. Ele também responde pelos crimes de formação de quadrilha, com o objetivo de cometer crimes contra os Estados Unidos, e de exportação de artigos de defesa sem licença.

Segundo as investigações, Barbieri uniu-se a outros suspeitos para obter armamentos com números de série apagados e enviar pacotes com essas armas para serviços de entrega internacionais sem notificar que as remessas eram de artigos de defesa.

Os investigadores afirmam que Barbieri e os demais envolvidos não tinham licença do Departamento de Estado norte-americano para exportar esse tipo de item, de acordo com o que exige a Justiça do país.

Interceptação

A polícia brasileira interceptou no Rio de Janeiro pacotes enviados por Barbieri que continham 30 fuzis AR-15 e AK-47 e revistas sobre armas, todos escondidos em quatro aquecedores de água. De maio de 2013 a maio de 2017, Barbieri enviou ao Brasil outros 120 aquecedores de água, assim como 520 motores elétricos e 15 aparelhos de ar-condicionado usando o mesmo serviço de entrega.

A Justiça norte-americana entende que os itens podem ter sido usados para exportar armas ilegalmente.

Em fevereiro deste ano, agentes norte-americanos encontraram 52 rifles em um depósito alugado por Barbieri em Vero Beach, na Flórida, dos quais 49 foram embalados para ser transportados e tiveram os números de série apagados.

Além dos rifles, foram encontrados revistas sobre armas, munição e material para embalagem. Após a descoberta, Barbieri foi preso.",justiça|barbieri|tráfico|declara|os|brasileiro|eua|em|por|internacional|para|que|unidos|com|culpado|se|armas
