Timestamp,Source,Summary,Authors,Text,Keywords
5_12-12-18_12_28.csv,blogspot,"O Espaço Cultural Renato Russo (508 Sul) abre as portas para a comunidade artística do Distrito Federal.
Os editais de chamamento público para as ocupações no primeiro semestre de 2019 e a programação de dezembro foram apresentados na noite desta sexta-feira (7).
Foto: Toninho Tavares/Agência Brasília",Chiquinho Dornas|Postado Por,O Espaço Cultural Renato Russo (508 Sul) abre as portas para a comunidade artística do Distrito Federal. Os editais de chamamento público para as ocupações no primeiro semestre de 2019 e a programação de dezembro foram apresentados na noite desta sexta-feira (7). Foto: Toninho Tavares/Agência Brasília,chamamento|artística|tavaresagência|espaço|sul|público|sextafeira|programação|russo|para|toninho|semestre|espetáculos|abre|renato|residência
5_12-12-18_12_28.csv,blogspot,"O Espaço Cultural Renato Russo (508 Sul) abre as portas para a comunidade artística do Distrito Federal.
Os editais de chamamento público para as ocupações no primeiro semestre de 2019 e a programação de dezembro foram apresentados na noite desta sexta-feira (7).
Foto: Toninho Tavares/Agência Brasília",Chiquinho Dornas|Postado Por,O Espaço Cultural Renato Russo (508 Sul) abre as portas para a comunidade artística do Distrito Federal. Os editais de chamamento público para as ocupações no primeiro semestre de 2019 e a programação de dezembro foram apresentados na noite desta sexta-feira (7). Foto: Toninho Tavares/Agência Brasília,chamamento|artística|tavaresagência|espaço|sul|público|sextafeira|programação|russo|para|toninho|semestre|espetáculos|abre|renato|residência
5_12-12-18_12_28.csv,blogspot,"Ibaneis adianta que, na pauta, estarão o Fundo Nacional de Segurança e a possibilidade de mais investimentos do Governo Federal para a área.
A presença de Jungmann, atual ministro, e de Moro, que ficará responsável pela área no governo de Jair Bolsonaro (PSL), é uma forma de discutir a atual situação e de se pensar quais os próximos passos, diz o governador eleito do DF.
“A segurança hoje é um problema nacional que atinge todos os nossos estados”, ressalta Ibaneis, A relação com o Poder Judiciário também será debatida, com a presença dos presidentes do STF e do STJ, além de Sérgio Moro, que pediu exoneração do cargo de juiz federal para assumir o ministério.",Chiquinho Dornas|Postado Por,"Ibaneis adianta que, na pauta, estarão o Fundo Nacional de Segurança e a possibilidade de mais investimentos do Governo Federal para a área. A presença de Jungmann, atual ministro, e de Moro, que ficará responsável pela área no governo de Jair Bolsonaro (PSL), é uma forma de discutir a atual situação e de se pensar quais os próximos passos, diz o governador eleito do DF. “A segurança hoje é um problema nacional que atinge todos os nossos estados”, ressalta Ibaneis, A relação com o Poder Judiciário também será debatida, com a presença dos presidentes do STF e do STJ, além de Sérgio Moro, que pediu exoneração do cargo de juiz federal para assumir o ministério.",rio|é|que|são|rocha|transição|ibaneis|nacional|tem|witzel|pauta|segurança|os|para|presença|eleitos|moro|wilson|área
5_12-12-18_12_28.csv,blogspot,"Ibaneis adianta que, na pauta, estarão o Fundo Nacional de Segurança e a possibilidade de mais investimentos do Governo Federal para a área.
A presença de Jungmann, atual ministro, e de Moro, que ficará responsável pela área no governo de Jair Bolsonaro (PSL), é uma forma de discutir a atual situação e de se pensar quais os próximos passos, diz o governador eleito do DF.
“A segurança hoje é um problema nacional que atinge todos os nossos estados”, ressalta Ibaneis, A relação com o Poder Judiciário também será debatida, com a presença dos presidentes do STF e do STJ, além de Sérgio Moro, que pediu exoneração do cargo de juiz federal para assumir o ministério.",Chiquinho Dornas|Postado Por,"Ibaneis adianta que, na pauta, estarão o Fundo Nacional de Segurança e a possibilidade de mais investimentos do Governo Federal para a área. A presença de Jungmann, atual ministro, e de Moro, que ficará responsável pela área no governo de Jair Bolsonaro (PSL), é uma forma de discutir a atual situação e de se pensar quais os próximos passos, diz o governador eleito do DF. “A segurança hoje é um problema nacional que atinge todos os nossos estados”, ressalta Ibaneis, A relação com o Poder Judiciário também será debatida, com a presença dos presidentes do STF e do STJ, além de Sérgio Moro, que pediu exoneração do cargo de juiz federal para assumir o ministério.",rio|é|que|são|rocha|transição|ibaneis|nacional|tem|witzel|pauta|segurança|os|para|presença|eleitos|moro|wilson|área
5_12-12-18_12_28.csv,blogspot,"Deputada federal eleita pelo Distrito Federal, Celina Leão (PP) defendeu apoio ao futuro presidente, Jair Bolsonaro (PSL), e adiantou que vai votar pela participação feminina na composição da Mesa da Presidência da Câmara dos Deputados.
Em entrevista ao programa CB.Poder — parceria do Correio com a TV Brasília — a distrital ressaltou que o brasiliense espera que ela atue na base de apoio ao governo.
Única deputada federal eleita pela coligação do futuro governador do DF, Ibaneis Rocha (MDB), Celina ainda destacou que tem ajudado na transição do Executivo local.
“Ele (Ibaneis) tem pressa, quer fazer as coisas com rapidez, e isso me deixa encorajada, mas serei deputada federal e quero ter esse novo momento.
O meu eleitor também tem expectativa desse meu processo na Câmara Federal”, afirmou.",Chiquinho Dornas|Postado Por,"Deputada federal eleita pelo Distrito Federal, Celina Leão (PP) defendeu apoio ao futuro presidente, Jair Bolsonaro (PSL), e adiantou que vai votar pela participação feminina na composição da Mesa da Presidência da Câmara dos Deputados. Em entrevista ao programa CB.Poder — parceria do Correio com a TV Brasília — a distrital ressaltou que o brasiliense espera que ela atue na base de apoio ao governo. “A população não está muito preocupada se eu sou de direita ou de esquerda, mas com a geração de emprego, quais as grandes mudanças que o país precisa aprovar e a taxa de desenvolvimento do Brasil”, reforçou. Única deputada federal eleita pela coligação do futuro governador do DF, Ibaneis Rocha (MDB), Celina ainda destacou que tem ajudado na transição do Executivo local. “Ele (Ibaneis) tem pressa, quer fazer as coisas com rapidez, e isso me deixa encorajada, mas serei deputada federal e quero ter esse novo momento. O meu eleitor também tem expectativa desse meu processo na Câmara Federal”, afirmou.",pela|pessoas|resultado|querem|leão|federal|deputada|mas|tem|ao|que|meu|com|entrevista|da|eleita|celina
5_12-12-18_12_28.csv,blogspot,"Deputada federal eleita pelo Distrito Federal, Celina Leão (PP) defendeu apoio ao futuro presidente, Jair Bolsonaro (PSL), e adiantou que vai votar pela participação feminina na composição da Mesa da Presidência da Câmara dos Deputados.
Em entrevista ao programa CB.Poder — parceria do Correio com a TV Brasília — a distrital ressaltou que o brasiliense espera que ela atue na base de apoio ao governo.
Única deputada federal eleita pela coligação do futuro governador do DF, Ibaneis Rocha (MDB), Celina ainda destacou que tem ajudado na transição do Executivo local.
“Ele (Ibaneis) tem pressa, quer fazer as coisas com rapidez, e isso me deixa encorajada, mas serei deputada federal e quero ter esse novo momento.
O meu eleitor também tem expectativa desse meu processo na Câmara Federal”, afirmou.",Chiquinho Dornas|Postado Por,"Deputada federal eleita pelo Distrito Federal, Celina Leão (PP) defendeu apoio ao futuro presidente, Jair Bolsonaro (PSL), e adiantou que vai votar pela participação feminina na composição da Mesa da Presidência da Câmara dos Deputados. Em entrevista ao programa CB.Poder — parceria do Correio com a TV Brasília — a distrital ressaltou que o brasiliense espera que ela atue na base de apoio ao governo. “A população não está muito preocupada se eu sou de direita ou de esquerda, mas com a geração de emprego, quais as grandes mudanças que o país precisa aprovar e a taxa de desenvolvimento do Brasil”, reforçou. Única deputada federal eleita pela coligação do futuro governador do DF, Ibaneis Rocha (MDB), Celina ainda destacou que tem ajudado na transição do Executivo local. “Ele (Ibaneis) tem pressa, quer fazer as coisas com rapidez, e isso me deixa encorajada, mas serei deputada federal e quero ter esse novo momento. O meu eleitor também tem expectativa desse meu processo na Câmara Federal”, afirmou.",pela|pessoas|resultado|querem|leão|federal|deputada|mas|tem|ao|que|meu|com|entrevista|da|eleita|celina
5_12-12-18_12_28.csv,blogspot,"A imprensa tem divulgado reportagens, notas e artigos aventando a possibilidade de o ex-juiz Sérgio Moro pedir exoneração, devido às notícias sobre a movimentação financeira atípica do ex-assessor do deputado Flávio Bolsonaro, na Assembleia do Rio de Janeiro.
Aqui em Brasília, onde está funcionando o Gabinete de Transição, no Centro Cultural Banco do Brasil, essas informações vêm sendo desmentidas com veemência.",Chiquinho Dornas|Postado Por,"A imprensa tem divulgado reportagens, notas e artigos aventando a possibilidade de o ex-juiz Sérgio Moro pedir exoneração, devido às notícias sobre a movimentação financeira atípica do ex-assessor do deputado Flávio Bolsonaro, na Assembleia do Rio de Janeiro. Aqui em Brasília, onde está funcionando o Gabinete de Transição, no Centro Cultural Banco do Brasil, essas informações vêm sendo desmentidas com veemência.",sérgio|vêm|transição|segue|à|sua|às|rio|tranquilo|tem|sendo|frente|totalmente|reportagens|moro|obra|veemência|sobre
5_12-12-18_12_28.csv,blogspot,"A imprensa tem divulgado reportagens, notas e artigos aventando a possibilidade de o ex-juiz Sérgio Moro pedir exoneração, devido às notícias sobre a movimentação financeira atípica do ex-assessor do deputado Flávio Bolsonaro, na Assembleia do Rio de Janeiro.
Aqui em Brasília, onde está funcionando o Gabinete de Transição, no Centro Cultural Banco do Brasil, essas informações vêm sendo desmentidas com veemência.",Chiquinho Dornas|Postado Por,"A imprensa tem divulgado reportagens, notas e artigos aventando a possibilidade de o ex-juiz Sérgio Moro pedir exoneração, devido às notícias sobre a movimentação financeira atípica do ex-assessor do deputado Flávio Bolsonaro, na Assembleia do Rio de Janeiro. Aqui em Brasília, onde está funcionando o Gabinete de Transição, no Centro Cultural Banco do Brasil, essas informações vêm sendo desmentidas com veemência.",sérgio|vêm|transição|segue|à|sua|às|rio|tranquilo|tem|sendo|frente|totalmente|reportagens|moro|obra|veemência|sobre
5_12-12-18_12_28.csv,blogspot,"Luos será votada hoje na Câmara Legislativa - Uma das emendas dos distritais trata da ocupação da orla do ParanoáDepois de tramitar por um ano na Câmara Legislativa, o projeto da Lei de Uso e Ocupação do Solo (Luos) deve ser votado hoje no plenário da Casa.
Empresários favoráveis à aprovação da Luos fizeram uma peregrinação por gabinetes dos parlamentares para tentar mobilizar os distritais.
O governador eleito do DF, Ibaneis Rocha (MDB), defendeu ontem a aprovação da Luos.
O presidente do Sindicato da Indústria da Construção Civil (Sinduscon), João Carlos Pimenta, diz que o setor está otimista com relação à aprovação da Luos.
Na ocasião, participantes do seminário contrários à aprovação do texto e pessoas que pediam a aprovação rápida da Luos entraram em confronto.",Chiquinho Dornas|Postado Por,"Luos será votada hoje na Câmara Legislativa - Uma das emendas dos distritais trata da ocupação da orla do Paranoá

Depois de tramitar por um ano na Câmara Legislativa, o projeto da Lei de Uso e Ocupação do Solo (Luos) deve ser votado hoje no plenário da Casa. O texto passou pelas comissões de Assuntos Fundiários e de Desenvolvimento Econômico Sustentável, Ciência, Tecnologia e Meio Ambiente. Agora, falta o aval da Comissão de Constituição e Justiça (CCJ). A proposta, que define as regras para uso e ocupação de mais de 360 mil terrenos no DF, é prioridade para a cidade. Empresários favoráveis à aprovação da Luos fizeram uma peregrinação por gabinetes dos parlamentares para tentar mobilizar os distritais.

Ontem à noite, o presidente da Câmara Legislativa, Joe Valle (PDT), reuniu-se com Bispo Renato (PR) e Telma Rufino (Pros) — eles presidem comissões por onde passou o projeto. Depois da pancadaria registrada durante a realização de uma audiência pública sobre o tema, há receio de novos tumultos.

O governador eleito do DF, Ibaneis Rocha (MDB), defendeu ontem a aprovação da Luos. “Tenho convicção de que os deputados estão esclarecidos e que vão fazer essa votação para o bem do DF. A Luos é importante para garantir segurança jurídica. Hoje, o empresariado não faz nada na cidade, porque tem medo de não ser aprovado”, argumentou. “Ninguém consegue fazer uma legislação e satisfazer a todos. Nós temos que pensar no desenvolvimento sustentável, sem deixar de avançar, porque a cidade está paralisada”, acrescentou Ibaneis.





O presidente da CCJ, deputado Reginaldo Veras (PDT), convocou para a manhã de hoje uma reunião para votar a Luos e para realizar a sabatina da futura procuradora-geral do DF, Ludmila Galvão. A expectativa é de que a comissão dê aval ao texto em versão semelhante ao da Comissão de Assuntos Fundiários (CAF). O colegiado só aprovou sete das 129 emendas — seis delas de autoria conjunta dos petistas Chico Vigilante, Ricardo Vale e Wasny de Roure, e uma da deputada Sandra Faraj (PR). Entre as justificativas para a rejeição estão argumentos como a realização de mudanças pontuais sem estudos técnicos e consultas em audiências públicas, e manifestações contrárias da sociedade.





Boa parte das alterações protocoladas pelos parlamentares trazia mudanças específicas para alguns lotes. Uma emenda do deputado Robério Negreiros (PSD) altera as regras de ocupação de áreas à beira do Lago Paranoá desobstruídas recentemente pela Agefis. Na proposta, o parlamentar sugere que, nas quadras QL 20 e QL 20/22, só devem ser permitidas atividades ligadas ao patrimônio cultural e ambiental. No projeto do governo, consta a possibilidade de instalação de equipamentos públicos. “As propostas de uso genérico para equipamento público são prejudiciais à qualidade de vida dos moradores”, argumentou o parlamentar.





O presidente do Sindicato da Indústria da Construção Civil (Sinduscon), João Carlos Pimenta, diz que o setor está otimista com relação à aprovação da Luos. “Conversamos com presidentes de comissões, com vários deputados, e não há ninguém contrário ao projeto”, conta. “Hoje, o investidor não tem segurança jurídica. Um empresário que quer construir uma escola, por exemplo, não sabe se o uso daquele terreno pode ser alterado”, diz João Carlos.

Selvageria

Em 27 de novembro, debate sobre o tema na Câmara Legislativa resultou em cenas de selvageria no plenário. O evento foi organizado pela Comissão de Assuntos Fundiários (CAF) e reuniu professores da Universidade de Brasília (UnB), moradores de condomínios irregulares, ambientalistas, representantes do governo e do Legislativo local. Na ocasião, participantes do seminário contrários à aprovação do texto e pessoas que pediam a aprovação rápida da Luos entraram em confronto. A Polícia Legislativa conteve a confusão.







Helena Mader – Fotos: Ed Alves/CB/D.A.Press – Blog/Google – Correio Braziliense



",uma|hoje|luos|câmara|há|à|tumultos|aprovação|que|receio|para|legislativa|será|da|votada|não|novos
5_12-12-18_12_28.csv,blogspot,"Luos será votada hoje na Câmara Legislativa - Uma das emendas dos distritais trata da ocupação da orla do ParanoáDepois de tramitar por um ano na Câmara Legislativa, o projeto da Lei de Uso e Ocupação do Solo (Luos) deve ser votado hoje no plenário da Casa.
Empresários favoráveis à aprovação da Luos fizeram uma peregrinação por gabinetes dos parlamentares para tentar mobilizar os distritais.
O governador eleito do DF, Ibaneis Rocha (MDB), defendeu ontem a aprovação da Luos.
O presidente do Sindicato da Indústria da Construção Civil (Sinduscon), João Carlos Pimenta, diz que o setor está otimista com relação à aprovação da Luos.
Na ocasião, participantes do seminário contrários à aprovação do texto e pessoas que pediam a aprovação rápida da Luos entraram em confronto.",Chiquinho Dornas|Postado Por,"Luos será votada hoje na Câmara Legislativa - Uma das emendas dos distritais trata da ocupação da orla do Paranoá

Depois de tramitar por um ano na Câmara Legislativa, o projeto da Lei de Uso e Ocupação do Solo (Luos) deve ser votado hoje no plenário da Casa. O texto passou pelas comissões de Assuntos Fundiários e de Desenvolvimento Econômico Sustentável, Ciência, Tecnologia e Meio Ambiente. Agora, falta o aval da Comissão de Constituição e Justiça (CCJ). A proposta, que define as regras para uso e ocupação de mais de 360 mil terrenos no DF, é prioridade para a cidade. Empresários favoráveis à aprovação da Luos fizeram uma peregrinação por gabinetes dos parlamentares para tentar mobilizar os distritais.

Ontem à noite, o presidente da Câmara Legislativa, Joe Valle (PDT), reuniu-se com Bispo Renato (PR) e Telma Rufino (Pros) — eles presidem comissões por onde passou o projeto. Depois da pancadaria registrada durante a realização de uma audiência pública sobre o tema, há receio de novos tumultos.

O governador eleito do DF, Ibaneis Rocha (MDB), defendeu ontem a aprovação da Luos. “Tenho convicção de que os deputados estão esclarecidos e que vão fazer essa votação para o bem do DF. A Luos é importante para garantir segurança jurídica. Hoje, o empresariado não faz nada na cidade, porque tem medo de não ser aprovado”, argumentou. “Ninguém consegue fazer uma legislação e satisfazer a todos. Nós temos que pensar no desenvolvimento sustentável, sem deixar de avançar, porque a cidade está paralisada”, acrescentou Ibaneis.





O presidente da CCJ, deputado Reginaldo Veras (PDT), convocou para a manhã de hoje uma reunião para votar a Luos e para realizar a sabatina da futura procuradora-geral do DF, Ludmila Galvão. A expectativa é de que a comissão dê aval ao texto em versão semelhante ao da Comissão de Assuntos Fundiários (CAF). O colegiado só aprovou sete das 129 emendas — seis delas de autoria conjunta dos petistas Chico Vigilante, Ricardo Vale e Wasny de Roure, e uma da deputada Sandra Faraj (PR). Entre as justificativas para a rejeição estão argumentos como a realização de mudanças pontuais sem estudos técnicos e consultas em audiências públicas, e manifestações contrárias da sociedade.





Boa parte das alterações protocoladas pelos parlamentares trazia mudanças específicas para alguns lotes. Uma emenda do deputado Robério Negreiros (PSD) altera as regras de ocupação de áreas à beira do Lago Paranoá desobstruídas recentemente pela Agefis. Na proposta, o parlamentar sugere que, nas quadras QL 20 e QL 20/22, só devem ser permitidas atividades ligadas ao patrimônio cultural e ambiental. No projeto do governo, consta a possibilidade de instalação de equipamentos públicos. “As propostas de uso genérico para equipamento público são prejudiciais à qualidade de vida dos moradores”, argumentou o parlamentar.





O presidente do Sindicato da Indústria da Construção Civil (Sinduscon), João Carlos Pimenta, diz que o setor está otimista com relação à aprovação da Luos. “Conversamos com presidentes de comissões, com vários deputados, e não há ninguém contrário ao projeto”, conta. “Hoje, o investidor não tem segurança jurídica. Um empresário que quer construir uma escola, por exemplo, não sabe se o uso daquele terreno pode ser alterado”, diz João Carlos.

Selvageria

Em 27 de novembro, debate sobre o tema na Câmara Legislativa resultou em cenas de selvageria no plenário. O evento foi organizado pela Comissão de Assuntos Fundiários (CAF) e reuniu professores da Universidade de Brasília (UnB), moradores de condomínios irregulares, ambientalistas, representantes do governo e do Legislativo local. Na ocasião, participantes do seminário contrários à aprovação do texto e pessoas que pediam a aprovação rápida da Luos entraram em confronto. A Polícia Legislativa conteve a confusão.







Helena Mader – Fotos: Ed Alves/CB/D.A.Press – Blog/Google – Correio Braziliense



",uma|hoje|luos|câmara|há|à|tumultos|aprovação|que|receio|para|legislativa|será|da|votada|não|novos
5_12-12-18_12_28.csv,blogspot,"Essas UAGs são responsáveis pela programação e execução orçamentária e financeira das pastas.
É delas, também, a responsabilidade pela gestão administrativa dos recursos materiais, tecnológicos e humanos necessários às atividades internas de cada órgão do Governo do Distrito Federal (GDF).
Dessa forma, além de enxugar as pastas, o governador também tiraria uma parte do poder desses secretários, que teriam de submeter suas demandas internas a outro gestor.",Chiquinho Dornas|Postado Por,"Essas UAGs são responsáveis pela programação e execução orçamentária e financeira das pastas. É delas, também, a responsabilidade pela gestão administrativa dos recursos materiais, tecnológicos e humanos necessários às atividades internas de cada órgão do Governo do Distrito Federal (GDF). Dessa forma, além de enxugar as pastas, o governador também tiraria uma parte do poder desses secretários, que teriam de submeter suas demandas internas a outro gestor.",pela|é|órgão|rh|uags|uma|transição|ibaneis|poder|menores|tiraria|pastas|reduzir|secretarias|para|internas|também|estuda|às
5_12-12-18_12_28.csv,blogspot,"Essas UAGs são responsáveis pela programação e execução orçamentária e financeira das pastas.
É delas, também, a responsabilidade pela gestão administrativa dos recursos materiais, tecnológicos e humanos necessários às atividades internas de cada órgão do Governo do Distrito Federal (GDF).
Dessa forma, além de enxugar as pastas, o governador também tiraria uma parte do poder desses secretários, que teriam de submeter suas demandas internas a outro gestor.",Chiquinho Dornas|Postado Por,"Essas UAGs são responsáveis pela programação e execução orçamentária e financeira das pastas. É delas, também, a responsabilidade pela gestão administrativa dos recursos materiais, tecnológicos e humanos necessários às atividades internas de cada órgão do Governo do Distrito Federal (GDF). Dessa forma, além de enxugar as pastas, o governador também tiraria uma parte do poder desses secretários, que teriam de submeter suas demandas internas a outro gestor.",pela|é|órgão|rh|uags|uma|transição|ibaneis|poder|menores|tiraria|pastas|reduzir|secretarias|para|internas|também|estuda|às
5_12-12-18_12_28.csv,blogspot,"Ana Rita Gondim sonhava acordada e dormia sonhando.
A brasiliense Ana Rita viveu 36 anos.
Ana Rita Gondim mantinha um blog para para publicar textos reflexivos e analíticos: paixão pela escritaA passagem mais recente pelo jornal, no entanto, foi breve.
Fiquei emocionado ao ver os amigos dela”, afirma Dalmo Marcelo de Albuquerque Lima, pai de Ana Rita.
Ana Rita era capaz de conquistar a simpatia até de quem havia acabado de conhecer.",Chiquinho Dornas|Postado Por,"Brasiliense morreu no domingo aos 36 anos. Apaixonada por literatura, música e viagens , ela teve duas passagens como repórter do Correio Braziliense. Familiares e amigos se despediram em cerimônia de cremação em Valparaíso





*Por » Jéssica Eufrásio - Guilherme Goulart





Ela era do riso frouxo, do samba com cerveja, do filme abraçado. Também da panela de brigadeiro, das viagens pelo mundo. Ana Rita Gondim sonhava acordada e dormia sonhando. Vestia-se de escafandro e borboleta, de filho da noiva, de a vida é bela. Amava os Beatles, Moska, Chico e todas do Lenine. Tinha a elegância do ouriço, a insustentável leveza do ser e o amor nos tempos do cólera. A colega e amiga, moça inteira de caraminholas, que sentava logo ali, diante da janela iluminada, nos deixou no domingo.





A brasiliense Ana Rita viveu 36 anos. Nasceu em 25 de junho de 1981. Formou-se em jornalismo no Centro Universitário de Brasília (UniCeub) em 2003. Desde então, trilhou a carreira em assessorias de comunicação do Distrito Federal e da Bahia, no Jornal de Brasília, na tevê CNT, além de ter trabalhado duas vezes no Correio Braziliense. A primeira delas, de 2008 a 2011.





Ana Rita Gondim mantinha um blog para para publicar textos reflexivos e analíticos: paixão pela escrita





A passagem mais recente pelo jornal, no entanto, foi breve. Sorriu por aqui durante duas semanas. Trabalhou na cobertura da Copa do Mundo, exercendo uma das paixões: escrever. Os parceiros de ofício a descrevem como dedicada, profissional e com forte senso de coleguismo. “Eu comecei como estagiária no site do jornal. A Ana Rita foi uma das minhas professoras. Logo a amizade saiu da redação”, conta Jaqueline Saraiva, há 10 anos no Correio. “Ele era intensa e sensível. Tinha uma risada alta, cativante. Às vezes, a gente ria com a risada dela”, diz a amiga, que participou da cerimônia de cremação, ontem, no Cemitério de Valparaíso (GO).





No adeus à jornalista, familiares e conhecidos leram uma mensagem de despedida e, de mãos dadas, rezaram. “Ela estava feliz, a minha filha. Há alguns mistérios que a gente não entende, não espera. Fiquei emocionado ao ver os amigos dela”, afirma Dalmo Marcelo de Albuquerque Lima, pai de Ana Rita. Ele e a mulher, Maria das Graças Gondim Lima, trocaram a Paraíba por Brasília em 1977. O casal teve duas filhas: Ana Rita e Juliana.





Impulso

Parte da caminhada de Ana Rita está no blog O grito do estrangeiro, no qual publicava textos em prosa e poesia. Lá, como ela descreveu, deixava registrados “expressões cotidianas e extraordinárias, desabafos, críticas, ideias, sonhos e palavras não exteriorizadas”. Em um dos textos, manifestou a paixão pelos animais, característica pela qual era conhecida. Considerava-se, inclusive, mãe dos gatos e cachorros que cuidou na vida.





A maioria das publicações, porém, segue a linha da reflexão. A última delas é de 25 de janeiro, primeira e única de 2018. “Chão” narra o choro sem lágrimas. “Ela se consola com a amizade com o chão e se revolta. Pede que o chão seja apenas lembrança. Ele insiste em ser presente. Mas, um dia, ele há de ser apenas impulso para passos ascendentes e se acenarão em mútuo agradecimento”, escreveu.



Homenagens

A forma carinhosa de tratar as pessoas refletiu-se em homenagens de amigos nas mídias sociais. Uma delas é do escritor e jornalista Gustavo de Castro, orientador de Ana Rita na universidade. “Jamais vou esquecer as longas conversas que tínhamos sobre literatura, assunto que ela amava. Ela adorava Samuel Rawet (contista, romancista, dramaturgo e ensaísta polonês que viveu em Brasília) e foi sobre ele que escreveu seu TCC (...). Ela era tão linda, meu Deus, tão jovem e talentosa, e eu vou sentir tanta saudade dela”, desabafou, no Facebook.





Com uma foto tirada em 2010, a prima Lívia Rocha desejou luz e paz. Também comentou que, aos que ficam, resta a aceitação. “Obrigada pelo acolhimento e o carinho de sempre comigo. (Que) Deus a tenha em seus braços”, diz a mensagem.





Ana Rita era capaz de conquistar a simpatia até de quem havia acabado de conhecer. Há pouco mais de uma semana, ela e o repórter Luiz Calcagno, da editoria de Cidades, dividiram-se na cobertura da Copa do Mundo da Rússia, em Brasília. Apesar de curto, o tempo de convivência revelou o carinho e o zelo típicos da jornalista. “Ana Rita atava as pessoas com um laço de sensibilidade. Cativava. Ela pode não estar mais aqui, mas esse nó ninguém poderá desatar”, ressaltou o colega.









(*) Jéssica Eufrásio - Guilherme Goulart - Correio Braziliense













",gondim|que|apaixonada|faleceu|da|brasiliense|uma|ela|em|música|literatura|por|com|jornalista|era|rita|ana|ele|viagens
5_12-12-18_12_28.csv,blogspot,"que gasta 11 vezes mais do que arrecada ) (Saiba >>> , a candidata ao Palácio do Buriti Eliana Pedrosa (Pros) pretende construir mais duas arenas no Distrito Federal — uma no Recanto das Emas e outra em Santa Maria.
Nós temos R$ 1,7 bilhão de investimento para fazer dentro do orçamento do DF em todos os anos”, disse a candidata.
“Quero fazer estádio, quero fazer 7 hospitais, quero reformar as escolas, quero construir creches.
Não será um monumento como esse, mas um estádio pequeno, para que os jovens e aqueles que querem praticar esportes possam fazê-lo”, alegou.
Ou seja, em pouco mais de um mês, a arena gasta tudo o que arrecadou em todo o ano passado.",Chiquinho Dornas|Postado Por,"que gasta 11 vezes mais do que arrecada ) (Saiba >>> , a candidata ao Palácio do Buriti Eliana Pedrosa (Pros) pretende construir mais duas arenas no Distrito Federal — uma no Recanto das Emas e outra em Santa Maria. A ex-distrital comentou a proposta nesta quinta-feira (13/09), em entrevista ao DF1, da Rede Globo. Apesar de o Executivo local administrar altas despesas com o Estádio Nacional Mané Garrincha,, a candidata ao Palácio do Buriti Eliana Pedrosa (Pros) pretende construir mais duas arenas no Distrito Federal — uma no Recanto das Emas e outra em Santa Maria. A ex-distrital comentou a proposta nesta quinta-feira (13/09), em entrevista ao DF1, da Rede Globo.

O compromisso consta no plano de governo de Eliana, registrado no Tribunal Superior Eleitoral (TSE). Além do Mané, o DF conta com outros 11 estádios de pequeno a médio porte: Serejão, Bezerrão, Adonir Guimarães, Cave, Rorizão, JK, Abadião, Augustinho Lima, Chapadinha, Ninho do Carcará e Vasco Viana de Andrade.

À candidata, foi perguntado se “está faltando estádio em Brasília”. Eliana, a princípio, desconversou: “Está faltando, principalmente, saúde. A primeira coisa que queremos fazer no governo é acabar com as filas de cirurgia, acabar com as filas de exames e entregar remédios. Isso nós vamos fazer”, disse.

O apresentador insistiu: “A senhora não vai cumprir esse item?”. “Vou cumprir. Nós temos R$ 1,7 bilhão de investimento para fazer dentro do orçamento do DF em todos os anos”, disse a candidata. “E a senhora quer construir estádio?”, reforçou o jornalista. “Quero fazer estádio, quero fazer 7 hospitais, quero reformar as escolas, quero construir creches. Vamos mostrar que temos capacidade de fazer isso. A minha história é uma história de trabalho e realização”, pontuou Eliana.

Retomou-se, então, a questão inicial. A candidata respondeu que faltam estádios em Brasília, apesar dos altos custos do Mané. “Vamos continuar o caminho de fazer uma concessão e levá-lo [estádio] a quem tem expertise para que deixe de ser despesa e passe a ser receita para o DF”, adiantou, sobre a arena localizada na capital. E emendou: “Agora, temos cidades que não tem um estádio de futebol. Não será um monumento como esse, mas um estádio pequeno, para que os jovens e aqueles que querem praticar esportes possam fazê-lo”, alegou.



As nossas cidades tem um sentimento de pertença. Vá nas cidades, você vai ver, as pessoas se ressentem. Tudo é no Plano Piloto. Nós não faremos isso. Eu tenho a missão de levar melhor qualidade de vida para todas as cidades”, completou Eliana. De acordo com a Companhia Imobiliária de Brasília (Terracap) — que administra o Mané Garrincha —, o estádio consome cerca de R$ 700 mil por mês, referentes a despesas com energia, limpeza, manutenção e outros serviços. A arrecadação, por outro lado, foi de R$ 760.593,97 em todo o ano de 2017. Ou seja, em pouco mais de um mês, a arena gasta tudo o que arrecadou em todo o ano passado.





Ana Viriato - CB.Poder - Foto: Ana Rayssa/CB?D.A.Press - Correio Braziliense







",pedrosa|construir|candidata|dois|uma|federal|um|em|que|para|estádios|com|quer|estádio|eliana|distrito|fazer
5_12-12-18_12_28.csv,blogspot,"Thaís morava com a mãe e os irmãos, de 20 e 14 anos, no Bloco A da 307 Sul.
Os pais estavam separados.
Marcelo ficou proibido de entrar no prédio após tentar sequestrar a garota na madrugada de 20 de junho de 1987.
Ele a abordou no pilotis, após ela chegar de um encontro com o novo namorado, um jovem de 26 anos, morador da 405 Norte.
Marcelo fazia plantões nas salas de aula na UnB, no curso de inglês, no trabalho e na academia de ginástica dela.",Chiquinho Dornas|Postado Por,"Thaís morava com a mãe e os irmãos, de 20 e 14 anos, no Bloco A da 307 Sul. Os pais estavam separados. Marcelo ficou proibido de entrar no prédio após tentar sequestrar a garota na madrugada de 20 de junho de 1987. Ele a abordou no pilotis, após ela chegar de um encontro com o novo namorado, um jovem de 26 anos, morador da 405 Norte. Marcelo ameaçou levá-la à força para Pirenópolis (GO), a 140km de Brasília. Mas ela reagiu com berros, o que fez o agressor soltá-la. Com medo, Thaís revelou aos pais as ameaças e as agressões. Marcelo fazia plantões nas salas de aula na UnB, no curso de inglês, no trabalho e na academia de ginástica dela.",preso|justiça|ela|pais|após|havia|é|um|marcelo|os|anos|31|com|da|thaís|punição|esperava
5_12-12-18_12_28.csv,blogspot,"» Trata-se de um concurso universitário que premiará a melhor campanha publicitária contra a corrupção.
Uma conversa com a promotora de Justiça Luciana Asper com os alunos de comunicação do Uniceub e do Iesb sobre o programa “Cidadão contra a corrupção”, do Ministério Público do Distrito Federal e Territórios, foi o início.
A iniciativa é da Rádio Transamérica, em parceria com o MPDFT e com o Conselho Nacional do Ministério Público (CNMP).",Chiquinho Dornas|Postado Por,"» Trata-se de um concurso universitário que premiará a melhor campanha publicitária contra a corrupção. Uma conversa com a promotora de Justiça Luciana Asper com os alunos de comunicação do Uniceub e do Iesb sobre o programa “Cidadão contra a corrupção”, do Ministério Público do Distrito Federal e Territórios, foi o início. A iniciativa é da Rádio Transamérica, em parceria com o MPDFT e com o Conselho Nacional do Ministério Público (CNMP).",registrar|é|protagonizada|lula|uma|um|pelas|pelo|pantomima|uniceub|público|corrupção|partido|para|com|trabalhadores|ministério|obrigar|contra|universitário
5_12-12-18_12_28.csv,blogspot,"Procurados pelo Correio, todos os distritais negaram as irregularidades.
A maioria classificou as ações como “acusações infundadas”.“No caso da autopromoção, não sou responsável por nenhuma peça de divulgação e algumas emendas destinadas aos eventos não são de minha autoria”, afirma Agaciel.
Em relação aos “atos secretos”, disse que “está sendo julgado por ações convalidadas pelo presidente do Senado, responsável por cada uma delas”.
Sobre o processo relativo às horas extras, garantiu que a competência para o aumento do benefício era do 1º Secretário da Casa.
“Por fim, no episódio do Refis, apenas dei um parecer na Ceof, conforme é responsabilidade dos deputados”, emendou.",Chiquinho Dornas|Postado Por,"Procurados pelo Correio, todos os distritais negaram as irregularidades. A maioria classificou as ações como “acusações infundadas”.“No caso da autopromoção, não sou responsável por nenhuma peça de divulgação e algumas emendas destinadas aos eventos não são de minha autoria”, afirma Agaciel. Em relação aos “atos secretos”, disse que “está sendo julgado por ações convalidadas pelo presidente do Senado, responsável por cada uma delas”. Sobre o processo relativo às horas extras, garantiu que a competência para o aumento do benefício era do 1º Secretário da Casa. “Por fim, no episódio do Refis, apenas dei um parecer na Ceof, conforme é responsabilidade dos deputados”, emendou.",justiça|24|às|aos|é|dos|distritais|por|que|pelo|têm|ações|eleições|18|da|responsável|pendências|não
