Timestamp,Source,Summary,Authors,Text,Keywords
60_12-12-18_14_40.csv,informerjo,"Na segunda (25), Fachin, que é relator dos processos que envolvem Lula no STF, havia decidido enviar a petição da defesa do petista para a análise do plenário, composto pelos 11 ministros, e não mais da Segunda Turma, formada por cinco.
A defesa de Lula, porém, informou que entrou com uma reclamação na Segunda Turma na noite desta quarta (27) pedindo a revisão da decisão de Fachin de enviar o pedido para o plenário.
Para a defesa, o ministro violou o princípio do juiz natural (que seria a turma) sem justificativa adequada.
Agora, Fachin liberou o pedido de Lula para o Pleno julgar.
Não há data para que isso aconteça.",,"Por Equipe iRJO / Política

Publicado em 28/06/2018 às 16:57:51



15 Compartilhar Facebook Twitter

O ministro do STF (Supremo Tribunal Federal) Edson Fachin pediu na manhã desta quinta-feira (28) que o pedido de liberdade feito pela defesa do ex-presidente Lula seja incluído na pauta de julgamentos do plenário.

Na segunda (25), Fachin, que é relator dos processos que envolvem Lula no STF, havia decidido enviar a petição da defesa do petista para a análise do plenário, composto pelos 11 ministros, e não mais da Segunda Turma, formada por cinco.

Na ocasião, Fachin determinou que a Procuradoria-Geral da República se manifestasse sobre o caso no prazo legal (15 dias), o que gerou a expectativa de que o julgamento em plenário fosse ficar para agosto, após o recesso forense.

A defesa de Lula, porém, informou que entrou com uma reclamação na Segunda Turma na noite desta quarta (27) pedindo a revisão da decisão de Fachin de enviar o pedido para o plenário. Para a defesa, o ministro violou o princípio do juiz natural (que seria a turma) sem justificativa adequada.

Agora, Fachin liberou o pedido de Lula para o Pleno julgar. Não há data para que isso aconteça. Cabe à presidente da corte, ministra Cármen Lúcia, marcar a data do julgamento.",libera|liberdade|defesa|segunda|fachin|que|turma|para|julgar|pedido|da|lula|plenário|stf
60_12-12-18_14_40.csv,informerjo,"O MP pede, em caráter liminar, a intervenção judicial da Fetranspor e a indisponibilidade dos bens da entidade, no valor de R$ 60 milhões.
Ao fim do processo, o MP também pede o fim da federação.
Para o MP, o objetivo da ação também é cessar o uso da Fetranspor como fonte de lobby ilícito das empresas de ônibus junto a agentes públicos, lembrando que a maioria das empresas presta serviços como permissionárias públicas, sem se submeter à licitação.
O documento lembra que a Fetranspor é uma federação sindical criada sem fins lucrativos, mas passou a explorar atividades econômicas por meio da criação de empresas subsidiárias, sem licitação.
De acordo com o procurador-geral de Justiça do Estado, Eduardo Gussem, as evidências comprovam que a Fetranspor tem sido usada ao longo dos anos para patrocinar a corrupção.",,"Por Equipe iRJO / Urbanismo

Publicado em 26/06/2018 às 12:18:54



21 Compartilhar Facebook Twitter

O Ministério Público ajuizou uma ação civil pública contra a Federação das Empresas de Transportes de Passageiros do Estado do Rio de Janeiro (Fetranspor). O MP pede, em caráter liminar, a intervenção judicial da Fetranspor e a indisponibilidade dos bens da entidade, no valor de R$ 60 milhões. Ao fim do processo, o MP também pede o fim da federação.

Segundo o órgão, a ação baseia-se em evidências dos depoimentos do ex-presidente do Tribunal de Contas do Estado (TCE-RJ), Jonas Lopes, e de seu filho Jonas Lopes de Carvalho Neto. Eles foram ouvidos entre dezembro de 2017 e janeiro de 2018, após um acordo de delação premiada.

A corrupção por parte dos conselheiros do TCE e de integrantes da federação já foi alvo da ação do MP e que responsabiliza diretamente os envolvidos pelo pagamento de vantagens indevidas pela Fetranspor no valor de R$ 70 mil mensais aos conselheiros, em troca de uma atuação complacente do órgão de controle. Desta vez, a ação proposta à Justiça é contra a pessoa jurídica Fetranspor, e tem como objetivo inicial uma intervenção que permita amplo acesso pelos órgãos de controle (MPs estadual e federal, Tribunal de Contas do Estado, órgãos do poder concedente e Defensoria Pública estadual) aos dados da entidade e suas subsidiárias referentes à operação do serviço de transporte público e aos sistemas de bilhetagem eletrônica.

Para o MP, o objetivo da ação também é cessar o uso da Fetranspor como fonte de lobby ilícito das empresas de ônibus junto a agentes públicos, lembrando que a maioria das empresas presta serviços como permissionárias públicas, sem se submeter à licitação. Outro motivo é evitar a apropriação de verbas públicas por falta de transparência na gestão do sistema de bilhetagem eletrônica, administrado pela federação. O documento lembra que a Fetranspor é uma federação sindical criada sem fins lucrativos, mas passou a explorar atividades econômicas por meio da criação de empresas subsidiárias, sem licitação.

De acordo com o procurador-geral de Justiça do Estado, Eduardo Gussem, as evidências comprovam que a Fetranspor tem sido usada ao longo dos anos para patrocinar a corrupção. “Por ser uma entidade privada, a Fetranspor criou uma verdadeira caixa-preta que reteve as informações e não permitia que o TCE fizesse as auditorias e as contabilidades necessárias nas contas e transferia, por meio de corrupção, recursos para estruturas políticas”.",uma|federação|judicial|é|pede|intervenção|estado|que|por|ação|da|dissolução|mp|fetranspor
60_12-12-18_14_40.csv,informerjo,"Por Equipe iRJO / SegurançaPublicado em 15/06/2018 às 14:53:19Foto/Reprodução: Eric FEFERBERG15 Compartilhar Facebook TwitterO grupo terrorista Estado Islâmico (EI) voltou a fazer ameaças contra a Copa do Mundo na Rússia.
Em um novo vídeo, os terroristas prometem “um massacre como nunca visto”.
No vídeo, o Estado Islâmico diz que pretende se “vingar” da Rússia e do presidente Vladimir Putin devido ao envolvimento em operações contra o grupo terrorista na Síria.
Especialistas internacionais em contraterrorismo acreditam que o vídeo não passe de uma fantasia, mas alertam para o risco de “lobos solitários” seguirem os chamados do Estado Islâmico e agirem na Rússia.
“Diante de várias derrotas militares na Síria e no Iraque, o Estado Islâmico está desesperado por atenção e tentando intimidar o público.",,"Por Equipe iRJO / Segurança

Publicado em 15/06/2018 às 14:53:19



Foto/Reprodução: Eric FEFERBERG

15 Compartilhar Facebook Twitter

O grupo terrorista Estado Islâmico (EI) voltou a fazer ameaças contra a Copa do Mundo na Rússia. Em um novo vídeo, os terroristas prometem “um massacre como nunca visto”. A mensagem foi publicada em vários canais e chats extremistas nesta quinta-feira (15), um dia após a abertura do Mundial, com uma partida em Moscou entre Rússia e Arábia Saudita.

No vídeo, o Estado Islâmico diz que pretende se “vingar” da Rússia e do presidente Vladimir Putin devido ao envolvimento em operações contra o grupo terrorista na Síria. O vídeo se conclui com imagens panorâmicas dos estádios, como o de Sochi, sendo atingidos por explosões à bomba provocadas por drones.

Especialistas internacionais em contraterrorismo acreditam que o vídeo não passe de uma fantasia, mas alertam para o risco de “lobos solitários” seguirem os chamados do Estado Islâmico e agirem na Rússia. De acordo com Rita Katz, da agência SITE, jihadistas do EI têm postado nas últimas horas campanhas incitando ataques na Rússia e dando instruções detalhadas para atentados em restaurantes, shoppings centers e áreas de pedestres.

“Diante de várias derrotas militares na Síria e no Iraque, o Estado Islâmico está desesperado por atenção e tentando intimidar o público. Dito isso, faz sentido que eles lancem ameaças contra a Copa do Mundo”, disse Katz.",ameaça|rússia|copa|estado|vídeo|um|atentado|em|por|que|contra|com|islâmico|da|cometer
60_12-12-18_14_40.csv,informerjo,"AgendaCom início na próxima segunda-feira (18), cotistas do PIS/Pasep com idade a partir de 57 anos poderão procurar as agências do BB e da Caixa para sacar o benefício.
A janela de saques do PIS/Pasep vai até o dia 28 de setembro, mas apenas para trabalhadores com até 59 anos.
Regras da Caixa O saque das cotas do PIS, que beneficia trabalhadores do setor privado, será efetivado após a confirmação do direito nas agências da Caixa.
A Caixa ainda orienta que os trabalhadores consultem o site www.caixa.gov.br/cotaspis para serem direcionados à melhor opção de pagamento, antes de se dirigirem a um dos canais oferecidos.
Herdeiros No caso de cotistas falecidos, o beneficiário legal poderá sacar o PIS/Pasep na Caixa ou no BB.",,"Por Equipe iRJO / Brasil

Publicado em 14/06/2018 às 12:24:08



Foto/Reprodução: Google

22 Compartilhar Facebook Twitter

A Caixa Econômica Federal e o Banco do Brasil (BB) divulgaram hoje (13) o calendário de saques das contas inativas dos fundos dos programas de Integração Social (PIS) e de Formação do Patrimônio do Servidor Público (Pasep). Mais cedo, em cerimônia no Palácio do Planalto, o presidente Michel Temer sancionou a lei e assinou o decreto que regulamentam os saques, que agora poderão ser feitos por todas as pessoas que tem direito ao benefício, e não apenas para cotistas com 60 anos ou mais, como vigorava na regra anterior.

O pagamento das cotas deve injetar R$ 39,5 bilhões na economia, com impacto potencial no Produto Interno Bruto (PIB) na ordem de 0,55 ponto percentual. Cerca de 28,7 milhões de pessoas têm dinheiro em contas inativas do PIS/Pasep para resgatar. Desse total, 3,6 milhões já fizeram o saque até maio desse ano, num total de R$ 5 bilhões. Os outros R$ 34,3 bilhões ficarão disponíveis para serem sacados no Banco do Brasil (servidores públicos) e na Caixa Econômica Federal (trabalhadores do setor privado).

Agenda

Com início na próxima segunda-feira (18), cotistas do PIS/Pasep com idade a partir de 57 anos poderão procurar as agências do BB e da Caixa para sacar o benefício. Essa primeira etapa vai até o próximo dia 29 de junho. Depois disso, os pagamentos serão interrompidos, entre os dias 30 de junho e 7 de agosto, período em que são aplicadas as correções monetárias do exercício 2017/2018 sobre o benefício. No ano passado, por exemplo, o reajuste nos saldos foi de 8,9%. Nesse caso, segundo os bancos, quem puder esperar para sacar a partir de 8 de agosto, receberá um valor superior ao que está na conta atualmente.

A janela de saques do PIS/Pasep vai até o dia 28 de setembro, mas apenas para trabalhadores com até 59 anos. Aqueles que tem 60 anos ou mais, seguem valendo as regras que já estavam em vigor, que permitem o saque do benefício a qualquer tempo, inclusive após o fim de setembro.

Regras do BB

De acordo com o Banco do Brasil, responsável pelo pagamento dos saldos do Pasep, que beneficia servidores públicos, caso o cotista não seja correntista ou poupador do BB e possuir saldo de até R$ 2,5 mil, ele poderá realizar a transferência da sua cota via transferência eletrônica direta (TED) para conta de sua titularidade em outro banco, sem nenhum custo. A operação poderá ser feita nos terminais de autoatendimento do BB ou na internet (www.bb.com.br/pasep).

No mesmo portal na internet, os cotistas poderão conferir o quanto possuem de saldo na conta inativa. Para quem tiver saldo superior a R$ 2,5 mil, os saques poderão ser realizados nas agências do banco, bastando que o cotista apresente documento oficial de identificação.

Regras da Caixa O saque das cotas do PIS, que beneficia trabalhadores do setor privado, será efetivado após a confirmação do direito nas agências da Caixa. Os pagamentos das cotas com valor até R$ 1,5 mil podem ser realizados no autoatendimento da Caixa apenas com a Senha Cidadão, sem a necessidade do Cartão do Cidadão, ou com Cartão Cidadão e senha nas unidades lotéricas e Caixa Aqui, mediante apresentação de documento oficial de identificação com foto. Os saques de valores até R$ 3 mil podem ser feitos com Cartão do Cidadão e Senha Cidadão no autoatendimento, unidades lotéricas e Caixa Aqui, com documento de identificação oficial com foto. Os valores acima de R$ 3 mil devem ser sacados nas agências, mediante apresentação de documento oficial de identificação com foto. A Caixa ainda orienta que os trabalhadores consultem o site www.caixa.gov.br/cotaspis para serem direcionados à melhor opção de pagamento, antes de se dirigirem a um dos canais oferecidos. Herdeiros No caso de cotistas falecidos, o beneficiário legal poderá sacar o PIS/Pasep na Caixa ou no BB. Para isso, ele deve se apresentar nas agências da respectiva instituição financeira portando documentos oficiais de identificação e comprovação da sua condição de herdeiro do cotista que tem saldo a receber.",ou|calendário|ser|os|saques|r|divulgam|que|pispasep|para|bb|caixa|com|até|da
60_12-12-18_14_40.csv,informerjo,"Por Equipe iRJO / PolíticaPublicado em 06/06/2018 às 10:56:5319 Compartilhar Facebook TwitterA defesa do ex-presidente Luiz Inácio Lula da Silva apresentou nesta terça-feira ao Superior Tribunal de Justiça (STJ) e ao Supremo Tribunal Federal (STF) pedidos de concessão de cautelar para que o petista seja colocado em liberdade a partir da suspensão dos efeitos da condenação dele pelo Tribunal Regional Federal da 4ª Região (TRF-4) no julgamento do tríplex do Guarujá, no litoral paulista.
Nos pedidos liminares às duas cortes superiores, os advogados de Lula alegam haver perspectiva de reversão da condenação do ex-presidente ou, ainda, de declaração de nulidade de todo o processo, motivo pelo qual não é possível mantê-lo preso por força do que consideram uma execução antecipada da pena antes do julgamento do mérito dos recursos especial pelo STJ e extraordinário pelo STF.
Ao Supremo, a defesa de Lula argumenta que a condenação imposta a Lula afronta artigos da Constituição que, por exemplo, proíbem o julgamento por um juiz de exceção.
No recurso ao STJ, por sua vez, questiona a decisão do TRF-4 que afrontou artigos do Código Penal e do Código de Processo Penal que definem a necessidade de isenção de procuradores da República que atuaram no processo.
Dizem que os procuradores agiram como “inimigos do réu e de sua defesa”.",,"Por Equipe iRJO / Política

Publicado em 06/06/2018 às 10:56:53



19 Compartilhar Facebook Twitter

A defesa do ex-presidente Luiz Inácio Lula da Silva apresentou nesta terça-feira ao Superior Tribunal de Justiça (STJ) e ao Supremo Tribunal Federal (STF) pedidos de concessão de cautelar para que o petista seja colocado em liberdade a partir da suspensão dos efeitos da condenação dele pelo Tribunal Regional Federal da 4ª Região (TRF-4) no julgamento do tríplex do Guarujá, no litoral paulista.

Nos pedidos liminares às duas cortes superiores, os advogados de Lula alegam haver perspectiva de reversão da condenação do ex-presidente ou, ainda, de declaração de nulidade de todo o processo, motivo pelo qual não é possível mantê-lo preso por força do que consideram uma execução antecipada da pena antes do julgamento do mérito dos recursos especial pelo STJ e extraordinário pelo STF.

Lula está preso desde o dia 7 de abril cumprindo pena pela condenação por lavagem de dinheiro e corrupção passiva no caso do tríplex e, nesta terça, depôs por videoconferência como testemunha de defesa de Sérgio Cabral em processo movido pelo Ministério Público Federal que acusa o ex-governador fluminense de envolvimento na compra de votos para a escolha do Rio de Janeiro como sede dos Jogos Olímpicos de 2016.

Ao Supremo, a defesa de Lula argumenta que a condenação imposta a Lula afronta artigos da Constituição que, por exemplo, proíbem o julgamento por um juiz de exceção.

No recurso ao STJ, por sua vez, questiona a decisão do TRF-4 que afrontou artigos do Código Penal e do Código de Processo Penal que definem a necessidade de isenção de procuradores da República que atuaram no processo. Dizem que os procuradores agiram como “inimigos do réu e de sua defesa”.",vai|processo|tribunal|defesa|condenação|ao|que|expresidente|por|pelo|stj|pedir|da|lula|liberdade|stf
60_12-12-18_14_40.csv,informerjo,"Nos três cenários testados, Bolsonaro pontua de 21% a 25%, conforme os nomes apresentados.
Pela primeira vez em 2018, o nome do ex-prefeito de São Paulo João Doria foi testado no pleito presidencial – atualmente, ele é pré-candidato pelo governo paulista.
A margem de erro para o total da amostra é de 1,8 ponto percentual, para mais ou para menos e o registro do estudo no TSE é BR-09186/2018.
Em 2 deles, estão presentes apenas pré-candidatos que pontuam acima de 5% em todos os levantamentos.
Não foi apresentado o nome do ex-presidente Luiz Inácio Lula da Silva, condenado em 2ª Instância e cumprindo pena em Curitiba.",,"Por Equipe iRJO / Política

Publicado em 05/06/2018 às 17:04:46



Foto/Reprodução: Google

100 Compartilhar Facebook Twitter

Uma pesquisa feita pelo DataPoder360 mostra que o pré-candidato Jair Bolsonaro segue na liderança na corrida pela Presidência da República. Nos três cenários testados, Bolsonaro pontua de 21% a 25%, conforme os nomes apresentados.

Pela primeira vez em 2018, o nome do ex-prefeito de São Paulo João Doria foi testado no pleito presidencial – atualmente, ele é pré-candidato pelo governo paulista. No levantamento, Doria teve apenas 6% das intenções de voto, o que o coloca em situação de empate técnico com o padrinho político, Geraldo Alckmin, nome oficial do PSDB para a disputa ao Planalto, que pontua 6% ou 7%, a depender do cenário.

O DataPoder360 entrevistou 10.500 pessoas por meio de telefones fixos e celulares em 349 cidades em todas as regiões do país entre os dias 25 e 31 de maio. A margem de erro para o total da amostra é de 1,8 ponto percentual, para mais ou para menos e o registro do estudo no TSE é BR-09186/2018.

OS CENÁRIOS TESTADOS

O DataPoder360 testou 3 cenários. Em 2 deles, estão presentes apenas pré-candidatos que pontuam acima de 5% em todos os levantamentos. Já a 3ª combinação considera também os pré-candidatos que estão na lanterna dessa disputa.

No caso do PT, o DataPoder360 testou o nome do ex-prefeito de São Paulo Fernando Haddad. Não foi apresentado o nome do ex-presidente Luiz Inácio Lula da Silva, condenado em 2ª Instância e cumprindo pena em Curitiba.

Cenário 1

Jair Bolsonaro: 25%

Ciro Gomes: 12%

Fernando Haddad: 8%

Geraldo Alckmin 7%

Alvaro Dias: 6%

Marina Silva: 6%

Brancos/nulos: 28%

Não sabe/não respondeu: 8%

Cenário 2

Jair Bolsonaro: 22%

Ciro Gomes: 12%

Fernando Haddad: 8%

Marina Silva: 7%

João Doria: 6%

Alvaro Dias: 6%

Brancos/nulos: 29%

Não sabe/não respondeu: 11%

Cenário 3

Jair Bolsonaro: 21%

Ciro Gomes: 11%

Marina Silva: 7%

Fernando Haddad: 6%

Geraldo Alckmin: 6%

Alvaro Dias: 5%

Manuela D’Avila: 2%

Fernando Collor: 1%

Flávio Rocha: 1%

Henrique Meirelles: 1%

Rodrigo Maia: 1%

Afif Domingos: 0%

Guilherme Boulos: 0%

João Amoêdo: 0%

Paulo Rabello: 0%

Brancos/nulos: 27%",é|lidera|os|datapoder360|ciro|em|que|para|bolsonaro|haddad|segundo|silva|colocado|corrida|presidencial|nome|dias
60_12-12-18_14_40.csv,informerjo,"Por Equipe iRJO / PolíticaPublicado em 01/06/2018 às 12:13:0648 Compartilhar Facebook TwitterO presidente Michel Temer cumpriu decisão judicial nesta terça-feira (29) e retirou do ex-presidente Luiz Inácio Lula da Silva benefícios que ele tem direito como mandatário do Palácio do Planalto.
Na semana retrasada, o juiz federal Haroldo Nader, da 6ª Vara Federal de Campinas, determinou liminarmente a retirada imediata dos benefícios do Lula.
A ideia inicial de Temer era suspender apenas os benefícios de segurança e transporte, mantendo os assessores pessoais, que costumam ter como função ajudar na preservação de objetos históricos recebidos no exercício do cargo.
Com a decisão judicial, contudo, ele teve de suspender todos os privilégios.
Lula tem à disposição ainda um total de seis servidores públicos -quatro seguranças e dois assessores pessoais-, além dos dois motoristas.",,"Por Equipe iRJO / Política

Publicado em 01/06/2018 às 12:13:06



48 Compartilhar Facebook Twitter

O presidente Michel Temer cumpriu decisão judicial nesta terça-feira (29) e retirou do ex-presidente Luiz Inácio Lula da Silva benefícios que ele tem direito como mandatário do Palácio do Planalto.

O governo federal suspendeu a disponibilidade de automóveis oficiais e o pagamento de viagens aéreas, além de ter afastado seguranças e assessores, cujas exonerações foram publicadas no “Diário Oficial da União”.

Na semana retrasada, o juiz federal Haroldo Nader, da 6ª Vara Federal de Campinas, determinou liminarmente a retirada imediata dos benefícios do Lula. A decisão partiu de pedido do advogado Rubens Gatti Nunes, coordenador nacional do MBL (Movimento Brasil Livre).

A intenção do Palácio do Planalto é devolver os privilégios caso o Lula seja solto. Ele está preso desde abril em Curitiba.

A ideia inicial de Temer era suspender apenas os benefícios de segurança e transporte, mantendo os assessores pessoais, que costumam ter como função ajudar na preservação de objetos históricos recebidos no exercício do cargo. Com a decisão judicial, contudo, ele teve de suspender todos os privilégios.

Segundo lei sancionada em 1986, e regulamentada em 2008 pelo próprio Lula, todo ex-presidente tem direito a dois veículos oficiais com motoristas pagos pela Presidência da República.

Lula tem à disposição ainda um total de seis servidores públicos -quatro seguranças e dois assessores pessoais-, além dos dois motoristas.

A regalia é também oferecida hoje aos ex-presidentes José Sarney, Fernando Collor, Fernando Henrique Cardoso e Dilma Rousseff.",dois|decisão|judicial|retira|os|federal|tem|em|temer|ele|com|da|lula|benefícios
60_12-12-18_14_40.csv,informerjo,"Por Equipe iRJO / PolíticaPublicado em 22/05/2018 às 17:46:08Foto/Reprodução: Google46 Compartilhar Facebook TwitterO Conselho de Direitos Humanos das Nações Unidas, em Genebra, rejeitou um pedido liminar do ex-presidente Luiz Inácio Lula da Silva para que não ficasse preso até o esgotamento de todos os recursos judiciais.
A ONU não avaliou o mérito do pedido, o que significa que o caso ainda será julgado pelo conselho.
O governo brasileiro terá seis meses para apresentar defesa sobre o mérito do comunicado da ONU.
Lula se entregou à Polícia Federal em Curitiba (PR) no dia 7 de abril.
Na ação apresentada pelo Ministério Público Federal, Lula foi acusado de receber R$ 3,7 milhões de propina da empreiteira OAS em decorrência de contratos da empresa com a Petrobras.",,"Por Equipe iRJO / Política

Publicado em 22/05/2018 às 17:46:08



Foto/Reprodução: Google

46 Compartilhar Facebook Twitter

O Conselho de Direitos Humanos das Nações Unidas, em Genebra, rejeitou um pedido liminar do ex-presidente Luiz Inácio Lula da Silva para que não ficasse preso até o esgotamento de todos os recursos judiciais.

A ONU não avaliou o mérito do pedido, o que significa que o caso ainda será julgado pelo conselho.

O governo brasileiro terá seis meses para apresentar defesa sobre o mérito do comunicado da ONU.

O pedido de Lula foi feito em julho de 2016. Na peça, a defesa citou supostas violações praticadas pelo juiz Sergio Moro e pela força-tarefa da Operação Lava Jato.

Entre elas, de acordo com os advogados do ex-presidente, estão a condução coercitiva de Lula, em março de 2016, o vazamento de materiais sigilosos para a imprensa e a divulgação de ligações interceptadas, e medidas cautelares autorizadas sem justificativa.

A defesa ainda diz que Moro assumiu o papel de acusador em documento enviado ao STF em março de 2016, antecipando juízo sobre assuntos pendentes de julgamento.

Lula se entregou à Polícia Federal em Curitiba (PR) no dia 7 de abril. Em janeiro de 2018, o TRF-4 (Tribunal Regional Federal da 4ª Região) aumentou sua pena para 12 anos e um mês de prisão por corrupção e lavagem de dinheiro no processo que envolvia o caso do tríplex no Guarujá (SP).

Na ação apresentada pelo Ministério Público Federal, Lula foi acusado de receber R$ 3,7 milhões de propina da empreiteira OAS em decorrência de contratos da empresa com a Petrobras.",federal|defesa|conselho|onu|em|rejeita|humanos|que|para|pelo|2016|pedido|liminar|da|lula|direitos
60_12-12-18_14_40.csv,informerjo,"Por Equipe iRJO / PolíticaPublicado em 11/05/2018 às 11:16:10Foto/Reprodução: Google30 Compartilhar Facebook TwitterPor unanimidade, os ministros da segunda turma do STF (Supremo Tribunal Federal) negaram pedido de liberdade feito pela defesa do ex-presidente Luiz Inácio Lula da Silva.
Ele destacou que o STF estabeleceu que é possível determinar que o condenado comece a cumprir a pena depois de sentença em segunda instância.
Desse modo, bem ou mal, essa matéria foi efetivamente debatida e apreciada pelo plenário desta Suprema Corte”, escreveu o magistrado.
O plenário do STF, composto pelos 11 ministros, já julgou e negou um habeas corpus de Lula.
Sua defesa apresentou outro recurso contra a prisão e pediu sua liberdade, mas o pedido foi negado por Fachin.",,"Por Equipe iRJO / Política

Publicado em 11/05/2018 às 11:16:10



Foto/Reprodução: Google

30 Compartilhar Facebook Twitter

Por unanimidade, os ministros da segunda turma do STF (Supremo Tribunal Federal) negaram pedido de liberdade feito pela defesa do ex-presidente Luiz Inácio Lula da Silva.

Os cinco magistrados que compõem o colegiado votaram contra o pedido do petista: Edson Fachin, Dias Toffoli, Gilmar Mendes, Ricardo Lewandowski e Celso de Mello.

O julgamento foi concluído nesta quinta-feira (10). No entanto, já havia maioria formada contra o pedido de Lula nesta quarta (9).

Celso de Mello foi o último a votar. Ele destacou que o STF estabeleceu que é possível determinar que o condenado comece a cumprir a pena depois de sentença em segunda instância.

“Cabe observar que o plenário do Supremo Tribunal Federal, contra o meu voto (que integrou a corrente minoritária), entendeu legítima, sob perspectiva constitucional, a possibilidade daquilo que eu próprio denominei ‘esdrúxula execução provisória de condenação criminal sem trânsito em julgado’. Desse modo, bem ou mal, essa matéria foi efetivamente debatida e apreciada pelo plenário desta Suprema Corte”, escreveu o magistrado.

“Daí a correta observação feita pelo eminente ministro Edson Fachin, registrando que, no caso, houve ‘pronunciamento específico e explícito do plenário da Suprema Corte no sentido de que a autorização de cumprimento da pena imposta ao ora reclamante não representa constrangimento ilegal, inexistindo, nem sequer no campo das alegações, fato superveniente que albergasse, nesse momento, conclusão diversa'”, acrescentou.

O Supremo ainda vai decidir sobre outro recurso do petista, enviado pelo STJ (Superior Tribunal de Justiça) contra uma decisão da corte.

O STF já negou outros recursos de Lula.

O ex-presidente Lula está preso desde 7 de abril, depois de ser condenado e de ter um recurso rejeitado pelo TRF-4 (Tribunal Regional Federal), a segunda instância da Lava Jato. Ele foi condenado a 12 anos e um mês de prisão pelos crimes de corrupção passiva e lavagem de dinheiro no caso do tríplex de Guarujá (SP).

O plenário do STF, composto pelos 11 ministros, já julgou e negou um habeas corpus de Lula.

Sua defesa apresentou outro recurso contra a prisão e pediu sua liberdade, mas o pedido foi negado por Fachin.",nega|tribunal|um|por|que|pelo|foi|contra|pedido|da|unanimidade|lula|liberdade|stf|plenário
60_12-12-18_14_40.csv,informerjo,"Por Equipe iRJO / SaúdePublicado em 24/04/2018 às 13:27:40Foto/Reprodução: Google26 Compartilhar Facebook TwitterComeça hoje no Rio a campanha nacional de imunização contra a gripe influenza.
Programada pelo Ministério da Saúde, a campanha quer imunizar cerca de 4,5 milhões de pessoas até 1º de junho.
A influenza é uma doença respiratória infecciosa que pode levar a pessoa a ter complicações e pode matar, principalmente os indivíduos que se encontram no grupo prioritário, que é de alto risco, e que ainda não estejam imunizados.
De acordo com a subsecretária de Vigilância Epidemiológica em Saúde do Rio, Cláudia Mello, a proximidade do inverno aumenta as chances de transmissão da influenza.
No mesmo período, foram notificados 18 óbitos por SRAG no estado, sendo 1 por H3N2.",,"Por Equipe iRJO / Saúde

Publicado em 24/04/2018 às 13:27:40



Foto/Reprodução: Google

26 Compartilhar Facebook Twitter

Começa hoje no Rio a campanha nacional de imunização contra a gripe influenza. A vacina contém o imunizante contra o H3N2 e é destinada a gestantes, crianças com idades entre seis meses e menores de cinco anos, pessoas com mais 60 anos, mulheres com até 45 dias após o parto, pacientes crônicos, além de profissionais de saúde e indígenas. Programada pelo Ministério da Saúde, a campanha quer imunizar cerca de 4,5 milhões de pessoas até 1º de junho. O secretário estadual de Saúde, Sérgio Gama, pontua que todo o público-alvo deve ser vacinado, mesmo quem já se imunizou em outra ocasião.

A influenza é uma doença respiratória infecciosa que pode levar a pessoa a ter complicações e pode matar, principalmente os indivíduos que se encontram no grupo prioritário, que é de alto risco, e que ainda não estejam imunizados. De acordo com a subsecretária de Vigilância Epidemiológica em Saúde do Rio, Cláudia Mello, a proximidade do inverno aumenta as chances de transmissão da influenza.

Cerca de 1700 postos de saúde, nos 92 municípios do estado, participam da campanha. A vacina imuniza contra os três subtipos de vírus da gripe que mais circulam no inverno: A/H1N1, A/H3N2 e Influenza B. Este ano, até 16 de abril, foram notificados 167 casos confirmados de Síndrome Respiratória Aguda Grave (SRAG) em pacientes internados no Rio, sendo quatro deles causados pelo vírus H1N1 e 13 provocados pelo vírus H3N2. No mesmo período, foram notificados 18 óbitos por SRAG no estado, sendo 1 por H3N2.",rio|hoje|começa|saúde|é|em|que|por|pelo|vacinar|contra|com|gripe|da|vírus
60_12-12-18_14_40.csv,informerjo,"Por Equipe iRJO / SaúdePublicado em 17/04/2018 às 13:00:38Foto/Reprodução: Google305 Compartilhar Facebook TwitterComeça na próxima terça-feira a Campanha de Vacinação contra a Influenza, vírus causador da gripe.
Nos outros estados brasileiros, a Campanha de Vacinação começa no dia 23.
Porém, por conta com feriado estadual de São Jorge nos municípios do Rio de Janeiro, a vacinação terá início um dia depois.
A Campanha de Vacinação tem por objetivo reduzir as internações, complicações e mortes em decorrência das infecções pelo vírus da gripe.
A meta é vacinar 90% dos grupos alvo recomendados da campanha, o que representa cerca de 1,4 milhão de pessoas.",,"Por Equipe iRJO / Saúde

Publicado em 17/04/2018 às 13:00:38



Foto/Reprodução: Google

305 Compartilhar Facebook Twitter

Começa na próxima terça-feira a Campanha de Vacinação contra a Influenza, vírus causador da gripe. A Secretaria Municipal de Saúde tem como foco imunizar idosos, crianças de seis meses a 4 anos, gestantes, puérperas, trabalhadores de saúde, portadores de doenças crônicas (com prescrição médica), professores das redes pública e privada, população carcerária e funcionários de instituição prisional, adolescentes e jovens de 12 a 21 anos sob medidas sócio-educativas.

Nos outros estados brasileiros, a Campanha de Vacinação começa no dia 23. Porém, por conta com feriado estadual de São Jorge nos municípios do Rio de Janeiro, a vacinação terá início um dia depois.

O Dia D de mobilização será no dia 12 de maio, um sábado, quando postos extras serão montados em toda a cidade para facilitar o acesso da população. A Campanha de Vacinação tem por objetivo reduzir as internações, complicações e mortes em decorrência das infecções pelo vírus da gripe. A campanha vai até o dia 1º de junho.

A vacina estará disponível durante a Campanha de Vacinação nas unidades de Atenção Primária (clínicas da família e centros municipais de saúde), de segunda a sexta-feira, das 8h às 17h. Para as mulheres até 45 dias do parto, será solicitada comprovação da condição clínica. A meta é vacinar 90% dos grupos alvo recomendados da campanha, o que representa cerca de 1,4 milhão de pessoas.",abril|rio|começa|24|dia|saúde|às|das|em|por|campanha|contra|gripe|da|vírus|vacinação
60_12-12-18_14_40.csv,informerjo,"Ele e os colegas haviam passado a noite anterior e a madrugada tratando de doentes internados sem o soro, um insumo básico para manter acessos venosos, administrar medicações e hidratar os pacientes.
Outro profissional ressaltou que, para os pacientes diabéticos, a alternativa era apenas a água destilada, que não tem sódio e outros componentes que auxiliam no equilíbrio eletrolítico do organismo.
Às 18h30, a Secretaria municipal de Saúde informou que a direção do Pedro II havia conseguido reabastecer a unidade.
Para o presidente do Cremerj, Nelson Nahon, a situação de precariedade do Pedro II é inadmissível:— Não tem sentido faltar soro fisiológico num hospital desse porte.
O corte de pessoal é outra queixa de quem atua no Hospital Pedro II, administrado pela organização social (OS) SPDM.",,"Por Equipe iRJO / Saúde

Publicado em 27/03/2018 às 10:05:34



Foto/Reprodução: Google

81 Compartilhar Facebook Twitter

Um hospital com 332 leitos e nenhum frasco de soro fisiológico. Esse foi o quadro descrito por um profissional de enfermagem ao deixar seu plantão na manhã de ontem, no Hospital Municipal Pedro II, em Santa Cruz, um dos maiores da Zona Oeste do Rio. Ele e os colegas haviam passado a noite anterior e a madrugada tratando de doentes internados sem o soro, um insumo básico para manter acessos venosos, administrar medicações e hidratar os pacientes.

— Quando pegamos o plantão noturno, no domingo, nos passaram que já não havia soro fisiológico durante o dia. Estamos usando água destilada e soro glicosado — relatou um enfermeiro, que pediu anonimato por medo de represálias.

Outro profissional ressaltou que, para os pacientes diabéticos, a alternativa era apenas a água destilada, que não tem sódio e outros componentes que auxiliam no equilíbrio eletrolítico do organismo.

Às 18h30, a Secretaria municipal de Saúde informou que a direção do Pedro II havia conseguido reabastecer a unidade.

Para o presidente do Cremerj, Nelson Nahon, a situação de precariedade do Pedro II é inadmissível:

— Não tem sentido faltar soro fisiológico num hospital desse porte. A direção tem que pegar emprestado em outra unidade, comprar na farmácia, enfim, não pode é faltar.

O corte de pessoal é outra queixa de quem atua no Hospital Pedro II, administrado pela organização social (OS) SPDM. Nos balanços publicados pela OS, é possível ver que, nos últimos três meses, a redução no número de funcionários foi de 5,5%, caindo de 1.429 profissionais, em dezembro de 2017, para 1.350, em fevereiro deste ano. No último ano, a queda foi de 11% no quadro de funcionários.",ii|pacientes|hospital|fica|soro|os|é|municipal|um|pedro|que|em|para|sem|não
60_12-12-18_14_40.csv,informerjo,"Mas, atenção: o risco está apenas na pipoca versão industrializada“A pipoca é feita a partir do milho e é rica em antioxidantes, que combatem o envelhecimento precoce e os radicais livres.
Pipoca mais saudávelPara tornar a pipoca in natura ainda mais saudável, há a opção de prepará-la diretamente no micro-ondas, com os grãos dentro de um saco de pão, com a quantidade de uma colher de sopa de água.
Aí estraga a pipoca que era para ser bem natural.
Pipoca doce de micro-ondas: eviteHoje é comum encontrarmos nos mercados as versões doces das pipocas de micro-ondas.
Muitas trazem uma pasta para ser adicionada depois de estourar a pipoca, que é rica em gordura do tipo saturada.",,"Por Equipe iRJO / Saúde

Publicado em 22/03/2018 às 15:49:44



Foto/Reprodução: Google

10 Compartilhar Facebook Twitter

A pipoca industrializada traz substâncias que são consideradas cancerígenas, como alguns aromatizantes e conservantes

A pipoca de micro-ondas, embora mais prática para algumas pessoas, mais saborosa que a versão tradicional de panela, é capaz de colocar a saúde em risco.

Isto porque a versão industrializada, com sabores que vão do bacon a manteiga chocolate e morango, traz substâncias que são consideradas cancerígenas.

Some a isso a enorme quantidade de sódio presente no produto, usado também como conservante, a pipoca de micro-ondas pode ser colocada no rol dos produtos a serem evitados em exagero por adultos e crianças.

Se tiver o hábito de colocar sal na pipoca de micro-ondas, depois de preparada, evite. O sódio em exagero aumenta o risco de doenças cardiovasculares importantes, como infartos.

Mas, atenção: o risco está apenas na pipoca versão industrializada

“A pipoca é feita a partir do milho e é rica em antioxidantes, que combatem o envelhecimento precoce e os radicais livres. O problema é quando adicionamos muita gordura, na versão de panela, mas que pode ser controlada”, explica Rebeca Ferraz Técnica em Nutrição.

Pipoca mais saudável

Para tornar a pipoca in natura ainda mais saudável, há a opção de prepará-la diretamente no micro-ondas, com os grãos dentro de um saco de pão, com a quantidade de uma colher de sopa de água. Com isso, evita-se o uso da gordura.

Na hora de temperar, evite o sal ou prefira o sal feito a partir de um conjunto de ervas, o sal rosa do Himalaia, entre outras versões mais naturais.

“Há quem vá para o extremo e tempere com caldos de carne ou temperos prontos. Aí estraga a pipoca que era para ser bem natural. Vale também não exagerar na quantidade de gordura durante o preparo”, reforça a Técnica em nutrição.

Pipoca doce de micro-ondas: evite

Hoje é comum encontrarmos nos mercados as versões doces das pipocas de micro-ondas. Muitas trazem uma pasta para ser adicionada depois de estourar a pipoca, que é rica em gordura do tipo saturada. Evite o consumo em exagero desse produto para diminuir o risco de doenças cardiovasculares.",microondas|versão|ser|é|saudável|panela|que|em|para|pipoca|com|mais
60_12-12-18_14_40.csv,informerjo,"Por Equipe iRJO / SegurançaPublicado em 22/05/2018 às 12:23:10Foto/Reprodução: Policia Militar8 Compartilhar Facebook TwitterPoliciais militares do 34º BPM (Magé) prenderam oito criminosos e apreenderam diversos equipamentos policiais na BR-493, na altura de Magé, na Região Metropolitana do Rio, na madrugada desta terça-feira.
Segundo a PM, uma viatura da unidade fazia patrulhamento na via quando avistou um carro em atitude suspeita.
Ao abordar os ocupantes e revistar o veículo, o material foi encontrado.
De acordo com o Tenente Valentim, titular do batalhão, entre os suspeitos estão dois militares do Exército Brasileiro, lotados do quartel de Jurujuba, em Niterói.
Ele acredita que o material seria usado para a prática de “ilícito”.",,"Por Equipe iRJO / Segurança

Publicado em 22/05/2018 às 12:23:10



Foto/Reprodução: Policia Militar

8 Compartilhar Facebook Twitter

Policiais militares do 34º BPM (Magé) prenderam oito criminosos e apreenderam diversos equipamentos policiais na BR-493, na altura de Magé, na Região Metropolitana do Rio, na madrugada desta terça-feira. Segundo a PM, uma viatura da unidade fazia patrulhamento na via quando avistou um carro em atitude suspeita. Ao abordar os ocupantes e revistar o veículo, o material foi encontrado.

De acordo com o Tenente Valentim, titular do batalhão, entre os suspeitos estão dois militares do Exército Brasileiro, lotados do quartel de Jurujuba, em Niterói. Ele acredita que o material seria usado para a prática de “ilícito”.",às|policial|criminosos|valentim|os|veículo|usado|equipamento|em|militares|oito|polícia|material|viatura|magé|prende|apreende
60_12-12-18_14_40.csv,informerjo,"Por Equipe iRJO / SegurançaPublicado em 17/05/2018 às 10:45:26Foto/Reprodução: TV Globo8 Compartilhar Facebook TwitterDuas agências bancárias foram explodidas na madrugada desta quinta-feira.
Um dos casos ocorreu na Rua Marechal Floriano, no Centro do Rio.
No entanto, de acordo com o batalhão, os criminosos não conseguiram levar nada do estabelecimento.
Alguns deles não quiseram se identificar e contaram que mudaram a rotina por causa da insegurança.
O jornaleiro Márcio Martins disse que os casos se tornaram mais frequentes nos últimos três meses.",,"Por Equipe iRJO / Segurança

Publicado em 17/05/2018 às 10:45:26



Foto/Reprodução: TV Globo

8 Compartilhar Facebook Twitter

Duas agências bancárias foram explodidas na madrugada desta quinta-feira. Um dos casos ocorreu na Rua Marechal Floriano, no Centro do Rio. A informação foi confirmada pelo 5º BPM (Praça da Harmonia). Imagens mostram a porta do banco destruída após o ataque. No entanto, de acordo com o batalhão, os criminosos não conseguiram levar nada do estabelecimento. Até o momento, nenhum suspeito foi preso.

Já o outro caso ocorreu em uma agência do Bradesco, na Rua Honório, no Cachambi, Zona Norte do Rio, a 50 metros do local onde Cláudio Henrique Pinto, de 43 anos, foi morto na frente do filho. Um dos pedaços do caixa eletrônico explodido foi encontrado na Rua Cachambi. Os bandidos conseguiram fugir.

Os moradores reclamaram da violência crescente no bairro. Alguns deles não quiseram se identificar e contaram que mudaram a rotina por causa da insegurança. O jornaleiro Márcio Martins disse que os casos se tornaram mais frequentes nos últimos três meses. “Não temos policiamento principalmente à noite”, completou.",rua|agências|explodem|rio|bancárias|os|um|que|por|bandidos|foi|duas|da|se|não
60_12-12-18_14_40.csv,informerjo,"Por Equipe iRJO / SegurançaPublicado em 15/05/2018 às 10:34:15Foto/Reprodução: Whatsapp24 Compartilhar Facebook TwitterUm bebê foi atingido por uma bala perdida, na noite desta segunda-feira, dentro do Colégio São Vicente de Paulo, no Cosme Velho.
De acordo com as primeiras informações, a mãe de um aluno estava esperando o filho de 6 anos terminar uma atividade física na quadra da escola quando seu outro filho, um bebê de 6 meses, foi atingido por um disparo.
A mãe, desesperada ao ver o filho ensanguentado, entrou em um táxi às pressas, a caminho de um hospital em Botafogo.
No final da noite desta quarta-feira, o bebê foi transferido para o Centro Pediátrico da Lagoa.
De acordo com a unidade, o menino deu entrada por volta das 22h, com um “tiro subcutâneo” em um dos ombros.",,"Por Equipe iRJO / Segurança

Publicado em 15/05/2018 às 10:34:15



Foto/Reprodução: Whatsapp

24 Compartilhar Facebook Twitter

Um bebê foi atingido por uma bala perdida, na noite desta segunda-feira, dentro do Colégio São Vicente de Paulo, no Cosme Velho. De acordo com as primeiras informações, a mãe de um aluno estava esperando o filho de 6 anos terminar uma atividade física na quadra da escola quando seu outro filho, um bebê de 6 meses, foi atingido por um disparo. A bala ficou alojada no ombro. A mãe, desesperada ao ver o filho ensanguentado, entrou em um táxi às pressas, a caminho de um hospital em Botafogo.

No final da noite desta quarta-feira, o bebê foi transferido para o Centro Pediátrico da Lagoa. De acordo com a unidade, o menino deu entrada por volta das 22h, com um “tiro subcutâneo” em um dos ombros. O quadro de saúde dele, ainda conforme a nota divulgada pelo hospital, é estável e a criança não corre risco de morrer",uma|dentro|é|um|bala|colégio|bebê|em|por|atingido|filho|foi|com|às|da|perdida
60_12-12-18_14_40.csv,informerjo,"O prefeito do Rio, Marcelo Crivella (PRB), anunciou nesta sexta-feira (1º) a nova tarifa de ônibus.
O valor sobe de R$ 3,60 para R$ 3,95.
Até 31 de dezembro deste ano, 60% da frota com ar condicionado.
Até 30 de junho de 2019, 70% da frota com ar condicionado.
Até 31 de dembro de 2019, 80% da frota com ar condicionado.",,"O prefeito do Rio, Marcelo Crivella (PRB), anunciou nesta sexta-feira (1º) a nova tarifa de ônibus. O valor sobe de R$ 3,60 para R$ 3,95. O reajuste será feito por meio de um decreto publicado em edição extraordinária do Diário Oficial.

A tarifa entrará em vigor 10 dias depois que as empresas de ônibus retirarem as ações contra a Prefeitura do Rio – no total, elas somam R$ 180 milhões.

“Nós estamos garantindo agora, num acordo assinado entre a Prefeitura e a Rio Ônibus, um cronograma sagrado para colocação de ar condicionado em toda a nossa frota”, disse ele.

Pelo decreto assinado nesta sexta-feira, a climatização dos 7,2 mil ônibus que compõem a frota em operação na cidade do Rio deverá obedecer o seguinte cronograma:

Até 90 dias após a entrada em vigor da nova tarifa, 150 ônibus com ar condicionado.

Até 31 de dezembro deste ano, 60% da frota com ar condicionado.

Até 30 de junho de 2019, 70% da frota com ar condicionado.

Até 31 de dembro de 2019, 80% da frota com ar condicionado.

100% da frota com ar condicionado em setembro de 2020.

Segundo Marcelo Crivella, se houver diminuição do ICMS “vamos sentar para ver se é possível” também baratear.

O prefeito Marcelo Crivella também anunciou gratuidade nas passagens para mães de crianças que têm microcefalia e a abertura das contas das empresas de ônibus – processo que deverá acontecer dentro de 60 dias com a apresentação de um relatório trimestral.

Ainda durante a assinatura do decreto, Marcelo Crivella anunciou que a empresas de ônibus doarão R$ 7 milhões para a compra de asfalto – a prioridade é a reforma das pistas usadas pelo BRT Transoeste.",rio|ar|anuncia|r|em|que|para|ônibus|tarifa|frota|com|crivella|da|nova
60_12-12-18_14_40.csv,informerjo,"– Quando soube que o combustível iria chegar tive que convocar meus funcionários às presas.
O posto BR da Avenida Presidente Vargas também já começou a ter o estoque de combustível normalizado.
– Já chegaram 15 mil litros de combustível, sendo 5 mil de gasolina, 5 mil de etanol e 5 mil de diesel.
O caminhão vai buscar mais 15 mil, que deve chegar por volta das 6h30.
Na Rua Pinheiro Machado, em Laranjeiras, Zona Sul do Rio, havia uma fila com cerca de 20 carros à espera de abastecimento no posto Shell.",,"Por Equipe iRJO / Urbanismo

Publicado em 29/05/2018 às 10:27:51



Foto/Reprodução: Fabiano Rocha

25 Compartilhar Facebook Twitter

No posto BR, na esquina da Avenida Maracanã com a Rua São Francisco Xavier, 35 mil litros de combustível (15 mil litros de gasolina comum, 10 mil litros de gasolina aditivada, cinco mil litros de etanol e cinco mil litros de diesel) chegaram ao local por volta das 18h30 desta segunda-feira. De acordo com o dono do posto, José Luiz Afonso, de 61 anos, o posto, que estava fechado desde a última sexta-feira, reabriu às 21h30 da noite desta segunda, com os motoristas esperando para abastecer por mais de duas horas.

– Quando soube que o combustível iria chegar tive que convocar meus funcionários às presas. Os motoristas fizeram uma fila até o Shopping Tijuca, que se formou porque eles ficaram esperando o posto abrir. Mas, quando começamos a abastecer as coisas começaram a normalizar e as pessoas ficaram no máximo 30 minutos na fila – disse José Luiz.

O posto BR da Avenida Presidente Vargas também já começou a ter o estoque de combustível normalizado. No entanto, deve abrir para os motoristas só por volta das 5h30 da manhã, quando os funcionários chegarem.

– Já chegaram 15 mil litros de combustível, sendo 5 mil de gasolina, 5 mil de etanol e 5 mil de diesel. O caminhão vai buscar mais 15 mil, que deve chegar por volta das 6h30. Mas, acredito que esse combustível só dê até a hora do almoço de hoje (terça-feira) – afirmou ou o único frentista que estava no posto BR da Presidente Vargas.

Na Rua Pinheiro Machado, em Laranjeiras, Zona Sul do Rio, havia uma fila com cerca de 20 carros à espera de abastecimento no posto Shell. Segundo o Técnico de Seguro Arli de Lima Diniz, de 28 anos, a espera na fila não estava muito grande, cerca de 20 minutos apenas por motorista.

– Um amigo que mora aqui perto me mandou uma foto do posto abastecendo, então eu vim para cá. A última vez que abasteci foi no domingo retrasado, um dia antes de começar a greve. Tive sorte que meu carro é bastante econômico e durou a semana inteira. Só economizei um pouco no fim de semana – completou Arli.",mil|retomam|posto|abastecimento|os|já|que|por|combustível|postos|fila|com|litros|da
60_12-12-18_14_40.csv,informerjo,"Por Equipe iRJO / UrbanismoPublicado em 23/05/2018 às 14:31:2475 Compartilhar Facebook TwitterPostos do Rio e da Região Metropolitana sofrem desde cedo com a falta de combustíveis por conta da greve dos caminhoneiros, que reclamam dos seguidos reajustes no preço do diesel.
Para piorar a situação, mais de 200 caminhões deixaram a Via Dutra, e parte deles bloqueia a saída das centrais de distribuição de combustíveis da BR e Raízen (distribuidora da Shell), na altura da Reduc, na Rodovia Washington Luís (BR-040).
Motoristas dessas duas empresas já teriam aderido à greve dos caminhoneiros.
Os caminhões bloqueiam duas faixas de cada pista expressa da rodovia BR-040 e uma faixa da pista marginal, no sentido Juiz de Fora.
A quantidade de veículos — entre caminhões-baú, carretas, caminhões cegonha e outros de pequeno porte — é tão grande que a fila chega a cerca de dois quilômetros.",,"Por Equipe iRJO / Urbanismo

Publicado em 23/05/2018 às 14:31:24



75 Compartilhar Facebook Twitter

Postos do Rio e da Região Metropolitana sofrem desde cedo com a falta de combustíveis por conta da greve dos caminhoneiros, que reclamam dos seguidos reajustes no preço do diesel. Em Duque de Caxias, na Baixada Fluminense, onde filas de ônibus se formaram ainda na noite desta terça-feira para abastecer e poder circular na manhã desta quarta-feira, estabelecimentos estão sem combustível, assim como nas zonas Norte, Sul e Oeste do Rio. Para piorar a situação, mais de 200 caminhões deixaram a Via Dutra, e parte deles bloqueia a saída das centrais de distribuição de combustíveis da BR e Raízen (distribuidora da Shell), na altura da Reduc, na Rodovia Washington Luís (BR-040). Motoristas dessas duas empresas já teriam aderido à greve dos caminhoneiros.

Os caminhões bloqueiam duas faixas de cada pista expressa da rodovia BR-040 e uma faixa da pista marginal, no sentido Juiz de Fora. A quantidade de veículos — entre caminhões-baú, carretas, caminhões cegonha e outros de pequeno porte — é tão grande que a fila chega a cerca de dois quilômetros.",rodovia|rio|dos|já|pista|caminhões|que|por|para|postos|com|sofrem|combustíveis|da|greve|falta
60_12-12-18_14_40.csv,informerjo,"Por Equipe iRJO / UrbanismoPublicado em 04/05/2018 às 10:24:41Foto/Reprodução: Google20 Compartilhar Facebook TwitterA partir da próxima segunda-feira, o Detran aumentará o atendimento noturno nos postos de vistoria.
Na capital, o atendimento noturno começará nos postos da Barra da Tijuca e da Ceasa, em Irajá.
O serviço noturno do Detran, já estava funcionando em outros cinco postos da Região Metropolitana e no interior: Belford Roxo, Campos dos Goytacazes, São Gonçalo, São João de Meriti e Volta Redonda.
Atendimento noturno– A partir de 7 de maioBarra da Tijuca: Avenida João Cabral de Melo Neto s/n, ao lado da entrada de cargas do Via Parque.
Haddock Lobo:- Rua João Paulo s/n, no Rio Comprido.",,"Por Equipe iRJO / Urbanismo

Publicado em 04/05/2018 às 10:24:41



Foto/Reprodução: Google

20 Compartilhar Facebook Twitter

A partir da próxima segunda-feira, o Detran aumentará o atendimento noturno nos postos de vistoria. Mais dez unidades — dois na capital, um na Região Metropolitana e outros sete no interior — vão oferecer 1.444 vagas diárias, das 18h às 22h. Com a ampliação, haverá, ao todo, 20 postos fazendo vistoria à noite em todo o estado, oferecendo 2.684 novas vagas diárias para o serviço.

O objetivo do Detran com a ampliação é diminuir a demanda reprimida existente para a vistoria noturna. Na capital, o atendimento noturno começará nos postos da Barra da Tijuca e da Ceasa, em Irajá. Desde março, já ofereciam o serviço os postos de Campo Grande, Haddock Lobo, Machado de Assis (Catete), Santa Cruz e Vila Isabel.

No interior, as cidades de Campos dos Goytacazes, Teresópolis, Barra Mansa, São Pedro da Aldeia, Resende, Nova Friburgo e Araruama também oferecerão o serviço para o usuário. Na Região Metropolitana, Niterói passa a ampliar o atendimento.

O serviço noturno do Detran, já estava funcionando em outros cinco postos da Região Metropolitana e no interior: Belford Roxo, Campos dos Goytacazes, São Gonçalo, São João de Meriti e Volta Redonda.

Em 2017, o programa funcionou de abril a dezembro em 19 unidades e atendeu 151.055 veículos. Em 2018, o atendimento foi antecipado e o número de vagas, ampliado.

Atendimento noturno

– A partir de 7 de maio

Barra da Tijuca: Avenida João Cabral de Melo Neto s/n, ao lado da entrada de cargas do Via Parque.

Ceasa (Irajá): Avenida Brasil 19.001.

Niterói: Rua Desembargador Lima Castro 276, no Fonseca.

Campos dos Goytacazes: Posto Campos II, na Avenida Nilo Peçanha 614, no Shopping Strada.

Teresópolis: Rua Avelino Machado Bastos 250.

Barra Mansa: Avenida Homero Leite 440.

São Pedro da Aldeia: Rua Augusto Menezes 5.

Resende: Rua Macedo Mirando, lote 63/64.

Nova Friburgo: Avenida José Roberto da Silveira 74.

Araruama: Avenida Getúlio Vargas s/n.

Desde março

Belford Roxo:- Avenida Jorge Julio Costa dos Santos 200.

Campo Grande: Estrada do Mendanha 1.672.

Campos dos Goytacazes 1: Rua XV de novembro 70/80, Centro (antiga garagem Comauto).

Haddock Lobo:- Rua João Paulo s/n, no Rio Comprido.

Machado de Assis: Rua do Catete 325, no Largo do Machado.

Santa Cruz: Avenida Átila Temporal s/n, em frente à elevatória da Cedae, no Distrito Industrial.

São Gonçalo: Rua Oliveira Botelho 167.

São João de Meriti: Rua Maria Soares Sendas, lote 2.

Vila Isabel: Rua Torres Homem 697.",rua|rio|joão|atendimento|noturno|dos|em|detran|goytacazes|postos|avenida|amplia|da|vistoria
60_12-12-18_14_40.csv,informerjo,"Alguns motoristas chegaram até a cadastrar a conta bancária para receber os recursos que seriam repassados por empresa que ganhou a licitação para operar os pagamentos eletrônicos do Taxi.Rio.
Diante da polêmica, o prefeito Marcelo Crivella cancelou a mudança no aplicativo Taxi.Rio.
O pagamento pode ser feito em dinheiro ou em cartão se o taxista tiver sua própria máquina”, afirmou Fábio Pimentel, presidente do IplanRio, órgão municipal que criou o Taxi.Rio.
Nesses modos de pagamento, o taxista não paga nada pelo uso do aplicativo.
“Com o valor da taxa, ia valer a pena aceitar corridas em cartão se fosse com descontos de até 20%.”",,"Por Equipe iRJO / Urbanismo

Publicado em 03/05/2018 às 16:57:00



Foto/Reprodução: Google

20 Compartilhar Facebook Twitter

Após reclamações de parte dos taxistas da cobrança de 6,75% sobre as corridas do aplicativo Taxi.Rio a serem pagas com cartões de crédito, a prefeitura voltou atrás e suspendeu a opção que deveria começar a funcionar ainda neste mês.

Alguns motoristas chegaram até a cadastrar a conta bancária para receber os recursos que seriam repassados por empresa que ganhou a licitação para operar os pagamentos eletrônicos do Taxi.Rio. Outros, no entanto, começaram a reclamar, sobretudo nas redes sociais, da cobrança de 6,75% do valor.

Diante da polêmica, o prefeito Marcelo Crivella cancelou a mudança no aplicativo Taxi.Rio. “Diante da controvérsia, o prefeito preferiu deixar o aplicativo como está atualmente. O pagamento pode ser feito em dinheiro ou em cartão se o taxista tiver sua própria máquina”, afirmou Fábio Pimentel, presidente do IplanRio, órgão municipal que criou o Taxi.Rio. Nesses modos de pagamento, o taxista não paga nada pelo uso do aplicativo.

O taxista Edson Pessanha, na profissão desde 2014, é um dos que já tinha cadastrado a conta bancária no aplicativo porque acredita que a opção de cartão de crédito aumentaria sua demanda. “Com o valor da taxa, ia valer a pena aceitar corridas em cartão se fosse com descontos de até 20%.”",atrás|volta|cartão|prefeitura|sua|em|taxirio|que|aceitará|com|da|se|não|aplicativo|taxista
60_12-12-18_14_40.csv,informerjo,"Por Equipe iRJO / OportunidadesPublicado em 05/03/2018 às 11:30:1423 Compartilhar Facebook TwitterUm curso profissionalizante de Bombeiro Hidráulico vai oferecer 20 vagas gratuitas na Zona Oeste do Rio.
A qualificação será certificada pelo Senai e terá 126 horas de duração.
O projeto Qualifica Mais é oferecido pela Concessionária Zona Oeste Mais Saneamento.
As inscrições serão realizadas apenas nos dias 06 e 07 de março, das 9h às 12h e de 13h às 17h.
Os interessados devem ir à ETE Deodoro, que fica na Rua Nazaré 1, em Deodoro.",,"Por Equipe iRJO / Oportunidades

Publicado em 05/03/2018 às 11:30:14



23 Compartilhar Facebook Twitter

Um curso profissionalizante de Bombeiro Hidráulico vai oferecer 20 vagas gratuitas na Zona Oeste do Rio. A qualificação será certificada pelo Senai e terá 126 horas de duração. O projeto Qualifica Mais é oferecido pela Concessionária Zona Oeste Mais Saneamento.

As aulas vão beneficiar homens e mulheres com 18 anos ou mais que tenham concluído o ensino fundamental II (equivalente ao 9ºano/antiga 8ª série) e que morem nos bairros da Área de Planejamento 5 (Bangu, Gericinó, Padre Miguel, Senador Camará, Campos dos Afonsos, Deodoro, Jardim Sulacap, Magalhães Bastos, Realengo, Vila Militar, Campo Grande, Cosmos, Inhoaíba, Santíssimo, Senador Vasconcelos, Barra de Guaratiba, Guaratiba, Pedra de Guaratiba, Paciência, Santa Cruz e Sepetiba).

As inscrições serão realizadas apenas nos dias 06 e 07 de março, das 9h às 12h e de 13h às 17h. Os interessados devem ir à ETE Deodoro, que fica na Rua Nazaré 1, em Deodoro.",bombeiro|zona|hidráulico|rio|gratuito|curso|às|senador|formação|oeste|nos|em|que|guaratiba|abre|inscrições|mais|deodoro
60_12-12-18_14_40.csv,informerjo,"Por Equipe iRJO / OportunidadesPublicado em 27/02/2018 às 20:11:18173 Compartilhar Facebook TwitterConcurso PúblicoA Força Aérea Brasileira (FAB) divulgou normas de abertura de um novo concurso de processo seletivo para profissionais de nível médio técnico.
As oportunidades são destinadas para a função de Sargento Temporário da Aeronáutica (QSCOn).
Para concorrer a uma das vagas, o candidato deverá ter curso técnico na respectiva área.
Além disso, ter menos de 45 anos de idade é requisito para concorrer a uma das oportunidades.
Edital do Concurso Para mais informações.",,"Por Equipe iRJO / Oportunidades

Publicado em 27/02/2018 às 20:11:18



173 Compartilhar Facebook Twitter

Concurso Público

A Força Aérea Brasileira (FAB) divulgou normas de abertura de um novo concurso de processo seletivo para profissionais de nível médio técnico. As oportunidades são destinadas para a função de Sargento Temporário da Aeronáutica (QSCOn).

O soldo será de R$3.584,00. Para concorrer a uma das vagas, o candidato deverá ter curso técnico na respectiva área. Além disso, ter menos de 45 anos de idade é requisito para concorrer a uma das oportunidades.

Vagas

Vagas por Localidade – Concurso Aeronáutica Sargentos QSCOn 2018

As vagas de Administração são destinadas as seguintes localidades:

Belém: Belém-PA (07 vagas), São Luis-Alcântara /MA (02 vagas);

Brasília: Anápolis-GO (07 vagas), Brasília/Gama-DF (41 vagas);

Canoas: Canoas/Porto Alegre-RS (08 vagas), Curitiba-PR (06 vagas), Florianópolis-SC (04 vagas) e Santa Maria-RS (07 vagas);

Manaus: Boa Vista-RR (04 vagas), Manaus-AM (07 vagas) e Porto Velho-RO (07 vagas);

Recife: Natal/Paramirim-RN (09 vagas), Recife-PE (06 vagas), Salvador-BA (06 vagas) e Fortaleza-CE (03 vagas);

Rio de Janeiro: Barbacena-MG (03 vagas), Belo Horizonte/Lagoa Santa/Confins-MG (06 vagas), Rio de Janeiro-RJ (44 vagas);

São Paulo: Campo Grande-MS (04 vagas), Guaratinguetá-SP (11 vagas), Pirassununga-SP (09 vagas), São José dos Campos-SP (13 vagas) e São Paulo/Guarulhos-SP (27 vagas).

Fique por dentro.

As demais oportunidades poderão ser conferidas no edital em anexo.

Edital do Concurso Para mais informações.

Ou no Site da FAB.

Confira o Enquadramento.",aeronáutica|são|uma|07|por|anos|vagas|45|para|idade|04|técnico|pra|até|concurso|06
60_12-12-18_14_40.csv,informerjo,"Por Equipe iRJO / OportunidadesPublicado em 26/02/2018 às 11:19:4938 Compartilhar Facebook TwitterComeça nesta segunda-feira o processo seletivo para 25 vagas de emprego no Outback Steakhouse Norte Shopping.
As oportunidades são na área de atendimento, e a rede busca universitários, ou pessoas com ensino médio completo, com disponibilidade de horários, inclusive aos fins de semana ou feriados.
É necessário ter a partir de 18 anos de idade.
Os candidatos devem preencher uma ficha de inscrição na própria unidade Outback Steakhouse nos dias 26, 27 ou 28 de fevereiro, das 15h às 17h.
Depois do período de experiência, os funcionários também vão ter direito a seguro saúde e seguro odontológico.",,"Por Equipe iRJO / Oportunidades

Publicado em 26/02/2018 às 11:19:49



38 Compartilhar Facebook Twitter

Começa nesta segunda-feira o processo seletivo para 25 vagas de emprego no Outback Steakhouse Norte Shopping. As oportunidades são na área de atendimento, e a rede busca universitários, ou pessoas com ensino médio completo, com disponibilidade de horários, inclusive aos fins de semana ou feriados. É necessário ter a partir de 18 anos de idade.

Os candidatos devem preencher uma ficha de inscrição na própria unidade Outback Steakhouse nos dias 26, 27 ou 28 de fevereiro, das 15h às 17h.

Os selecionados vão receber benefícios como vale-transporte e refeição no local. Depois do período de experiência, os funcionários também vão ter direito a seguro saúde e seguro odontológico.",norte|é|ter|shopping|outback|25|começa|nesta|segundafeira|para|com|ou|vão|seleção|vagas|às|seguro|steakhouse|área
60_12-12-18_14_40.csv,informerjo,"Por Equipe iRJO / OportunidadesPublicado em 21/02/2018 às 10:50:1320 Compartilhar Facebook TwitterO CIEE/Rio está com 2.200 vagas abertas, principalmente na capital, para alunos dos cursos de Direito, Administração e Informática.
Para se candidatar, clique aqui.
A média da bolsa-auxílio paga para o estagiário no estado do Rio é em média de R$ 1,1 mil.
Os processos seletivos estão mais rígidos e se renovaram.
De olho em futuros líderes, os entrevistadores fazem perguntas fora do script de propósito, para descobrir o que os candidatos não querem revelar.",,"Por Equipe iRJO / Oportunidades

Publicado em 21/02/2018 às 10:50:13



20 Compartilhar Facebook Twitter

O CIEE/Rio está com 2.200 vagas abertas, principalmente na capital, para alunos dos cursos de Direito, Administração e Informática. Para se candidatar, clique aqui.

— Em 2018, podemos estar mais otimistas com a retomada da economia. As empresas tem maior confiança que a situação do país vai melhorar e estão investindo e querem estar prontas para atender uma demanda que tende a aumentar — avalia o Superintendente do CIEE/Rio, Paulo Pimenta.

A média da bolsa-auxílio paga para o estagiário no estado do Rio é em média de R$ 1,1 mil. Pode ser estagiário qualquer jovem a partir de 16 anos, desde que esteja estudando.

Os processos seletivos estão mais rígidos e se renovaram. No CIEE, os recrutadores usam dinâmicas em grupo, entrevistas, testes e games para testar os candidatos As empresas estão mais exigentes e para atender a demanda é preciso buscar estagiários muito bem preparados. De olho em futuros líderes, os entrevistadores fazem perguntas fora do script de propósito, para descobrir o que os candidatos não querem revelar. Tudo para avaliar o nível de consistência do candidato.",2200|mais|querem|estão|estado|os|é|ciee|tem|em|que|vagas|para|média|se|estágio
60_12-12-18_14_40.csv,informerjo,"Mesmo os candidatos que pediram isenção da taxa de inscrição no Enem devem se inscrever na página no endereço (encurtado) https://goo.gl/GgiPVw.
Para fazer a inscrição do Enem, o participante deverá apresentar o número do CPF e do documento de identidade e criar uma senha.
O número de inscrição gerado e a senha cadastrada deverão ser anotados em local seguro, pois serão solicitados para o acompanhamento da situação da inscrição na Página do Participante.
Esses dados também serão usados para consulta do Cartão de Confirmação da inscrição e para a obtenção dos dados individuais dos candidatos.
O atendimento específico pode ser solicitado para gestante, lactantes, idosos, estudantes em classe hospitalar ou com outras condições específicas.",,"Por Equipe iRJO / Educação

Publicado em 07/05/2018 às 10:40:55



Foto/Reprodução: Google

17 Compartilhar Facebook Twitter

As inscrições para o Exame Nacional do Ensino Médio (Enem), que começaram hoje, vão até o dia 18. Mesmo os candidatos que pediram isenção da taxa de inscrição no Enem devem se inscrever na página no endereço (encurtado) https://goo.gl/GgiPVw. O pagamento da taxa de inscrição, para quem não conseguiu a isenção, no valor de R$ 82, pode ser feito até o dia 23 deste mês, nas agências bancárias, casas lotéricas e agências dos Correios.

Para fazer a inscrição do Enem, o participante deverá apresentar o número do CPF e do documento de identidade e criar uma senha. O número de inscrição gerado e a senha cadastrada deverão ser anotados em local seguro, pois serão solicitados para o acompanhamento da situação da inscrição na Página do Participante. Esses dados também serão usados para consulta do Cartão de Confirmação da inscrição e para a obtenção dos dados individuais dos candidatos.

Na hora da inscrição, o candidato deverá informar um endereço de e-mail válido e um número de telefone fixo ou celular, que serão usados para enviar informações sobre o exame. Também deve ser indicado o município quer realizar o exame e a língua na qual quer fazer a prova de língua estrangeira (inglês ou espanhol).

Quem precisar de atendimento especializado ou específico deve fazer essa solicitação no ato da inscrição. O atendimento especializado pode ser pedido para pessoas com problemas como baixa visão, cegueira, deficiência física, deficiência auditiva, deficiência intelectual, dislexia ou autismo.

O atendimento específico pode ser solicitado para gestante, lactantes, idosos, estudantes em classe hospitalar ou com outras condições específicas.",ou|serão|nesta|começa|segundafeira|ser|inscrição|que|número|para|pode|enem|da|fazer
60_12-12-18_14_40.csv,informerjo,"Por Equipe iRJO / EducaçãoPublicado em 06/04/2018 às 10:21:05Foto/Reprodução: Facebook35 Compartilhar Facebook TwitterUm ventilador de teto despencou e feriu a cabeça de um estudante de 6 anos de idade, dentro da sala de aula do 1º ano da Escola Municipal Eliete Ferreira, localizada na Rua José Jorge dos Reis Meireles, no bairro Vista Alegre, em Barra Mansa.
O acidente, cujas causas já estão sendo investigadas pela Secretaria Municipal de Educação, ocorreu no turno da manhã, e assustou os mais de 30 alunos da turma.
Kaio, que teria chegado a desmaiar após a queda do ventilador de teto – que pesa cerca de quatro quilos -, levou pontos na cabeça.
Uma atadura foi colocada no ferimento.",,"Por Equipe iRJO / Educação

Publicado em 06/04/2018 às 10:21:05



Foto/Reprodução: Facebook

35 Compartilhar Facebook Twitter

Um ventilador de teto despencou e feriu a cabeça de um estudante de 6 anos de idade, dentro da sala de aula do 1º ano da Escola Municipal Eliete Ferreira, localizada na Rua José Jorge dos Reis Meireles, no bairro Vista Alegre, em Barra Mansa. O acidente, cujas causas já estão sendo investigadas pela Secretaria Municipal de Educação, ocorreu no turno da manhã, e assustou os mais de 30 alunos da turma. Kaio, que teria chegado a desmaiar após a queda do ventilador de teto – que pesa cerca de quatro quilos -, levou pontos na cabeça. Uma atadura foi colocada no ferimento.",uma|cabeça|aluno|municipal|vista|em|machuca|aula|teto|cai|que|às|da|sala|ventilador
60_12-12-18_14_40.csv,informerjo,"As aulas estão paradas desde o Carnaval por conta da falta de luz na unidade, prejudicando mais de 3 mil estudantes.
“Nas salas de aula os ar-condicionados não passam por manutenção, e a rede elétrica fica exposta.
As carteiras estão em péssimo estado, muitas quebraram e não foram substituídas”, denunciou o estudante Daniel Ceciliano, de 15 anos, do 1° ano do curso técnico de informática.
A Faetec informou que, a subestação elétrica da unidade foi danificada após o temporal que caiu na cidade em 14 de fevereiro.
A previsão da direção é que a energia seja restabelecida e que as aulas sejam normalizadas a partir de hoje.",,"Por Equipe iRJO / Educação

Publicado em 08/03/2018 às 10:48:20



Foto/Reprodução: Maíra Coelho

31 Compartilhar Facebook Twitter

O término do ano letivo de 2017, previsto para ocorrer ainda neste mês, está longe de ser concretizado na Faetec de Quintino, na Zona Norte. As aulas estão paradas desde o Carnaval por conta da falta de luz na unidade, prejudicando mais de 3 mil estudantes. Revoltados com a precariedade, alunos do grêmio estudantil realizaram um ato, ontem, na porta da instituição para cobrar melhorias na estrutura e a volta às aulas.

“Nas salas de aula os ar-condicionados não passam por manutenção, e a rede elétrica fica exposta. As carteiras estão em péssimo estado, muitas quebraram e não foram substituídas”, denunciou o estudante Daniel Ceciliano, de 15 anos, do 1° ano do curso técnico de informática.

A Faetec informou que, a subestação elétrica da unidade foi danificada após o temporal que caiu na cidade em 14 de fevereiro. A previsão da direção é que a energia seja restabelecida e que as aulas sejam normalizadas a partir de hoje.",faetec|unidade|luz|estão|está|em|que|por|para|desde|sem|carnaval|às|da|não
60_12-12-18_14_40.csv,informerjo,"Por Equipe iRJO / EducaçãoPublicado em 14/01/2018 às 14:07:58Foto/Reprodução: Google15 Compartilhar Facebook TwitterOs estudantes que participaram do Exame Nacional do Ensino Médio (Enem) de 2016 terão acesso ao resultado final das provas nesta quarta-feira (18).
O Instituto Nacional de Estudos e Pesquisas Educacionais Anísio Teixeira (Inep) decidiu antecipar a divulgação, prevista para o dia 19.
No resultado, os candidatos poderão saber quanto tiraram em cada uma das quatro provas do exame: ciências humanas, ciências da natureza, linguagens e matemática.
Também terão acesso à nota da redação, cujo tema foi a intolerância religiosa no Brasil.",,"Por Equipe iRJO / Educação

Publicado em 14/01/2018 às 14:07:58



Foto/Reprodução: Google

15 Compartilhar Facebook Twitter

Os estudantes que participaram do Exame Nacional do Ensino Médio (Enem) de 2016 terão acesso ao resultado final das provas nesta quarta-feira (18). O Instituto Nacional de Estudos e Pesquisas Educacionais Anísio Teixeira (Inep) decidiu antecipar a divulgação, prevista para o dia 19. No resultado, os candidatos poderão saber quanto tiraram em cada uma das quatro provas do exame: ciências humanas, ciências da natureza, linguagens e matemática. Também terão acesso à nota da redação, cujo tema foi a intolerância religiosa no Brasil.",notas|resultado|nacional|das|em|terão|exame|ciências|enem|provas|da|inep|acesso|adianta
60_12-12-18_14_40.csv,informerjo,"Saiba que, ao menos no Android, existe uma forma de recuperar este conteúdo em casos como esse.
Para isso, você precisa de um aplicativo específico.
Então ele pedirá a permissão necessária para ele funcionar ao tocar em “Ativar permissão”.
Agora que a configuração já está feita, volte para a tela do aplicativo e dê um toque em “Continuar”.
Com tudo pronto, o WA Delete for Everyone irá exibir uma notificação sempre que alguém apagar uma mensagem.",,"Por Equipe iRJO / Tecnologia

Publicado em 15/05/2018 às 18:51:00



Foto/Reprodução: Google

45 Compartilhar Facebook Twitter

Você já recebeu uma mensagem no WhatsApp, mas na hora de abrir o aplicativo a mensagem havia sido apagada? Saiba que, ao menos no Android, existe uma forma de recuperar este conteúdo em casos como esse.

Para isso, você precisa de um aplicativo específico. Uma opção se chama WA Delete for Everyone. Entre no Google Play, procure por ele e realize o download. Quando terminar, abra o app.

Em sua primeira execução, o aplicativo apresentará um pequeno termo de uso. Dê um toque em “Concorde e continue” e prossiga com a explicação de como ele funciona. Então ele pedirá a permissão necessária para ele funcionar ao tocar em “Ativar permissão”. Você verá todos os apps com acesso às suas notificações. Ative a chavinha relacionada ao app e pressione “Permitir”.

Agora que a configuração já está feita, volte para a tela do aplicativo e dê um toque em “Continuar”. Com tudo pronto, o WA Delete for Everyone irá exibir uma notificação sempre que alguém apagar uma mensagem. Basta abri-lo para conferir o conteúdo das mensagens apagadas.",uma|whatsapp|um|ao|em|que|ele|para|todos|recuperar|como|foram|apagadas|mensagem|com|aplicativo|mensagens
60_12-12-18_14_40.csv,informerjo,"Por Equipe iRJO / TecnologiaPublicado em 08/05/2018 às 14:51:33Foto/Reprodução: Google33 Compartilhar Facebook TwitterUma atualização do WhatsApp irá permitir a integração com os aplicativos do Facebook e do Instagram para a reprodução de vídeos.
Essa funcionalidade já estava disponível também em vídeos do YouTube.
De acordo com o site MacRumors, a versão mais recente do aplicativo WhatsApp para iPhone está disponível na App Store.
Ainda segundo a publicação, ao clicar em um link de vídeo do Instagram ou do Facebook o aplicativo leva os usuários para fora do aplicativo e para a respectiva plataforma de hospedagem.
Esta é uma das primeiras vezes que vemos os aplicativos do Facebook atuando em conjunto para criar um novo recurso.",,"Por Equipe iRJO / Tecnologia

Publicado em 08/05/2018 às 14:51:33



Foto/Reprodução: Google

33 Compartilhar Facebook Twitter

Uma atualização do WhatsApp irá permitir a integração com os aplicativos do Facebook e do Instagram para a reprodução de vídeos. Usuários de iPhones podem agora ver vídeos desses apps sem precisar deixar o WhatsApp. Essa funcionalidade já estava disponível também em vídeos do YouTube.

De acordo com o site MacRumors, a versão mais recente do aplicativo WhatsApp para iPhone está disponível na App Store. Ainda segundo a publicação, ao clicar em um link de vídeo do Instagram ou do Facebook o aplicativo leva os usuários para fora do aplicativo e para a respectiva plataforma de hospedagem.

Esta é uma das primeiras vezes que vemos os aplicativos do Facebook atuando em conjunto para criar um novo recurso.",facebook|os|whatsapp|integração|usuários|um|em|vídeos|para|instagram|com|terá|aplicativo
60_12-12-18_14_40.csv,informerjo,"Agora, Rogério Caboclo já pode comemorar a vitória nas eleições presidenciais da CBF.
Rogério Caboclo, apoiado por Marco Polo Del Nero, atual presidente da CBF afastado pela Fifa por suspeita de corrupção, contou com todos os 27 votos das federações estaduais, que tinham peso três nas eleições.
A FPF, inclusive, acabou votando em Rogério Caboclo apesar de ter se oposto ao candidato previamente, bem como a Federação Carioca de Futebol.
Já os clubes da Série A votaram em uma outra urna e tinham peso dois na disputa.
Os clubes da Série B, por sua vez, com peso um, computaram seus votos em uma terceira urna.",,"Por Equipe iRJO / Esporte

Publicado em 19/04/2018 às 10:50:29



Foto/Reprodução: Google

13 Compartilhar Facebook Twitter

Faltava apenas a confirmação. Agora, Rogério Caboclo já pode comemorar a vitória nas eleições presidenciais da CBF. Nesta terça-feira, o atual diretor executivo de gestão da entidade venceu a disputa pelo pleito de forma praticamente unânime e será o principal nome do futebol brasileiro entre abril de 2019 e abril de 2023, período de seu mandato.

Rogério Caboclo, apoiado por Marco Polo Del Nero, atual presidente da CBF afastado pela Fifa por suspeita de corrupção, contou com todos os 27 votos das federações estaduais, que tinham peso três nas eleições. Dos 20 clubes da Série A do Brasileirão, 17 também escolheram o diretor da CBF, além de todas as agremiações que disputam a Série B.

Flamengo (abstenção), Corinthians (voto em branco) e Atlético-PR, ausente, foram os únicos clubes que optaram por não apoiar Rogério Caboclo nas eleições.

Romário tenta anular eleições da CBF: “Crime organizado”

CBF se articula nos bastidores para eleger Caboclo à presidência

CBF muda estatuto empoderando federações e diminuindo clubes

Reinaldo Carneiro Bastos, atual presidente da Federação Paulista de Futebol e que inicialmente concorria ao pleito, desistiu da disputa. A FPF, inclusive, acabou votando em Rogério Caboclo apesar de ter se oposto ao candidato previamente, bem como a Federação Carioca de Futebol.

A eleição foi organizada em três urnas diferentes. A primeira foi destinada às federações, que possuem votos mais poderosos. Já os clubes da Série A votaram em uma outra urna e tinham peso dois na disputa. Os clubes da Série B, por sua vez, com peso um, computaram seus votos em uma terceira urna.",marco|série|clubes|é|os|em|por|del|nero|que|caboclo|votos|presidente|eleito|polo|rogério|da|cbf
60_12-12-18_14_40.csv,informerjo,"Por Equipe iRJO / TecnologiaPublicado em 05/04/2018 às 13:33:56Foto/Reprodução: Google16 Compartilhar Facebook TwitterDesde o ano passado, o Facebook vem trabalhando em uma ferramenta para impedir o compartilhamento de notícias falsas na rede social.
Segundo informações do Digital Trends, o recurso foi lançado esta semana nos Estados Unidos e usa informações da Wikipédia para checagem de fatos.
Por outro lado, se a publicação não contar com dados publicados na enciclopédia online, o Facebook indicará que as informações não estão disponíveis.
O Facebook também está testando um recurso adicional que também analisa o autor – selecionando mais textos publicados pela pessoa.
No entanto, a ferramenta só funciona com publicações usando as tags de autor do Facebook e, por enquanto, está em fase de testes.",,"Por Equipe iRJO / Tecnologia

Publicado em 05/04/2018 às 13:33:56



Foto/Reprodução: Google

16 Compartilhar Facebook Twitter

Desde o ano passado, o Facebook vem trabalhando em uma ferramenta para impedir o compartilhamento de notícias falsas na rede social. Segundo informações do Digital Trends, o recurso foi lançado esta semana nos Estados Unidos e usa informações da Wikipédia para checagem de fatos.

O “About This Article”, ou “Sobre o artigo” em tradução livre, mostra um pop-up com detalhes sobre a origem das informações e, caso tenha algum dado confirmado em textos da Wikipédia, a plataforma irá informar. Por outro lado, se a publicação não contar com dados publicados na enciclopédia online, o Facebook indicará que as informações não estão disponíveis.

Dependendo das informações disponíveis, esses detalhes são seguidos por artigos relacionados, estatísticas de compartilhamento e até mesmo um mapa de onde o artigo foi compartilhado no Facebook.

O Facebook também está testando um recurso adicional que também analisa o autor – selecionando mais textos publicados pela pessoa. No entanto, a ferramenta só funciona com publicações usando as tags de autor do Facebook e, por enquanto, está em fase de testes.",pela|facebook|é|um|alimentada|que|identifica|em|por|também|ferramenta|com|informações|textos|sobre|fake|wikipédia
60_12-12-18_14_40.csv,informerjo,"Por Equipe iRJO / DiversosPublicado em 03/04/2018 às 09:59:19Foto/Reprodução: : Fernando Frazão60 Compartilhar Facebook TwitterFicou pronto o primeiro parecer preliminar na Ordem dos Advogados do Brasil (OAB-RJ) em favor da cassação da carteira da ex-primeira dama Adriana Ancelmo, mulher do ex-governador Sérgio Cabral.
Agora, o caso vai para a turma julgadora composta por no mínimo três e máximo de cinco advogados.
Da decisão, cabe recurso no Conselho Nacional, que tem a palavra final sobre a exclusão.
Porém, hoje, Adriana Ancelmo ainda pode advogar.
É que a suspensão no prazo máximo de 90 dias já expirou e não há possibilidade de renovação.",,"Por Equipe iRJO / Diversos

Publicado em 03/04/2018 às 09:59:19



Foto/Reprodução: : Fernando Frazão

60 Compartilhar Facebook Twitter

Ficou pronto o primeiro parecer preliminar na Ordem dos Advogados do Brasil (OAB-RJ) em favor da cassação da carteira da ex-primeira dama Adriana Ancelmo, mulher do ex-governador Sérgio Cabral. Agora, o caso vai para a turma julgadora composta por no mínimo três e máximo de cinco advogados. Depois, será submetido ao Conselho Pleno. São necessários 54 dos 80 votos. Da decisão, cabe recurso no Conselho Nacional, que tem a palavra final sobre a exclusão. Porém, hoje, Adriana Ancelmo ainda pode advogar. É que a suspensão no prazo máximo de 90 dias já expirou e não há possibilidade de renovação.",carteira|máximo|dos|emite|adriana|em|que|por|conselho|advogados|cassação|ancelmo|favor|da|oab|parecer
60_12-12-18_14_40.csv,informerjo,"Por Equipe iRJO / TecnologiaPublicado em 27/03/2018 às 10:22:38Foto/Reprodução: Google16 Compartilhar Facebook TwitterO Spotify, Apple Music e outros serviços de streaming de músicas oferecem descontos para estudantes em sua mensalidade.
Para isso, é preciso estar matriculado em uma instituição de ensino e obedecer alguns critérios específicos para cada plataforma.
Se você está interessado em saber quais os critérios e onde pedir desconto, reunimos um apanhado com as principais exigências de cada plataforma.
Confira a seguir:SpotifyO Spotify oferece desconto de 50% no plano Premium, ou seja, os estudantes pagam R$ 8,50 em um plano que custa R$ 16,90.
Após esse período, o usuário precisa renovar a assinatura – é possível ativar esse serviço por até três vezes.",,"Por Equipe iRJO / Tecnologia

Publicado em 27/03/2018 às 10:22:38



Foto/Reprodução: Google

16 Compartilhar Facebook Twitter

O Spotify, Apple Music e outros serviços de streaming de músicas oferecem descontos para estudantes em sua mensalidade. Para isso, é preciso estar matriculado em uma instituição de ensino e obedecer alguns critérios específicos para cada plataforma. No geral, a economia gira em torno de 50% do valor original.

Se você está interessado em saber quais os critérios e onde pedir desconto, reunimos um apanhado com as principais exigências de cada plataforma. Confira a seguir:

Spotify

O Spotify oferece desconto de 50% no plano Premium, ou seja, os estudantes pagam R$ 8,50 em um plano que custa R$ 16,90. Segundo a empresa podem pedir desconto estudantes que estejam frequentando qualquer instituição de ensino superior credenciada, sendo que não existe um limite de idade. O primeiro mês do plano é gratuito e, depois disso, o desconto se mantem por 12 meses consecutivos. Após esse período, o usuário precisa renovar a assinatura – é possível ativar esse serviço por até três vezes.

Basta o interessado entrar no site https://www.spotify.com/br/student/ e clicar na opção “Obter Premium”. É preciso fazer o cadastro ou informar os dados se já for um usuário e confirmar as informações através do sistema SheerID, que pede um documento de identificação do usuário e faculdade. Apple Music O serviço Premium para universitário da Apple também oferece 50% de desconto e cobra R$ 8,50 por um plano de R$ 16,90. A assinatura dá direito a três meses de serviço grátis e é possível renovar a assinatura promocional por até quatro anos. Podem aproveitar a promoção os estudantes de instituições de ensino superior cadastradas no UNiDAYS. Ou seja, o interessado precisa se cadastrar no Apple Music para confirmar se conseguirá o desconto. Deezer No caso do serviço de músicas de Deezer, existe um limite de idade entre 18 e 25 anos para quem quer usar o plano universitário. A assinatura promocional custa R$ 8,45, enquanto o normal custa R$ 16,90, e é válida por 12 meses, podendo ser renovada até três vezes. Além disso, são oferecidos 30 dias gratuitos. Os interessados devem se cadastrar no serviço, sendo que a empresa também conta um uma terceira para verificar os dados do estudante junto à universidade ou instituto de ensino superior.",estudante|desconto|se|quais|é|um|serviços|saiba|r|em|por|os|para|paga|streaming|música|meia|serviço
