Timestamp,Source,Summary,Authors,Text,Keywords
68_12-12-18_16_15.csv,ig,"Rio - Casada há seis anos com o cantor Belo, Gracyanne Barbosa foi a convidada, desta terça-feira, de Tatá Werneck no ""Lady Night"".
Durante o programa, a musa fitness não guardou nenhum detalhe de sua vida amorosa para si.
Sempre irreverente, a apresentadora brincou dizendo que ficou repentinamente apaixonada por Belo.
A beldade também admitiu que já transou com mulher, mas afirmou: ""Particularmente prefiro sexo entre homem e mulher"".
"", escreveu a musa fitness.",Por Meia Hora|Fotos Reprodução Do Instagram,"Rio - Casada há seis anos com o cantor Belo, Gracyanne Barbosa foi a convidada, desta terça-feira, de Tatá Werneck no ""Lady Night"". Durante o programa, a musa fitness não guardou nenhum detalhe de sua vida amorosa para si.

Na entrevista, Gracyanne explicou o motivo pelo qual chama o marido carinhosamente de Tudão. ""Porque é tudo, tudo grande..."", contou a musa fitness, aos risos.

Sempre irreverente, a apresentadora brincou dizendo que ficou repentinamente apaixonada por Belo. ""Entendi. Esse é o grande segredo de Belo. Eu estou falando de quanto? De 18?"", perguntou a humorista. Sem perder o rebolado, a modelo não titubeou na resposta: ""Essa média, um pouquinho mais"".

Conhecida por seu físico definido e por ter o ""bumbum na nuca"", Gracy surpreendeu Tatá Werneck ao revelar que quase não usa a posição ""papai e mamãe"", que sua preferida é a de ""quatro"" e que a conhecida como ""69"" é a que menos gosta.

A beldade também admitiu que já transou com mulher, mas afirmou: ""Particularmente prefiro sexo entre homem e mulher"".

E por falar em Gracy, a gata compartilhou no Instagram, uma montagem em que um seguidor compara os corpos de Belo e Léo Santana de sunga. ""Uns com muito, outros com nada"", brincou o internauta. ""Vocês não perdoam nada, né?"", escreveu a musa fitness.",mulher|posições|sexo|preferidas|musa|revela|werneck|é|um|gracyanne|já|belo|que|por|fitness|com|outra|não
68_12-12-18_16_15.csv,ig,"Sabe o casal que gravou um vídeo no alto de uma pirâmide do Egito e quebrou a internet no fim de semana!?
Segundo o fotógrafo dinamarquês Andreas Hvid, que nas cenas aparece pelado em cima de uma mulher, tudo não passou de uma brincadeira.
Na primeira tentativa de subir a pirâmide, ele estava na companhia de uma norueguesa.
Ela desistiu, mas ele não.
O projeto de escalar a pirâmide é o que me fez ir lá, então sinto que já vi tudo que me interessava no Egito"".",Por Mh|Reprodução De Internet|Reprodução De Vídeo,"Sabe o casal que gravou um vídeo no alto de uma pirâmide do Egito e quebrou a internet no fim de semana!? Segundo o fotógrafo dinamarquês Andreas Hvid, que nas cenas aparece pelado em cima de uma mulher, tudo não passou de uma brincadeira. Muito gozado esse cara...

""Era uma pose para a foto. Nós não fizemos sexo. Fico triste ao ver que tantas pessoas ficaram tão irritadas. Mas também recebi respostas positivas de muitos egípcios... Provoquei muita gente, mas também posso ter servido para abrir espaço para os egípcios liberais"", disse ele ao jornal dinamarquês ""Extra Bladet"".

Andreas é apaixonado por escalar grandes monumentos e arranha-céus. Na primeira tentativa de subir a pirâmide, ele estava na companhia de uma norueguesa. Os dois, porém, foram parados pela polícia e, encaminhados à delegacia, acabaram liberados. Ela desistiu, mas ele não.

O fotógrafo, então, convidou uma dinamarquesa, que topou. O casal chegou ao Egito no fim de novembro para executar o plano: no dia 5 de dezembro, os aventureiros escalaram uma cerca às 21h30 e se esconderam num templo até os guardas deixarem o local. Depois disso, foi só alegria...

Andreas deixa claro na entrevista ao jornal de seu país que sabe que pode ficar mais enrolado que múmia:

""Não voltarei a pôr os pés no Egito, pois provavelmente correria o risco de ser condenado. O projeto de escalar a pirâmide é o que me fez ir lá, então sinto que já vi tudo que me interessava no Egito"".",uma|só|quebrou|sexo|mas|vídeo|homem|os|ao|é|egito|que|ele|para|foi|internet|pirâmide
68_12-12-18_16_15.csv,ig,"No último domingo, enquanto um morador de rua era atendido no local, seus quatro cachorros ficaram na porta da recepção esperando ele ter alta.
A troca é recíproca.
""Não sei como é a vida dele, por que está na rua, e nem quero saber e julgá-lo, mas admiro o respeito e amor que ele tem pelos seus bichinhos.
Os internautas concordaram com a enfermeira:""Este morador de rua tem um grande coração.
""É uma pena que muita gente não entende que o animalzinho nada pede em troca a não ser dar é receber amor!",Por Meia Hora|Reprodução,"Rio - Uma cena flagrada pela enfermeira Ana Cristina Mamprim, no Hospital Regional Alto Vale, em Rio do Sul (SC), vem comovendo muita gente na Internet. No último domingo, enquanto um morador de rua era atendido no local, seus quatro cachorros ficaram na porta da recepção esperando ele ter alta. Ana publicou uma foto dos animais na sua página do Facebook contando a história e, desde então, o post já chegou a 116 mil curtidas e mais de 70 mil compartilhamentos.

""Uma pessoa simples, sem luxo, que depende da ajuda para vencer a fome, o frio, as dores, as maldades do mundo, tem ao seu lado os melhores companheiros. A troca é recíproca. Troca de amor, carinho, calor, compreensão"", afirmou no post.

Segundo ela, o paciente lhe confessou que às vezes deixa até de comer para alimentar os cachorrinhos.

""Não sei como é a vida dele, por que está na rua, e nem quero saber e julgá-lo, mas admiro o respeito e amor que ele tem pelos seus bichinhos. Vê-los assim, esperando na porta, só mostra o quanto eles são bem cuidados e amados"", elogiou Ana Cristina.

Os internautas concordaram com a enfermeira:

""Este morador de rua tem um grande coração. Que Deus abençoe ele todos os dias de sua vida!!"", comentou uma pessoa no post.

""É uma pena que muita gente não entende que o animalzinho nada pede em troca a não ser dar é receber amor!"", disse outra.

""Que coisa linda! Esse é o verdadeiro amor"", afirmou uma terceira pessoa.",rua|esperam|uma|hospital|é|os|troca|tem|que|pessoa|ele|porta|morador|amor|cachorros
68_12-12-18_16_15.csv,ig,"Brasília - A Receita Federal cobra mais de R$ 69 milhões do atacante Neymar em impostos e multas decorrentes ainda do processo que acusa o jogador de sonegar tributos no Brasil durante sua transferência do Santos para o Barcelona, em 2013.
Em 2015, as autoridades autuaram o atleta em R$ 188 milhões ao apontarem supostas irregularidades no recolhimento de impostos na transação que o levou do clube brasileiro ao espanhol, que pagou de forma parcelada 40 milhões de euros à empresa do pai de Neymar.
Nessa diferença, não teriam sido declarados mais de R$ 60 milhões, sobre os quais incidem ainda multa de 150% e juros.
Ela entende que a Receita Federal teria de levar em conta o imposto pago na Espanha para compensar a dívida no Brasil.
A alegação dos advogados do jogador é de que o único débito pendente seria relativo a contratos de direitos de imagem com o Santos, algo na casa dos R$ 2,7 milhões, que, com as multas aplicadas, chegaria a R$ 8,7 milhões.",Por Conteúdo Estadão|Afp Photo|Franck Fife,"Brasília - A Receita Federal cobra mais de R$ 69 milhões do atacante Neymar em impostos e multas decorrentes ainda do processo que acusa o jogador de sonegar tributos no Brasil durante sua transferência do Santos para o Barcelona, em 2013. O valor é resultado do cálculo feito pelo órgão após decisão do Carf (Conselho Administrativo de Recursos Fiscais).

Em 2015, as autoridades autuaram o atleta em R$ 188 milhões ao apontarem supostas irregularidades no recolhimento de impostos na transação que o levou do clube brasileiro ao espanhol, que pagou de forma parcelada 40 milhões de euros à empresa do pai de Neymar.

O montante da transação foi tributado duplamente, na Espanha e no Brasil: no primeiro, como pessoa física, e no segundo, como pessoa jurídica, cuja alíquota é menor (17%). O Carf entendeu que a tributação deveria considerar a alíquota de pessoa física (27,%), porque o pagamento tinha natureza salarial. Nessa diferença, não teriam sido declarados mais de R$ 60 milhões, sobre os quais incidem ainda multa de 150% e juros.

A defesa do atacante, hoje no Paris Saint-Germain, da França, sempre negou as infrações e recorreu ao Carf. Ela entende que a Receita Federal teria de levar em conta o imposto pago na Espanha para compensar a dívida no Brasil. A alegação dos advogados do jogador é de que o único débito pendente seria relativo a contratos de direitos de imagem com o Santos, algo na casa dos R$ 2,7 milhões, que, com as multas aplicadas, chegaria a R$ 8,7 milhões.

Em agosto do ano passado, os advogados de Neymar chegaram a anunciar à imprensa que os problemas dele com a Justiça brasileira estavam chegando ao fim, citando a intenção do pai dele de quitar a dívida com o Santos.",jogador|receita|federal|é|santos|r|ao|os|em|cobra|que|neymar|com|69|defesa|contesta|pessoa|milhões
68_12-12-18_16_15.csv,ig,"Espanha - O CSKA Moscou venceu de forma surpreendente o Real Madrid, por 3 a 0, no Santiago Bernabéu, nesta quarta-feira, pela última rodada da fase de grupos da Liga dos Campeões.
O Real Madrid começou o jogo pressionando, com Vinicius Junior sendo bastante acionado pelo lado esquerdo.
Com o resultado, o CSKA venceu os dois jogos contra o Real Madrid no Grupo G. O primeiro, em Moscou, terminou 1 a 0 para o time da casa.
A equipe espanhola encerrou sua campanha, apesar da derrota, com a primeira colocação da chave, com 12 pontos.
Os rivais de Real Madrid e Roma nas oitavas de final vão ser conhecidos na segunda-feira com sorteio dos confrontos na sede da Uefa, na Suíça.",Por Estadão Conteúdo,"Espanha - O CSKA Moscou venceu de forma surpreendente o Real Madrid, por 3 a 0, no Santiago Bernabéu, nesta quarta-feira, pela última rodada da fase de grupos da Liga dos Campeões. Mesmo com o resultado, o time espanhol já estava classificado. Por causa da derrota, os jogadores deixaram o campo visivelmente abatidos.

O Real Madrid começou o jogo pressionando, com Vinicius Junior sendo bastante acionado pelo lado esquerdo. Titular, o ex-jogador do Flamengo fez várias boas jogadas, uma inclusive após belíssima matada de bola.

Mas o mesmo não podia ser dito da defesa, bastante displicente. Os russos aproveitaram e conseguiram abrir 2 a 0 ainda no primeiro tempo. Fedor Chalov abriu o placar aos 37 minutos e Georgi Shchennikov ampliou aos 43.

Na segunda etapa, o Real buscou diminuir a vantagem, mas o resultado do esforço com o CSKA ampliar com Arnor Sigurdsson, aos 28 minutos.

Com o resultado, o CSKA venceu os dois jogos contra o Real Madrid no Grupo G. O primeiro, em Moscou, terminou 1 a 0 para o time da casa. A equipe espanhola encerrou sua campanha, apesar da derrota, com a primeira colocação da chave, com 12 pontos.

Mesmo com os três pontos históricos, o CSKA não conseguiu cumprir sua missão de terminar em terceiro lugar na chave e garantir uma vaga na Liga Europa, pois o Viktoria Plzen derrotou a Roma, antecipadamente classificada, por 2 a 1, na República Checa, e somou os mesmos sete pontos da equipe russa, mas ficou em terceiro no grupo por ter vencido no confronto direto.

Os rivais de Real Madrid e Roma nas oitavas de final vão ser conhecidos na segunda-feira com sorteio dos confrontos na sede da Uefa, na Suíça.",rússia|madrid|resultado|aos|os|cska|relaxou|em|por|perde|para|com|real|da|feio
68_12-12-18_16_15.csv,ig,"Rio - Vencedor da eleição realizada no sábado, o novo presidente do Flamengo, Rodolfo Landim, confirmou nesta terça-feira que chegou a um acordo com o técnico Abel Braga para a temporada 2019.
Abel, de 66 anos, voltará ao Flamengo acompanhado do auxiliar Leomir e do observador técnico Fábio Moreno.
Será o retorno do treinador ao time rubro-negro após 15 anos.
Em sua primeira passagem pelo Flamengo, Abel liderou a equipe nas conquistas da Taça Guanabara e do Campeonato Carioca de 2004.
À frente do time do Flamengo, Abel terá a missão de fazer o clube voltar aos grandes títulos, que não conquista desde 2013, quando foi campeão da Copa do Brasil.",Por Estadão Conteúdo|Felipe Correia Parceiro Agência O Dia,"Rio - Vencedor da eleição realizada no sábado, o novo presidente do Flamengo, Rodolfo Landim, confirmou nesta terça-feira que chegou a um acordo com o técnico Abel Braga para a temporada 2019. O contrato, quando assinado, será de um ano. Abel, assim, vai substituir Dorival Junior, que comandou a equipe carioca na reta final do Brasileirão.

O vínculo será selado somente após Landim ser empossado no cargo, na segunda quinzena deste mês de dezembro. Pelo acordo entre as partes, ainda verbal, não haverá multa rescisória. Abel, de 66 anos, voltará ao Flamengo acompanhado do auxiliar Leomir e do observador técnico Fábio Moreno.

A chegada de Abel já era dada como certa nos últimos dias. Landim já tinha conversas avançadas com o treinador antes mesmo da eleição de sábado. O presidente eleito do Flamengo era o grande favorito no pleito e confirmou o triunfo ao superar o candidato da situação, Ricardo Lomba ao obter 1.879 votos (61,65%) contra 1.097 (35,99%) daquele que era apoiado por Eduardo Bandeira de Mello, presidente do clube nos últimos seis anos.

Abel vai ocupar o cargo de Dorival Junior, que exerceu a função de treinador no clube por apenas dois meses, ao substituir Maurício Barbieri. Será o retorno do treinador ao time rubro-negro após 15 anos. Em sua primeira passagem pelo Flamengo, Abel liderou a equipe nas conquistas da Taça Guanabara e do Campeonato Carioca de 2004. Foram 44 jogos, com 19 vitórias, 12 empates e 13 derrotas.

O treinador estava sem clube desde junho deste ano, quando deixou o comando do Fluminense no início da Copa do Mundo, insatisfeito com as perdas constantes no elenco da equipe e com a falta de reposição.

À frente do time do Flamengo, Abel terá a missão de fazer o clube voltar aos grandes títulos, que não conquista desde 2013, quando foi campeão da Copa do Brasil. Neste ano, o time carioca foi vice-campeão brasileiro, a oito pontos do campeão Palmeiras.",flamengo|clube|braga|quando|revela|ao|acerto|que|técnico|será|presidente|eleito|com|treinador|da|abel
68_12-12-18_16_15.csv,ig,"Rio - A transferência envolvendo Sornoza para o Corinthians deve render dois reforços ao Fluminense.
Um deles, o meia-atacante Marquinhos Gabriel, que hoje defende o Al Nasr, dos Emirados Árabes, topou defender o Tricolor no ano que vem.
""O Marquinhos Gabriel me disse que quer vir, porque o Fluminense é um clube grande.
Disse que nunca negaria um pedido meu, porque eu o ajudei na pior fase da vida dele""', revelou o diretor executivo de futebol do Fluminense, Paulo Angioni.
Além de Marquinhos, o Fluminense também deverá ficar com o lateral-esquerdo Moisés, que disputou a atual temporada pelo Botafogo.",Por O Dia|Mailson Santana Fluminense Fc.,"Rio - A transferência envolvendo Sornoza para o Corinthians deve render dois reforços ao Fluminense. Um deles, o meia-atacante Marquinhos Gabriel, que hoje defende o Al Nasr, dos Emirados Árabes, topou defender o Tricolor no ano que vem. As informações são do portal ""UOL"".

""O Marquinhos Gabriel me disse que quer vir, porque o Fluminense é um clube grande. Disse que nunca negaria um pedido meu, porque eu o ajudei na pior fase da vida dele""', revelou o diretor executivo de futebol do Fluminense, Paulo Angioni. A gratidão se dá porque ambos trabalharam juntos no Bahia, em 2013.

Além de Marquinhos, o Fluminense também deverá ficar com o lateral-esquerdo Moisés, que disputou a atual temporada pelo Botafogo. O Corinthians ainda vai desembolsar uma certa quantia para contratar o equatoriano.",fluminense|disse|clube|é|um|marquinhos|defender|que|para|grande|demais|porque|exjogador|gabriel|corinthians|aceita
68_12-12-18_16_15.csv,ig,"A ex-peoa Gabi Prado voltou para a casa para visitar o amado, o modelo João Zoli.
""Você não quer casar comigo aqui dentro?
""Não, eu quero casar agora"", rebateu a ex-peoa.
""Então, você quer casar comigo?
Na hora de ir embora, Gabi Prado chorou ao se despedir do amado, mas prometeu reencontrá-lo na final do reality, que vai acontecer nesta quinta-feira.",Por Meia Hora|Reprodução,"Rio - A festa desta terça-feira, no programa ""A Fazenda"", abalou o coração dos apaixonados e rolou até ""casamento"". A ex-peoa Gabi Prado voltou para a casa para visitar o amado, o modelo João Zoli. Com um reencontro emocionante, o casal decidiu encenar um casório e os peões entraram na brincadeira.

Antes de oficializarem a cerimônia, os dois conversaram sobre o relacionamento. ""Você não quer casar comigo aqui dentro?"", perguntou Gabi. ""Quero, mas quero fazer o negócio direito. Pode ser?"", continuou João. ""Não, eu quero casar agora"", rebateu a ex-peoa. ""Então, você quer casar comigo?"", pediu ele. ""Quero"", assentiu Gabi. ""Então, vamos casar"", concluiu o finalista.

A ""noiva"" foi levada para o ""altar"" por Chulapa e a cerimônia foi feita por Felipe Sertanejo. Depois do casamento, o casal passou o resto da festa junto. Na hora de ir embora, Gabi Prado chorou ao se despedir do amado, mas prometeu reencontrá-lo na final do reality, que vai acontecer nesta quinta-feira.",joão|gabi|festa|prado|casam|um|quero|em|por|zoli|para|os|você|quer|casar|se|fazenda
68_12-12-18_16_15.csv,ig,"E entre D'Black e Nadja, a tarefa ficou a cargo da loura.
Vinícius D'Black e Nadja Pessoa participaram do programa ""Pânico"" da rádio Joven Pan, em São Paulo, e o músico contou que já traiu a mulher no início do relacionamento.
Traí mesmo, fiz coisa errada, mas foi há sete anos"", disse D'Black.
Eles estão juntos há oito anos e, após repercussão da história nas redes socais, rolou até o boato de término do casamento.
""Eu e o D'Black estamos juntos, a gente não se separou"", avisou Nadja.",Por Mh,"Esse negócio de traição é complicado, né mores? Sempre tem alguém que perdoa mais numa relação. E entre D'Black e Nadja, a tarefa ficou a cargo da loura. Vinícius D'Black e Nadja Pessoa participaram do programa ""Pânico"" da rádio Joven Pan, em São Paulo, e o músico contou que já traiu a mulher no início do relacionamento.

""Já vacilei, no primeiro ano. Traí mesmo, fiz coisa errada, mas foi há sete anos"", disse D'Black.

Eles estão juntos há oito anos e, após repercussão da história nas redes socais, rolou até o boato de término do casamento.

""Eu e o D'Black estamos juntos, a gente não se separou"", avisou Nadja.

D'Blach foi além:

""Nunca estivemos tão bem casados"".

Que bênção!",nadja|há|é|fiz|marido|que|anos|dblack|foi|da|traição|confessa|coisa|juntos|errada|vinícius
68_12-12-18_16_15.csv,ig,"Eu não saí da festa simplesmente porque o Evandro falou: 'Seu pai é velho'.
Meu pai tem 89 anos.
Caluniar e difamar uma pessoa que não tem nada a ver com essa 'Fazenda' horrível, com essa baixaria tremenda.
O cara quis difamar o meu pai"", disse Ana Paula, aos prantos.
Eu amo mais meu pai do que eu, é óbvio.",Por O Dia|Reprodução Internet,"Rio - Na terça-feira, Ana Paula Renault abandonou a festa do reality ""A Fazenda"". Pelo Stories, ela explicou que o motivo teria sido um desentendimento com Evandro Santo. Segundo ela, o comediante chamou o pai da jornalista de ""velho"" e criticou sua carreira como político.

""Gente, eu acabei de chegar em casa e gostaria de falar com vocês porque a gente nunca sabe o que vai pro ar. Eu não saí da festa simplesmente porque o Evandro falou: 'Seu pai é velho'. Meu pai tem 89 anos. Falou que eu sou sustentada por ele, é verdade. Agora falar da carreira política? O meu pai dedicou grande parte da vida dele à carreira política e ele tem uma carreira política maravilhosa, ilibada. Isso é muito sério. Caluniar e difamar uma pessoa que não tem nada a ver com essa 'Fazenda' horrível, com essa baixaria tremenda. O cara quis difamar o meu pai"", disse Ana Paula, aos prantos.

""Eu estou arrasada, meu pai nem queria que eu tivesse entrado nisso. Na hora que o Evandro falou: 'Você vive às custas de um político', eu queria jogar bebida nele. Fiz errado? Sim, errei, mas com família não se brinca. Eu já não tenho mãe, meu pai é a minha vida. Eu amo mais meu pai do que eu, é óbvio. Isso me feriu de um jeito tão grande. Eu fico imaginando o meu pai recebendo esse tipo de informação. Uma pessoa que viveu o bem, tem orgulho de ter sido político"".

Ana Paula também criticou o reality e o público que vota em ""A Fazenda"". ""Gente, que programa é esse? É pra esse tipo de gente que vocês estão torcendo? Esse tipo de gente que vocês querem ver na televisão? Isso é exemplo?"", perguntou.",santo|chora|esse|evandro|é|renault|eu|tem|ana|que|meu|com|paula|critica|pai|não|gente
68_12-12-18_16_15.csv,ig,"São Paulo - No último sábado, durante a gravação do programa 'Domingão do Faustão' que vai ao ar no dia 13 de janeiro, Susana Vieira participava do quadro 'Pizza do Faustão' ao lado de personalidades como Christiane Torloni, Ivete Sangalo e Paolla Oliveira, quando revelou que está com leucemia.
A atriz descobriu a doença, que ocorre na formação das células sanguíneas e que dificulta a capacidade do organismo de combater infecções, há alguns anos e no início deste ano passou por um tratamento à base de quimioterapia.
A assessoria de Susana Vieira foi procurada e confirmou a informação ao colunista Leo Dias, ressaltando que a doença encontra-se estabilizada (totalmente controlada) e que a atriz segue com sua vida pessoal e profissional normalmente, sem restrições.
A musa da coluna estava hoje, inclusive, a todo vapor na academia.
A coluna só tem a dizer que Susana é a nossa inspiração de amor à vida e que estamos e estaremos sempre a seu lado.",Por Meia Hora|Reprodução De Internet,"São Paulo - No último sábado, durante a gravação do programa 'Domingão do Faustão' que vai ao ar no dia 13 de janeiro, Susana Vieira participava do quadro 'Pizza do Faustão' ao lado de personalidades como Christiane Torloni, Ivete Sangalo e Paolla Oliveira, quando revelou que está com leucemia. A atriz descobriu a doença, que ocorre na formação das células sanguíneas e que dificulta a capacidade do organismo de combater infecções, há alguns anos e no início deste ano passou por um tratamento à base de quimioterapia. A assessoria de Susana Vieira foi procurada e confirmou a informação ao colunista Leo Dias, ressaltando que a doença encontra-se estabilizada (totalmente controlada) e que a atriz segue com sua vida pessoal e profissional normalmente, sem restrições. A musa da coluna estava hoje, inclusive, a todo vapor na academia. A coluna só tem a dizer que Susana é a nossa inspiração de amor à vida e que estamos e estaremos sempre a seu lado. Sempre.",sempre|revela|leucemia|à|ao|está|que|doença|contra|faustão|lado|susana|vida|lutando|vieira
68_12-12-18_16_15.csv,ig,"Rio - Depois de ter sido eleita pela sexta vez a melhor jogadora do mundo pela Fifa, a brasileira Marta voltou a fazer história nesta segunda-feira ao deixar a marca dos seus pés na Calçada da Fama do Maracanã.
""Voltar ao Maracanã, receber esta homenagem e lembrar os momentos que vivi aqui é fantástico.
Este molde dos pés de Marta passará a fazer parte do tour oficial do Maracanã.
É um incentivo para as mulheres continuarem lutando por espaço em todas as áreas.
Durante a cerimônia realizada na tarde desta segunda-feira, Marta ainda registrou uma mensagem no chamado Livro de Ouro do Maracanã.",Por Conteúdo Estadão|Staff Images Divulgação,"Rio - Depois de ter sido eleita pela sexta vez a melhor jogadora do mundo pela Fifa, a brasileira Marta voltou a fazer história nesta segunda-feira ao deixar a marca dos seus pés na Calçada da Fama do Maracanã. Ela se juntou a nomes como Pelé, Zico, Garrincha e Zagallo, entre outros nomes de peso que foram eternizados no estádio mais importante do Brasil e um dos maiores templos do futebol mundial.

""Voltar ao Maracanã, receber esta homenagem e lembrar os momentos que vivi aqui é fantástico. É algo incrível"", comemorou a jogadora da seleção brasileira, que se tornou a primeira mulher a ter os seus pés gravados na Calçada da Fama do Maracanã

No museu que comporta este espaço para poucos homenageados com esta honraria, Marta também ganhou uma estação exclusiva de exposição, que ainda conta com objetivos de seu acervo pessoal, como por exemplo chuteira, troféu, uma camisa da seleção brasileira e outros itens.

Este molde dos pés de Marta passará a fazer parte do tour oficial do Maracanã. E a estrela exaltou a importância que este fato tem para o futebol feminino e para as mulheres em geral na sociedade. ""Em toda homenagem, a gente fica emocionada, porque é mais um passo à frente. É um incentivo para as mulheres continuarem lutando por espaço em todas as áreas. Fico muito feliz por ser no meu País, considerado o país do futebol"", ressaltou.

Durante a cerimônia realizada na tarde desta segunda-feira, Marta ainda registrou uma mensagem no chamado Livro de Ouro do Maracanã. ""Uma grande honra deixar essa mensagem no livro do templo do nosso futebol. Obrigado pelos momentos fantásticos vividos aqui"", escreveu.

Medalhista de prata no futebol feminino nos Jogos Olímpicos de 2004 e 2008 e de ouro nos Jogos Pan-Americanos de 2003 e 2007, Marta aproveitou a grande vitrine que foi o evento desta segunda-feira para também pedir aos governantes que ""haja mais políticas de incentivo, principalmente nas escolas"" ao esporte brasileiro.",uma|mulher|fama|segundafeira|marta|é|os|um|que|para|pés|da|futebol|ter|primeira|maracanã
68_12-12-18_16_15.csv,ig,"O tema acabou sendo o Flamengo, clube no qual defendeu por dez anos.
O lateral revelou que sonha em retornar ao Rubro-Negro antes de pendurar as chuteiras.
É o meu sonho, meu objetivo.
Campeão do Brasileirão pelo Flamengo, em 2009, Léo Moura aprendeu a respeitar o Grêmio, clube no qual conquistou o maior título da carreira: a Libertadores de 2017.
É um clube que tenho amor, o outro lado é um clube que abriu as portas para mim, conquistei a Libertadores, pelo lado do treinador que virou um pai.",Por Meia Hora|Gilvan De Souza,"Rio - Um dos destaques do Grêmio no Brasileirão, Léo Moura abriu o seu coração. O tema acabou sendo o Flamengo, clube no qual defendeu por dez anos. O lateral revelou que sonha em retornar ao Rubro-Negro antes de pendurar as chuteiras.

""Eu nunca escondi de ninguém (se aposentar no Flamengo). É o meu time do coração. O Flamengo sempre vai ser. Nasci flamenguista e vou morrer flamenguista. É o meu sonho, meu objetivo. O Juan eu joguei na escolinha. Eu tenho esse sonho e não sei se vai acontecer"", disse Léo, em entrevista à Fox Sports.

Campeão do Brasileirão pelo Flamengo, em 2009, Léo Moura aprendeu a respeitar o Grêmio, clube no qual conquistou o maior título da carreira: a Libertadores de 2017. Aos 40 anos, o jogador não quis dizer se escolheria permanecer em Porto Alegre ou voltar ao Rio.

""Tem que colocar na balança (propostas de Fla e Grêmio). É um clube que tenho amor, o outro lado é um clube que abriu as portas para mim, conquistei a Libertadores, pelo lado do treinador que virou um pai. Tem que ter frieza para tomar a decisão"", finalizou.",flamengo|léo|voltar|clube|diz|é|um|ídolo|em|que|meu|sonha|coração|se|grêmio
68_12-12-18_16_15.csv,ig,"Rio - O Comando de Operações Especiais (COE) realiza, na manhã desta terça-feira, operações nas comunidades do Dendê, e do Boogie Woogie, na Ilha do Governador.
A página Onde Tem Tiroteio-RJ (OTT-RJ), que monitora as troca de tiros na cidade, registrou confronto na Boogie Woogie na manhã de hoje.
Traficante mais antigo em atividade procuradoA Polícia Militar segue à procura do traficante Fernando Gomes de Freitas, o Fernandinho Guarabu, de 39 anos.
Ele é apontado como comandante do tráfico de drogas em várias comunidades da Ilha do Governador.
Segundo o Portal Procurados, a recompensa por informações de que levem à prisão de Guarabu é de R$ 30 mil.",Por O Dia|Reprodução,"Rio - O Comando de Operações Especiais (COE) realiza, na manhã desta terça-feira, operações nas comunidades do Dendê, e do Boogie Woogie, na Ilha do Governador. Em sua página no Twitter, a Polícia Militar publicou uma imagem de drogas, munições e armas de grosso calibre apreendidas por homens do Batalhão de Ações com Cães (BAC) durante a ação.

A página Onde Tem Tiroteio-RJ (OTT-RJ), que monitora as troca de tiros na cidade, registrou confronto na Boogie Woogie na manhã de hoje. Usuários também relataram ter ouvido disparos.

""Não deixa as crianças na rua"", comentou um morador. ""Ouço algum helicóptero ao longe"", disse outro.

Traficante mais antigo em atividade procurado

A Polícia Militar segue à procura do traficante Fernando Gomes de Freitas, o Fernandinho Guarabu, de 39 anos. Ele é apontado como comandante do tráfico de drogas em várias comunidades da Ilha do Governador. Segundo o Portal Procurados, a recompensa por informações de que levem à prisão de Guarabu é de R$ 30 mil.

Quem tiver qualquer informação a respeito da identificação e localização do criminoso, pode denunciar pelos seguintes canais: Whatsapp ou Telegram Portal dos Procurados (21) 98849-6099; pelo facebook/(inbox), endereço: https://www.facebook.com/procurados.org/, pelo mesa de atendimento do Disque-Denúncia (21) 2253-1177, ou pelo Aplicativo para celular – Disque Denúncia – . O Anonimato é garantido.",ilha|procurados|portal|à|é|operações|em|pelo|woogie|que|governador|por|faz|comunidades|página|da
68_12-12-18_16_15.csv,ig,"Durante a estação mais quente do ano, há um aumento na incidência de pacientes com infecção urinária.
A doença é mais comum em pessoas que não ingerem quantidade de água suficiente.
O mais brando, quando a bactéria atinge apenas a bexiga, ou o estágio grave, em que a infecção se propaga para os rins.
Embora a infecção urinária possa afetar todas as pessoas, Fernando Gonçalves explica que a doença é mais frequente nas mulheres.
Como a doença é causada por bactérias, o tratamento é realizado com antibióticos e pode durar entre três e sete dias.",Reprodução Internet,"Faltam poucos dias para a chegada do verão, que começa no dia 21 deste mês. Durante a estação mais quente do ano, há um aumento na incidência de pacientes com infecção urinária. A doença é mais comum em pessoas que não ingerem quantidade de água suficiente. Com isso, o corpo desidrata e há diminuição de produção de urina.

""Quando a pessoa passa longos períodos sem fazer xixi, pode dar tempo e condições para a bactéria entrar na bexiga, se instalar e causar a infecção urinária"", explica Fernando Gonçalves de Almeida, coordenador da Área de Urologia Feminina da Sociedade Brasileira de Urologia (SBU).

Segundo o médico, a doença pode se manifestar em dois níveis. O mais brando, quando a bactéria atinge apenas a bexiga, ou o estágio grave, em que a infecção se propaga para os rins.

Embora a infecção urinária possa afetar todas as pessoas, Fernando Gonçalves explica que a doença é mais frequente nas mulheres. Isso ocorre por causa de fatores anatômicos, pois a uretra feminina é reta e curta, o que facilita a instalação da bactéria na bexiga.

Segundo o urologista Alcides Mosconi Neto, membro do departamento de Disfunções Miccionais da SBU, os sintomas podem se manifestar de inúmeras formas. ""Há um desconforto, coloração mais escura da urina e dor na hora de urinar"", explica. Para as pessoas que têm a infecção grave, os sintomas podem ser acrescidos de febre, calafrio e dor nas costas.

O diagnóstico é feito por meio de exame de urina. Como a doença é causada por bactérias, o tratamento é realizado com antibióticos e pode durar entre três e sete dias. Já os casos mais graves podem chegar até 14 dias de tratamento e necessitam, na maioria das vezes, de internação. O alerta dos médicos é ficar atento à coloração da urina. Se estiver escura, é sinal de que a pessoa precisa beber água. ""É necessário manter o corpo hidratado. Dessa forma, é possível lavar a uretra com frequência. Manter uma alimentação saudável também ajuda na prevenção"", afirma Neto.",é|os|remédio|que|para|doença|com|infecção|da|se|mais|melhor
68_12-12-18_16_15.csv,ig,"Com a chegada das férias escolares e das festas de fim de ano, as pessoas se preparam para fazer a mala e curtir o tão sonhado descanso.
Mas, na maioria das vezes, esquecem de levar na bagagem produtos essenciais para cuidar da pele.
No Dezembro Laranja, campanha de combate, prevenção e conscientização do câncer da pele, especialistas ouvidos pelo MEIA HORA dão orientações sobre o que é útil levar durante a viagem.
""Para lugares com muito sol, leve sempre um filtro solar com hidratante com fator de proteção com FPS acima de 30, além de boné e chapéu para proteger o rosto"", orienta.
Outro produto que as pessoas não devem esquecer é o hidratante, mesmo se a temperatura não estiver tão elevada.",,"Com a chegada das férias escolares e das festas de fim de ano, as pessoas se preparam para fazer a mala e curtir o tão sonhado descanso. Mas, na maioria das vezes, esquecem de levar na bagagem produtos essenciais para cuidar da pele. No Dezembro Laranja, campanha de combate, prevenção e conscientização do câncer da pele, especialistas ouvidos pelo MEIA HORA dão orientações sobre o que é útil levar durante a viagem.

O dermatologista Murilo Drummond, membro da Sociedade Brasileira de Dermatologia (SBD), diz que o primeiro produto que sempre deve ser lembrado de colocar na mala é o protetor solar. ""Para lugares com muito sol, leve sempre um filtro solar com hidratante com fator de proteção com FPS acima de 30, além de boné e chapéu para proteger o rosto"", orienta.

Outro produto que as pessoas não devem esquecer é o hidratante, mesmo se a temperatura não estiver tão elevada. Até quem viaja de avião deve utilizar o produto, pois as mãos e os lábios tendem a ficar muito ressecados. ""A consistência do hidratante que pode variar entre fluido e cremoso"", afirma a dermatologista Alessandra Drummond.

Ainda segundo ela, as pessoas também não devem esquecer de passar repelente para se proteger contra os mosquitos, como o da dengue, zika e chikungunya, já que o período é marcado pela maior incidência dos mosquitos transmissores.

O cabelo também não pode ser esquecido, pois o mar, sal e vento ressecam os fios. ""Aplique um creme sem enxague antes de ir. E, se possível, jogue uma garrafa de água mineral após o mergulho para retirar as impurezas"", indica o dermatologista Murilo Drummond.",pessoas|produto|é|os|cuidados|que|para|pele|com|da|se|não
68_12-12-18_16_15.csv,ig,,Jackson Martins Projeto Sensual Sem Medo,,mari|coutinho
68_12-12-18_16_15.csv,ig,,Jackson Martins Projeto Sensual Sem Medo,,andressa|souza
68_12-12-18_16_15.csv,ig,"tira muita onda com a concorrência.
A musa tem 21 aninhos, ama balada e não dispensa uma cerveja gelada.
Como boa geminiana, ela domina a arte de embaralhar as mentes masculinas!
Confira mais fotos no Instagram @ingrinhamarinho",Jackson Martins Projeto Sensual Sem Medo,"tira muita onda com a concorrência. A musa tem 21 aninhos, ama balada e não dispensa uma cerveja gelada. Como boa geminiana, ela domina a arte de embaralhar as mentes masculinas! Confira mais fotos no Instagram @ingrinhamarinho",uma|musa|mais|muita|tem|onda|ingrid|tira|mentes|masculinas|não|marinho
68_12-12-18_16_15.csv,ig,,Jackson Martins,,cristiane|marcelino
68_12-12-18_16_15.csv,ig,"As pessoas se sentam em bancos e são arremessadas para o alto como um saco de batatas.
A maioria acaba passando mal, algumas chegam até a desmaiar... Para quem se aventura nessa maluquice, a brincadeira pode acabar mal, mas a gente se diverte assistindo aos vídeos com as reações.
Toda alegria logo se transformou em desespero...2- Esse casal certeza que entrou no brinquedo namorando e saiu divorciado.
3 - Por fim, essa menina que a gente fica decidido entre sentir pena e morrer de rir.
E se engana quem pensa que ela foi a única que desmaiou no brinquedo.",Por Mh|Reprodução Do Youtube,"Existem brinquedos bem radicais em parques de diversões, mas alguns batem o recorde. É o caso do Slingshot, também conhecido como ""estilingue humano"".

As pessoas se sentam em bancos e são arremessadas para o alto como um saco de batatas. A maioria acaba passando mal, algumas chegam até a desmaiar... Para quem se aventura nessa maluquice, a brincadeira pode acabar mal, mas a gente se diverte assistindo aos vídeos com as reações.

O Meia separou alguns vídeos. E você, teria coragem?

1- Tem o brasileiro que pagou aquele mico nos States. Toda alegria logo se transformou em desespero...

2- Esse casal certeza que entrou no brinquedo namorando e saiu divorciado. Enquanto o rapaz se divertia, a moça literalmente se descabelou.

3 - Por fim, essa menina que a gente fica decidido entre sentir pena e morrer de rir. E se engana quem pensa que ela foi a única que desmaiou no brinquedo. Essa, na verdade, é uma das reações mais naturais.",são|desespera|mas|reações|garantida|estilingue|diversão|é|em|encara|que|vídeos|para|mal|humano|se|quem|gente
68_12-12-18_16_15.csv,ig,"Campinas - A quinta vítima do atentado à Catedral Metropolitana de Campinas, na terça-feira, morreu no início da tarde desta quarta-feira.
Nesta terça-feira, ele passou por cirurgia no Hospital Municipal Mário Gatti por causa de dois disparos nas regiões do tórax e abdômen.
Foram colocadas flores em homenagem aos mortos no portão principal da catedral.
Uma viatura da Guarda Civil Metropolitana está próxima à escadaria da catedral.
No centro de Campinas, no entanto, o comércio funciona normalmente, sem sinais da tragédia do dia anterior.",Por O Dia|Maycon Soldan Fotoarena Estadão Conteúdo,"Campinas - A quinta vítima do atentado à Catedral Metropolitana de Campinas, na terça-feira, morreu no início da tarde desta quarta-feira. Heleno Severo Alves, de 84 anos, era o único ferido em estado grave. Nesta terça-feira, ele passou por cirurgia no Hospital Municipal Mário Gatti por causa de dois disparos nas regiões do tórax e abdômen. Ele estava na Unidade de Terapia Intensiva, mas não resistiu e faleceu às 13h25.

As outras vítimas fatais, além do próprio atirador, foram José Eudes Gonzaga, Cristofer Gonçalves dos Santos e Elpídio Alves Coutinho, mortos dentro da igreja.No início da tarde desta quarta, a Catedral de Campinas foi reaberta com uma missa para homenagear as vítimas. Foram colocadas flores em homenagem aos mortos no portão principal da catedral.

Euler Grandolpho, de 49 anos, entrou na terça-feira na igreja e matou quatro pessoas a tiros, antes de tirar a própria vida. Ainda se sabem as razões do ataque.

Na Praça José Bonifácio, em frente ao templo, um grupo de curiosos e jornalistas se aglomeram no local. Uma viatura da Guarda Civil Metropolitana está próxima à escadaria da catedral. O caso virou destaque na imprensa internacional.

No centro de Campinas, no entanto, o comércio funciona normalmente, sem sinais da tragédia do dia anterior. O prefeito Jonas Donizette (PSB) decretou ainda na terça-feira luto oficial de três dias. A expectativa é que os velórios das vítimas ocorram a partir desta quarta-feira (12).",uma|vítima|à|terçafeira|atentado|em|vítimas|morre|campinas|desta|tarde|catedral|da|quinta
68_12-12-18_16_15.csv,ig,"Austrália - Uma senhora de 102 anos se tornou a paraquedista mais idosa do planeta após um salto de 4.300 metros de altura no sul da Austrália.
Irene O'Shea, a bisavó amante de adrenalina, declarou que se sentia ""normal"" após saltar a 220 km/h.
A aventura contou com a ajuda de um instrutor e um vídeo publicado pela agência France Presse mostra os momentos de preparação para a queda.
Mas só entrou para o livro dos recordes no domingo, quando, segundo os organizadores, se tornou a paraquedista mais idosa do planeta, com 102 anos e 194 dias.
Irene O'Shea decidiu participar do salto para ajudar uma campanha de arrecadação de fundos para uma organização beneficente que pesquisa a cura de uma doença neuromotora, que provocou a morte de sua filha.",Por Afp|Sa Skydiving|Bryce Sellick|Matt Teager,"Austrália - Uma senhora de 102 anos se tornou a paraquedista mais idosa do planeta após um salto de 4.300 metros de altura no sul da Austrália.

Irene O'Shea, a bisavó amante de adrenalina, declarou que se sentia ""normal"" após saltar a 220 km/h. A aventura contou com a ajuda de um instrutor e um vídeo publicado pela agência France Presse mostra os momentos de preparação para a queda.

VIDEO: 102-year-old adrenaline junkie Irene O'Shea becomes 'world's oldest' skydiver pic.twitter.com/m66lOCs6f0

— AFP news agency (@AFP) 12 de dezembro de 2018

Ela deu o primeiro salto de paraquedas em 2016, no dia em que completou 100 anos. Mas só entrou para o livro dos recordes no domingo, quando, segundo os organizadores, se tornou a paraquedista mais idosa do planeta, com 102 anos e 194 dias.

""O céu estava aberto e foi um bom dia, apesar de ter passado muito frio"", declarou O'Shea.

Irene O'Shea decidiu participar do salto para ajudar uma campanha de arrecadação de fundos para uma organização beneficente que pesquisa a cura de uma doença neuromotora, que provocou a morte de sua filha.",uma|aos|é|um|tornou|que|idosa|anos|para|salto|paraquedista|oshea|radical|bisavó|se|mais|planeta|vovó
68_12-12-18_16_15.csv,ig,"No último domingo, enquanto um morador de rua era atendido no local, seus quatro cachorros ficaram na porta da recepção esperando ele ter alta.
A troca é recíproca.
""Não sei como é a vida dele, por que está na rua, e nem quero saber e julgá-lo, mas admiro o respeito e amor que ele tem pelos seus bichinhos.
Os internautas concordaram com a enfermeira:""Este morador de rua tem um grande coração.
""É uma pena que muita gente não entende que o animalzinho nada pede em troca a não ser dar é receber amor!",Por Meia Hora|Reprodução,"Rio - Uma cena flagrada pela enfermeira Ana Cristina Mamprim, no Hospital Regional Alto Vale, em Rio do Sul (SC), vem comovendo muita gente na Internet. No último domingo, enquanto um morador de rua era atendido no local, seus quatro cachorros ficaram na porta da recepção esperando ele ter alta. Ana publicou uma foto dos animais na sua página do Facebook contando a história e, desde então, o post já chegou a 116 mil curtidas e mais de 70 mil compartilhamentos.

""Uma pessoa simples, sem luxo, que depende da ajuda para vencer a fome, o frio, as dores, as maldades do mundo, tem ao seu lado os melhores companheiros. A troca é recíproca. Troca de amor, carinho, calor, compreensão"", afirmou no post.

Segundo ela, o paciente lhe confessou que às vezes deixa até de comer para alimentar os cachorrinhos.

""Não sei como é a vida dele, por que está na rua, e nem quero saber e julgá-lo, mas admiro o respeito e amor que ele tem pelos seus bichinhos. Vê-los assim, esperando na porta, só mostra o quanto eles são bem cuidados e amados"", elogiou Ana Cristina.

Os internautas concordaram com a enfermeira:

""Este morador de rua tem um grande coração. Que Deus abençoe ele todos os dias de sua vida!!"", comentou uma pessoa no post.

""É uma pena que muita gente não entende que o animalzinho nada pede em troca a não ser dar é receber amor!"", disse outra.

""Que coisa linda! Esse é o verdadeiro amor"", afirmou uma terceira pessoa.",rua|esperam|uma|hospital|é|os|troca|tem|que|pessoa|ele|porta|morador|amor|cachorros
68_12-12-18_16_15.csv,ig,"Sabe o casal que gravou um vídeo no alto de uma pirâmide do Egito e quebrou a internet no fim de semana!?
Segundo o fotógrafo dinamarquês Andreas Hvid, que nas cenas aparece pelado em cima de uma mulher, tudo não passou de uma brincadeira.
Na primeira tentativa de subir a pirâmide, ele estava na companhia de uma norueguesa.
Ela desistiu, mas ele não.
O projeto de escalar a pirâmide é o que me fez ir lá, então sinto que já vi tudo que me interessava no Egito"".",Por Mh|Reprodução De Internet|Reprodução De Vídeo,"Sabe o casal que gravou um vídeo no alto de uma pirâmide do Egito e quebrou a internet no fim de semana!? Segundo o fotógrafo dinamarquês Andreas Hvid, que nas cenas aparece pelado em cima de uma mulher, tudo não passou de uma brincadeira. Muito gozado esse cara...

""Era uma pose para a foto. Nós não fizemos sexo. Fico triste ao ver que tantas pessoas ficaram tão irritadas. Mas também recebi respostas positivas de muitos egípcios... Provoquei muita gente, mas também posso ter servido para abrir espaço para os egípcios liberais"", disse ele ao jornal dinamarquês ""Extra Bladet"".

Andreas é apaixonado por escalar grandes monumentos e arranha-céus. Na primeira tentativa de subir a pirâmide, ele estava na companhia de uma norueguesa. Os dois, porém, foram parados pela polícia e, encaminhados à delegacia, acabaram liberados. Ela desistiu, mas ele não.

O fotógrafo, então, convidou uma dinamarquesa, que topou. O casal chegou ao Egito no fim de novembro para executar o plano: no dia 5 de dezembro, os aventureiros escalaram uma cerca às 21h30 e se esconderam num templo até os guardas deixarem o local. Depois disso, foi só alegria...

Andreas deixa claro na entrevista ao jornal de seu país que sabe que pode ficar mais enrolado que múmia:

""Não voltarei a pôr os pés no Egito, pois provavelmente correria o risco de ser condenado. O projeto de escalar a pirâmide é o que me fez ir lá, então sinto que já vi tudo que me interessava no Egito"".",uma|só|quebrou|sexo|mas|vídeo|homem|os|ao|é|egito|que|ele|para|foi|internet|pirâmide
68_12-12-18_16_15.csv,ig,"Rio - A transferência envolvendo Sornoza para o Corinthians deve render dois reforços ao Fluminense.
Um deles, o meia-atacante Marquinhos Gabriel, que hoje defende o Al Nasr, dos Emirados Árabes, topou defender o Tricolor no ano que vem.
""O Marquinhos Gabriel me disse que quer vir, porque o Fluminense é um clube grande.
Disse que nunca negaria um pedido meu, porque eu o ajudei na pior fase da vida dele""', revelou o diretor executivo de futebol do Fluminense, Paulo Angioni.
Além de Marquinhos, o Fluminense também deverá ficar com o lateral-esquerdo Moisés, que disputou a atual temporada pelo Botafogo.",Por O Dia|Mailson Santana Fluminense Fc.,"Rio - A transferência envolvendo Sornoza para o Corinthians deve render dois reforços ao Fluminense. Um deles, o meia-atacante Marquinhos Gabriel, que hoje defende o Al Nasr, dos Emirados Árabes, topou defender o Tricolor no ano que vem. As informações são do portal ""UOL"".

""O Marquinhos Gabriel me disse que quer vir, porque o Fluminense é um clube grande. Disse que nunca negaria um pedido meu, porque eu o ajudei na pior fase da vida dele""', revelou o diretor executivo de futebol do Fluminense, Paulo Angioni. A gratidão se dá porque ambos trabalharam juntos no Bahia, em 2013.

Além de Marquinhos, o Fluminense também deverá ficar com o lateral-esquerdo Moisés, que disputou a atual temporada pelo Botafogo. O Corinthians ainda vai desembolsar uma certa quantia para contratar o equatoriano.",fluminense|disse|clube|é|um|marquinhos|defender|que|para|grande|demais|porque|exjogador|gabriel|corinthians|aceita
68_12-12-18_16_15.csv,ig,"No entanto, o lateral poderá voltar para um velho destino.
De acordo com o comentarista da Fox Sports, Luciano Calheiros, o jogador pode retornar ao Vasco.
Ele pertence a Fiorentina, que pode emprestar o jogador.
Além dos clubes cariocas, o lateral também é observado pelo Athletico-PR, pelo Cruzeiro e pelo São Paulo.
Como ele ainda tem contrato com a Fiorentina, o Vasco teria que fazer uma proposta de empréstimo pelo atleta.",Por O Dia|Rafael Ribeiro Vasco|Lucas Merçon,"Rio - Gilberto foi um dos principais destaques do Fluminense na temporada. As boas atuações do jogador despertaram o interesse do Flamengo. No entanto, o lateral poderá voltar para um velho destino. De acordo com o comentarista da Fox Sports, Luciano Calheiros, o jogador pode retornar ao Vasco.

Gilberto teve uma passagem sem muito brilho pelo clube de São Januário no ano passado. Ele pertence a Fiorentina, que pode emprestar o jogador. Além dos clubes cariocas, o lateral também é observado pelo Athletico-PR, pelo Cruzeiro e pelo São Paulo.

De acordo com o comentarista, o treinador Alberto Valentim pediu alguém para a posição e o nome do lateral foi sugerido. Como ele ainda tem contrato com a Fiorentina, o Vasco teria que fazer uma proposta de empréstimo pelo atleta.",jogador|uma|lateral|são|comentarista|um|vasco|afirma|em|que|pelo|para|pode|trazer|com|balão|dar
68_12-12-18_16_15.csv,ig,"Brasília - A Receita Federal cobra mais de R$ 69 milhões do atacante Neymar em impostos e multas decorrentes ainda do processo que acusa o jogador de sonegar tributos no Brasil durante sua transferência do Santos para o Barcelona, em 2013.
Em 2015, as autoridades autuaram o atleta em R$ 188 milhões ao apontarem supostas irregularidades no recolhimento de impostos na transação que o levou do clube brasileiro ao espanhol, que pagou de forma parcelada 40 milhões de euros à empresa do pai de Neymar.
Nessa diferença, não teriam sido declarados mais de R$ 60 milhões, sobre os quais incidem ainda multa de 150% e juros.
Ela entende que a Receita Federal teria de levar em conta o imposto pago na Espanha para compensar a dívida no Brasil.
A alegação dos advogados do jogador é de que o único débito pendente seria relativo a contratos de direitos de imagem com o Santos, algo na casa dos R$ 2,7 milhões, que, com as multas aplicadas, chegaria a R$ 8,7 milhões.",Por Conteúdo Estadão|Afp Photo|Franck Fife,"Brasília - A Receita Federal cobra mais de R$ 69 milhões do atacante Neymar em impostos e multas decorrentes ainda do processo que acusa o jogador de sonegar tributos no Brasil durante sua transferência do Santos para o Barcelona, em 2013. O valor é resultado do cálculo feito pelo órgão após decisão do Carf (Conselho Administrativo de Recursos Fiscais).

Em 2015, as autoridades autuaram o atleta em R$ 188 milhões ao apontarem supostas irregularidades no recolhimento de impostos na transação que o levou do clube brasileiro ao espanhol, que pagou de forma parcelada 40 milhões de euros à empresa do pai de Neymar.

O montante da transação foi tributado duplamente, na Espanha e no Brasil: no primeiro, como pessoa física, e no segundo, como pessoa jurídica, cuja alíquota é menor (17%). O Carf entendeu que a tributação deveria considerar a alíquota de pessoa física (27,%), porque o pagamento tinha natureza salarial. Nessa diferença, não teriam sido declarados mais de R$ 60 milhões, sobre os quais incidem ainda multa de 150% e juros.

A defesa do atacante, hoje no Paris Saint-Germain, da França, sempre negou as infrações e recorreu ao Carf. Ela entende que a Receita Federal teria de levar em conta o imposto pago na Espanha para compensar a dívida no Brasil. A alegação dos advogados do jogador é de que o único débito pendente seria relativo a contratos de direitos de imagem com o Santos, algo na casa dos R$ 2,7 milhões, que, com as multas aplicadas, chegaria a R$ 8,7 milhões.

Em agosto do ano passado, os advogados de Neymar chegaram a anunciar à imprensa que os problemas dele com a Justiça brasileira estavam chegando ao fim, citando a intenção do pai dele de quitar a dívida com o Santos.",jogador|receita|federal|é|santos|r|ao|os|em|cobra|que|neymar|com|69|defesa|contesta|pessoa|milhões
68_12-12-18_16_15.csv,ig,"Rio - Responsável por comandar o Fluminense na última rodada, após a demissão de Marcelo Oliveira, Fábio Moreno deverá vestir vermelho e preto no ano que vem.
O observador técnico deve integrar a comissão técnica de Abel Braga no Flamengo.
Moreno é observador técnico e costuma acompanhar Abel em todos os clubes que o treinador assume.
Além dele, Leomir, auxiliar de Abel Braga e seu fiel escudeiro, também desembarcará na Gávea.
Ele comandou o Fluminense na última rodada do Brasileiro.",Por O Dia|Delmiro Junior Parceiro Agência O Dia|Lucas Merçon|Fluminense F.C.,"Rio - Responsável por comandar o Fluminense na última rodada, após a demissão de Marcelo Oliveira, Fábio Moreno deverá vestir vermelho e preto no ano que vem. O observador técnico deve integrar a comissão técnica de Abel Braga no Flamengo. As informações são do ""NetFlu"".

Moreno é observador técnico e costuma acompanhar Abel em todos os clubes que o treinador assume. Além dele, Leomir, auxiliar de Abel Braga e seu fiel escudeiro, também desembarcará na Gávea.

Ele comandou o Fluminense na última rodada do Brasileiro. No Maracanã, o Tricolor sofreu, mas selou a sua permanência na Série A, após derrotar o América-MG por 1 a 0.",flamengo|fluminense|deve|observador|braga|após|degola|por|última|para|que|técnico|rodada|da|salvar|ir|responsável|abel
68_12-12-18_16_15.csv,ig,"Rio - Vencedor da eleição realizada no sábado, o novo presidente do Flamengo, Rodolfo Landim, confirmou nesta terça-feira que chegou a um acordo com o técnico Abel Braga para a temporada 2019.
Abel, de 66 anos, voltará ao Flamengo acompanhado do auxiliar Leomir e do observador técnico Fábio Moreno.
Será o retorno do treinador ao time rubro-negro após 15 anos.
Em sua primeira passagem pelo Flamengo, Abel liderou a equipe nas conquistas da Taça Guanabara e do Campeonato Carioca de 2004.
À frente do time do Flamengo, Abel terá a missão de fazer o clube voltar aos grandes títulos, que não conquista desde 2013, quando foi campeão da Copa do Brasil.",Por Estadão Conteúdo|Felipe Correia Parceiro Agência O Dia,"Rio - Vencedor da eleição realizada no sábado, o novo presidente do Flamengo, Rodolfo Landim, confirmou nesta terça-feira que chegou a um acordo com o técnico Abel Braga para a temporada 2019. O contrato, quando assinado, será de um ano. Abel, assim, vai substituir Dorival Junior, que comandou a equipe carioca na reta final do Brasileirão.

O vínculo será selado somente após Landim ser empossado no cargo, na segunda quinzena deste mês de dezembro. Pelo acordo entre as partes, ainda verbal, não haverá multa rescisória. Abel, de 66 anos, voltará ao Flamengo acompanhado do auxiliar Leomir e do observador técnico Fábio Moreno.

A chegada de Abel já era dada como certa nos últimos dias. Landim já tinha conversas avançadas com o treinador antes mesmo da eleição de sábado. O presidente eleito do Flamengo era o grande favorito no pleito e confirmou o triunfo ao superar o candidato da situação, Ricardo Lomba ao obter 1.879 votos (61,65%) contra 1.097 (35,99%) daquele que era apoiado por Eduardo Bandeira de Mello, presidente do clube nos últimos seis anos.

Abel vai ocupar o cargo de Dorival Junior, que exerceu a função de treinador no clube por apenas dois meses, ao substituir Maurício Barbieri. Será o retorno do treinador ao time rubro-negro após 15 anos. Em sua primeira passagem pelo Flamengo, Abel liderou a equipe nas conquistas da Taça Guanabara e do Campeonato Carioca de 2004. Foram 44 jogos, com 19 vitórias, 12 empates e 13 derrotas.

O treinador estava sem clube desde junho deste ano, quando deixou o comando do Fluminense no início da Copa do Mundo, insatisfeito com as perdas constantes no elenco da equipe e com a falta de reposição.

À frente do time do Flamengo, Abel terá a missão de fazer o clube voltar aos grandes títulos, que não conquista desde 2013, quando foi campeão da Copa do Brasil. Neste ano, o time carioca foi vice-campeão brasileiro, a oito pontos do campeão Palmeiras.",flamengo|clube|braga|quando|revela|ao|acerto|que|técnico|será|presidente|eleito|com|treinador|da|abel
