Timestamp,Source,Summary,Authors,Text,Keywords
70_12-12-18_16_16.csv,jornalocidadao,"Ele era uma mistura de um ser cômico, incoerente e autoritário.
O detalhe todo é que esqueceram de dizer nessa frase que para roubar um banco você precisa de um fuzil, um fuzil custa 50 mil, e com 50 mil você abre um negócio.
Será mesmo que um caminhoneiro que gritava por intervenção militar quer ter tanques cerceando o seu direito de ir e vir?
A esquerda, nessas últimas décadas, não se dedicou a fazer um trabalho de base sério.
Preferiram, ao contrário, taxá-los de ignorantes e “alienados” quando não se enquadravam em suas teorias revolucionárias.",,"Por Carlos Gonçalves

Quando eu era pequeno, minha mãe sempre dizia: “olha meu filho, não fique vendo esses troços na TV”, e nas horas que distraída percebia que eu estava vendo algum filme de terror, ainda complementava: “você sabe muito bem que quando você for dormir vai ter pesadelo se ficar vendo esse tipo de coisa”. A dona Ana, como os vizinhos a chamavam, sabia exatamente o que acontecia comigo, porque era “batata”, como dizia a própria, eu ter pesadelo no dia seguinte.

No dia 8 de Outubro de 2018, domingo de eleição, fui votar durante o dia e, à noite, acompanhar a apuração na casa de um amigo e, sem perceber, acabei assistindo a um desses filmes de terror que a minha mãe me repreendia quando era pequeno. Espantado com o filme, me surpreendeu o personagem principal. Ele era uma mistura de um ser cômico, incoerente e autoritário. Sempre levado na brincadeira pelos seus defensores que diziam, quando indagados sobre as atrocidades que seu herói falava: “aquilo tudo era brincadeira”, e falavam mais, juravam de pé junto que ele colocaria a ordem e a paz social que tanto sonhavam.

Então aos poucos aqueles que antes se viam no bar conversando coisas que só se falava depois de tomar alguns copos, ou no jogo de futebol, começaram a falar abertamente na rua. Apegaram-se as frases de efeito e genéricas do tipo “em vez de roubar trabalhador esses vagabundos deveriam roubar um banco”, já que se apegar aos “jargões” é o que a sociedade normalmente faz nas crises. O detalhe todo é que esqueceram de dizer nessa frase que para roubar um banco você precisa de um fuzil, um fuzil custa 50 mil, e com 50 mil você abre um negócio.

Parei, e diante disso tudo pensei: “será que as mulheres periféricas querem mesmo que a polícia mate a tudo e a todos ao seu redor? Ou será que não querem ser roubadas enquanto vão para a casa das ‘madames’ lavar, cozinhar e educar os filhos da elite, enquanto seu filho fica em casa sem nem 5% dessa assistência? Será mesmo que um caminhoneiro que gritava por intervenção militar quer ter tanques cerceando o seu direito de ir e vir? Ou o que ele quer mesmo é poder ir trabalhar para poder comprar leite, carne, pagar o seu aluguel e chegar bem em casa pra rever a sua família?”

Bom, o filme que eu vi, que de forma muito rápida se transformou nesse mundo em que estou agora, conseguiu virar um pesadelo que muitos, como eu, não esperavam acontecer. Esse problema tem parcelas de culpa, uma delas é essa coisa que chamamos de mídia e o que ela vomita diariamente para todos nós, outra parcela ao mundo volátil das fake news, que abalaram os alicerces em uma das maiores crises da Nova República, mas havia uma que eu não posso deixar de falar que é a própria esquerda (onde em parte me incluo) que também tem culpa no cartório. A esquerda, nessas últimas décadas, não se dedicou a fazer um trabalho de base sério. Era mais confortável pra si demonizar a religião dos mais pobres e daqueles que hoje, por exemplo, poderia ter somado na luta contra o fascismo. Preferiram, ao contrário, taxá-los de ignorantes e “alienados” quando não se enquadravam em suas teorias revolucionárias. Por esse motivo, colhemos hoje o fruto de uma ignorância gerada por aqueles que deveriam ter somado nas causas mais populares. Talvez domingo agora, 28 de Outubro, seja o marco zero do início de algo jamais pensado para o país, mas terá que ser, inevitavelmente, o início para uma renovação das frentes progressistas dessa nação, onde a radicalidade, a teologia e o tato para estratégias longe das suas bolhas terão que ser o horizonte para pensar em meio ao caos inevitável já instaurado.

Compartilhe nas suas redes sociais: Facebook

Twitter

WhatsApp

Google

Email

Imprimir



Relacionado

Comentários",uma|marco|era|favela|é|um|eu|em|que|para|fascismo|se|zero|não
70_12-12-18_16_16.csv,jornalocidadao,"Centenas de mareenses e pessoas de outras partes do Rio de Janeiro participaram, no dia 23 de outubro, de um encontro com o candidato à presidência Fernando Haddad (PT), no Centro de Artes da Maré, na Nova Holanda.
A candidata à vice-presidência, Manuela D’Avila, também comentou a questão das armas: “Nós vamos vencer porque nós temos um professor presidente.
Tirem a arma das mãos das nossas crianças e coloquem um lápis, um livro.
Porque esse segundo turno é sobre democracia e liberdade, mas para as mulheres, para os negros e negras, para a população de periferia, é sobre vida”.
Isso fez brotar uma enorme gama de coletivos em toda as áreas da cultura, que é uma área que gera muitos empregos”.",,"Centenas de mareenses e pessoas de outras partes do Rio de Janeiro participaram, no dia 23 de outubro, de um encontro com o candidato à presidência Fernando Haddad (PT), no Centro de Artes da Maré, na Nova Holanda. Haddad chegou acompanhado da vice, Manuela D’Avila, as deputadas federais Benedita da Silva e Jandira Feghali, além das futuras deputadas estaduais Mônica Francisco e Renata Souza, mareense moradora da Nova Holanda. O evento contou com falas de representantes de movimentos sociais, apresentando suas demandas para o candidato, homenagem a Marielle Franco e falas de Haddad e Manuela sobre as prioridades para as favelas. A apresentação foi de Mariane Soares, moradora e militante da Maré.

Protagonismo das favelas

Tiveram voz no encontro com o candidato mães que perderam seus filhos para a violência do Estado, como Bruna da Silva, mãe de Marcos Vinícius, assassinado próximo à sua escola em junho deste ano. Ela criticou a proposta do outro candidato, Jair Bolsonaro, de facilitar o acesso a armas de fogo: “Eu sou vítima de arma de fogo. O meu filho foi morto, aos 14 anos de idade, com roupa e material de escola. Ele estava no lugar certo na hora certa. A culpa não é nossa, a culpa não foi do meu filho, a culpa foi da polícia”, afirmou. A candidata à vice-presidência, Manuela D’Avila, também comentou a questão das armas: “Nós vamos vencer porque nós temos um professor presidente. Tirem a arma das mãos das nossas crianças e coloquem um lápis, um livro. Tirem o ódio dos corações e coloquem amor”.

Jota Marques, educador da Cidade de Deus, fez uma fala defendendo a liberdade dos movimentos sociais e manifestou sua rejeição ao candidato da oposição: “Nós temos o direito da união, temos o direito da reunião, nós temos o direito de atravessar esse país, porque são os nossos corpos que constroem o Brasil. Nós temos potência, cultura, educação, e dizemos ele não”. Débora, representante da Frente Favela Brasil, também expressou o apoio do movimento à candidatura de Haddad e convocou os presentes a conquistarem mais votos para o candidato: “Nós estamos aqui na luta e temos que virar esse voto porque a nossa vida depende disso”.

O evento também teve participação de MC Martina, representante do Complexo do Alemão, que fez uma rima falando sobre conviver com a violência, a ocupação militar do Alemão em 2010 e do quanto as pessoas esquecem rapidamente assassinatos de jovens periféricos, como Eduarda, o próprio Marcos Vinícius e os cinco jovens de Costa Barros.

Haddad e Manuela D’Ávila ainda receberam da organização placas de rua em homenagem a Marielle Franco, aos gritos de “Marielle presente” e “Anderson presente”. A candidata à vice-presidência comentou o risco que se apresenta para as minorias caso a oposição vença as eleições: “Eu e o Haddad somos a chapa da vida. Porque esse segundo turno é sobre democracia e liberdade, mas para as mulheres, para os negros e negras, para a população de periferia, é sobre vida”.

Educação e cultura para o povo periférico

Fernando Haddad, que foi Ministro da Educação entre os anos de 2005 e 2012, comentou a importância de promover educação para o povo favelado: “Quando a gente abre oportunidade pra juventude da periferia, essa juventude agarra essa oportunidade e transforma a sua vida e de suas famílias. São milhões de jovens que pelo SISU, pelo PROUNI, pelo ENEM, pelo FIES, conseguiram conquistar o primeiro diploma da família. Esse estudante que chegou lá não beneficia só a si próprio, ele acaba beneficiando toda a comunidade. Vocês sabem que cada um de vocês que chegou na universidade mostrou para a família e os vizinhos a seguinte mensagem: depende da gente agora. Tem oportunidade. Vale o esforço”. Segundo Haddad, é a distribuição de oportunidades que acaba com a violência, a injustiça e a desigualdade, com foco na educação e no trabalho: “Se todo mundo tiver uma carteira de trabalho numa mão e um livro na outra, o problema do Brasil está resolvido, porque é o desemprego e a falta de oportunidades que faz as pessoas às vezes se desesperarem”.

Ele ainda apresentou a proposta de valorizar os projetos e ações culturais de origem na favela: “O samba nasceu na comunidade, o hip hop nasceu na comunidade. A cultura da favela é muito importante desde sempre, mas o dinheiro público não chega na favela para apoiar cultura, embora a cultura esteja sendo produzida nas favelas. O dinheiro chega nos centros das cidades. Eu vou levar pra Brasília o que eu fiz em São Paulo. Eu carimbei uma verba do orçamento pra financiar projetos da periferia de São Paulo. É só lá que o dinheiro chega, os projetos têm que ser apresentados por moradores. Isso fez brotar uma enorme gama de coletivos em toda as áreas da cultura, que é uma área que gera muitos empregos”.

O evento teve transmissão ao vivo e pode ser conferido, na íntegra, neste link.

Compartilhe nas suas redes sociais: Facebook

Twitter

WhatsApp

Google

Email

Imprimir



Relacionado

Comentários",uma|recebem|temos|é|os|um|haddad|que|para|com|da|candidato|mareenses|fernando
70_12-12-18_16_16.csv,jornalocidadao,"Tratava-se do Curso Pré-Vestibular Comunitário do Centro de Estudos e Ações Solidárias da Maré (CEASM), instituição que acabava de nascer.
Tinha um medo dessa galera ir pra universidade e reproduzir o que a universidade já fazia que era negar a favela.
E aí o Pré-Vestibular me deu a chance de me tornar um profissional, um geógrafo, um professor”.
Também para os professores, as dificuldades são motivadoras, tiram do lugar de conforto para estimular o outro e todos crescerem juntos.
Nesses 21 anos, o CEASM tem muito o que avaliar sobre sua trajetória, mas principalmente, muitas conquistas precisam ser festejadas.",,"Por Carolina Vaz e Claudia Rose

O ano era 1997. Jovens da Maré viram, pelas ruas do bairro, cartazes convidando a participar de um pré-vestibular comunitário. Muitos se interessaram, alguns sem ter certeza do que significava. Tratava-se do Curso Pré-Vestibular Comunitário do Centro de Estudos e Ações Solidárias da Maré (CEASM), instituição que acabava de nascer. Um dos jovens curiosos era Humberto Salustriano, hoje professor de História no CPV: “A gente não tinha muita noção do que era fazer um vestibular, até porque a gente não vislumbrava muito essa ideia de ir pra universidade. A gente estava muito mais preocupado com a questão de se encaixar no mercado de trabalho”, contou no dia 15 de agosto, na festa de comemoração dos 21 anos do CEASM.

Educação, comunicação e memória

A comemoração, no próprio pátio do CEASM, reuniu numa roda de conversa dezenas de pessoas que já passaram e ainda participam dos diversos projetos da instituição. Muitos alunos e ex-alunos do CPV, professores e alunos do Preparatório para o Ensino Médio, membros do Jornal O Cidadão, artistas de grupos de teatro que utilizam o espaço do Museu da Maré, entre outros. Lourenço Cesar, diretor da instituição, lembrou do início do CEASM e dos 3 eixos que sempre guiaram a ONG: COMUNICAÇÃO, que se materializou no Jornal O Cidadão em 1999; MEMÓRIA, que fez criar a Rede de Memória para levantar e registrar a memória da Maré e depois gerou o Museu da Maré; e EDUCAÇÃO, que já teve cursos como de informática e línguas, e hoje tem o Preparatório para Ensino Médio e Técnico, mas o “carro-forte” sempre foi o Pré-Vestibular Comunitário, o CPV. “Como era um projeto político, a ideia desse pré-vestibular era que ele pudesse formar uma galera que pudesse se municiar do conhecimento da academia e voltar pra melhorar a situação na Maré. Tinha um medo dessa galera ir pra universidade e reproduzir o que a universidade já fazia que era negar a favela. Então foi pensada também a Rede de Memória, um projeto que pudesse garantir uma identidade nossa”. Para ele, os 3 projetos raízes se mantêm porque têm o papel de “dar liga” ao projeto político que é o CEASM.

Uma nova juventude mareense

E foi esse projeto político que se mostrou inovador e revolucionário desde o início, como conta Humberto a respeito do evento no qual os diretores do CEASM explicaram o que seria o Pré-Vestibular: “Eu lembro de escutar, com os meus amigos, aqueles fundadores falando sobre a proposta com um entusiasmo de que a favela tinha que ter seu protagonismo, que a gente tinha que acessar a universidade. A gente nunca tinha ouvido falar desse tema aqui dentro com tanto entusiasmo”. As primeiras turmas tinham muitos curiosos, muita gente que tinha como a primeira perspectiva o trabalho, e não continuar os estudos depois do Ensino Médio. O CEASM mudou essas vidas, gerando outros profissionais, diplomados mas também com consciência política. “Isso nos gerou um pensamento de querer conhecer mais sobre a favela, querer participar dos movimentos sociais. E não por acaso foi do CPV que surgiram vários outros movimentos de juventude da Maré”, concluiu Humberto. Outro personagem que contou essa história foi o geógrafo Bruno Paixão, da turma do ano 2000. “O CEASM mudou a minha trajetória. Até então eu era filho de um comerciante e talvez fosse continuar no comércio, mas eu tinha percebido ao longo dos meus 14 anos que o comércio é ingrato. E eu queria fazer outras coisas. E aí o Pré-Vestibular me deu a chance de me tornar um profissional, um geógrafo, um professor”.

21 anos de resistência



O professor JB, coordenador do Preparatório, também contou sua trajetória na instituição, participando de projetos do Museu desde 2006, e comentou os desafios de educar adolescentes que chegam desmotivados, seja por eles mesmos seja pela escola e contexto familiar. “O CEASM tem um papel fundamental e diferenciado que é o acreditar no outro e o ‘outrar-se’. Acreditar que o ser humano é possível e capaz faz toda a diferença. Isso faz toda a diferença no Preparatório”, contou. Também para os professores, as dificuldades são motivadoras, tiram do lugar de conforto para estimular o outro e todos crescerem juntos.

Walney Gomes, diretor da Cia bUsina Teatral, também contou a trajetória do grupo que foi um pouco diferente: já existia antes e agora passou a funcionar no espaço do Museu da Maré. Trata-se da continuação de um projeto iniciado na Usina de Cidadania, em Manguinhos, que foi fechada há alguns anos. Walney encontrou um espaço para o projeto exatamente no bairro onde cresceu: “Eu realizei um sonho, que era trabalhar na Maré”.

O Museu é outro espaço do CEASM que desenvolve vários projetos culturais, além de apresentar a exposição Os Tempos da Maré, que divulga e valoriza as histórias e memórias dos moradores. O Museu também está aberto para movimentos sociais, coletivos, pessoas e instituições que querem realizar projetos e eventos comunitários no espaço da instituição. A Cia bUsina Social, Entre Lugares e MareMoto do Teatro do Oprimido na Maré, são parceiros que utilizam o Museu como base de suas atividades.

Nesses 21 anos, o CEASM tem muito o que avaliar sobre sua trajetória, mas principalmente, muitas conquistas precisam ser festejadas. Vida longa ao CEASM!

Compartilhe nas suas redes sociais: Facebook

Twitter

WhatsApp

Google

Email

Imprimir



Relacionado

Comentários",era|vidas|celebra|os|um|maré|tinha|que|anos|21|para|ceasm|museu|da|mareenses|mudando
70_12-12-18_16_16.csv,jornalocidadao,"Por Diana Osório e Jordana BeloNa última quinta-feira, 12 de julho, a Maré recebeu o pré-candidato à Presidência da República Guilherme Boulos (Psol) para uma conversa com comunicadores populares e midiativistas.
Aqui na Maré ele esteve no primeiro “Roda Viva na Laje”, em que apresentou suas propostas e ideias aos jovens comunicadores.
A pré-candidata a deputada estadual pelo Rio de Janeiro, Renata Souza (Psol), que é moradora da Maré, também participou da sabatina.
Tem uma guerra que é um extermínio, uma guerra que é um massacre.
Assim, extinguiria-se a PM, que é uma herança da ditadura, em que o militar é formado para lidar com o inimigo.",,"Por Diana Osório e Jordana Belo

Na última quinta-feira, 12 de julho, a Maré recebeu o pré-candidato à Presidência da República Guilherme Boulos (Psol) para uma conversa com comunicadores populares e midiativistas. Nesta data também se completaram 120 dias da morte da vereadora Marielle Franco, cuja vida e cujo mandato foram interrompidos tragicamente em março deste ano. Nascido na cidade de São Paulo, Boulos possui uma trajetória política marcada pelo ativismo político e social no Movimento dos Trabalhadores Sem Teto (MTST), em que lidera a luta por moradias para pessoas sem teto. Possui formação em Filosofia pela Universidade de São Paulo (USP) e atualmente é coordenador nacional do MTST. Aos 36 anos, Boulos empreende em 2018 sua primeira candidatura na política.

Aqui na Maré ele esteve no primeiro “Roda Viva na Laje”, em que apresentou suas propostas e ideias aos jovens comunicadores. Estiveram presentes representantes dos seguintes coletivos e coletivas: Marginal; Resistência CDD; Manivela; Maré de Notícias; Poesia de Esquina; Maré Vive; MTST; Intersindical; Conexão G; O Cidadão e Mídia NINJA, além do cartunista Vitor Vanes. A pré-candidata a deputada estadual pelo Rio de Janeiro, Renata Souza (Psol), que é moradora da Maré, também participou da sabatina. O evento foi organizado pela aliança formada pelo Psol, PCB e movimentos sociais como o MTST, a APIB e a Mídia NINJA.

Boulos defendeu a construção de um governo feito a partir das demandas e das necessidades sociais, buscando o apoio das maiorias sociais para realizar um projeto de mudança do Brasil. “Tem que mudar a forma como se governa no Brasil. Governabilidade, para projeto de mudança, se dá com a sociedade e com maiorias sociais”, afirmou Boulos, que defendeu a importância dos benefícios conquistados através das políticas públicas e também do investimento na politização das pessoas. “Nós temos que trabalhar a politização da sociedade e a participação. Eu acredito que um programa como o nosso, de distribuição de renda de verdade no Brasil, de reforma tributária, de democratização da mídia, de democratização do sistema político, ele vai ser feito desse jeito, não tem outro caminho: não é pelas vias tradicionais, e para isso nós precisamos de uma energia que venha de um lugar diferente.”

Além de política, as temáticas de segurança pública, saúde pública, educação, democratização da comunicação, racismo e políticas de cultura foram colocadas na roda. Confira o que o pré-candidato falou sobre cada tema:

Segurança Pública

Segundo Boulos, o sistema de segurança pública brasileiro atual herda um pensamento da década de 1980, época da redemocratização do Brasil, baseado na militarização da vida e dos territórios em que se emprega o uso de “tiro, porrada e bomba”, segundo Boulos, para resolver cada crise que o país enfrenta. Essa é a receita que prevalece nos últimos 30 anos: mais presídios, mais polícia, mais violência contra a juventude pobre e negra para responder ao sentimento de medo da população. “Há um populismo da violência. A candidatura do Bolsonaro é a exploração do medo das pessoas: faz populismo em cima de cadáver. O medo torna todo mundo vulnerável à intolerância, ao ódio. E muitas vezes vemos também a esquerda cedendo a isso, fazendo discurso punitivista, tendo práticas punitivistas, não tendo ousadia e coragem para colocar o debate da desmilitarização das polícias e para enfrentar a guerra às drogas. Tem uma guerra que é um extermínio, uma guerra que é um massacre. Tem que haver um compromisso em reverter essa lógica de segurança”.

A proposta que Boulos prepara para sua campanha é pensar um modelo de segurança pública partindo da unificação das polícias em uma polícia civil que cumpra os papéis preventivo, ostensivo e investigativo de polícia judiciária. Assim, extinguiria-se a PM, que é uma herança da ditadura, em que o militar é formado para lidar com o inimigo. Aqui no Brasil, o inimigo é a juventude negra e pobre, que está sendo presa e morta. Esse sistema de segurança pública que Boulos pretende criar teria sua ação voltada para dois focos: a prevenção, oferecendo mais oportunidades e maior diversidade de oportunidades para as juventudes de periferias e favelas (mais trabalho, educação, lazer e cultura); e a investigação, pois a maior parte dos crimes está ligada ao tráfico de armas e de munição, o que pode ser combatido por um bom trabalho de inteligência e investigação.

Modelo político que fortaleça as municipalidades

Boulos afirmou que, durante suas caminhadas e visitas por diversas partes do país, percebeu um desencanto e uma descrença com política e com políticos que afeta muitos brasileiros. Isso reflete o descaso com lideranças e com populações que não se sentem representadas nas instituições da política brasileira. Nesse contexto, ele defende a criação de um sistema nacional de democracia direta que pretende fortalecer e visibilizar as vozes dos brasileiros, o que se dará através da aplicação dos mecanismos de participação popular que estão sendo negligenciados durante a gestão do governo Temer: plebiscitos e referendos como forma de tomada de decisão, e conselhos deliberativos municipais que possam decidir sobre o orçamento público de acordo com o interesse das populações locais.

Saúde

Essa questão, segundo Boulos, é sempre uma das prioridades para o brasileiro. Ele afirmou que o sistema do SUS é um importante sistema de saúde pública que o país oferece, mas que precisa receber mais investimento para dar conta das demandas de todo o território brasileiro. Segundo Boulos, privatizar todo o sistema de saúde não é a solução. A saúde pública no Brasil é muito ruim, não por causa do modelo, mas porque ela está sendo subfinanciada. “Saúde não pode ser mercadoria. Atualmente a União destina R$ 30 bilhões para a saúde, e isso precisa ser multiplicado, para ampliar a rede de atendimento”, defendeu.

Outra observação feita por Boulos é a carência de investimento estatal na saúde primária, que trabalha na prevenção. Ele defende que cuidar e estimular o trabalho das equipes de saúde da família e dos agentes comunitários de saúde é o ideal, pois são esses profissionais que cuidam das pessoas e das famílias desde a prevenção à doença. Isso deve ser acompanhado de investimentos nas equipes de médicos, em hospitais e em equipamentos.

“Saúde tem que começar na prevenção: saúde é ter saneamento básico na comunidade, saúde é as pessoas terem moradia digna, é as pessoas terem trabalho e comerem bem. Começa aí”, observou.

Educação

Escolas públicas brasileiras estão muito defasadas, na opinião de Boulos, e portanto requerem investimentos em diversos níveis: desde o currículo que precisa incluir pautas mais atuais até a estrutura das escolas. “Temos de debater a qualidade e o currículo da educação. Queremos formar nossos jovens para fazer prova? Nós queremos uma educação que só forme a juventude para o mercado de trabalho? Ou nós queremos uma educação que forme para a cidadania, que forme para a vida?”, questionou o pré-candidato.

Ele acredita numa educação que resgate Paulo Freire e que se construa a partir da experiência e das vivências das pessoas. Uma escola que trate de grandes temas, como violência contra a mulher, questões de gênero e diversidade sexual. Nas universidades públicas, ele almeja a ampliação do número de vagas para incluir mais jovens.

Geração de emprego e renda

Boulos propõe, nesse tema, a aplicação de políticas públicas de geração de emprego e oportunidades, além da efetivação do programa do Jovem Aprendiz, que reserva 5% das vagas de empregos nas empresas para aprendizes, o que geraria 600 mil empregos para jovens em todo o país, segundo ele.

Outra estratégia para gerar mais empregos é aumentar investimento público. Nos últimos 3 anos, segundo Boulos, o governo federal privilegiou cortes em diversas áreas, como saúde, educação e obras, para resolver o problema fiscal. No entanto, isso reduziu a geração de empregos e de renda, o que acabou acarretando em uma redução da arrecadação estatal. Boulos defende que, além do reajuste fiscal, é necessário o investimento público.

Se for eleito, ele pretende realizar uma reforma tributária progressiva, taxando grandes fortunas e arrecadando dos mais ricos, enfrentando os privilégios dados aos grandes empresários e aos donos de grandes fortunas, como a “bolsa-empresário”, que dá desoneração fiscal para grandes empresas. “O pessoal fala muito do bolsa-família. Às vezes o que a gente ouve, e isso inclusive acontece na comunidade, eu já ouvi isso dentro de ocupação do MTST: ‘ah, não tem que dar o peixe não, tem que ensinar a pescar’. Essa é uma visão preconceituosa a respeito do bolsa-família. O bolsa-família é R$ 30 bilhões no orçamento da União. O bolsa-empresário é R$ 283 bilhões, e a gente não vê ninguém falando que não tem que dar o peixe pro empresário, tem que ensiná-lo a pescar. Tem que cortar essa bolsa-empresário para dar condição de investimento em política pública e recuperar o emprego e a renda”, afirmou.

Comunicação

Ele afirmou que irá priorizar como pauta de sua gestão a questão da democratização da comunicação, fortalecendo a comunicação pública e comunitária e garantindo estímulo financeiro e regulamentação que proteja essa comunicação popular. Democratizar é ter diversidade de vozes e de representações, segundo Boulos. E ele defende essa pauta em lugar do atual sistema de comunicação brasileiro, marcado por interesses empresariais e pelo monopólio, o que desrespeita a Constituição de 1988, principalmente porque alguns políticos, segundo Boulos, são proprietários de alguns dos veículos de comunicação mais fortes no país.

Ele pretende criar uma grande rede de comunicação pública, que parta da sociedade, e que valorize essa democratização. A ideia é estabelecer uma grande rede que proteja e estimule comunicadores populares e comunitários de todo o país; não se trata de uma rede física, em que todos trabalham da mesma forma, respeitando a um interesse ou um patrão, pois é preciso valorizar a diversidade das mídias locais que representam territórios diferentes. O papel do Estado, afirmou Boulos, é criar as condições materiais para que esse trabalho reverbere e se amplie: através de uma regulamentação da rádio e difusão comunitária que será definida em conjunto com coletivos e coletivas de modo participativo e amplo, ouvindo as necessidades e interesses desses profissionais. Além da regulamentação, a intenção é criar um fundo que possa dar condições materiais para que essas mídias continuem seu trabalho baseado em compromissos éticos e feitos com as comunidades.

Boulos também debateu a questão da democratização da Internet Banda Larga, e afirmou que ampliar essa ferramenta para uso público é uma das pautas de sua pré-campanha.

Cultura

Para criar novos espaços de visibilidade para as produções culturais brasileiras, ele pretende investir em políticas públicas através do fomento estatal. Atualmente, ele explica, boa parte dos incentivos em cultura são feitos de modo privado, através de empresas e de instituições privadas. Isso acaba influenciando nos critérios que definem quem receberá esse incentivo. Com o fomento estatal, a intenção é incluir a cultura periférica, negra, indígena, quilombola e popular nessa oportunidade de investimento.

Política pública para moradores LGBT de favela

A invisibilização da população LGBT no Brasil atinge também a produção de dados e estatísticas sobre essa população: pouco se sabe sobre essas pessoas em quantificação estatística. E isso evidencia o preconceito contra esse grupo da sociedade. Boulos ressalta que essas pessoas carecem de mais apoio do Estado, e que sua gestão pretende criar políticas públicas de saúde, de moradia e de educação que incluam as demandas dessa população entre as ações do governo. Uma das propostas de Boulos é criar uma linha de atendimento especial para a população LGBT, oferecendo acolhimento.

Racismo

Boulos ressaltou que, embora a luta contra o racismo e a militância já tenham conquistado um espaço para colocar suas pautas e reivindicar ações do Estado para resolvê-las, o que se vê é, ainda, muita desigualdade gerada pelo racismo. “O assassinato da Marielle nos possibilita várias reflexões. Uma delas é o quanto incomoda uma mulher negra, ousada, sem medo, na política. O quanto o sistema político tradicional e oligárquico não consegue lidar com isso. E de algum modo é difícil não associar o assassinato da Marielle a isso também: ela representar estar num lugar que, na cabeça do sistema político, não era o lugar dela. E que ela precisava ser removida desse lugar”, lamentou.

O que ele propõe é estabelecer um governo que pense, em conjunto com as lideranças e os representantes da militância, formas de protagonismo e participação política das mulheres e dos negros e negras; que construa mecanismos de igualdade salarial para enfrentar o racismo no âmbito econômico; e que trabalhe para desmilitarizar a polícia e combater o racismo estrutural que se manifesta na segurança pública.

Compartilhe nas suas redes sociais: Facebook

Twitter

WhatsApp

Google

Email

Imprimir



Relacionado

Comentários",uma|é|boulos|das|um|maré|em|que|para|recebe|roda|com|conversa|da|não|précandidato|guilherme
70_12-12-18_16_16.csv,jornalocidadao,"Dessa maneira, tentarei começar o meu texto falando sobre uma dor, a dor de saber a profundidade que é ser a parte matável dessa cidade.
Assim, quem sabe, mostrar que aqueles que merecem o estigma de violento não são os que sofrem com essa dor, mas sim aqueles que a provocam, ou seja, o Estado.
Eu sou um adolescente negro de origem popular, não muito preocupado com o futuro, mas bastante preocupado com os laços que construía.
Ao chegar desesperada, minha mãe sente junto comigo uma mistura de medo e adrenalina: “ele não viu que eu estava com roupa de escola, mãe?”, indago-a racionalmente.
Você sabe o que disse a juíza que recebeu a ação da defensoria pública contra essas operações com elevado grau de violência?",,"Por Carlos Gonçalves

Um dia desses, como outro qualquer, me peguei lembrando as tantas e tantas situações que já passei na Maré. Tenho que reconhecer que passei um pouco de tudo, dos momentos mais acalorados, como os famosos “polícia e ladrão” que nunca abandonaram a minha infância, principalmente quando faltava luz na favela, aos momentos de muita tristeza que, na maioria das vezes, estavam associados às formas de violência que já vivi.

Falar dessas violências, passadas ou atuais, me traz uma enorme aflição. Quando escrevo algum texto sobre o tema fico sempre na dualidade entre cometer, sem querer, o equívoco de fortalecer uma imagem de uma favela “violenta e perigosa”, já muito trabalhada ao longo de décadas pela mídia, ou então conseguir de fato transmitir a denúncia de uma violação, sob um olhar que certamente os “tradicionais meios de comunicação” não falariam. Dessa maneira, tentarei começar o meu texto falando sobre uma dor, a dor de saber a profundidade que é ser a parte matável dessa cidade. Assim, quem sabe, mostrar que aqueles que merecem o estigma de violento não são os que sofrem com essa dor, mas sim aqueles que a provocam, ou seja, o Estado.

Isso é algo realmente difícil – reconheço – até porque estamos falando aqui da construção de outra narrativa sobre fatos muito conhecidos, uma narrativa feita por aqueles que historicamente não tiveram entre os seus iguais muitas pessoas que pudessem fazê-la. Pois bem, vou começar propriamente o texto pela maneira que eu sempre acreditei que algo dessa gravidade deveria ser escrito e pensado: colocando-me sob o olhar de quem sentiu essa dor. Dito isso, eu me imagino voltando à infância, e revivendo meus 13, 14 anos. Eu sou um adolescente negro de origem popular, não muito preocupado com o futuro, mas bastante preocupado com os laços que construía. Na manhã de uma segunda, saio de casa com a minha mãe em uma das milhares de vezes que ela me acompanhava até a escola. Confesso que a minha mãe tem algumas manias, dentre as quais destaco a de sempre falar que eu era o Príncipe da vida dela, tanto eu quanto a minha irmã. Vou me apegar a este momento, no momento que ela pronuncia, pela milésima vez, essa mesma frase. Imagine que, no término dessa frase, segui sozinho até a escola e, de repente, senti um tremor vindo do céu, os telhados balançando como se tudo fosse desabar. Uma sensação de medo e angústia toma conta do ar, quando surge no céu o símbolo, o símbolo daquilo que para os favelados, representa “a máquina de buscar almas”: o caveirão aéreo, um helicóptero blindado da polícia capaz de efetuar inúmeros disparos por minuto. Por precaução, resolvo voltar para casa. No caminho percebo que a “operação” estava a todo vapor. A favela estava tomada pelo ódio dos que operam a máquina Estado. No meio da confusão, percebo outro caveirão, o original, o carro blindado que ajuda a derrubar corpos no chão. Por um “azar do destino” sinto esvaziar a minha vida. Uma ardência muito forte toma o meu peito e, quando dou por mim, meu uniforme escolar está ensanguentado. Ao chegar desesperada, minha mãe sente junto comigo uma mistura de medo e adrenalina: “ele não viu que eu estava com roupa de escola, mãe?”, indago-a racionalmente. Essas foram algumas das últimas palavras de Marcus Vinicius para sua mãe logo após ser alvejado pelo veículo blindado da Polícia Civil na favela da Maré. Nada mais te surpreende? Você sabe o que disse a juíza que recebeu a ação da defensoria pública contra essas operações com elevado grau de violência? “Não cabe ao Poder Judiciário indicar uma determinada política de segurança pública a ser adotada pelo Poder Executivo ou impedir que a Secretaria de Segurança Pública realize a política por ela desenvolvida ou sua atividade de policiamento”. O judiciário pode tudo, mas isso não.

Para quem nunca acordou sob o som de uma rajada “não há demonstração de que a utilização de aeronaves em operações policiais aumente os riscos e os danos para o enfrentamento das violações de direitos humanos”. Quando li isso tive a reiterada certeza de que a nossa vida, de fato, não vale nada para esse Estado. No fim, para essa juíza, de nome Ana Cecilia Argueso Gomes de Almeida, da 6ª Vara de Fazenda Pública do Rio, um helicóptero atirar do alto em uma área altamente povoada é uma ação “padrão”. Não fez sentido a ela indagar se, em uma situação que de fato é inevitável uma operação policial (não era esse o caso), é assim tão difícil tomar precauções que preservem a vida de inocentes? Não fez sentido, a meu ver, porque a parte da cidade onde ela mora é a parte “não matável” do Rio de Janeiro. Coube a ela também questionar o motivo de não haver câmeras internas nos caveirões, terrestres ou aéreos, tal como nas viaturas. A solidariedade à mãe do menino, Bruna Silva, e aos demais familiares, é algo que cabe a toda a sociedade civil.

A perda de uma vida humana, principalmente de uma criança que simbolicamente estava utilizando o uniforme escolar no momento em que sofreu tamanha violência, é um atentado contra todos nós. Devemos urgentemente nos organizar para fortalecer campanhas como “caveirão não!” e pelo fim desse tipo de operação. É caso de sobrevivência, e nada mais.

Compartilhe nas suas redes sociais: Facebook

Twitter

WhatsApp

Google

Email

Imprimir



Relacionado

Comentários",uma|ou|roupa|é|os|eu|escola|um|que|ele|por|para|viu|estava|mãe|da|não
70_12-12-18_16_16.csv,jornalocidadao,"Exposição “Da Maré ao Canindé, inspiração para as periferias” realizada por roda de leitura no Museu da Maré aconteceu entre fevereiro e maio deste ano na capital de Angola.
Até este mês de maio, o Centro Cultural Brasil-Angola (CCBA), em Luanda, recebe a exposição “Da Maré ao Canindé, inspiração para as periferias”.
A mostra traz imagens da favela da Maré (no Rio de Janeiro) em diálogo com trechos das obras da escritora brasileira Carolina Maria de Jesus (1914-1977).
“Falar de Carolina de Jesus e de moradoras da Maré é falar também da diáspora africana.
A 1ª montagem da exposição ocorreu no Museu da Maré em novembro de 2014 em homenagem ao centenário de nascimento de Carolina de Jesus e aos 20 anos de desaparecimento de D. Orosina.",,"Exposição “Da Maré ao Canindé, inspiração para as periferias” realizada por roda de leitura no Museu da Maré aconteceu entre fevereiro e maio deste ano na capital de Angola.

Até este mês de maio, o Centro Cultural Brasil-Angola (CCBA), em Luanda, recebe a exposição “Da Maré ao Canindé, inspiração para as periferias”. A mostra traz imagens da favela da Maré (no Rio de Janeiro) em diálogo com trechos das obras da escritora brasileira Carolina Maria de Jesus (1914-1977).

“Falar de Carolina de Jesus e de moradoras da Maré é falar também da diáspora africana. Falar da favela da Maré, que é a segunda maior comunidade de imigrantes angolanos do Brasil, é traçar paralelos com os musseques angolanos, com as condições de vida das classes trabalhadoras dos dois lados do Atlântico”, afirmou Miriane Peregrino, curadora da exposição.

Miriane, que é doutoranda em literatura pela Universidade Federal do Rio de Janeiro, conta que essa mostra em Luanda é resultado das ações da roda de leitura que ocorreu entre 2013 e 2014 no Museu da Maré. Na ocasião, temas como despejo, fome, abastecimento de água e direito à moradia foram destacados e relacionados com as histórias de moradoras da Maré como D. Orosina Vieira (conhecida como uma das primeiras moradoras da favela), sua sobrinha D. Vera, a escritora Ana Maria de Souza, e migrantes nordestinos como o morador Antônio Fernandes. A 1ª montagem da exposição ocorreu no Museu da Maré em novembro de 2014 em homenagem ao centenário de nascimento de Carolina de Jesus e aos 20 anos de desaparecimento de D. Orosina. A montagem atual teve algumas modificações sendo a mais relevante o painel em homenagem a escritora Ana Maria de Souza.

Uma das primeiras escritoras da Maré a lançar um livro, Ana Maria de Souza estava presente na abertura da exposição que aconteceu em 2014, recitando alguns de seus poemas. Falecida em 2016, nessa nova montagem da exposição, Miriane decidiu incluir um painel em homenagem à escritora brasileira chamado-a de “nossa kota”.

“Kota é a expressão que os angolanos usam para chamar o seu mais velho. Na literatura que se faz nas favelas da Maré, a escritora Ana Maria de Souza é sem dúvida a nossa ‘kota’, a nossa mais velha, com quem ainda temos muito o que aprender através da leitura de seus textos”, lembrou Miriane.

*A roda de leitura é uma iniciativa de promoção da literatura, incentivo à leitura e produção textual em diálogo com outras linguagens. A partir de 2015, ela passou a ser realizada de forma descentralizada também em outros pontos da cidade do Rio de Janeiro e mesmo em outros estados. Entre janeiro e maio de 2018, pela primeira vez, está realizando atividades em outro país. O projeto foi contemplado com o Prêmio Todos Por Um Brasil de Leitores do Ministério da Cultura e recebeu a Chancela Ações Locais da Secretaria Municipal de Cultura do Rio de Janeiro dois anos consecutivos – 2015 e 2016.

Fonte: Por dentro da África, 04.05.2018

Compartilhe nas suas redes sociais: Facebook

Twitter

WhatsApp

Google

Email

Imprimir



Relacionado

Comentários",é|periferias|canindé|maré|ao|em|que|para|leitura|museu|com|janeiro|da|exposição|maria|inspiração|recebeu
70_12-12-18_16_16.csv,jornalocidadao,"“Não é só simbólico estar aqui, é prático” – afirmou a pesquisadora e moradora da Maré, Renata Souza, na abertura do evento – “Estar na Maré fazendo essa abertura é prática.
Na parte da manhã, os participantes realizaram uma visita guiada ao Museu da Maré e na parte da tarde se reuniram em torno do tema “Tecnologias da Comunicação no Combate à Opressão e Marginalização Social” numa roda de conversa mediada pela coordenadora do Museu da Maré, Cláudia Rose Ribeiro.
Além de recordar sua história, O Cidadão anunciou que lançará e, 5 de junho no Museu da Maré seu primeiro documentário sobre clima e territórios periféricos (horário a confirmar).
Roda de Conversa: “Tecnologias da Comunicação no Combate à Opressão e Marginalização Social” aconteceu na parte da tarde no Museu da Maré.
Foto: Miriane PeregrinoAntônio Carlos, diretor do Museu da Maré, lembrou que o primeiro meio de comunicação comunitário da Maré foi o “União da Maré” no período em que o governo implantava o Projeto Rio.",,"Por Miriane Peregrino

O Programa de Pós Graduação em Mídia e Cotidiano da Universidade Federal Fluminense (UFF) realizou hoje no Museu da Maré a abertura do VII Seminário Internacional de Pesquisa em Mídia e Cotidiano com a participação de coletivos de comunicação comunitária do Rio de Janeiro como Maré Vive, Na Favela e jornal O Cidadão (da Maré), Papo Reto (do Alemão) e CineFavela (da Providência) além do DefeZap e do Núcleo Piratininga de Comunicação e membros da Rede Internacional e Vozes que contam com pesquisadores dos Estados Unidos, Quênia, Reino Unido e Síria.

“Não é só simbólico estar aqui, é prático” – afirmou a pesquisadora e moradora da Maré, Renata Souza, na abertura do evento – “Estar na Maré fazendo essa abertura é prática. A universidade precisa estar conectada com o que os midiativistas da favela estão fazendo”.

Abertura do VII Seminário Internacional de Pesquisa em Mídia e Cotidiano do Programa de Pós Graduação em Mídia e Cotidiano da UFF contou com a participação de coletivos de comunicação comunitária do Rio de Janeiro e membros da Rede Internacional e Vozes que reúnem pesquisadores dos Estados Unidos, Quênia, Reino Unido e Síria. Foto: Miriane Peregrino.

Na parte da manhã, os participantes realizaram uma visita guiada ao Museu da Maré e na parte da tarde se reuniram em torno do tema “Tecnologias da Comunicação no Combate à Opressão e Marginalização Social” numa roda de conversa mediada pela coordenadora do Museu da Maré, Cláudia Rose Ribeiro.

Renata Souza, que faz o pós-doc na Pós-graduação em Mídia e Cotidiano da UFF, falou da relação entre favela e universidade: “Nem sempre a universidade é o local que todos nós, favelados, queremos estar mas esse é um lugar de trincheira pra mim também,” e ressaltou, “A palavra prioritária aqui é a de nós, favelados”.

No mural do evento uma recordação: Hoje completam-se 2 meses do assassinato de Marielle e Anderson. Foto: Miriane Peregrino

Membros dos coletivos de comunicação de favelas compartilharam com o público o processo de formação de seus grupos. Thainã de Medeiros, do Coletivo Papo Reto, lembrou o que é se comunicar no “papo reto” dentro da favela: “A rua é a maior rede social que a gente tem” e lembrou que no enfrentamento e denuncia da violência do Estado “a visibilidade garante outros direitos”. Josinaldo Medeiros do Coletivo Maré Vive e do Na Favela relatou a formação dos dois grupos dentro da Maré após a entrada do exército em 2014 e os desafios de se realizar uma comunicação comunitária no contexto da militarização.

Dentre os coletivos de comunicação comunitária, o mais antigo ali presente era o jornal O Cidadão que completará 20 anos em 2019 e enfrenta o desafio de se modernizar e trabalhar com outras linguagens para além do formato impresso. Além de recordar sua história, O Cidadão anunciou que lançará e, 5 de junho no Museu da Maré seu primeiro documentário sobre clima e territórios periféricos (horário a confirmar).

Roda de Conversa: “Tecnologias da Comunicação no Combate à Opressão e Marginalização Social” aconteceu na parte da tarde no Museu da Maré. Foto: Miriane Peregrino

Antônio Carlos, diretor do Museu da Maré, lembrou que o primeiro meio de comunicação comunitário da Maré foi o “União da Maré” no período em que o governo implantava o Projeto Rio. Segundo ele o “União da Maré” começa a estabelecer a comunicação entre as várias comunidades da Maré que não se comunicavam e isso seria fortalecido alguns anos depois com o Jornal O Cidadão.

O evento, que teve início hoje na Maré, ainda terá atividades amanhã e quarta-feira no campus do IACS da UFF. Para acompanhar a programação acesse o site: https://seminarioppgmc.wixsite.com/seminario2018

Compartilhe nas suas redes sociais: Facebook

Twitter

WhatsApp

Google

Email

Imprimir



Relacionado

Comentários",mídia|é|abertura|maré|uff|seminário|cotidiano|realiza|que|em|museu|comunicação|com|sobre|da|se
70_12-12-18_16_16.csv,jornalocidadao,"Uma visita guiada à exposição permanente “Tempos da Maré” deu início à Maratona Cultural, uma grande comemoração aos 12 anos do Museu da Maré, no Timbau.
A Rede de Memória do Centro de Estudos e Ações Solidárias da Maré (CEASM) se juntou ao Ministério da Cultura do Rio de Janeiro há 12 anos, e assim, inauguraram o primeiro museu social dentro de uma favela, o Museu da Maré.
Esta referência, aliada com os conhecimentos profissionais, como por exemplo o da minha formação de cenógrafo, resultou nesta exposição permanente.
Mas o Museu da Maré não se limita à história da favela.
Visite o Museu da Maré na Avenida Guilherme Maxwell, 26 – Maré (na rua da passarela 7 da Avenida Brasil e em frente ao SESI).",,"Uma visita guiada à exposição permanente “Tempos da Maré” deu início à Maratona Cultural, uma grande comemoração aos 12 anos do Museu da Maré, no Timbau. O evento realizado na última terça-feira, 08 de maio, começou à tarde e terminou à noite, com uma programação rica em diversidade artística: peça de teatro, hip hop, capoeira, música e muito mais. Participaram da comemoração vários moradores, equipes de produção do museu e de vários projetos do CEASM.

Logo após a exposição, foi feita a sessão de contação de histórias, que relembrou os encontros feitos por moradores e professores para compartilhar novas descobertas através da leitura. Já o projeto Oficinas Culturais agitou o evento com a energia do seu novo grupo de hip hop. Para os interessados em artesanato e pintura, a oficina de estêncil, com recortes de máscaras produzidas pelo cenógrafo Marcelo Vieira, coloriu com imagens e textos tecidos de bolsas e camisetas. Também houve mostra de produtos artesanais do projeto Marias Maré.

A maratona cultural não parou por aí. Apresentaram a peça “O casamento na palafita” e o grupo Militantes em Cena trouxe a esquete “Puta que pariu, Brasil”, seguido de debate sobre a situação política do país. O grupo Capoeira Maré de Bambas fez a roda com os participantes e, depois, estudantes do Exame para Certificação de Competências de Jovens e Adultos (Encceja Maré) apresentaram a pequena peça “Bumba Meu Boi”. A noite seguiu com a performance “Parte de Nós” feita pelo projeto Entre Lugares Maré. Antes do encerramento do evento, os participantes pintaram o retrato de Marielle Franco, moradora da comunidade e vereadora do Psol executada em março deste ano.

Uma das figuras importantes no processo artístico do museu, o cenógrafo Marcelo Pinto Vieira esteve presente e contou ao CIDADÃO a relação entre as atividades do Museu e a formação de novos artistas, artesãos e produtores de arte, frutos das muitas oficinas, cursos e eventos realizados pela instituição. “É difícil pontuar exatamente a quantidade de pessoas que foram beneficiadas com o aprendizado de nossos projetos, mas sabe-se que muitos estão espalhados produzindo, estudando, criando, seja aqui dentro da Maré ou em outros lugares. Seja com grafite, pintura ou artesanato”. Atuante desde o início do Museu, em 2006, ele ainda comentou o legado cultural que o espaço segue deixando para a favela. “O legado cultural é muito intenso, ultrapassa os limites da arte tradicional. Alguns aprendem vendo uma exposição, depois estão numas das oficinas, se inspiram, criam e se motivam para fazer uma especialização numa universidade, como uma graduação em museologia, arquivologia, cenografia ou simplesmente continuam colaborando em outros lugares o que aprenderam conosco. O fluxo de talentos sempre foi bem frequente. Eles chegam, conhecem o espaço e ganham o mundo com as experiências adquiridas aqui.”.

O museu foi pensado e criado de forma colaborativa, como as casas da favela. A Rede de Memória do Centro de Estudos e Ações Solidárias da Maré (CEASM) se juntou ao Ministério da Cultura do Rio de Janeiro há 12 anos, e assim, inauguraram o primeiro museu social dentro de uma favela, o Museu da Maré. Espaço reservado para a preservação da história, memória e resistência das 16 comunidades que formam o Conjunto de Favelas da Maré, localizado na zona norte da cidade.

Marca registrada do Museu, a exposição permanente “Tempos da Maré” também foi resultado de um projeto colaborativo e interativo, como descreve Marcelo Vieira: “O projeto cenográfico do museu foi feito através de uma vivência do olhar do morador. Esta referência, aliada com os conhecimentos profissionais, como por exemplo o da minha formação de cenógrafo, resultou nesta exposição permanente. Fico feliz por ter feito parte do processo que resultou no barraco (um dos cenários da exposição permanente), isso para mim como profissional é gratificante. Afinal 12 anos é uma vida, muitas produções às vezes resultam em meses, no máximo um ou dois anos, daí você percebe a sua utilidade e reconhecimento que se mistura com a história, um legado, e isso é muito gratificante”.

Além de exposições, é possível encontrar a Biblioteca Elias José, que faz empréstimo de livros gratuitamente. Moradores e movimentos usam o espaço para aulas de dança, encontros de comunicação e demais eventos. O local também conta com o Arquivo Dona Orosina Vieira, mulher negra, considerada a primeira moradora da Maré, que construiu sua palafita no Morro do Timbau na década de 40. “O principal foco é contar a história dos moradores e de sua resistência para permanecer nessa região e construir aqui seu lugar de vida”, conta Claudia Rose, diretora do Museu, no documentário Museu da Maré: Memórias e (Re)Existências. Entre os documentos disponíveis em todo o Arquivo estão fotografias, publicações, fitas de vídeo e áudio, jornais e mapas. Eles podem ser consultados por moradores, professores, pesquisadores e alunos das escolas públicas, democratizando o acesso à história local e seus aspectos sociais, culturais e territoriais.

Mas o Museu da Maré não se limita à história da favela. Segundo Vieira, muitos outros temas já passaram em exposições, sem contar os inúmeros eventos ali sediados: “Já falamos sobre dinossauro, sobre o parágrafo zero que envolveu a questão da habitação, a arte contemporânea, através de algumas instalações. Representantes de outros países já estiveram aqui e a eles foi apresentada a importância do museu para o Brasil, incluindo o fato de ele ser pertencente a uma favela, identificando o território como patrimônio social”.

A mudança constante através de novas exposições e a ocupação do espaço através de ações culturais incentiva diariamente o consumo de cultura local, da troca, do aprendizado e de visitas de turistas, vindos de todos as partes do mundo. Há quatro anos, o espaço é reconhecido como atração turística do estado do Rio e a cada ano celebra uma conquista diferente em seu aniversário.

Visite o Museu da Maré na Avenida Guilherme Maxwell, 26 – Maré (na rua da passarela 7 da Avenida Brasil e em frente ao SESI).

Compartilhe nas suas redes sociais: Facebook

Twitter

WhatsApp

Google

Email

Imprimir



Relacionado

Comentários",uma|12|é|os|maré|seus|em|anos|que|maratona|para|museu|comemora|com|da|cultural
70_12-12-18_16_16.csv,jornalocidadao,"O docente explica que na educação superior, 63,3% das matrículas estão dentro das instituições privadas, sendo 36,7% no setor público.
O problema em questão consiste em como esses grupos trabalham dentro da legalidade de um estado frágil quando o assunto é processo de monitoramento de qualidade.
“Creio que o que está em jogo por trás dessas reformas na educação é a chamada performatividade, e com isso, como a educação vem sido moldada dentro desse pilar.
Ela critica a intensidade que esse impacto vem mudando o sentido do que é educação, aprender e ensinar.
A educação se tornou muito mais uma mercadoria do que um direito social: Produzida e gerenciada de acordo com índices relacionados às vantagens de determinados grupos sociais.",Ver Todos Os Posts De|Publicado Por,"Por Ana Paula Perez

No Brasil, o processo crescente de um setor empresarial constituído no âmbito da educação se tornou algo emergente para o campo de estudos de pesquisadores da área. Para o docente pesquisador Dr. Adolfo Ignácio Calderón, a maior preocupação se encontra na decadência que a qualidade da educação superior vem sofrendo nos últimos anos.

O docente explica que na educação superior, 63,3% das matrículas estão dentro das instituições privadas, sendo 36,7% no setor público. Para ele, é importante considerar que o setor privado é um setor heterogêneo, ou seja, um setor que consiste em instituições com os mais diversos perfis e que ainda é rodeado pelo preconceito. Ainda que os números nos mostrem instituições privadas de excelente qualidade, como as Pontifícias Universidades Católicas ou a Fundação Getúlio Vargas, as pessoas estão propícias a imaginar um ensino superior de má qualidade.

“A educação de qualidade é um serviço que tem um custo, ou seja, há sempre alguém que financia a educação, nesse caso, me parece que o problema não é a educação ser tratada como mercadoria, a questão maior diz respeito a qualidade dos serviços educativos. ”

O surgimento das universidades em questão não é algo recente, mas apenas com a publicação inserida na constituição de 1988 é que se explicitou a viabilidade da existência dessas instituições com fins lucrativos. Segundo Adolfo, no Brasil, existem inúmeras instituições de fins lucrativos vinculadas com grandes empresas de grupos econômicos. O problema em questão consiste em como esses grupos trabalham dentro da legalidade de um estado frágil quando o assunto é processo de monitoramento de qualidade.

A pesquisadora Matilde Fantinatti explica que o crescente número de instituições oferecendo vagas presenciais ou a distância é capaz de resultar em outras atividades comerciais. No ensino básico, por exemplo, cresceu a venda de materiais pedagógicos e “pacotes educacionais”, incluindo até o aluguel de determinadas franquias educacionais. Por isso a importância de um campo de pesquisa voltado a este fenômeno.

Matilde diz que nós estamos vivendo em uma era onde a educação é tratada como Fast-Food, onde escolhemos nossas universidades através de Rankings acadêmicos de procedência duvidosa sem ao menos saber as metodologias usadas para apurar a qualidade de ensino das mesmas.

“Creio que o que está em jogo por trás dessas reformas na educação é a chamada performatividade, e com isso, como a educação vem sido moldada dentro desse pilar. Até mesmo os governos estão prestando mais atenção na crescente performatividade e no desempenho dessas instituições. Deste modo, temos de um lado a pressão governamental e de outro, a pressão do mercado para melhorar a performatividade.”

Crítica Social

Para a socióloga Evelyn Salles dos Santos, o problema está no impacto do neoliberalismo dentro da mídia nos dias atuais. Ela critica a intensidade que esse impacto vem mudando o sentido do que é educação, aprender e ensinar. “Tudo isso vem sendo alterado neste processo. A educação se tornou muito mais uma mercadoria do que um direito social: Produzida e gerenciada de acordo com índices relacionados às vantagens de determinados grupos sociais. ”

Em nosso país não existem muitas universidades com recursos para se manter como uma instituição de ensino: “os anos passam e o Estado Brasileiro não faz absolutamente nada. Diante dessa fragilidade do estado, o ensino superior acaba se tornando numa verdadeira ‘terra de ninguém’ e isso nos apresenta como um grande desafio à sociedade de exercer mecanismos de controle de pressão social. ” É o que enfatiza o pesquisador Adolfo Calderón.

Editado por: Isabela Ariolli",mostram|docentes|tratada|educação|superior|é|um|em|que|instituições|para|consequências|como|mercadoria|com|da|se
70_12-12-18_16_16.csv,jornalocidadao,"Em 2005, através do programa Favela Bairro, César Maia, então prefeito do Rio, criou o Museu Aberto do Morro da Providência.
Pouco conhecido até entre os moradores do morro, sem qualquer estrutura física ou política cultural contínua que viabilize ações efetivas, o Museu Aberto do Morro da Providência completa 11 anos este ano.
Depois, ocuparam a parte do Morro da Providência que estava desocupada”.
Andando pelo morro, Eron representa o Museu Comunitário da Providência, mas também nos guia pelos caminhos do Museu Aberto do Morro da Providência, mapeado pela Prefeitura e sem qualquer continuidade enquanto política cultural no morro até hoje.
Contatos para visitação:Cosme Felippsen – Providência Turismo: https://www.facebook.com/providenciaturismoEron dos Santos – Museu Comunitário do Morro da Providência: https://www.facebook.com/museuprovidenciaE-mail: [email protected]Compartilhe nas suas redes sociais: FacebookTwitterWhatsAppGoogleEmailImprimirRelacionadoComentários",,"Museu está esquecido pela prefeitura que o criou e é pouco conhecido entre moradores



Por Miriane Peregrino

Considerada a primeira favela do Brasil, a Providência também é a primeira favela a ter um museu à céu aberto. Mas a iniciativa não partiu dos moradores. Em 2005, através do programa Favela Bairro, César Maia, então prefeito do Rio, criou o Museu Aberto do Morro da Providência. Idealizado pela arquiteta e urbanista Lu Petersen, o museu criou um roteiro de visitação e instalou trilhos metálicos pelo morro para facilitar o deslocamento de visitantes e acesso aos pontos turísticos: a Igreja Nossa Senhora da Penha, os mirantes de onde se tem uma vista panorâmica do Rio de Janeiro, o oratório, o reservatório de lembranças, entre outros. Pouco conhecido até entre os moradores do morro, sem qualquer estrutura física ou política cultural contínua que viabilize ações efetivas, o Museu Aberto do Morro da Providência completa 11 anos este ano.

“Tem morador que até hoje não sabe pra que serve a lista metálica no caminho da Providência. Pensa que é pra escorrer água” – afirma Cosme Fellipsen, 27, morador e guia turístico do morro.

Nas visitas guiadas que realiza, Cosme utiliza o caminho criado pelo museu aberto, mas acrescenta itinerários da história recente do morro e faz percursos que considera mais seguros. Ponto turístico e histórico importante, a Casa da Dona Dodô está fechada desde que a moradora faleceu no ano passado.

“Dona Dodô é cria aqui do morro e foi a primeira porta-bandeira da Portela” – informa Cosme – “O prefeito removeu Dona Dodô da casa dela e colocou ela numa casa ao lado. Ela tinha várias informações sobre o samba, sobre o morro e agora que ela morreu não está sendo preservada a história. Já mudaram tudo o que tinha lá dentro e vão alugar a casa. É a não preservação da história do povo”.

Para o morador Eron César dos Santos, 49, o fato do museu aberto ter sido criado pela prefeitura durante a gestão de César Maia desestimula a atual gestão na manutenção do projeto. Eron também afirma que hoje a Providência recebe muito mais turistas do que em 2005 por conta da instalação da Unidade de Polícia Pacificadora (UPP), em 2010, e do teleférico, em 2014.

Cansados de esperar do poder público ações de preservação da memória do morro, os moradores Eron dos Santos e Roberto Marinho criaram o Museu Comunitário da Providência que funciona virtualmente através de um blog. Trabalho iniciado há dois anos, os moradores juntam documentos sobre a Providência, realizam pesquisas por conta própria e promovem visitas guiadas na favela.

“São dois museus, são iniciativas diferentes” – destaca Eron diferenciando o museu criado pela Prefeitura em 2005 e o criado por ele e Roberto em 2014 – “Um é o caminho, o outro é virtual. Nós não temos sede”.

A Zona Portuária tem sido palco de grande especulação imobiliária e remoções, e nesse processo de revitalização temos a criação de dois grandes museus com concepção e realização da Prefeitura Municipal do Rio de Janeiro e da Fundação Roberto Marinho: o Museu de Arte do Rio (2013) e o Museu do Amanhã (2015). Ali, muito perto e completamente esquecidos pelas políticas públicas, ficam o Museu Aberto do Morro da Providência (2005) e o Museu Comunitário (2014), duas iniciativas ignoradas no contexto dos megaeventos esportivos na nossa cidade.

O Museu Comunitário da Providência é uma iniciativa de dois moradores

Eron Cesar dos Santos, 49 anos, é biólogo de formação e historiador do morro por convicção. O Museu Comunitário da Providência, iniciado há dois anos com o também morador Roberto Marinho, traz informações que eles vão recolhendo em suas pesquisas e disponibilizando num blog, além de informações sobre o cotidiano na cidade. Eron também é zelador da Igreja Nossa Senhora da Penha e contra-mestre de capoeira do Grupo Ventre Livre atuando no núcleo de capoeira do morro. Na igreja, costuma receber visitantes, principalmente estudantes de história e arquitetura.

“Existem indícios de que a Igreja da Penha já existia antes da data oficial de 1897” – afirma Eron – “Nessa pesquisa, também consegui uma guia de batismo de Machado de Assis. A gente acredita que a casa onde ele morou fica na Ladeira do Livramento. Achei uma cópia do compromisso da Irmandade de Nossa Senhora da Penha de 1858 e consta ali que a capela já existia e ninguém faz uma capela em um ano. Já havia muitas coisas aqui no morro antes de Canudos. Canudos é um evento. Quem veio pro Rio de Janeiro foram os soldados e as vivandeiras que lutaram na campanha de Canudos. Eles vieram receber uma recompensa que, como a gente conhece o Brasil, não foi paga. E eles acamparam perto do Ministério da Guerra, atual Palácio de Caxias. Depois, ocuparam a parte do Morro da Providência que estava desocupada”.

“Eu divido didaticamente a história da Providência assim: Período das chácaras, ou seja, tudo o que havia acontecido no morro na época das sesmarias, da doação dos terrenos; Período da favelização, ocupação efetiva quando as chácaras foram divididas e sendo vendidas principalmente para trabalhadores das pedreiras, do entorno da Providência, da linha férrea, da estação Pedro II; Mudanças nos anos 60, porque aconteceu uma grande tragédia aqui no morro em 1968. Parte da pedreira, a face voltada pra Central do Brasil, desabou arrastando mais de 60 barracos. Parte dos moradores dali foi removida e a essa face sul do morro ficou praticamente desabitada. Com a migração nordestina uma nova população ocupou o topo da Providência. A favela evoluiu mais uma vez e continua evoluindo até hoje” – conclui Eron.

Assim que terminamos a subida da ladeira, o primeiro objeto que avistamos no Largo do Cruzeiro é uma escultura feita por um artista estrangeiro em formato de pódio com três esculturas metálicas: 1º lugar um trator representando as remoções, 2º lugar um soldado armado representando a intervenção militar do Estado, e 3º lugar um político cercado por microfones.

“A comunidade não gostou muito da escultura por causa da arma. A primeira coisa que a pessoa que sobe a ladeira dá de cara é com esse soldado armado. A primeira imagem é impactante, é a que fica. Muitos moradores não gostaram” – informa Eron.

Andando pelo morro, Eron representa o Museu Comunitário da Providência, mas também nos guia pelos caminhos do Museu Aberto do Morro da Providência, mapeado pela Prefeitura e sem qualquer continuidade enquanto política cultural no morro até hoje.

O grafite tem sido um dos instrumentos para ilustrar histórias dos morros cariocas e na Providência eles também estão espalhados em paredes, sobrevivendo as ações do tempo e do cotidiano. Uma delas chama-se Memórias da Estiva.

“A Providência sempre foi muito próxima do cais do porto e ele sempre foi fonte de renda pros moradores” – conta Eron – “Quando eu era criança sempre vinham mercadorias do cais pro morro. Eram sacos de arroz, de batata que eram rasgados e muitas dessas mercadorias, que ficavam espalhados pelo armazém, vinham parar na favela para alimentação dos moradores”.

Povoada ainda por histórias de assombração, como o Pé de Ferro, um ex-escravo que, segundo antigos moradores, percorria o morro de madrugada, a Providência está numa parte central e disputada da cidade. Na zona portuária, a remoção da Cabeça de Porco, um cortiço com cerca de 4 mil residências, já anunciava as disputas econômicas em torno desse território no final do século XIX. A revitalização da área e o apagamento da memória africana, da chegada dos escravos no porto, são apontados de forma crítica por estudiosos e movimentos sociais.

“O grande lance da Providência é a localização. No centro da cidade, próxima ao centro financeiro do Rio de Janeiro. Hoje as elites moram na Barra da Tijuca, no Recreio, e esses são pontos muito afastados do centro financeiro. Nossa localização é privilegiada” – comenta Eron.

As disputas em torno do reservatório de água, criado em 1913 e conhecido como reservatório das lembranças, também são reveladoras das desigualdades existentes na sociedade carioca: “A água vinha até o alto do morro não para os moradores. Era para os prédios do entorno da Providência por uma diferença de nível. E era uma época que tinha muita falta d’água no morro. O governo colocava bicas públicas, mas dava muita briga. Eram poucas bicas. Um antigo morador furava os canos de ferros, fazendo ligações clandestinas. Aqui passei parte da minha infância” – conta Eron durante a visita.

No reservatório das lembranças poéticas da Providência também é preciso reivindicar Machado de Assis (1839-1908). Um dos escritores mais importante da literatura brasileira era negro e morador do morro, onde viveu a infância e ficou parte da adolescência. Apesar disso, o Machado de Assis do bairro do Cosme Velho é o mais conhecido. Num de seus livros, Machado comenta a infância no morro:

“A escola era na Rua do Costa, um sobradinho de grade de pau. O ano era de 1840. (…) Com franqueza, estava arrependido de ter vindo. Agora que ficava preso, ardia por andar lá fora, e recapitulava o campo e o morro, pensava nos outros meninos vadios, o Chico Telha, o Américo, o Carlos das Escadinha… Para cúmulo de desespero, vi através das vidraças da escola, no claro azul do céu, por cima do morro do Livramento, um papagaio de papel, alto e largo, preso de uma corda imensa, que bojava no ar, uma coisa soberba. E eu na escola, sentado, pernas unidas, com livro de leitura e a gramática nos joelhos”. ASSIS, Machado de. Conto de Escola (1884).

Na Igreja do Livramento, um grupo de educadores populares criou o Pré-vestibular comunitário Machado de Assis, nome em homenagem ao escritor. Inscrever é lembrar.

Contatos para visitação:

Cosme Felippsen – Providência Turismo: https://www.facebook.com/providenciaturismo

Eron dos Santos – Museu Comunitário do Morro da Providência: https://www.facebook.com/museuprovidencia

E-mail: [email protected]

Compartilhe nas suas redes sociais: Facebook

Twitter

WhatsApp

Google

Email

Imprimir



Relacionado

Comentários",uma|aberto|morro|providência|é|um|dos|em|que|completa|anos|11|museu|da
70_12-12-18_16_16.csv,jornalocidadao,"Em 2005, através do programa Favela Bairro, César Maia, então prefeito do Rio, criou o Museu Aberto do Morro da Providência.
Pouco conhecido até entre os moradores do morro, sem qualquer estrutura física ou política cultural contínua que viabilize ações efetivas, o Museu Aberto do Morro da Providência completa 11 anos este ano.
Depois, ocuparam a parte do Morro da Providência que estava desocupada”.
Andando pelo morro, Eron representa o Museu Comunitário da Providência, mas também nos guia pelos caminhos do Museu Aberto do Morro da Providência, mapeado pela Prefeitura e sem qualquer continuidade enquanto política cultural no morro até hoje.
Contatos para visitação:Cosme Felippsen – Providência Turismo: https://www.facebook.com/providenciaturismoEron dos Santos – Museu Comunitário do Morro da Providência: https://www.facebook.com/museuprovidenciaE-mail: [email protected]Compartilhe nas suas redes sociais: FacebookTwitterWhatsAppGoogleEmailImprimirRelacionadoComentários",,"Museu está esquecido pela prefeitura que o criou e é pouco conhecido entre moradores



Por Miriane Peregrino

Considerada a primeira favela do Brasil, a Providência também é a primeira favela a ter um museu à céu aberto. Mas a iniciativa não partiu dos moradores. Em 2005, através do programa Favela Bairro, César Maia, então prefeito do Rio, criou o Museu Aberto do Morro da Providência. Idealizado pela arquiteta e urbanista Lu Petersen, o museu criou um roteiro de visitação e instalou trilhos metálicos pelo morro para facilitar o deslocamento de visitantes e acesso aos pontos turísticos: a Igreja Nossa Senhora da Penha, os mirantes de onde se tem uma vista panorâmica do Rio de Janeiro, o oratório, o reservatório de lembranças, entre outros. Pouco conhecido até entre os moradores do morro, sem qualquer estrutura física ou política cultural contínua que viabilize ações efetivas, o Museu Aberto do Morro da Providência completa 11 anos este ano.

“Tem morador que até hoje não sabe pra que serve a lista metálica no caminho da Providência. Pensa que é pra escorrer água” – afirma Cosme Fellipsen, 27, morador e guia turístico do morro.

Nas visitas guiadas que realiza, Cosme utiliza o caminho criado pelo museu aberto, mas acrescenta itinerários da história recente do morro e faz percursos que considera mais seguros. Ponto turístico e histórico importante, a Casa da Dona Dodô está fechada desde que a moradora faleceu no ano passado.

“Dona Dodô é cria aqui do morro e foi a primeira porta-bandeira da Portela” – informa Cosme – “O prefeito removeu Dona Dodô da casa dela e colocou ela numa casa ao lado. Ela tinha várias informações sobre o samba, sobre o morro e agora que ela morreu não está sendo preservada a história. Já mudaram tudo o que tinha lá dentro e vão alugar a casa. É a não preservação da história do povo”.

Para o morador Eron César dos Santos, 49, o fato do museu aberto ter sido criado pela prefeitura durante a gestão de César Maia desestimula a atual gestão na manutenção do projeto. Eron também afirma que hoje a Providência recebe muito mais turistas do que em 2005 por conta da instalação da Unidade de Polícia Pacificadora (UPP), em 2010, e do teleférico, em 2014.

Cansados de esperar do poder público ações de preservação da memória do morro, os moradores Eron dos Santos e Roberto Marinho criaram o Museu Comunitário da Providência que funciona virtualmente através de um blog. Trabalho iniciado há dois anos, os moradores juntam documentos sobre a Providência, realizam pesquisas por conta própria e promovem visitas guiadas na favela.

“São dois museus, são iniciativas diferentes” – destaca Eron diferenciando o museu criado pela Prefeitura em 2005 e o criado por ele e Roberto em 2014 – “Um é o caminho, o outro é virtual. Nós não temos sede”.

A Zona Portuária tem sido palco de grande especulação imobiliária e remoções, e nesse processo de revitalização temos a criação de dois grandes museus com concepção e realização da Prefeitura Municipal do Rio de Janeiro e da Fundação Roberto Marinho: o Museu de Arte do Rio (2013) e o Museu do Amanhã (2015). Ali, muito perto e completamente esquecidos pelas políticas públicas, ficam o Museu Aberto do Morro da Providência (2005) e o Museu Comunitário (2014), duas iniciativas ignoradas no contexto dos megaeventos esportivos na nossa cidade.

O Museu Comunitário da Providência é uma iniciativa de dois moradores

Eron Cesar dos Santos, 49 anos, é biólogo de formação e historiador do morro por convicção. O Museu Comunitário da Providência, iniciado há dois anos com o também morador Roberto Marinho, traz informações que eles vão recolhendo em suas pesquisas e disponibilizando num blog, além de informações sobre o cotidiano na cidade. Eron também é zelador da Igreja Nossa Senhora da Penha e contra-mestre de capoeira do Grupo Ventre Livre atuando no núcleo de capoeira do morro. Na igreja, costuma receber visitantes, principalmente estudantes de história e arquitetura.

“Existem indícios de que a Igreja da Penha já existia antes da data oficial de 1897” – afirma Eron – “Nessa pesquisa, também consegui uma guia de batismo de Machado de Assis. A gente acredita que a casa onde ele morou fica na Ladeira do Livramento. Achei uma cópia do compromisso da Irmandade de Nossa Senhora da Penha de 1858 e consta ali que a capela já existia e ninguém faz uma capela em um ano. Já havia muitas coisas aqui no morro antes de Canudos. Canudos é um evento. Quem veio pro Rio de Janeiro foram os soldados e as vivandeiras que lutaram na campanha de Canudos. Eles vieram receber uma recompensa que, como a gente conhece o Brasil, não foi paga. E eles acamparam perto do Ministério da Guerra, atual Palácio de Caxias. Depois, ocuparam a parte do Morro da Providência que estava desocupada”.

“Eu divido didaticamente a história da Providência assim: Período das chácaras, ou seja, tudo o que havia acontecido no morro na época das sesmarias, da doação dos terrenos; Período da favelização, ocupação efetiva quando as chácaras foram divididas e sendo vendidas principalmente para trabalhadores das pedreiras, do entorno da Providência, da linha férrea, da estação Pedro II; Mudanças nos anos 60, porque aconteceu uma grande tragédia aqui no morro em 1968. Parte da pedreira, a face voltada pra Central do Brasil, desabou arrastando mais de 60 barracos. Parte dos moradores dali foi removida e a essa face sul do morro ficou praticamente desabitada. Com a migração nordestina uma nova população ocupou o topo da Providência. A favela evoluiu mais uma vez e continua evoluindo até hoje” – conclui Eron.

Assim que terminamos a subida da ladeira, o primeiro objeto que avistamos no Largo do Cruzeiro é uma escultura feita por um artista estrangeiro em formato de pódio com três esculturas metálicas: 1º lugar um trator representando as remoções, 2º lugar um soldado armado representando a intervenção militar do Estado, e 3º lugar um político cercado por microfones.

“A comunidade não gostou muito da escultura por causa da arma. A primeira coisa que a pessoa que sobe a ladeira dá de cara é com esse soldado armado. A primeira imagem é impactante, é a que fica. Muitos moradores não gostaram” – informa Eron.

Andando pelo morro, Eron representa o Museu Comunitário da Providência, mas também nos guia pelos caminhos do Museu Aberto do Morro da Providência, mapeado pela Prefeitura e sem qualquer continuidade enquanto política cultural no morro até hoje.

O grafite tem sido um dos instrumentos para ilustrar histórias dos morros cariocas e na Providência eles também estão espalhados em paredes, sobrevivendo as ações do tempo e do cotidiano. Uma delas chama-se Memórias da Estiva.

“A Providência sempre foi muito próxima do cais do porto e ele sempre foi fonte de renda pros moradores” – conta Eron – “Quando eu era criança sempre vinham mercadorias do cais pro morro. Eram sacos de arroz, de batata que eram rasgados e muitas dessas mercadorias, que ficavam espalhados pelo armazém, vinham parar na favela para alimentação dos moradores”.

Povoada ainda por histórias de assombração, como o Pé de Ferro, um ex-escravo que, segundo antigos moradores, percorria o morro de madrugada, a Providência está numa parte central e disputada da cidade. Na zona portuária, a remoção da Cabeça de Porco, um cortiço com cerca de 4 mil residências, já anunciava as disputas econômicas em torno desse território no final do século XIX. A revitalização da área e o apagamento da memória africana, da chegada dos escravos no porto, são apontados de forma crítica por estudiosos e movimentos sociais.

“O grande lance da Providência é a localização. No centro da cidade, próxima ao centro financeiro do Rio de Janeiro. Hoje as elites moram na Barra da Tijuca, no Recreio, e esses são pontos muito afastados do centro financeiro. Nossa localização é privilegiada” – comenta Eron.

As disputas em torno do reservatório de água, criado em 1913 e conhecido como reservatório das lembranças, também são reveladoras das desigualdades existentes na sociedade carioca: “A água vinha até o alto do morro não para os moradores. Era para os prédios do entorno da Providência por uma diferença de nível. E era uma época que tinha muita falta d’água no morro. O governo colocava bicas públicas, mas dava muita briga. Eram poucas bicas. Um antigo morador furava os canos de ferros, fazendo ligações clandestinas. Aqui passei parte da minha infância” – conta Eron durante a visita.

No reservatório das lembranças poéticas da Providência também é preciso reivindicar Machado de Assis (1839-1908). Um dos escritores mais importante da literatura brasileira era negro e morador do morro, onde viveu a infância e ficou parte da adolescência. Apesar disso, o Machado de Assis do bairro do Cosme Velho é o mais conhecido. Num de seus livros, Machado comenta a infância no morro:

“A escola era na Rua do Costa, um sobradinho de grade de pau. O ano era de 1840. (…) Com franqueza, estava arrependido de ter vindo. Agora que ficava preso, ardia por andar lá fora, e recapitulava o campo e o morro, pensava nos outros meninos vadios, o Chico Telha, o Américo, o Carlos das Escadinha… Para cúmulo de desespero, vi através das vidraças da escola, no claro azul do céu, por cima do morro do Livramento, um papagaio de papel, alto e largo, preso de uma corda imensa, que bojava no ar, uma coisa soberba. E eu na escola, sentado, pernas unidas, com livro de leitura e a gramática nos joelhos”. ASSIS, Machado de. Conto de Escola (1884).

Na Igreja do Livramento, um grupo de educadores populares criou o Pré-vestibular comunitário Machado de Assis, nome em homenagem ao escritor. Inscrever é lembrar.

Contatos para visitação:

Cosme Felippsen – Providência Turismo: https://www.facebook.com/providenciaturismo

Eron dos Santos – Museu Comunitário do Morro da Providência: https://www.facebook.com/museuprovidencia

E-mail: [email protected]

Compartilhe nas suas redes sociais: Facebook

Twitter

WhatsApp

Google

Email

Imprimir



Relacionado

Comentários",uma|aberto|morro|providência|é|um|dos|em|que|completa|anos|11|museu|da
