Timestamp,Source,Summary,Authors,Text,Keywords
74_12-12-18_16_27.csv,jornalpovo,"Ele foi expulso do imóvel pelos bandidos da localidade, que já vinham o ameaçando desde outubro do mês passado.
Para o policial, foi uma ousadia deles colocarem um artefato explosivo no imóvel e atingir pessoas inocentes.
Colocaram dinamite dentro de uma casa que já estava vendida para outro casal e onde morou e foi criado um policial militar.
E a minha sensação é de impotência porque eu, como policial militar, não tenho o direito de ir e vir na região onde eu morava.
Se esses vagabundos estão atingindo um policial militar, o que dirá um cidadão comum”, disse.",,"O policial militar, ex-proprietário do imóvel atingido por uma explosão que resultou em cinco pessoas feridas, sendo três delas em estado grave, no último domingo (2), em São Gonçalo, disse em entrevista ao jornal Extra que já vinha sofrendo ameaças dos traficantes do Engenho do Roçado. Ele foi expulso do imóvel pelos bandidos da localidade, que já vinham o ameaçando desde outubro do mês passado. Na ocasião, quatro traficantes o abordaram quando chegava em casa. Para o policial, foi uma ousadia deles colocarem um artefato explosivo no imóvel e atingir pessoas inocentes.

“Foi uma ousadia por parte dos traficantes, um atentado terrorista. Colocaram dinamite dentro de uma casa que já estava vendida para outro casal e onde morou e foi criado um policial militar. A casa não pertence a mim há mais de um ano, quando tive que sair de lá depois de ser abordado por traficantes. E a minha sensação é de impotência porque eu, como policial militar, não tenho o direito de ir e vir na região onde eu morava. E ainda sofro ameaças”, disse.

Ele, que é soldado da PM há três anos, ainda conta que desde que foi expulso do local não teve nenhum tipo de assistência do Estado e que precisa viver com o dinheiro regrado, já que hoje em dia paga aluguel.

“Agora estou pagando aluguel, sem auxílio nenhum do Estado. Eu acho isso uma atrocidade com um servidor. Visto uma farda que representa o estado, a segurança pública. Se esses vagabundos estão atingindo um policial militar, o que dirá um cidadão comum”, disse.",uma|são|gonçalo|policial|exproprietário|é|um|militar|já|estado|explodiu|que|em|imóvel|foi|traficantes|sofro
74_12-12-18_16_27.csv,jornalpovo,"Ele foi expulso do imóvel pelos bandidos da localidade, que já vinham o ameaçando desde outubro do mês passado.
Para o policial, foi uma ousadia deles colocarem um artefato explosivo no imóvel e atingir pessoas inocentes.
Colocaram dinamite dentro de uma casa que já estava vendida para outro casal e onde morou e foi criado um policial militar.
E a minha sensação é de impotência porque eu, como policial militar, não tenho o direito de ir e vir na região onde eu morava.
Se esses vagabundos estão atingindo um policial militar, o que dirá um cidadão comum”, disse.",,"O policial militar, ex-proprietário do imóvel atingido por uma explosão que resultou em cinco pessoas feridas, sendo três delas em estado grave, no último domingo (2), em São Gonçalo, disse em entrevista ao jornal Extra que já vinha sofrendo ameaças dos traficantes do Engenho do Roçado. Ele foi expulso do imóvel pelos bandidos da localidade, que já vinham o ameaçando desde outubro do mês passado. Na ocasião, quatro traficantes o abordaram quando chegava em casa. Para o policial, foi uma ousadia deles colocarem um artefato explosivo no imóvel e atingir pessoas inocentes.

“Foi uma ousadia por parte dos traficantes, um atentado terrorista. Colocaram dinamite dentro de uma casa que já estava vendida para outro casal e onde morou e foi criado um policial militar. A casa não pertence a mim há mais de um ano, quando tive que sair de lá depois de ser abordado por traficantes. E a minha sensação é de impotência porque eu, como policial militar, não tenho o direito de ir e vir na região onde eu morava. E ainda sofro ameaças”, disse.

Ele, que é soldado da PM há três anos, ainda conta que desde que foi expulso do local não teve nenhum tipo de assistência do Estado e que precisa viver com o dinheiro regrado, já que hoje em dia paga aluguel.

“Agora estou pagando aluguel, sem auxílio nenhum do Estado. Eu acho isso uma atrocidade com um servidor. Visto uma farda que representa o estado, a segurança pública. Se esses vagabundos estão atingindo um policial militar, o que dirá um cidadão comum”, disse.",uma|são|gonçalo|policial|exproprietário|é|um|militar|já|estado|explodiu|que|em|imóvel|foi|traficantes|sofro
74_12-12-18_16_27.csv,jornalpovo,"Um homem foi encontrado morto na manhã desta segunda-feira (3) na Praça da Bandeira, Zona Norte do Rio.
A vítima, que não teve seu nome revelado, aparentava ter cerca de 40 anos e tinha estilhaços de caco de vidro em seu pescoço.
O crime aconteceu na rua Sotero Reis, ou Vila Mimosa, como é popularmente conhecida, um dos maiores pontos de prostituição do Rio.
Testemunhas afirmam que a vítima foi morta ao reagir a um assalto.
Os policiais foram chamados para atender a ocorrência, mas quando chegaram ao local já encontraram o homem sem vida.",,"Um homem foi encontrado morto na manhã desta segunda-feira (3) na Praça da Bandeira, Zona Norte do Rio. A vítima, que não teve seu nome revelado, aparentava ter cerca de 40 anos e tinha estilhaços de caco de vidro em seu pescoço. O 6º BPM (Tijuca) trabalha com hipótese de assassinato.

O crime aconteceu na rua Sotero Reis, ou Vila Mimosa, como é popularmente conhecida, um dos maiores pontos de prostituição do Rio. Testemunhas afirmam que a vítima foi morta ao reagir a um assalto. Os policiais foram chamados para atender a ocorrência, mas quando chegaram ao local já encontraram o homem sem vida. A área foi isolada para perícia. O caso é investigado pela Delegacia de Homicídios (DH) da Capital.",rio|vítima|encontrado|é|morto|homem|um|que|seu|para|foi|vila|mimosa|da
74_12-12-18_16_27.csv,jornalpovo,"Um homem foi encontrado morto na manhã desta segunda-feira (3) na Praça da Bandeira, Zona Norte do Rio.
A vítima, que não teve seu nome revelado, aparentava ter cerca de 40 anos e tinha estilhaços de caco de vidro em seu pescoço.
O crime aconteceu na rua Sotero Reis, ou Vila Mimosa, como é popularmente conhecida, um dos maiores pontos de prostituição do Rio.
Testemunhas afirmam que a vítima foi morta ao reagir a um assalto.
Os policiais foram chamados para atender a ocorrência, mas quando chegaram ao local já encontraram o homem sem vida.",,"Um homem foi encontrado morto na manhã desta segunda-feira (3) na Praça da Bandeira, Zona Norte do Rio. A vítima, que não teve seu nome revelado, aparentava ter cerca de 40 anos e tinha estilhaços de caco de vidro em seu pescoço. O 6º BPM (Tijuca) trabalha com hipótese de assassinato.

O crime aconteceu na rua Sotero Reis, ou Vila Mimosa, como é popularmente conhecida, um dos maiores pontos de prostituição do Rio. Testemunhas afirmam que a vítima foi morta ao reagir a um assalto. Os policiais foram chamados para atender a ocorrência, mas quando chegaram ao local já encontraram o homem sem vida. A área foi isolada para perícia. O caso é investigado pela Delegacia de Homicídios (DH) da Capital.",rio|vítima|encontrado|é|morto|homem|um|que|seu|para|foi|vila|mimosa|da
74_12-12-18_16_27.csv,jornalpovo,"Uma casa foi atingida por uma explosão na tarde do último domingo (2) em São Gonçalo, Região Metropolitana.
Cinco pessoas da mesma família ficaram feridas, três elas estão em estado grave.
A casa pertencia a um policial militar que, segundo o 7º BPM (São Gonçalo), teria sido expulso do bairro por bandidos da localidade e foi comprada pela família há cerca de uma semana.
A polícia acredita que, em um momento de limpeza na parte de trás do imóvel, que foi onde a explosão aconteceu, tenha sido acionado algum artefato que ocasionou essa explosão, pois o local estava com um forte cheiro de pólvora.
As cinco vítimas foram levadas para o Hospital Estadual Alberto Torres, no Colubandê.",,"Uma casa foi atingida por uma explosão na tarde do último domingo (2) em São Gonçalo, Região Metropolitana. Cinco pessoas da mesma família ficaram feridas, três elas estão em estado grave.

O incidente aconteceu no bairro Engenho do Roçado. A casa pertencia a um policial militar que, segundo o 7º BPM (São Gonçalo), teria sido expulso do bairro por bandidos da localidade e foi comprada pela família há cerca de uma semana. A polícia acredita que, em um momento de limpeza na parte de trás do imóvel, que foi onde a explosão aconteceu, tenha sido acionado algum artefato que ocasionou essa explosão, pois o local estava com um forte cheiro de pólvora.

As cinco vítimas foram levadas para o Hospital Estadual Alberto Torres, no Colubandê. Três delas identificadas pela Secretaria Estadual de Saúde como Milena Campos de Oliveira, de 20 anos; Maria Célia Campos, de 48 anos; e Rafael Ferreira Silva, de 19 anos apresentam um quadro muito grave e seguem internados na unidade.",uma|são|pessoas|gonçalo|três|família|um|em|que|anos|sido|mesma|feridas|explosão|foi|grave
74_12-12-18_16_27.csv,jornalpovo,"Uma casa foi atingida por uma explosão na tarde do último domingo (2) em São Gonçalo, Região Metropolitana.
Cinco pessoas da mesma família ficaram feridas, três elas estão em estado grave.
A casa pertencia a um policial militar que, segundo o 7º BPM (São Gonçalo), teria sido expulso do bairro por bandidos da localidade e foi comprada pela família há cerca de uma semana.
A polícia acredita que, em um momento de limpeza na parte de trás do imóvel, que foi onde a explosão aconteceu, tenha sido acionado algum artefato que ocasionou essa explosão, pois o local estava com um forte cheiro de pólvora.
As cinco vítimas foram levadas para o Hospital Estadual Alberto Torres, no Colubandê.",,"Uma casa foi atingida por uma explosão na tarde do último domingo (2) em São Gonçalo, Região Metropolitana. Cinco pessoas da mesma família ficaram feridas, três elas estão em estado grave.

O incidente aconteceu no bairro Engenho do Roçado. A casa pertencia a um policial militar que, segundo o 7º BPM (São Gonçalo), teria sido expulso do bairro por bandidos da localidade e foi comprada pela família há cerca de uma semana. A polícia acredita que, em um momento de limpeza na parte de trás do imóvel, que foi onde a explosão aconteceu, tenha sido acionado algum artefato que ocasionou essa explosão, pois o local estava com um forte cheiro de pólvora.

As cinco vítimas foram levadas para o Hospital Estadual Alberto Torres, no Colubandê. Três delas identificadas pela Secretaria Estadual de Saúde como Milena Campos de Oliveira, de 20 anos; Maria Célia Campos, de 48 anos; e Rafael Ferreira Silva, de 19 anos apresentam um quadro muito grave e seguem internados na unidade.",uma|são|pessoas|gonçalo|três|família|um|em|que|anos|sido|mesma|feridas|explosão|foi|grave
74_12-12-18_16_27.csv,jornalpovo,"Um policial militar morreu nesta sexta-feira (30) durante uma troca de tiros em Angra dos Reis, na Costa Verde do Rio.
Nilton Moura Júnior, de 44 anos, era sargento e foi atingido em uma região acima do colete a prova de balas.
Um trecho da Rodovia Rio-Santos chegou a ser interditado, além de paralisação nas aulas uma escola municipal na região.
O tiro que atingiu o Sargento Moura pegou em seu ombro, em uma região onde não há proteção do colete a prova de balas.
O outro policial que foi atingido levou um tiro de raspão na perna, também foi levado para a mesma unidade e já foi liberado.",,"Um policial militar morreu nesta sexta-feira (30) durante uma troca de tiros em Angra dos Reis, na Costa Verde do Rio. Nilton Moura Júnior, de 44 anos, era sargento e foi atingido em uma região acima do colete a prova de balas. Na ação, outro policial ficou ferido.

A vítima participava de uma operação da homens do 33º BPM (Angra dos Reis) e 10 º BPM (Barra do Piraí), onde ele era lotado, no bairro Camorim Grande, com o intuito de reprimir o tráfico na localidade. Os criminosos, em virtude disso, iniciaram um intenso tiroteio contra os agentes. Um trecho da Rodovia Rio-Santos chegou a ser interditado, além de paralisação nas aulas uma escola municipal na região. O tiro que atingiu o Sargento Moura pegou em seu ombro, em uma região onde não há proteção do colete a prova de balas. Ele chegou a ser levado para o Hospital Geral de Japuíba, mas não resistiu. O outro policial que foi atingido levou um tiro de raspão na perna, também foi levado para a mesma unidade e já foi liberado.

Nilton fazia parte da corporação há 18 anos. Ele deixa a esposa e uma enteada.",uma|policial|angra|região|ser|dos|militar|um|durante|em|ele|morre|reis|foi|tiro|da|operação
74_12-12-18_16_27.csv,jornalpovo,"Um policial militar morreu nesta sexta-feira (30) durante uma troca de tiros em Angra dos Reis, na Costa Verde do Rio.
Nilton Moura Júnior, de 44 anos, era sargento e foi atingido em uma região acima do colete a prova de balas.
Um trecho da Rodovia Rio-Santos chegou a ser interditado, além de paralisação nas aulas uma escola municipal na região.
O tiro que atingiu o Sargento Moura pegou em seu ombro, em uma região onde não há proteção do colete a prova de balas.
O outro policial que foi atingido levou um tiro de raspão na perna, também foi levado para a mesma unidade e já foi liberado.",,"Um policial militar morreu nesta sexta-feira (30) durante uma troca de tiros em Angra dos Reis, na Costa Verde do Rio. Nilton Moura Júnior, de 44 anos, era sargento e foi atingido em uma região acima do colete a prova de balas. Na ação, outro policial ficou ferido.

A vítima participava de uma operação da homens do 33º BPM (Angra dos Reis) e 10 º BPM (Barra do Piraí), onde ele era lotado, no bairro Camorim Grande, com o intuito de reprimir o tráfico na localidade. Os criminosos, em virtude disso, iniciaram um intenso tiroteio contra os agentes. Um trecho da Rodovia Rio-Santos chegou a ser interditado, além de paralisação nas aulas uma escola municipal na região. O tiro que atingiu o Sargento Moura pegou em seu ombro, em uma região onde não há proteção do colete a prova de balas. Ele chegou a ser levado para o Hospital Geral de Japuíba, mas não resistiu. O outro policial que foi atingido levou um tiro de raspão na perna, também foi levado para a mesma unidade e já foi liberado.

Nilton fazia parte da corporação há 18 anos. Ele deixa a esposa e uma enteada.",uma|policial|angra|região|ser|dos|militar|um|durante|em|ele|morre|reis|foi|tiro|da|operação
74_12-12-18_16_27.csv,jornalpovo,"O pedido de prisão foi feito pela PF do Rio, com aval da Procuradoria Geral da República (PGR), a um mês do sucessor de Sérgio Cabral terminar o mandato.
Os carros da PF entraram no Palácio Laranjeiras, onde fica a residência oficial de Pezão, com mandados de busca e apreensão.
Entre os outros alvos de prisão da ação, denominada “Boca de Lobo”, estão o secretário de Obras do Rio, José Iran, e operadores financeiros lligados ao governador.
Uma equipe também foi à casa da mãe do governador, também no Leblon.
O primeiro bônus, segundo ele, foi repassado em quatro parcelas no escritório do lobista Paulo Fernando de Magalhães Pinto, em Ipanema.",,"Três semanas depois de prenderem dez deputados estaduais acusados de corrupção , agentes da Polícia Federal e procuradores da República voltaram às ruas na manhã desta quinta-feira para cumprir ao menos nove mandados de prisão, cujo principal alvo é o governador Luiz Fernando Pezão . A ordem para esta nova fase da Lava-Jato foi dada pelo ministro e relator do caso Felix Fischer, do Superior Tribunal de Justiça (STJ), que também relatou a Operação Quinto do Ouro, que prendeu cinco conselheiros do Tribunal de Contas do Estado (TCE-RJ) em março do ano passado. O pedido de prisão foi feito pela PF do Rio, com aval da Procuradoria Geral da República (PGR), a um mês do sucessor de Sérgio Cabral terminar o mandato. Os carros da PF entraram no Palácio Laranjeiras, onde fica a residência oficial de Pezão, com mandados de busca e apreensão. Há também agentes no Palácio Guanabara.

Entre os outros alvos de prisão da ação, denominada “Boca de Lobo”, estão o secretário de Obras do Rio, José Iran, e operadores financeiros lligados ao governador. O ex-secretário de Obras Hudson Braga também é alvo de um dos 30 mandados de busca e apreensão expedidos pelo STJ.

Além de Pezão e Iran, há mandados de prisão contra o secretário de Governo, Affonso Henriques Monnerat Alves Da Cruz, já preso na operação Furna da Onça,

Luiz Carlos Vidal Barroso (servidor da secretaria da Casa Civil e Desenvolvimento Econômico), Marcelo Santos Amorim (sobrinho do governador Pezão), Cláudio Fernandes Vidal e Luiz Alberto Gomes Gonçalves (sócios da J.R.O Pavimentação), Luis Fernando Craveiro De Amorim e César Augusto Craveiro De Amorim (sócios da High Control Luis).

No apartamento do Pezão, no Leblon, a equipe da PF não achou ninguém. Uma equipe também foi à casa da mãe do governador, também no Leblon.

Pezão é investigado no STJ, que tem a competência para atuar em crimes envolvendo governadores, por envolvimento na “propinolândia” comandada no estado pelo ex-governador. A operação tem como base a delação do economista Carlos Emanuel Carvalho Miranda, ex-operador de Cabral e delator premiado.

Em sua colaboração à Justiça, Miranda acusa o atual chefe do Executivo de receber do esquema uma mesada de R$ 150 mil de 2007 a 2014. O delator acrescentou que a propina a Pezão, na época vice-governador, incluía décimo terceiro salário e dois bônus, cada qual no valor de R$ 1 milhão.

Além de Miranda, Pezão ainda foi citado por outros dois delatores que firmaram acordo de colaboração premiada com o STJ: o doleiro Álvaro José Novis e o ex-presidente do Tribunal de Contas do Estado (TCE-RJ) Jonas Lopes de Carvalho Filho .

A remissão do anexo 21 da delação de Miranda foi enviado ao STJ pelo STF por se tratar de autoridades políticas, com foro naquele tribunal. No caso de Pezão, após consulta à PGR, o conteúdo seguiu para o gabinete do ministro Felix Fischer. O mesmo ministro também recebeu outros dois anexos da delação de Miranda.

Placas solares

O esquema de pagamento a Pezão, sustenta o delator, incluiu em 2013 dois prêmios cada um no valor de R$ 1 milhão, que eram pagos a membros da organização criminosa em algumas oportunidades. O primeiro bônus, segundo ele, foi repassado em quatro parcelas no escritório do lobista Paulo Fernando de Magalhães Pinto, em Ipanema. Magalhães chegou a ser preso com Cabral, mas hoje vive sob regime de prisão domiciliar. O dinheiro foi providenciado por Chebar, que enviou o assessor Vivaldo Filho. Já o segundo prêmio, ele detalha em outro anexo da delação, referente a Construtora JRO.

Outra revelação de Miranda envolve Pezão com os empreiteiros responsáveis pela instalação de placas de energia solar nos postes ao longo dos 72 quilômetros do Arco Metropolitano, que custaram ao governo do estado R$ 96,7 milhões, mais de R$ 22 mil por unidade. Ele disse que recebeu ordem Cabral para pagar R$ 300 mil à empresa High End, especializada em painéis solares, como remuneração por serviços prestados na casa de Pezão em Piraí.

Para efetuar o pagamento, acionou o doleiro Renato Chebar, outro colaborador da Operação Calicute. O dinheiro foi entregue por uma pessoa designada por Chebar nas mãos de Luiz Fernando Amorim, dono da empresa. De acordo com a delação, Luiz Fernando é irmão de César Amorim, empresário que instalou os painéis solares na obra do Arco Metropolitano.



Compartilhe isso: Twitter

Facebook

Google

Mais

Imprimir

LinkedIn



Reddit

Tumblr



Pinterest

Pocket



Telegram

WhatsApp



Skype

E-mail



Curtir isso: Curtir Carregando... Relacionado",rio|corrupção|r|governo|pezão|lavajato|em|que|por|também|contra|foi|com|prisão|da|nova|prende|operação
74_12-12-18_16_27.csv,jornalpovo,"O pedido de prisão foi feito pela PF do Rio, com aval da Procuradoria Geral da República (PGR), a um mês do sucessor de Sérgio Cabral terminar o mandato.
Os carros da PF entraram no Palácio Laranjeiras, onde fica a residência oficial de Pezão, com mandados de busca e apreensão.
Entre os outros alvos de prisão da ação, denominada “Boca de Lobo”, estão o secretário de Obras do Rio, José Iran, e operadores financeiros lligados ao governador.
Uma equipe também foi à casa da mãe do governador, também no Leblon.
O primeiro bônus, segundo ele, foi repassado em quatro parcelas no escritório do lobista Paulo Fernando de Magalhães Pinto, em Ipanema.",,"Três semanas depois de prenderem dez deputados estaduais acusados de corrupção , agentes da Polícia Federal e procuradores da República voltaram às ruas na manhã desta quinta-feira para cumprir ao menos nove mandados de prisão, cujo principal alvo é o governador Luiz Fernando Pezão . A ordem para esta nova fase da Lava-Jato foi dada pelo ministro e relator do caso Felix Fischer, do Superior Tribunal de Justiça (STJ), que também relatou a Operação Quinto do Ouro, que prendeu cinco conselheiros do Tribunal de Contas do Estado (TCE-RJ) em março do ano passado. O pedido de prisão foi feito pela PF do Rio, com aval da Procuradoria Geral da República (PGR), a um mês do sucessor de Sérgio Cabral terminar o mandato. Os carros da PF entraram no Palácio Laranjeiras, onde fica a residência oficial de Pezão, com mandados de busca e apreensão. Há também agentes no Palácio Guanabara.

Entre os outros alvos de prisão da ação, denominada “Boca de Lobo”, estão o secretário de Obras do Rio, José Iran, e operadores financeiros lligados ao governador. O ex-secretário de Obras Hudson Braga também é alvo de um dos 30 mandados de busca e apreensão expedidos pelo STJ.

Além de Pezão e Iran, há mandados de prisão contra o secretário de Governo, Affonso Henriques Monnerat Alves Da Cruz, já preso na operação Furna da Onça,

Luiz Carlos Vidal Barroso (servidor da secretaria da Casa Civil e Desenvolvimento Econômico), Marcelo Santos Amorim (sobrinho do governador Pezão), Cláudio Fernandes Vidal e Luiz Alberto Gomes Gonçalves (sócios da J.R.O Pavimentação), Luis Fernando Craveiro De Amorim e César Augusto Craveiro De Amorim (sócios da High Control Luis).

No apartamento do Pezão, no Leblon, a equipe da PF não achou ninguém. Uma equipe também foi à casa da mãe do governador, também no Leblon.

Pezão é investigado no STJ, que tem a competência para atuar em crimes envolvendo governadores, por envolvimento na “propinolândia” comandada no estado pelo ex-governador. A operação tem como base a delação do economista Carlos Emanuel Carvalho Miranda, ex-operador de Cabral e delator premiado.

Em sua colaboração à Justiça, Miranda acusa o atual chefe do Executivo de receber do esquema uma mesada de R$ 150 mil de 2007 a 2014. O delator acrescentou que a propina a Pezão, na época vice-governador, incluía décimo terceiro salário e dois bônus, cada qual no valor de R$ 1 milhão.

Além de Miranda, Pezão ainda foi citado por outros dois delatores que firmaram acordo de colaboração premiada com o STJ: o doleiro Álvaro José Novis e o ex-presidente do Tribunal de Contas do Estado (TCE-RJ) Jonas Lopes de Carvalho Filho .

A remissão do anexo 21 da delação de Miranda foi enviado ao STJ pelo STF por se tratar de autoridades políticas, com foro naquele tribunal. No caso de Pezão, após consulta à PGR, o conteúdo seguiu para o gabinete do ministro Felix Fischer. O mesmo ministro também recebeu outros dois anexos da delação de Miranda.

Placas solares

O esquema de pagamento a Pezão, sustenta o delator, incluiu em 2013 dois prêmios cada um no valor de R$ 1 milhão, que eram pagos a membros da organização criminosa em algumas oportunidades. O primeiro bônus, segundo ele, foi repassado em quatro parcelas no escritório do lobista Paulo Fernando de Magalhães Pinto, em Ipanema. Magalhães chegou a ser preso com Cabral, mas hoje vive sob regime de prisão domiciliar. O dinheiro foi providenciado por Chebar, que enviou o assessor Vivaldo Filho. Já o segundo prêmio, ele detalha em outro anexo da delação, referente a Construtora JRO.

Outra revelação de Miranda envolve Pezão com os empreiteiros responsáveis pela instalação de placas de energia solar nos postes ao longo dos 72 quilômetros do Arco Metropolitano, que custaram ao governo do estado R$ 96,7 milhões, mais de R$ 22 mil por unidade. Ele disse que recebeu ordem Cabral para pagar R$ 300 mil à empresa High End, especializada em painéis solares, como remuneração por serviços prestados na casa de Pezão em Piraí.

Para efetuar o pagamento, acionou o doleiro Renato Chebar, outro colaborador da Operação Calicute. O dinheiro foi entregue por uma pessoa designada por Chebar nas mãos de Luiz Fernando Amorim, dono da empresa. De acordo com a delação, Luiz Fernando é irmão de César Amorim, empresário que instalou os painéis solares na obra do Arco Metropolitano.



Compartilhe isso: Twitter

Facebook

Google

Mais

Imprimir

LinkedIn



Reddit

Tumblr



Pinterest

Pocket



Telegram

WhatsApp



Skype

E-mail



Curtir isso: Curtir Carregando... Relacionado",rio|corrupção|r|governo|pezão|lavajato|em|que|por|também|contra|foi|com|prisão|da|nova|prende|operação
74_12-12-18_16_27.csv,jornalpovo,"“Se houver indulto para criminosos neste ano, certamente será o último”.
Essas palavras foram escritas pelo presidente eleito Jair Bolsonaro (PSL) nesta quarta-feira (28) em uma conta no Twitter, a respeito do indulto natalino, benefício concedido a presidiários a saírem da cadeia no final do ano para passar a data com seus familiares.
O militar deixou bem claro que em seu governo não haverá mais esse benefício e que se comprometeu com a população ser rígido no âmbito da segurança pública.
Garanto a vocês, se houver indulto para criminosos neste ano, certamente será o último”, afirmou.
Temer definiu que só receberia o benefício quem cumprisse um quinto da pena em casos de crimes de baixa gravidade.",,"“Se houver indulto para criminosos neste ano, certamente será o último”. Essas palavras foram escritas pelo presidente eleito Jair Bolsonaro (PSL) nesta quarta-feira (28) em uma conta no Twitter, a respeito do indulto natalino, benefício concedido a presidiários a saírem da cadeia no final do ano para passar a data com seus familiares. O militar deixou bem claro que em seu governo não haverá mais esse benefício e que se comprometeu com a população ser rígido no âmbito da segurança pública.

“Fui escolhido presidente do Brasil para atender aos anseios do povo brasileiro. Pegar pesado na questão da violência e criminalidade foi um dos nossos principais compromissos de campanha. Garanto a vocês, se houver indulto para criminosos neste ano, certamente será o último”, afirmou.

Benefício volta a ser julgado pelo STF

No mesmo dia em que Bolsonaro faz a declaração em seu Twitter, o Supremo Tribunal Federal (STF) retomou o julgamento da constitucionalidade do induto natalino alterado em dezembro do ano passado pelo então presidente Michel Temer. Temer definiu que só receberia o benefício quem cumprisse um quinto da pena em casos de crimes de baixa gravidade.",ano|natalino|governo|que|em|seu|para|bolsonaro|pelo|com|indulto|presidente|presidiários|da|se|benefício
74_12-12-18_16_27.csv,jornalpovo,"“Se houver indulto para criminosos neste ano, certamente será o último”.
Essas palavras foram escritas pelo presidente eleito Jair Bolsonaro (PSL) nesta quarta-feira (28) em uma conta no Twitter, a respeito do indulto natalino, benefício concedido a presidiários a saírem da cadeia no final do ano para passar a data com seus familiares.
O militar deixou bem claro que em seu governo não haverá mais esse benefício e que se comprometeu com a população ser rígido no âmbito da segurança pública.
Garanto a vocês, se houver indulto para criminosos neste ano, certamente será o último”, afirmou.
Temer definiu que só receberia o benefício quem cumprisse um quinto da pena em casos de crimes de baixa gravidade.",,"“Se houver indulto para criminosos neste ano, certamente será o último”. Essas palavras foram escritas pelo presidente eleito Jair Bolsonaro (PSL) nesta quarta-feira (28) em uma conta no Twitter, a respeito do indulto natalino, benefício concedido a presidiários a saírem da cadeia no final do ano para passar a data com seus familiares. O militar deixou bem claro que em seu governo não haverá mais esse benefício e que se comprometeu com a população ser rígido no âmbito da segurança pública.

“Fui escolhido presidente do Brasil para atender aos anseios do povo brasileiro. Pegar pesado na questão da violência e criminalidade foi um dos nossos principais compromissos de campanha. Garanto a vocês, se houver indulto para criminosos neste ano, certamente será o último”, afirmou.

Benefício volta a ser julgado pelo STF

No mesmo dia em que Bolsonaro faz a declaração em seu Twitter, o Supremo Tribunal Federal (STF) retomou o julgamento da constitucionalidade do induto natalino alterado em dezembro do ano passado pelo então presidente Michel Temer. Temer definiu que só receberia o benefício quem cumprisse um quinto da pena em casos de crimes de baixa gravidade.",ano|natalino|governo|que|em|seu|para|bolsonaro|pelo|com|indulto|presidente|presidiários|da|se|benefício
74_12-12-18_16_27.csv,jornalpovo,"O Disque-Denúncia está oferecendo uma recompensa de R$ 30 mil reais por informações que ajudem a localizar o traficante Fernando Gomes de Freitas, de 39 anos, o ‘Fernandinho Guarabu’, chefe do tráfico de drogas nas comunidades da Ilha do Governador, na Zona Norte do Rio, há pelo menos 14 anos.
A recompensa pelo paradeiro do traficante é uma das mais altas oferecidas pelo Disque-Denúncia.
Guarabu é apontado pela polícia por ser o mandante da morte de Alan de Luna Freire, morto ontem (27) no bairro Jardim Esplanada, em Nova Iguaçu, na Baixada Fluminense.
Ele foi atingido por pelo menos 20 tiros e morreu no local.
Na ação, um suspeito morreu e um foi apreendido.",,"O Disque-Denúncia está oferecendo uma recompensa de R$ 30 mil reais por informações que ajudem a localizar o traficante Fernando Gomes de Freitas, de 39 anos, o ‘Fernandinho Guarabu’, chefe do tráfico de drogas nas comunidades da Ilha do Governador, na Zona Norte do Rio, há pelo menos 14 anos. A recompensa pelo paradeiro do traficante é uma das mais altas oferecidas pelo Disque-Denúncia.

Guarabu é apontado pela polícia por ser o mandante da morte de Alan de Luna Freire, morto ontem (27) no bairro Jardim Esplanada, em Nova Iguaçu, na Baixada Fluminense. A vítima era major da PM e foi surpreendido quando saía de casa por homens encapuzados em um veículo, fortemente armados, que já chegaram atirando sem dá-lo a oportunidade de reagir. Ele foi atingido por pelo menos 20 tiros e morreu no local.

Operação no Morro do Dendê

O Batalhão de Operações Especiais (BOPE) passou a madrugada desta quarta-feira (28) realizando uma operação no Morro do Dendê, para procurar outros envolvidos na morte do Policial Militar. Na ação, um suspeito morreu e um foi apreendido.",uma|mil|é|um|r|traficante|guarabu|pelo|disquedenúncia|por|que|foi|30|recompensa|da|oferece|paradeiro
74_12-12-18_16_27.csv,jornalpovo,"O Disque-Denúncia está oferecendo uma recompensa de R$ 30 mil reais por informações que ajudem a localizar o traficante Fernando Gomes de Freitas, de 39 anos, o ‘Fernandinho Guarabu’, chefe do tráfico de drogas nas comunidades da Ilha do Governador, na Zona Norte do Rio, há pelo menos 14 anos.
A recompensa pelo paradeiro do traficante é uma das mais altas oferecidas pelo Disque-Denúncia.
Guarabu é apontado pela polícia por ser o mandante da morte de Alan de Luna Freire, morto ontem (27) no bairro Jardim Esplanada, em Nova Iguaçu, na Baixada Fluminense.
Ele foi atingido por pelo menos 20 tiros e morreu no local.
Na ação, um suspeito morreu e um foi apreendido.",,"O Disque-Denúncia está oferecendo uma recompensa de R$ 30 mil reais por informações que ajudem a localizar o traficante Fernando Gomes de Freitas, de 39 anos, o ‘Fernandinho Guarabu’, chefe do tráfico de drogas nas comunidades da Ilha do Governador, na Zona Norte do Rio, há pelo menos 14 anos. A recompensa pelo paradeiro do traficante é uma das mais altas oferecidas pelo Disque-Denúncia.

Guarabu é apontado pela polícia por ser o mandante da morte de Alan de Luna Freire, morto ontem (27) no bairro Jardim Esplanada, em Nova Iguaçu, na Baixada Fluminense. A vítima era major da PM e foi surpreendido quando saía de casa por homens encapuzados em um veículo, fortemente armados, que já chegaram atirando sem dá-lo a oportunidade de reagir. Ele foi atingido por pelo menos 20 tiros e morreu no local.

Operação no Morro do Dendê

O Batalhão de Operações Especiais (BOPE) passou a madrugada desta quarta-feira (28) realizando uma operação no Morro do Dendê, para procurar outros envolvidos na morte do Policial Militar. Na ação, um suspeito morreu e um foi apreendido.",uma|mil|é|um|r|traficante|guarabu|pelo|disquedenúncia|por|que|foi|30|recompensa|da|oferece|paradeiro
74_12-12-18_16_27.csv,jornalpovo,"O Ministério das Cidades anunciou nesta quarta-feira (28) que as placas de carro do padrão Mercosul não terão mais os brasões do Estado e município.
Alexandre Baldy, ministro das cidades, alegou que a remoção desse padrão fará com que o os veículos tenham a mesma validade enquanto forem usados pelos motoristas, além da redução de custos em questão de vistoria.
“Com a retirada dos brasões, a placa do veículo permanecerá a mesma por toda a sua vida útil, sem a necessidade de mudança da placa ao mudar de município ou mesmo estado”, disse Alexandre.
Quem já possui as placas com os dois brasões, de acordo com o ministério, não precisa trocá-las.
A antiga decretava que qualquer alteração na localidade do carro daria ao proprietário mais gastos.",,"O Ministério das Cidades anunciou nesta quarta-feira (28) que as placas de carro do padrão Mercosul não terão mais os brasões do Estado e município.

Alexandre Baldy, ministro das cidades, alegou que a remoção desse padrão fará com que o os veículos tenham a mesma validade enquanto forem usados pelos motoristas, além da redução de custos em questão de vistoria. “Com a retirada dos brasões, a placa do veículo permanecerá a mesma por toda a sua vida útil, sem a necessidade de mudança da placa ao mudar de município ou mesmo estado”, disse Alexandre.

Quem já possui as placas com os dois brasões, de acordo com o ministério, não precisa trocá-las. A antiga decretava que qualquer alteração na localidade do carro daria ao proprietário mais gastos.",carro|ministério|mais|estado|mercosul|os|placas|brasões|padrão|terão|que|placa|mesma|com|não|município
74_12-12-18_16_27.csv,jornalpovo,"O Ministério das Cidades anunciou nesta quarta-feira (28) que as placas de carro do padrão Mercosul não terão mais os brasões do Estado e município.
Alexandre Baldy, ministro das cidades, alegou que a remoção desse padrão fará com que o os veículos tenham a mesma validade enquanto forem usados pelos motoristas, além da redução de custos em questão de vistoria.
“Com a retirada dos brasões, a placa do veículo permanecerá a mesma por toda a sua vida útil, sem a necessidade de mudança da placa ao mudar de município ou mesmo estado”, disse Alexandre.
Quem já possui as placas com os dois brasões, de acordo com o ministério, não precisa trocá-las.
A antiga decretava que qualquer alteração na localidade do carro daria ao proprietário mais gastos.",,"O Ministério das Cidades anunciou nesta quarta-feira (28) que as placas de carro do padrão Mercosul não terão mais os brasões do Estado e município.

Alexandre Baldy, ministro das cidades, alegou que a remoção desse padrão fará com que o os veículos tenham a mesma validade enquanto forem usados pelos motoristas, além da redução de custos em questão de vistoria. “Com a retirada dos brasões, a placa do veículo permanecerá a mesma por toda a sua vida útil, sem a necessidade de mudança da placa ao mudar de município ou mesmo estado”, disse Alexandre.

Quem já possui as placas com os dois brasões, de acordo com o ministério, não precisa trocá-las. A antiga decretava que qualquer alteração na localidade do carro daria ao proprietário mais gastos.",carro|ministério|mais|estado|mercosul|os|placas|brasões|padrão|terão|que|placa|mesma|com|não|município
74_12-12-18_16_27.csv,jornalpovo,"O jornal POVO será o veiculo oficial de comunicação da Associação de Imprensa do Estado do Rio de Janeiro – AIERJ- , de acordo parceria firmada e anunciada pelo presidente da Associação Drº André Luiz .
A AIERJ divulgará através do jornal POVO, suas atividades, projetos e programas , além de contribui com conteúdo jornalístico de opinião nas edições impressa e online.
Fundada em 1960 a Associação de Imprensa do Estado do Rio de Janeiro tem como objetivo a valorização e o aperfeiçoamento do profissional de imprensa e comunicação, além da luta pela liberdade de expressão contribuindo para desenvolvimento e a formação de uma imprensa livre e independente, a AIERJ incluiu entre suas obrigações, uma pauta de defesa ás prerrogativas e direitos dos profissionais não só enquanto exercerem o seu labor, mas também como cidadãos.
Através desta parceria a AIERJ e o jornal POVO, atuará em parceria na montagem das delegacias regionais da Associação que tem o intuito o intuito de se fazer mais presente no Estado do Rio de Janeiro junto aos profissionais dos veículos de comunicação (TV, revistas, jornais, periódicos, rádio e web), das instituições do setor privado e públicoAs delegacias que estão sendo cridas em 32 municípios, também funcionarão como sucursais do jornal , com produção de conteúdo jornalístico regional, bem como ponto de captação de anúncios comerciaisO Diretor Presidente do Jornal POVO , jornalista Rogério Sant´Ana disse que a AIERJ e o POVO planejam realizar em dezembro um grande evento de posse dos delegados regionais da AIERJ e de entrega do prêmio “Destaque do POVO” destinada a personalidades, autoridades e profissionais de imprensa “ Este evento comemorativo será realizado na primeira quinzena de dezembro e sua grandiosidade mostrará a força desta parceria” disse Sant´AnaO Presidente da AIERJ lembrou que a parceria com jornal POVO vem sendo desenhada desde o ano passado, quando a Associação homenageou o jornalista Rogério Sant`Ana com a entrega do prêmio Assis Chateaubriand Ele lembra que na ocasião o então juiz Wilson Witezel e, hoje governador eleito também recebeu o prêmioDr. Andre afirma que a parceria contribuirá no cumprimento dos objetivos e missões da AIERJ “A AIERJ está focada em ser reconhecida como referência estadual e nacional no que diz respeito á consolidação de causas voltadas aos interesses de sua classe, tais como: a liberdade de expressão, a defesa dos direitos e deveres os profissionais de imprensa, a valorização da formação técnica e acadêmica dos jornalistas e demais profissionais que atuam na área de imprensa, além de oferecer cursos que visam o desenvolvimento, capacitação e especialização para os profissionais e estudantes que objetivam trabalhar na imprensa.” ExplicouCompartilhe isso: TwitterFacebookGoogleMaisImprimirLinkedInRedditTumblrPinterestPocketTelegramWhatsAppSkypeE-mailCurtir isso: Curtir Carregando... Relacionado",,"O jornal POVO será o veiculo oficial de comunicação da Associação de Imprensa do Estado do Rio de Janeiro – AIERJ- , de acordo parceria firmada e anunciada pelo presidente da Associação Drº André Luiz .

A AIERJ divulgará através do jornal POVO, suas atividades, projetos e programas , além de contribui com conteúdo jornalístico de opinião nas edições impressa e online.

Fundada em 1960 a Associação de Imprensa do Estado do Rio de Janeiro tem como objetivo a valorização e o aperfeiçoamento do profissional de imprensa e comunicação, além da luta pela liberdade de expressão contribuindo para desenvolvimento e a formação de uma imprensa livre e independente, a AIERJ incluiu entre suas obrigações, uma pauta de defesa ás prerrogativas e direitos dos profissionais não só enquanto exercerem o seu labor, mas também como cidadãos.

Através desta parceria a AIERJ e o jornal POVO, atuará em parceria na montagem das delegacias regionais da Associação que tem o intuito o intuito de se fazer mais presente no Estado do Rio de Janeiro junto aos profissionais dos veículos de comunicação (TV, revistas, jornais, periódicos, rádio e web), das instituições do setor privado e público

As delegacias que estão sendo cridas em 32 municípios, também funcionarão como sucursais do jornal , com produção de conteúdo jornalístico regional, bem como ponto de captação de anúncios comerciais

O Diretor Presidente do Jornal POVO , jornalista Rogério Sant´Ana disse que a AIERJ e o POVO planejam realizar em dezembro um grande evento de posse dos delegados regionais da AIERJ e de entrega do prêmio “Destaque do POVO” destinada a personalidades, autoridades e profissionais de imprensa “ Este evento comemorativo será realizado na primeira quinzena de dezembro e sua grandiosidade mostrará a força desta parceria” disse Sant´Ana

O Presidente da AIERJ lembrou que a parceria com jornal POVO vem sendo desenhada desde o ano passado, quando a Associação homenageou o jornalista Rogério Sant`Ana com a entrega do prêmio Assis Chateaubriand Ele lembra que na ocasião o então juiz Wilson Witezel e, hoje governador eleito também recebeu o prêmio

Dr. Andre afirma que a parceria contribuirá no cumprimento dos objetivos e missões da AIERJ “A AIERJ está focada em ser reconhecida como referência estadual e nacional no que diz respeito á consolidação de causas voltadas aos interesses de sua classe, tais como: a liberdade de expressão, a defesa dos direitos e deveres os profissionais de imprensa, a valorização da formação técnica e acadêmica dos jornalistas e demais profissionais que atuam na área de imprensa, além de oferecer cursos que visam o desenvolvimento, capacitação e especialização para os profissionais e estudantes que objetivam trabalhar na imprensa.” Explicou

Compartilhe isso: Twitter

Facebook

Google

Mais

Imprimir

LinkedIn



Reddit

Tumblr



Pinterest

Pocket



Telegram

WhatsApp



Skype

E-mail



Curtir isso: Curtir Carregando... Relacionado",jornal|imprensa|profissionais|dos|que|aierj|como|da|parceria|povo|firmam
74_12-12-18_16_27.csv,jornalpovo,"O jornal POVO será o veiculo oficial de comunicação da Associação de Imprensa do Estado do Rio de Janeiro – AIERJ- , de acordo parceria firmada e anunciada pelo presidente da Associação Drº André Luiz .
A AIERJ divulgará através do jornal POVO, suas atividades, projetos e programas , além de contribui com conteúdo jornalístico de opinião nas edições impressa e online.
Fundada em 1960 a Associação de Imprensa do Estado do Rio de Janeiro tem como objetivo a valorização e o aperfeiçoamento do profissional de imprensa e comunicação, além da luta pela liberdade de expressão contribuindo para desenvolvimento e a formação de uma imprensa livre e independente, a AIERJ incluiu entre suas obrigações, uma pauta de defesa ás prerrogativas e direitos dos profissionais não só enquanto exercerem o seu labor, mas também como cidadãos.
Através desta parceria a AIERJ e o jornal POVO, atuará em parceria na montagem das delegacias regionais da Associação que tem o intuito o intuito de se fazer mais presente no Estado do Rio de Janeiro junto aos profissionais dos veículos de comunicação (TV, revistas, jornais, periódicos, rádio e web), das instituições do setor privado e públicoAs delegacias que estão sendo cridas em 32 municípios, também funcionarão como sucursais do jornal , com produção de conteúdo jornalístico regional, bem como ponto de captação de anúncios comerciaisO Diretor Presidente do Jornal POVO , jornalista Rogério Sant´Ana disse que a AIERJ e o POVO planejam realizar em dezembro um grande evento de posse dos delegados regionais da AIERJ e de entrega do prêmio “Destaque do POVO” destinada a personalidades, autoridades e profissionais de imprensa “ Este evento comemorativo será realizado na primeira quinzena de dezembro e sua grandiosidade mostrará a força desta parceria” disse Sant´AnaO Presidente da AIERJ lembrou que a parceria com jornal POVO vem sendo desenhada desde o ano passado, quando a Associação homenageou o jornalista Rogério Sant`Ana com a entrega do prêmio Assis Chateaubriand Ele lembra que na ocasião o então juiz Wilson Witezel e, hoje governador eleito também recebeu o prêmioDr. Andre afirma que a parceria contribuirá no cumprimento dos objetivos e missões da AIERJ “A AIERJ está focada em ser reconhecida como referência estadual e nacional no que diz respeito á consolidação de causas voltadas aos interesses de sua classe, tais como: a liberdade de expressão, a defesa dos direitos e deveres os profissionais de imprensa, a valorização da formação técnica e acadêmica dos jornalistas e demais profissionais que atuam na área de imprensa, além de oferecer cursos que visam o desenvolvimento, capacitação e especialização para os profissionais e estudantes que objetivam trabalhar na imprensa.” ExplicouCompartilhe isso: TwitterFacebookGoogleMaisImprimirLinkedInRedditTumblrPinterestPocketTelegramWhatsAppSkypeE-mailCurtir isso: Curtir Carregando... Relacionado",,"O jornal POVO será o veiculo oficial de comunicação da Associação de Imprensa do Estado do Rio de Janeiro – AIERJ- , de acordo parceria firmada e anunciada pelo presidente da Associação Drº André Luiz .

A AIERJ divulgará através do jornal POVO, suas atividades, projetos e programas , além de contribui com conteúdo jornalístico de opinião nas edições impressa e online.

Fundada em 1960 a Associação de Imprensa do Estado do Rio de Janeiro tem como objetivo a valorização e o aperfeiçoamento do profissional de imprensa e comunicação, além da luta pela liberdade de expressão contribuindo para desenvolvimento e a formação de uma imprensa livre e independente, a AIERJ incluiu entre suas obrigações, uma pauta de defesa ás prerrogativas e direitos dos profissionais não só enquanto exercerem o seu labor, mas também como cidadãos.

Através desta parceria a AIERJ e o jornal POVO, atuará em parceria na montagem das delegacias regionais da Associação que tem o intuito o intuito de se fazer mais presente no Estado do Rio de Janeiro junto aos profissionais dos veículos de comunicação (TV, revistas, jornais, periódicos, rádio e web), das instituições do setor privado e público

As delegacias que estão sendo cridas em 32 municípios, também funcionarão como sucursais do jornal , com produção de conteúdo jornalístico regional, bem como ponto de captação de anúncios comerciais

O Diretor Presidente do Jornal POVO , jornalista Rogério Sant´Ana disse que a AIERJ e o POVO planejam realizar em dezembro um grande evento de posse dos delegados regionais da AIERJ e de entrega do prêmio “Destaque do POVO” destinada a personalidades, autoridades e profissionais de imprensa “ Este evento comemorativo será realizado na primeira quinzena de dezembro e sua grandiosidade mostrará a força desta parceria” disse Sant´Ana

O Presidente da AIERJ lembrou que a parceria com jornal POVO vem sendo desenhada desde o ano passado, quando a Associação homenageou o jornalista Rogério Sant`Ana com a entrega do prêmio Assis Chateaubriand Ele lembra que na ocasião o então juiz Wilson Witezel e, hoje governador eleito também recebeu o prêmio

Dr. Andre afirma que a parceria contribuirá no cumprimento dos objetivos e missões da AIERJ “A AIERJ está focada em ser reconhecida como referência estadual e nacional no que diz respeito á consolidação de causas voltadas aos interesses de sua classe, tais como: a liberdade de expressão, a defesa dos direitos e deveres os profissionais de imprensa, a valorização da formação técnica e acadêmica dos jornalistas e demais profissionais que atuam na área de imprensa, além de oferecer cursos que visam o desenvolvimento, capacitação e especialização para os profissionais e estudantes que objetivam trabalhar na imprensa.” Explicou

Compartilhe isso: Twitter

Facebook

Google

Mais

Imprimir

LinkedIn



Reddit

Tumblr



Pinterest

Pocket



Telegram

WhatsApp



Skype

E-mail



Curtir isso: Curtir Carregando... Relacionado",jornal|imprensa|profissionais|dos|que|aierj|como|da|parceria|povo|firmam
74_12-12-18_16_27.csv,jornalpovo,"Surgiu um nome capaz de desequilibrar a disputa machista e hegemônica pela presidência da Assembleia Legislativa do Estado do Rio de Janeiro.
A deputada Tia Ju (PRB) vai lançar, na próxima semana, sua candidatura à mesa diretora.
Se confirmada pelo PRB, Tia Ju disputará a cadeira com o presidente em exercício da Alerj, André Ceciliano (PT), que anunciou, no mês passado sua candidatura à reeleição, e Marcio Pacheco, do PSC.
Já o PSL, comandado por Flávio Bolsonaro no Rio, ainda não decidiu se vai lançar um nome próprio na próxima legislatura, após abandonar o apoio à Correa.
Para Tia Ju, sua chapa será diferenciada, por conta de um “excelente relacionamento com o novo governador, Wilson Witzel (PSC), e por conciliar divergências internas”.",,"Surgiu um nome capaz de desequilibrar a disputa machista e hegemônica pela presidência da Assembleia Legislativa do Estado do Rio de Janeiro. A deputada Tia Ju (PRB) vai lançar, na próxima semana, sua candidatura à mesa diretora. “Estamos vivendo tempos de mudança, a população disse isso nas urnas. É necessário arejarmos as ideias e os pensamentos políticos. Com a minha candidatura, à frente de uma chapa forte e com políticos com experiência em várias áreas do conhecimento, creio que poderemos legislar de forma mais descomprometida e mais próxima das cidadãs e dos cidadãos”, disse a deputada, que integra a ‘bancada evangélica’ está em seu segundo mandato.

Se confirmada pelo PRB, Tia Ju disputará a cadeira com o presidente em exercício da Alerj, André Ceciliano (PT), que anunciou, no mês passado sua candidatura à reeleição, e Marcio Pacheco, do PSC. Já o PSL, comandado por Flávio Bolsonaro no Rio, ainda não decidiu se vai lançar um nome próprio na próxima legislatura, após abandonar o apoio à Correa. Para Tia Ju, sua chapa será diferenciada, por conta de um “excelente relacionamento com o novo governador, Wilson Witzel (PSC), e por conciliar divergências internas”.",à|sua|novo|disputar|presidência|um|tia|surge|que|para|próxima|por|em|com|ju|nome|povo|forte
74_12-12-18_16_27.csv,jornalpovo,"Surgiu um nome capaz de desequilibrar a disputa machista e hegemônica pela presidência da Assembleia Legislativa do Estado do Rio de Janeiro.
A deputada Tia Ju (PRB) vai lançar, na próxima semana, sua candidatura à mesa diretora.
Se confirmada pelo PRB, Tia Ju disputará a cadeira com o presidente em exercício da Alerj, André Ceciliano (PT), que anunciou, no mês passado sua candidatura à reeleição, e Marcio Pacheco, do PSC.
Já o PSL, comandado por Flávio Bolsonaro no Rio, ainda não decidiu se vai lançar um nome próprio na próxima legislatura, após abandonar o apoio à Correa.
Para Tia Ju, sua chapa será diferenciada, por conta de um “excelente relacionamento com o novo governador, Wilson Witzel (PSC), e por conciliar divergências internas”.",,"Surgiu um nome capaz de desequilibrar a disputa machista e hegemônica pela presidência da Assembleia Legislativa do Estado do Rio de Janeiro. A deputada Tia Ju (PRB) vai lançar, na próxima semana, sua candidatura à mesa diretora. “Estamos vivendo tempos de mudança, a população disse isso nas urnas. É necessário arejarmos as ideias e os pensamentos políticos. Com a minha candidatura, à frente de uma chapa forte e com políticos com experiência em várias áreas do conhecimento, creio que poderemos legislar de forma mais descomprometida e mais próxima das cidadãs e dos cidadãos”, disse a deputada, que integra a ‘bancada evangélica’ está em seu segundo mandato.

Se confirmada pelo PRB, Tia Ju disputará a cadeira com o presidente em exercício da Alerj, André Ceciliano (PT), que anunciou, no mês passado sua candidatura à reeleição, e Marcio Pacheco, do PSC. Já o PSL, comandado por Flávio Bolsonaro no Rio, ainda não decidiu se vai lançar um nome próprio na próxima legislatura, após abandonar o apoio à Correa. Para Tia Ju, sua chapa será diferenciada, por conta de um “excelente relacionamento com o novo governador, Wilson Witzel (PSC), e por conciliar divergências internas”.",à|sua|novo|disputar|presidência|um|tia|surge|que|para|próxima|por|em|com|ju|nome|povo|forte
74_12-12-18_16_27.csv,jornalpovo,"O Ministério das Cidades anunciou nesta quarta-feira (28) que as placas de carro do padrão Mercosul não terão mais os brasões do Estado e município.
Alexandre Baldy, ministro das cidades, alegou que a remoção desse padrão fará com que o os veículos tenham a mesma validade enquanto forem usados pelos motoristas, além da redução de … Continuar lendo Placas de carro com padrão Mercosul não terão mais brasões de Estado e Município",,"O Ministério das Cidades anunciou nesta quarta-feira (28) que as placas de carro do padrão Mercosul não terão mais os brasões do Estado e município. Alexandre Baldy, ministro das cidades, alegou que a remoção desse padrão fará com que o os veículos tenham a mesma validade enquanto forem usados pelos motoristas, além da redução de … Continuar lendo Placas de carro com padrão Mercosul não terão mais brasões de Estado e Município",mais|novembro|2018|novo|os|placas|mercosul|padrão|que|terão|estado|não|povo|município
74_12-12-18_16_27.csv,jornalpovo,"Uma casa foi atingida por uma explosão na tarde do último domingo (2) em São Gonçalo, Região Metropolitana.
Cinco pessoas da mesma família ficaram feridas, três elas estão em estado grave.
O incidente aconteceu no bairro Engenho do Roçado.
A casa pertencia a um policial militar que, segundo o 7º BPM (São Gonçalo), teria sido … Continuar lendo Explosão deixa cinco pessoas da mesma família feridas em São Gonçalo; três estão em estado grave",,"Uma casa foi atingida por uma explosão na tarde do último domingo (2) em São Gonçalo, Região Metropolitana. Cinco pessoas da mesma família ficaram feridas, três elas estão em estado grave. O incidente aconteceu no bairro Engenho do Roçado. A casa pertencia a um policial militar que, segundo o 7º BPM (São Gonçalo), teria sido … Continuar lendo Explosão deixa cinco pessoas da mesma família feridas em São Gonçalo; três estão em estado grave",uma|são|gonçalo|pessoas|2018|novo|três|família|em|mesma|feridas|povo|grave
74_12-12-18_16_27.csv,jornalpovo,"Estratégia é tentar desbancar candidatura de Daniel Guerreiro, filho do ex-prefeito Gelsinho Guerreiro, com quem Jorge Miranda tem problemas pessoais.
O Prefeito de Mesquita Jorge Miranda resolveu brincar com as eleições para deputado Estadual e incentivou o lançamento de dezenas de candidaturas na cidade.
O pano de fundo da estratégica maléfica ainda é a briga pessoal que Jorge Miranda tem com o ex-prefeito Gelsinho Guerreiro.
Por outro lado, os candidatos lançados por Miranda toparam entrar no jogo pensando também em se fortalecer para projetos futuros em 2020.
Esses candidatos fantoches querem se beneficiar da máquina pública para crescer seus nomes na cidade para as eleições de 2020.",,"Estratégia é tentar desbancar candidatura de Daniel Guerreiro, filho do ex-prefeito Gelsinho Guerreiro, com quem Jorge Miranda tem problemas pessoais. Waltinho Paixão e Cris Gêmeas são um dos personagens usados na disputa.

O Prefeito de Mesquita Jorge Miranda resolveu brincar com as eleições para deputado Estadual e incentivou o lançamento de dezenas de candidaturas na cidade.

O objetivo na verdade é impedir que a cidade eleja um deputado que venha se tonar sombra para seu projeto de reeleição em 2020. Se fazendo de Deus, Miranda manipula os aliados, promove divisão na cidade e brinca com o projeto político de diversas lideranças. O pano de fundo da estratégica maléfica ainda é a briga pessoal que Jorge Miranda tem com o ex-prefeito Gelsinho Guerreiro. Aos quatro cantos ele alardeia que não pode deixar que o jovem Daniel Guerreiro, filho de Gelsinho se eleja, pois isso poderia representar o ressurgimento de seu pai no cenário para 2020, mas na verdade todos sabem que Miranda não deseja apenas derrotar os Guerreiros, mas sim impedir que haja um vitorioso nesta disputa.

Por outro lado, os candidatos lançados por Miranda toparam entrar no jogo pensando também em se fortalecer para projetos futuros em 2020. Eles querem esquentar seus nomes nas urnas para nas próximas eleições tentarem ser vereadores ou vice-prefeito na chapa de reeleição do Jorge Miranda. A única exceção neste bloco, seria o vice-prefeito Waltinho Paixão, que não poderia mais disputar o mesmo cargo e se quiser participar do pleito em 2020 seria disputando a sucessão.

A maioria dos candidatos apresentados não reúnem condições eleitorais para vencer um pleito que individualmente é preciso conquistar cerca de 30 ou 40 mil votos. A cidade de Mesquita também tem um eleitorado pequeno, cerca de 130 mil eleitores e que em média comparecem nas urnas cerca de 90 votantes. Ou seja, se a população dividisse irmãmente os votos da cidade, cada candidato mão ultrapassaria a quantidade de 7 mil votos.

Vice-prefeito deixado de lado

A expectativa que se tinha em Mesquita era que Jorge Miranda fosse apoiar o vice-prefeito, Waltinho Paixão, como único candidato do governo para deputado Estadual. Dessa maneira reuniria condições onde a maioria dos votos fossem direcionados a Waltinho, que passaria ter chances na disputa. Mas isso não aconteceu. As pretensões de Waltinho Paixão não foram levadas em consideração e ele foi lançado a disputa nas mesmas condições de todos os outros. Jorge Miranda na verdade preferiu não correr o risco de ver seu vice-prefeito na Alerj e depois se transformar em adversário com chances de vencer as eleições em 2020.

Todos contra um

Mesmo sabendo que disputam uma eleição sem chance, a maioria destes candidatos participam do jogo montado pelo prefeito para tentar impedir a vitória do jovem Daniel Guerreiro, o único que representa o grupo de oposição na cidade.

Esses candidatos fantoches querem se beneficiar da máquina pública para crescer seus nomes na cidade para as eleições de 2020. Eles também têm a promessa de após as eleições e dependendo da votação que obtenha em seus bairros eles poderão ocupar cargos no governo municipal, até como secretários.

A estratégia parece não está dando muito certo, pois apesar de massacrado e perseguido a candidatura, Daniel Guerreiro cresce a cada dia e lidera todas as sondagens, pesquisas ou enquetes realizadas na cidade.

A população de mesquita parece ter de fato identificado na candidatura de Daniel, o voto de protesto contra o governo municipal que hoje tem 70% de rejeição.

Vereadores de olho na vaga de vice

Os vereadores eleitos em 2016 e que foram lançados por Miranda para deputado, sonham, na verdade em ocupar a vaga de Waltinho Paixão em 2020 e se tornarem vice-prefeito. Eles querem se credenciar para esta disputa e buscam se fortalecer nas urnas. Nenhum desses espera de verdade chegar a Alerj em 2019.

Falando em vereadores, um foi indeferido

Vale relembrar que candidato Roberto Emídio teve sua candidatura impugnada nessas eleições. A decisão do Tribunal Regional Eleitoral do Rio de Janeiro (TRE-RJ) se deu porque ele não apresentou todas as documentações necessárias exigidas para entrar na disputa. Emídio tentou um recurso para reverter a decisão do relator Raphael Ferreira de Mattos e da maioria dos membros do plenário, porém nos autos do processo 0601080-83.2018.6.19.0000l continuou constando como indeferida a candidatura.

Com o indeferimento (negativa) o recurso será apreciado em fase de embargos de declaração e persistindo a decisão terá que ser julgado em Brasília. Acontece que o recurso pode não ser julgado em tempo hábil em razão da proximidade das eleições, e neste caso corre o risco de a votação dada ao candidato ficar zerada. Nesse caso, os votos atribuídos ao candidato podem não valer.

Conheça alguns candidatos lançados por Jorge Miranda

Waltinho Paixão – Vice-prefeito – Candidato a deputado pela terceira vez. O esperado e que fosse o candidato natural do governo, mas foi preterido pelo temor de se tornar um nome forte para a sucessão em 2020.

Cris Gêmeas – Vereadora em segundo mandato, antiga aliada do ex-prefeito Gelsinho Guerreiro e amiga de primeira hora de Jorge Miranda após a derrota de GG. Líder do governo na Câmara, é presidente do partido Comunista que defende a ideologia de gênero, mas também faz dobradinhas com deputados evangélicos.

Roberto Emidio – Vereador de primeiro mandato, tem base eleitoral na jacutinga e enfrenta problemas com a Justiça eleitoral para registra sua candidatura.

Gelson Henrique – Vereador de segundo mandato e tem base eleitoral em Banco de Areia.

Josué Pipas – Se notabilizou nas últimas eleições por acompanhar o ex-prefeito Gelsinho Guerreiro nas obras de construção da Ciclovia. Se tornou aliado de Jorge Miranda e sonha ser Secretario depois das eleições. Tem base eleitoral na Vila Emil.

Erica Gabriel – Filha do ex-vereador Almir da Chatuba, foi conselheira tutelar e candidata a vereadora duas vezes sem sucesso. Tem base eleitoral na Chatuba.

Zeca Pereira – É candidato na Chatuba, mesma região de Erica Gabriel.

Dudu 2D – Estreante na política, disputou a eleição de vereador em 2016 ficando distante da vitória. Aliado de Jorge Miranda atua na área de Rocha Sobrinho.

Bunitão – Foi lançado para disputar os votos no bairro da Coréia.",tentar|resultado|candidatos|prefeito|jorge|das|lança|um|em|que|miranda|para|mesquita|eleições|da|se|não|município
74_12-12-18_16_27.csv,jornalpovo,"O Procon Estadual autuou 13 estabelecimentos comerciais em Nilópolis, nesta quinta-feira (19).
Abaixo, outros estabelecimentos autuadosDrogaria São Paulo (Estrada Getúlio Vargas, 1448): Ausência de preço em parte dos produtos expostos à venda.
Ausência de certificado de licença sanitária.Viggore (Estrada Getúlio Vargas, 1393): Ausência de certificado do Corpo de Bombeiros.
Valor do preço da parcela maior que o preço à vista.
Valor do preço da parcela maior que o preço à vista.",,"O Procon Estadual autuou 13 estabelecimentos comerciais em Nilópolis, nesta quinta-feira (19). Dentre os locais onde foram as constatadas irregularidades, estão cinco supermercados, lojas de eletrodomésticos, lanchonetes e um restaurante. Ao todo, 15 locais foram fiscalizados e 90kg e 580g de produtos impróprios ao consumo descartados.

Um dos autuados foi o supermercado da Rede Economia, onde os fiscais descartaram carnes que estavam sem barreiras de proteção,expostas à manipulação direta pelo consumidor. Foram constatados pontos de ferrugens na porta e nos trilhos da câmara de resfriados, além de piso rachado na câmara de carnes. Os agentes deram prazo de 15 dias para o reparo das irregularidades estruturais.

Já no restaurante Picanha na Brasa, foram encontrados produtos sem especificação de data de validade, entre batata frita, carne, linguiça e frango. Problemas estruturais e de higiene também foram anotados pelos fiscais, como a ausência de tela na área da churrasqueira, piso quebrado, acúmulo de gordura nas paredes, parede sem revestimento, ralo não sifonado e sem tela, câmara com bolor na porta, ferrugem e má vedação. Além disso, o local não possuía certificado de potabilidade da água nem de dedetização.

Na loja Mundo Verde (Estrada Getúlio Vargas, 1377), foi notificado por manter suas atividade com a ausência de certificado de dedetização. Ausência de alvará de funcionamento.Ausência de certificado do Corpo de Bombeiros. Ausência de certificado de potabilidade da água. Ausência de preços expostos à venda. Ausência do Livro de Reclamações.

Abaixo, outros estabelecimentos autuados



Drogaria São Paulo (Estrada Getúlio Vargas, 1448): Ausência de preço em parte dos produtos expostos à venda. Preços de medicamentos informados estavam desatualizados. Ausência de certificado de licença sanitária.Viggore (Estrada Getúlio Vargas, 1393): Ausência de certificado do Corpo de Bombeiros. Valor do preço da parcela maior que o preço à vista. Drogaria São Paulo (Estrada Getúlio Vargas, 1448): Ausência de preço em parte dos produtos expostos à venda. Preços de medicamentos informados estavam desatualizados. Ausência de certificado de licença sanitária.Viggore (Estrada Getúlio Vargas, 1393): Ausência de certificado do Corpo de Bombeiros. Valor do preço da parcela maior que o preço à vista. Lojas Cem (Estrada Mirandela, 280): Ausência do Livro de Reclamações.

Lojas Americanas (Estrada Mirandela, 290): Ausência de alvará de funcionamento.Ausência de certificado do Corpo de Bombeiros. Ausência do cartaz do Livro de Reclamações. Açougue Flor de Nilópolis (Estrada Mirandela, 528): Ausência do Livro de Reclamações. Ausência do Cartaz do Disque 151. Ausência de certificado do Corpo de Bombeiros. Ausência de certificado de potabilidade da água e dedetização. Problemas estruturais: área de manipulação de alimentos com o piso quebrado, câmaras com o piso rugoso e ferrugem. Prazo de 15 dias para reparo. Havia 31kg de carne moída exposta à venda. Rede Economia (Estrada Getúlio de Moura, 411): Produtos expostos à manipulação direta pelo consumidor sem barreiras de proteção: 12kg de carré, 32kg e 300g de acém. Problemas estruturais: pontos de ferrugens na porta e nos trilhos da câmara de resfriados e piso rachado na câmara de carnes. Prazo de 15 dias para reparo. Subway (Estrada Mirandela, 561): Ausência do Livro de Reclamações. Ausência de certificado do Corpo de Bombeiros. Ausência de certificado de potabilidade da água e dedetização. Açougue Paladares (Estrada Mirandela, 614): Ausência do Livro de Reclamações. Ausência do Cartaz do Disque 151. Ausência de certificado do Corpo de Bombeiros. Ausência de certificado de potabilidade da água e dedetização. Problemas estruturais: tendais enferrujados, chão rugoso, portal de madeira. Prazo de 15 dias para reparo. Havia 2kg e 600g de carne moída previamente e exposta a venda. Prezunic (Estrada Getúlio de Moura, 1591): Vencidos: 2kg e 130g de cogumelo inteiro em conserva. Problemas estruturais: pisos quebrados, parede e prateleiras com ferrugem, pallets de madeira e piso rugoso. Prazo de 15 dias para reparo. Vianense (Estrada Marechal Castelo Branco, 555): Problemas estruturais: pisos quebrados e ralo não sifonado e sem tela. Prazo de 15 dias para reparo. Havia 2kg de pão francês expostos a venda sem tela de proteção. Rio Antigo (Estrada Mirandela, 795): Ausência de alvará de funcionamento.Ausência de certificado de potabilidade da água. Ausência do cartaz do Livro de Reclamações. Ausência de certificado do Corpo de Bombeiros. Ausência de preço em produtos no caixa.",estabelecimentos|13|à|nilópolis|procon|em|certificado|corpo|estadual|sem|da|preço|livro|autua|ausência|bombeiros|estrada
74_12-12-18_16_27.csv,jornalpovo,"Diariamente, o CTR Rio recebe cerca de 10 mil toneladas de resíduos coletados em Seropédica, Itaguaí e Rio de Janeiro.
Segundo o secretário de Meio Ambiente Eleandro Valverde, o objetivo da operação era fiscalizar os resíduos que estavam sendo destinados ao aterro; fiscalizar os veículos que realizam o transporte de resíduos.
“ A empresa obtém autorização para usar, por exemplo, cinco caminhões e chega a utilizar cinquenta.
Segundo relatório da Organização Mundial da Saúde (OMS), a poluição causada por um litro de chorume equivale a 100 litros de esgoto doméstico.
CTR da Ciclus recebe os resíduos dos municípios de Seropédica, Itaguaí e do Rio de Janeiro.",,"Uma operação deflagrada pela Secretaria Municipal de Meio Ambiente e Agronegócios de Seropédica, com apoio da Polícia Militar e de órgãos de fiscalização tributária e da Ordem Pública, realizada na manhã de ontem, flagrou uma série de irregularidades e práticas de crime ambiental no transporte de resíduos feito por carretas para o lixão da cidade, que é administrado pela Ciclus, empresa responsável pela Central de Tratamento de Resíduos instalada na cidade.

Diariamente, o CTR Rio recebe cerca de 10 mil toneladas de resíduos coletados em Seropédica, Itaguaí e Rio de Janeiro.

Segundo o secretário de Meio Ambiente Eleandro Valverde, o objetivo da operação era fiscalizar os resíduos que estavam sendo destinados ao aterro; fiscalizar os veículos que realizam o transporte de resíduos. No âmbito do município, afim de verificar se estão instalados os equipamentos compatíveis com o tipo de resíduo que esteja transportando; observar se as empresas transportadoras possuem a devida licença ambiental e se os veículos estão cadastrados nos programas de autocontrole de fumaça preta e; finalmente, fiscalizar a questão do pagamento de tributos e taxas dos resíduos recebidos no aterro.

O secretário explicou que é uma prática ilegal que vem se tornando comum, e que a empresa transportadora licencia junto ao INEA e outros órgãos competentes uma quantidade mínima de veículos para realizar o transporte, e realiza o trabalho através de terceirização, utilizando a mesma licença. “ A empresa obtém autorização para usar, por exemplo, cinco caminhões e chega a utilizar cinquenta. Ou seja, dez vezes mais” explicou Eleandro.

A operação realizada ontem, que chegou a parar o trânsito no Arco Metropolitano, constatou irregularidades em 90% dos caminhões e carretas que foram paralisados. O principal e mais frequente deles era o vazamento de chorume, em razão das condições indevidas de transporte, espalhando sujeira, doenças e um forte odor por toda cidade.

O chorume é uma substância líquida que resulta do processo de apodrecimento de materiais orgânicos e é muito encontrado em lixões e aterros sanitários. Segundo relatório da Organização Mundial da Saúde (OMS), a poluição causada por um litro de chorume equivale a 100 litros de esgoto doméstico.

O subsecretário de Meio Ambiente Antonio Pedregal apontou os caminhões vazando chorume e outros detritos e garantiu que a prefeitura realizará novas operações afim de coibir a realização de transporte de resíduo de forma irregular. “Diante dos graves prejuízos que o derramamento de chorume por caminhões de lixo tem provocado no solo em nossa cidade, vamos endurecer em ações que visam punir os responsáveis por este problema.” declarou Pedregal

Pedregal explica que os caminhões de lixo possuem um local de armazenamento dentro do veículo para que o chorume seja depositado. Mas, sem a manutenção adequada, o líquido começa a vazar para as ruas.

“O sistema tem que ter a manutenção constante. Tem uma válvula de retenção nesse tanque”, afirma.

Ciclus já foi multada por vazar chorume em córrego

A empresa que deveria fiscalizar o transporte deste resíduo e evitar problemas como o derramamento de chorume nas estradas, vem desde que assumiu o lixão representando um problema para a população. Em outra ocasião, a Ciclus, empresa responsável pelo Centro de Tratamento de Resíduos de Seropédica, foi multada pelo Inea em R$ 5,7 milhões por vazamento de chorume, líquido que sai do lixo, para um córrego e para o reservatório subterrâneo de água.

A ação realizada pela prefeitura não contou com a boa vontade da empresa, que durante o tempo de permanência de nossa equipe no local chegou a impedir o acesso de fiscais da prefeitura no interior do lixão, para acompanhar o despejo dos resíduos.

Segundo o secretário Eleandro, as empresas e responsáveis serão devidamente autuados das irregularidades encontradas na fiscalização.

A Secretaria de Meio Ambiente e Agronegócios de Seropédica também pretende enviar um relatório detalhado ao INEA solicitando providências e punições aos responsáveis.

CTR da Ciclus recebe os resíduos dos municípios de Seropédica, Itaguaí e do Rio de Janeiro. O projeto da CTR conta com: aterro sanitário bioenergético, estação de tratamento de chorume para transformação em água de reuso, unidades de beneficiamento de entulho da construção civil e de podas de árvores, viveiros de mudas de espécies nativas da Mata Atlântica, laboratórios e Centro de Educação Ambiental.

Graves problemas para saúde da população

O aumento no número de casos de doenças respiratórias constatado por moradores da cidade de Seropédica e em Itaguaí, desde a implantação de um aterro sanitário gerido pela empresa Ciclus, não é mera coincidência, segundo especialistas. Os efeitos sobre a saúde pública serão sentidos em médio e longo prazos, com danos muitas vezes irreparáveis. “É uma bomba relógio. O chorume tem por característica carregar metais pesados, que são absorvidos pelo organismo humano e não são eliminados, em um processo chamado de bioacumulação. Isso pode causar danos a longo prazo à saúde humana” comentou Cícero Pimenteira, doutor em Planejamento Ambiental pela Universidade Federal do Rio de Janeiro (UFRJ), em matéria publicada pela Agencia Brasil.

A iniciativa da Secretaria Municipal de Meio Ambiente é extremante benéfica para a população. Segundo o subsecretario Antonio Pedregal, a poluição tende a se espalhar por toda a região “É preciso levar em consideração que o material que vaza desses caminhões, ao passarem em frente das casas, caindo sobre o asfalto e o barro, provocam a evaporação deste chorume , que tem outros metais e inclusive amônia” disse muito preocupado.",irregularidades|os|é|chorume|um|em|que|por|para|lixão|detritos|da|combate|transporte|seropédica|resíduos|operação
74_12-12-18_16_27.csv,jornalpovo,"“ O objetivo era regularizar a situação de contribuintes que aumentaram a área construída de seus imóveis sem autorização da prefeitura.
A data para os 5% de desconto também foi alterada para o dia 16 de abril, uma segunda-feira.
Presidente da Câmara vai a justiça para suspender cobrançaO Presidente da Câmara municipal de Mesquita Marcelo Biriba disse que vai a Justiça para suspender a cobrança do IPTU.
Mas o que parece todo mundo recebeu o carnê do ano com um novo valor.
A taxa para pagamento em cota única subiu de R$ 715,00 no ano passado para R$ 1.",,"Subsecretário de Fazenda, o Policial Civil Alexandre Ferraz o DOCA , diz que reclamações de usuários não passaram de “falácias e fofocas” e que cobrança de 400% é um erro da administração passada

O Prefeito de Mesquita Jorge Miranda, acompanhado do subsecretário de Governo, Planejamento , Fazenda e Administração, o policial civil Alexandre Ferraz , conhecido como Doca, concederam uma entrevista a uma radio local para prestar esclarecimento, sobre o que definiram como “falácias e fofocas” do IPTU 2018

Segundo o prefeito , houveram pequenos problemas no sistema no momento de gerar o carne do IPTU, que apresentou uma falha de inconsistência, mas que não teria atingido o percentual de 3% das residências da cidade, e que já teria sido corrigido.

Se contradizendo um pouco de sua fala inicial, Miranda também disse que os aumentos registrados no IPTU aconteceu em razão da aplicação de um levantamento aerofotogramétrico, que detectou alterações nos imóveis da cidade , que continham ampliações e novas construções não registradas na prefeitura , gerando assim uma correção automática no valor do IPTU. “ O objetivo era regularizar a situação de contribuintes que aumentaram a área construída de seus imóveis sem autorização da prefeitura. As imagens foram feitas a partir de um avião equipado com câmeras de alta definição para o registro fotográfico preciso do município” disse o prefeito

A mesma informação também foi dada pelo Subsecretário Governo, Planejamento , Fazenda e Administração, o policial civil Alexandre Ferraz , o Doca , que também acrescentou que não houve aumento no taxa , mas um reajuste de 2,8% e também atribuiu ao levantamento feito através do estudo para a elevação absurda dos valores cobrados ao contribuinte.

A todo momento os novos gestores eleitos em 2016 e empossados janeiro de 2017, tentam atribuir a responsabilidade desde estudo , que gerou o aumento ao governo anterior, sem explicar mos motivos que levaram a aplicação destas mudanças sem que fosse feita uma avaliação mais criteriosa “O georreferenciamento estava pronto desde 2015 e é feito a partir de imagens aéreas, registradas por satélite, para avaliar se a medição dos imóveis está atualizada ou se houve alguma alteração promovida. Quando é constatada a diferença, as informações são confirmadas a partir de visitas a esses estabelecimentos”, explicou o policial civil Alexandre Ferraz, subsecretário municipal de Administração e atualmente designado para atuar na Secretaria Municipal de Fazenda de Mesquita, sem esclarecer entretanto se foram feitas as visitas de verificação e por que tiveram tantos erros

Temendo uma queda brusca na arrecadação, já registrada no mês de janeiro, com esta situação o governo de Mesquita, por recomendação da Procuradoria Geral do Município, ampliou o prazo para desconto de 15% no pagamento em cota única do IPTU. Agora, as guias com vencimento até o dia 31 de janeiro podem ser pagas até o dia 29 de março, sem a necessidade de impressão de um novo boleto. O objetivo é oferecer aos contribuintes mesquitenses um prazo mais flexível, já que muitos carnês tiveram atraso na entrega efetuada pelos Correios. A data para os 5% de desconto também foi alterada para o dia 16 de abril, uma segunda-feira.

Presidente da Câmara vai a justiça para suspender cobrança

O Presidente da Câmara municipal de Mesquita Marcelo Biriba disse que vai a Justiça para suspender a cobrança do IPTU. Biriba disse que a prefeitura tem que rever os cálculos ou cobrar o mesmo valor do ano passado, uma vez que não tramitou na Camara nenhuma proposta do poder executivo para reajuste do imposto “ Eles alegam que a correção foi feita apartir de um estudo que detectou aumento nas medições. Mas o que parece todo mundo recebeu o carnê do ano com um novo valor. Então em todas as residências em Mesquita foram feitas obras de ampliação” questionou o vereador

O vereador suspeita que a suposta nova mediação seja uma forma de mascarar um aumento na alíquota do imposto , que tem que ser discutida e aprovada pela maioria dos vereadores “ Não bastasse o total abandono vivido em Mesquita , com crise na saúde, Unidade Mario Bento fechada há mais de um ano, lixos e entulhos espalhados em toda cidade, paralisação dos programas sociais, a população de Mesquita teve uma surpresa bastante desagradável neste inicio do ano. Um aumento absurdo no valor do IPTU. Estou achando muito estranha esta conversa de aumento de medição , acho que eles tentaram reajustar o IPTU sem a aprovação dos vereadores.Não seria a primeira vez que agiriam desta forma” concluiu

O que diz o Presidente Biriba, foi o que constatamos na ruas da cidade: Revolta e perplexidade diante da situação. E o caso da cozinheira Márcia , vendedora de Quentinha do Cantinho do sabor , que levou um susto quando recebeu mês da prefeitura de Mesquita , o carnê de pagamento do Imposto Predial e Territorial Urbano (IPTU) referente a casa onde mora, na Pereira Reis , no bairro de Edson Passos . A taxa para pagamento em cota única subiu de R$ 715,00 no ano passado para R$ 1. 727 neste ano. “ Não tenho a menor condição de pagar este imposto. Não sei o que este prefeito quer. Estamos abandonados, falta tudo nesta cidade “ esbravejou

E o mesmo caso do aposentado José Cicero, morador na mesma rua , que viu seu imposto subir de R$ 515,00 para R$ 2.745,00 .

A situação é tão louca e fora de controle, que a dona de casa Vanja Garcia Duarte, que esta com sua casa interditada pela Defesa Civil , recebeu um IPTU de 1638,00 “ Moro de favor na casa de parentes, não tenho dinheiro para demolir a minha casa , que foi interditada e agora recebo este absurdo de imposto para pagar” protestou muito chateada

Mas existem situações piores. Na Chatuba, bairro mais populoso e carente do município, o IPTU de uma casa na Rua Nossa Senhora de Monte Serrat, 179, teve o valor de IPUT majorado de R$ 1,072,00 mo ano passado, para R$ 4.081,69, o que transforma o valor do metro quadrado cobrado ao morador da Chatuba , maior do que os valores praticados pela Prefeitura do Rio , nas regiões da barra da Tijuca e Recreio dos Bandeirante",uma|iptu|prefeito|diz|ano|um|aumento|em|que|mau|para|mesquita|foi|entendido|da|não|apenas
74_12-12-18_16_27.csv,jornalpovo,"Foi assim que mais de 500 beneficiados pelo projeto da Fundação Leão XIII saíram da sede da União Futebol Clube na manhã de ontem,da entrega dos óculos gratuitos.
“Eu estava usando óculos que me davam dor de cabeça.
No total, segundo a Fundação Leão XIII, foram confeccionados 609 óculos gratuitos.
Para o diretor da Fundação Leão XIII Rogério Sant’Ana o projeto não só ajuda a população que necessita do serviço, mas também dá visibilidade ao problema que é a dificuldade de enxergar.
“O programa é legal porque pode oferecer a quem não tem como pagar não só exame, mas também os óculos prontos.",,"Com um Novo Olhar e uma nova esperança . Foi assim que mais de 500 beneficiados pelo projeto da Fundação Leão XIII saíram da sede da União Futebol Clube na manhã de ontem,da entrega dos óculos gratuitos. A distribuição, que começou às 10 h, contou com a presença do do Diretor de Social da Fundação Leão XIII Rogério Sant´Ana e de servidores da Fundação para Infância e Adolescência (FIA) e da Fundação Leão XIII, que entregaram os óculos para as pessoas que fizeram seus exames de vista durante a a edição do projeto Novo Olhar, realizado no município de Mesquita no mês de março.Esta foi a segunda vez qe o projeto Novo Olhar foi realizado em Mesquita , em atendimento a indicação legislativa feita pela Deputada Daniele Guerreiro

–



“Eu fiz o exame de vista várias vezes, mas não tinha dinheiro para confeccionar meus óculos. De longe eu não enxergava nada. Agora estou enxergado muito melhor. Até as cores, que antes eram meio apagadas, ficaram mais vivas”, comemorou Vivian Pinho Bezerra. Manoel Assis m, morador da rua Tupiara na Cahatuba, disse que estava há três anos precisando de fazer um óculos e o projeto resolveu seu problema

A dona de casa Bia , moradora em Santa Terezinha, saiu feliz com os novos óculos. “Eu estava usando óculos que me davam dor de cabeça. Agora vou voltar a enxergar bem novamente”, comemorou.

Além de terem feito o exame de vista de graça no dia 10 de dezembro, todos os pacientes atendidos pelo projeto tiveram também a oportunidade de escolher, entre vários modelos, a armação que mais se adequava ao formato do seu rosto. No total, segundo a Fundação Leão XIII, foram confeccionados 609 óculos gratuitos.



Para o diretor da Fundação Leão XIII Rogério Sant’Ana o projeto não só ajuda a população que necessita do serviço, mas também dá visibilidade ao problema que é a dificuldade de enxergar. “O programa é legal porque pode oferecer a quem não tem como pagar não só exame, mas também os óculos prontos. Isso demonstra que está havendo uma aproximação com a sociedade civil. Esse é o nosso objetivo.”, afirmou o gestor.

Quem não pode comparecer ao Clube União pode retirar seus óculos no Nucleo da Fundação Leão XIII em Mesquita O atendimento no local é feito das 8 às 11 e das 13 às 17 h. Para apanhar os óculos é preciso levar o protocolo de atendimento e um documento de identificação, preferencialmente a Carteira de Identidade.",xiii|leão|fundação|é|novo|os|em|que|projeto|óculos|mesquita|olhar|500|entrega|da|mais|gratuitos|não
74_12-12-18_16_27.csv,jornalpovo,"DENUNCIA.Mais um descaso na saúde da cidade de Mesquita na Baixada Fluminense.Catarina Silva, comerciante, moradora do bairro da Coréia, aguarda ha um ano pelo programa Saúde em Casa da prefeitura de Mesquita.Sua filha de 36 anos sofreu um AVE hemorrágico, ela procurou a secretaria de saúde da cidade, e não obteve resposta alguma.Confira a reportagem de Maicon Salles.",,"DENUNCIA.Mais um descaso na saúde da cidade de Mesquita na Baixada Fluminense.Catarina Silva, comerciante, moradora do bairro da Coréia, aguarda ha um ano pelo programa Saúde em Casa da prefeitura de Mesquita.Sua filha de 36 anos sofreu um AVE hemorrágico, ela procurou a secretaria de saúde da cidade, e não obteve resposta alguma.Confira a reportagem de Maicon Salles.",saúde|secretaria|cidade|um|nas|utilizado|reportagem|pesquisas|silva|salles|lab|da|resposta|entomologia|sofreu
74_12-12-18_16_28.csv,jornalpovo,"DENUNCIA.Mais um descaso na saúde da cidade de Mesquita na Baixada Fluminense.Catarina Silva, comerciante, moradora do bairro da Coréia, aguarda ha um ano pelo programa Saúde em Casa da prefeitura de Mesquita.Sua filha de 36 anos sofreu um AVE hemorrágico, ela procurou a secretaria de saúde da cidade, e não obteve resposta alguma.Confira a reportagem de Maicon Salles.",,"DENUNCIA.Mais um descaso na saúde da cidade de Mesquita na Baixada Fluminense.Catarina Silva, comerciante, moradora do bairro da Coréia, aguarda ha um ano pelo programa Saúde em Casa da prefeitura de Mesquita.Sua filha de 36 anos sofreu um AVE hemorrágico, ela procurou a secretaria de saúde da cidade, e não obteve resposta alguma.Confira a reportagem de Maicon Salles.",saúde|dni|secretaria|cidade|um|reportagem|silva|salles|da|resposta|sofreu
74_12-12-18_16_28.csv,jornalpovo,"DENUNCIA.Mais um descaso na saúde da cidade de Mesquita na Baixada Fluminense.Catarina Silva, comerciante, moradora do bairro da Coréia, aguarda ha um ano pelo programa Saúde em Casa da prefeitura de Mesquita.Sua filha de 36 anos sofreu um AVE hemorrágico, ela procurou a secretaria de saúde da cidade, e não obteve resposta alguma.Confira a reportagem de Maicon Salles.",,"DENUNCIA.Mais um descaso na saúde da cidade de Mesquita na Baixada Fluminense.Catarina Silva, comerciante, moradora do bairro da Coréia, aguarda ha um ano pelo programa Saúde em Casa da prefeitura de Mesquita.Sua filha de 36 anos sofreu um AVE hemorrágico, ela procurou a secretaria de saúde da cidade, e não obteve resposta alguma.Confira a reportagem de Maicon Salles.",saúde|secretaria|cidade|um|reportagem|silva|20180204181550732|salles|da|resposta|sofreu
74_12-12-18_16_28.csv,jornalpovo,"DENUNCIA.Mais um descaso na saúde da cidade de Mesquita na Baixada Fluminense.Catarina Silva, comerciante, moradora do bairro da Coréia, aguarda ha um ano pelo programa Saúde em Casa da prefeitura de Mesquita.Sua filha de 36 anos sofreu um AVE hemorrágico, ela procurou a secretaria de saúde da cidade, e não obteve resposta alguma.Confira a reportagem de Maicon Salles.",,"DENUNCIA.Mais um descaso na saúde da cidade de Mesquita na Baixada Fluminense.Catarina Silva, comerciante, moradora do bairro da Coréia, aguarda ha um ano pelo programa Saúde em Casa da prefeitura de Mesquita.Sua filha de 36 anos sofreu um AVE hemorrágico, ela procurou a secretaria de saúde da cidade, e não obteve resposta alguma.Confira a reportagem de Maicon Salles.",saúde|secretaria|cidade|um|reportagem|silva|salles|da|resposta|sofreu
74_12-12-18_16_28.csv,jornalpovo,"DENUNCIA.Mais um descaso na saúde da cidade de Mesquita na Baixada Fluminense.Catarina Silva, comerciante, moradora do bairro da Coréia, aguarda ha um ano pelo programa Saúde em Casa da prefeitura de Mesquita.Sua filha de 36 anos sofreu um AVE hemorrágico, ela procurou a secretaria de saúde da cidade, e não obteve resposta alguma.Confira a reportagem de Maicon Salles.",,"DENUNCIA.Mais um descaso na saúde da cidade de Mesquita na Baixada Fluminense.Catarina Silva, comerciante, moradora do bairro da Coréia, aguarda ha um ano pelo programa Saúde em Casa da prefeitura de Mesquita.Sua filha de 36 anos sofreu um AVE hemorrágico, ela procurou a secretaria de saúde da cidade, e não obteve resposta alguma.Confira a reportagem de Maicon Salles.",saúde|secretaria|cidade|um|reportagem|silva|salles|da|resposta|dsc_6561|sofreu
74_12-12-18_16_28.csv,jornalpovo,"DENUNCIA.Mais um descaso na saúde da cidade de Mesquita na Baixada Fluminense.Catarina Silva, comerciante, moradora do bairro da Coréia, aguarda ha um ano pelo programa Saúde em Casa da prefeitura de Mesquita.Sua filha de 36 anos sofreu um AVE hemorrágico, ela procurou a secretaria de saúde da cidade, e não obteve resposta alguma.Confira a reportagem de Maicon Salles.",,"DENUNCIA.Mais um descaso na saúde da cidade de Mesquita na Baixada Fluminense.Catarina Silva, comerciante, moradora do bairro da Coréia, aguarda ha um ano pelo programa Saúde em Casa da prefeitura de Mesquita.Sua filha de 36 anos sofreu um AVE hemorrágico, ela procurou a secretaria de saúde da cidade, e não obteve resposta alguma.Confira a reportagem de Maicon Salles.",saúde|secretaria|cidade|um|reportagem|silva|1__mg_71485730007|salles|da|resposta|sofreu
74_12-12-18_16_28.csv,jornalpovo,"DENUNCIA.Mais um descaso na saúde da cidade de Mesquita na Baixada Fluminense.Catarina Silva, comerciante, moradora do bairro da Coréia, aguarda ha um ano pelo programa Saúde em Casa da prefeitura de Mesquita.Sua filha de 36 anos sofreu um AVE hemorrágico, ela procurou a secretaria de saúde da cidade, e não obteve resposta alguma.Confira a reportagem de Maicon Salles.",,"DENUNCIA.Mais um descaso na saúde da cidade de Mesquita na Baixada Fluminense.Catarina Silva, comerciante, moradora do bairro da Coréia, aguarda ha um ano pelo programa Saúde em Casa da prefeitura de Mesquita.Sua filha de 36 anos sofreu um AVE hemorrágico, ela procurou a secretaria de saúde da cidade, e não obteve resposta alguma.Confira a reportagem de Maicon Salles.",saúde|1_04_armas5735547|secretaria|cidade|um|reportagem|silva|salles|da|resposta|sofreu
74_12-12-18_16_28.csv,jornalpovo,"DENUNCIA.Mais um descaso na saúde da cidade de Mesquita na Baixada Fluminense.Catarina Silva, comerciante, moradora do bairro da Coréia, aguarda ha um ano pelo programa Saúde em Casa da prefeitura de Mesquita.Sua filha de 36 anos sofreu um AVE hemorrágico, ela procurou a secretaria de saúde da cidade, e não obteve resposta alguma.Confira a reportagem de Maicon Salles.",,"DENUNCIA.Mais um descaso na saúde da cidade de Mesquita na Baixada Fluminense.Catarina Silva, comerciante, moradora do bairro da Coréia, aguarda ha um ano pelo programa Saúde em Casa da prefeitura de Mesquita.Sua filha de 36 anos sofreu um AVE hemorrágico, ela procurou a secretaria de saúde da cidade, e não obteve resposta alguma.Confira a reportagem de Maicon Salles.",saúde|secretaria|cidade|um|reportagem|dsc_0118|silva|salles|da|resposta|sofreu
74_12-12-18_16_28.csv,jornalpovo,"DENUNCIA.Mais um descaso na saúde da cidade de Mesquita na Baixada Fluminense.Catarina Silva, comerciante, moradora do bairro da Coréia, aguarda ha um ano pelo programa Saúde em Casa da prefeitura de Mesquita.Sua filha de 36 anos sofreu um AVE hemorrágico, ela procurou a secretaria de saúde da cidade, e não obteve resposta alguma.Confira a reportagem de Maicon Salles.",,"DENUNCIA.Mais um descaso na saúde da cidade de Mesquita na Baixada Fluminense.Catarina Silva, comerciante, moradora do bairro da Coréia, aguarda ha um ano pelo programa Saúde em Casa da prefeitura de Mesquita.Sua filha de 36 anos sofreu um AVE hemorrágico, ela procurou a secretaria de saúde da cidade, e não obteve resposta alguma.Confira a reportagem de Maicon Salles.",saúde|secretaria|cidade|um|reportagem|xcidadejpegjpgpagespeedicwfbsmhbvrs|silva|salles|da|resposta|sofreu
74_12-12-18_16_28.csv,jornalpovo,"DENUNCIA.Mais um descaso na saúde da cidade de Mesquita na Baixada Fluminense.Catarina Silva, comerciante, moradora do bairro da Coréia, aguarda ha um ano pelo programa Saúde em Casa da prefeitura de Mesquita.Sua filha de 36 anos sofreu um AVE hemorrágico, ela procurou a secretaria de saúde da cidade, e não obteve resposta alguma.Confira a reportagem de Maicon Salles.",,"DENUNCIA.Mais um descaso na saúde da cidade de Mesquita na Baixada Fluminense.Catarina Silva, comerciante, moradora do bairro da Coréia, aguarda ha um ano pelo programa Saúde em Casa da prefeitura de Mesquita.Sua filha de 36 anos sofreu um AVE hemorrágico, ela procurou a secretaria de saúde da cidade, e não obteve resposta alguma.Confira a reportagem de Maicon Salles.",saúde|secretaria|cidade|um|reportagem|silva|xcaveiraojpegjpgpagespeedicirliasuoug|salles|da|resposta|sofreu
