Timestamp,Source,Summary,Authors,Text,Keywords
77_12-12-18_16_28.csv,nosso,"Na França“Cada agressão contra um cidadão por ser judeu ecoa como um novo vidro partido”, escreveu o primeiro-ministro Edouard Philippe no Facebook no dia em que passam 80 anos sobre a Noite de Cristal.
Neste contexto, em que as crises econômicas dão brecha para o surgimento do discurso de ódio, a comunidade judaica está atenta.
Como é que ainda há brechas no vazio do ser humano para que aquele horror se manifeste, ainda que de forma fracionada?
“O risco existe porque é algo que está no ser humano, algo que é historicamente certificado.
“Dezenas de milhares de judeus se mudaram, dentro da França, em anos recentes”, configurando um êxodo interno.",Denise Wasserman|Sobre O Autor A|Publicado Por,"No último dia 9, a Alemanha e a Áustria lembraram o “Kristallnacht” (Noite dos Cristais), uma onda de assassinatos, saques e destruição de propriedades judaicas iniciada no dia 9 de novembro de 1983. O nome é uma referência aos cacos de vidro que eram vistos nas ruas do lado de fora de sinagogas e de estabelecimentos comerciais ou residências de judeus.

Na Alemanha

“A Alemanha tem o dever moral de conter o crescimento do antissemitismo”, disse a chanceler alemã, Angela Merkel, na última sexta-feira durante discurso comovente em uma sinagoga de Berlim para marcar o 80º aniversário da onda de ataques nazistas contra judeus.

Vestida de preto, Merkel disse que a violência contra judeus, atribuída a militantes de extrema-direita ou a muçulmanos, está crescendo na Alemanha de hoje, oito décadas depois.

“A vida judaica está florescendo novamente na Alemanha –um presente inesperado para nós após o Shoah”, disse a líderes judeus, utilizando a palavra em hebreu para o Holocausto. “Mas, também estamos testemunhando um preocupante antissemitismo que ameaça a vida judaica em nosso país.”

Pouco antes do discurso de Merkel, um tribunal de recursos de Berlim reverteu uma decisão da polícia de proibir a realização de uma marcha de extrema-direita na capital.

A polícia havia proibido o evento, afirmando que seria inaceitável realizar uma manifestação de extrema-direita no mesmo dia em que o resto do país está homenageando vítimas da violência nazista.

A corte, por outro lado, reverteu a decisão com base nos direitos constitucionais de liberdade de expressão e de reunião. Uma manifestação oposta, liderada por grupos de esquerda, também foi planejada.

Na França

“Cada agressão contra um cidadão por ser judeu ecoa como um novo vidro partido”, escreveu o primeiro-ministro Edouard Philippe no Facebook no dia em que passam 80 anos sobre a Noite de Cristal.

O número de ataques antissemita na França subiu quase 70% nos primeiros nove meses do ano, disse o primeiro-ministro, num texto publicado na última sexta-feira na rede social Facebook.

“Cada agressão contra um cidadãos por ser judeu ecoa como um novo vidro partido”, disse o chefe do Governo referindo-se à Noite de Cristal, quando há exatamente 80 anos as lojas dos judeus e as sinagogas foram destruídas na Alemanha.

“Porquê recordar, em 2018, uma memória tão dolorosa? Porque estamos muito longe de acabar com o antissemitismo”, escreve Philippe, mencionando os números “implacáveis” dos ataques antissemitas no país desde o início de 2018.

No Canadá

Primeiro-ministro se desculpa por país não ter permitido desembarque de mais de 900 judeus alemães que fugiam do nazismo em 1939, pouco antes da Segunda Guerra. Deles, mais de 250 morreram durante o Holocausto.

O primeiro-ministro canadense, Justin Trudeau, se desculpou formalmente, em nome de seu país, pela recusa do Canadá em aceitar centenas de refugiados judeus que fugiam da Alemanha nazista pouco antes do início da Segunda Guerra Mundial.

“Lamentamos a insensibilidade da resposta do Canadá. Nós nos recusamos a ajudá-los quando podíamos tê-lo feito. Contribuímos para selar os destinos cruéis de muitos deles em lugares como Auschwitz, Treblinka e Belzec”, disse ele na última quarta-feira (8), em discurso na Câmara dos Comuns, em Ottawa.

Cuba e os Estados Unidos rejeitaram os 907 judeus alemães que estavam a bordo do navio alemão MS St. Louis, antes de eles tentarem desembarcar no Canadá em 1939. O navio foi obrigado a retornar à Europa, e 254 passageiros da embarcação foram mortos pelos nazistas durante o Holocausto.

“Lamentamos por não nos termos pedido desculpas antes”, afirmou o premiê, acrescentando que os políticos canadenses da época recusaram o desembarque porque eram antissemitas.

Pouco antes de fazer o pedido de desculpas, Trudeau havia se encontrado com Ana Maria Gordon, uma das sobreviventes daquela trágica viagem do MS St. Louis e que hoje vive no Canadá.

Falando para jornalistas, Trudeau citou o massacre de 27 de outubro numa sinagoga em Pittsburgh, nos EUA – quando 11 judeus foram mortos por um atirador durante uma cerimônia religiosa –, classificando o incidente de uma “trágica lembrança” da existência do antissemitismo.

“Negadores do Holocausto ainda existem. O antissemitismo ainda é presente demais”, frisou o premiê. “Discriminação e violência contra judeus no Canadá e ao redor do mundo continuam em ritmo alarmante.”

De acordo com a organização judaica B’nai B’rith, incidentes com motivação antissemita atingiram no Canadá um número recorde de 1.752 em 2017, o dobro do registrado no ano anterior.

Na Itália

Membros da comunidade judaica temem que a retomada do antissemitismo volte a ser um incômodo a

ponto de impedir a vida em alguns países

Em um momento em que a intolerância volta a rondar a Europa, membros da comunidade judaica temem que a retomada do antissemitismo volte a ser um incômodo a ponto de impedir a vida em alguns países. Um deles é a Itália, cuja comunidade não se esquece do fatídico dia 16 de outubro de 1943.

Na ocasião, conforme informou a Euronews, em série de artigos sobre a intolerância, durante a ocupação de Roma, os alemães reuniram os judeus da cidade, moradores ou não do gueto, e os deportou para o campo de concentração de Auschwitz. Eram mais de mil pessoas e apenas 16 retornaram. Veneza era outra cidade italiana que tinha gueto.

Neste contexto, em que as crises econômicas dão brecha para o surgimento do discurso de ódio, a comunidade judaica está atenta. Ativa, mantém a memória da repressão contra os judeus com filmes, livros, palestras. Para evitar que o esquecimento e o passado sejam repetidos, conforme afirma a reportagem da publicação europeia.

O episódio em Roma ilustra bem a forma com que o antissemitismo se espalhou na Europa, intensificando-se ainda mais naqueles anos 30 e 40.

A essência da macabra reunião de Roma e a violenta Noite dos Cristais (1938), quando lojas e estabelecimentos de proprietários judeus foram destruídos, é a mesma. E pode estar voltando aqui e ali, em atos ainda isolados, mas que não só assustam mas deixam os defensores dos direitos humanos incrédulos.

Como é que ainda há brechas no vazio do ser humano para que aquele horror se manifeste, ainda que de forma fracionada? É a pergunta que se fazem. Claudio Procaccia, responsável pelos eventos culturais da comunidade judaica romana, admite a possibilidade de o racismo ou a perseguição a grupos retornar.

“O risco existe porque é algo que está no ser humano, algo que é historicamente certificado. E assim, durante o período da crise, que não é apenas econômica, é uma crise de valores, a partir do qual a crise econômica, obviamente, o fenômeno destrava e até mesmo aumenta exponencialmente.”

Ruth Dureghello, presidente da comunidade judaica romana, destaca a permanente busca do “bode expiatório” que possa ser alvo de todas as projeções de angústia e frustração, sejam eles judeus ou de outras comunidades do mundo.

“O ‘inimigo’ muda, cada vez há um novo inimigo para atacar, insultar. Nós somos os ” diferentes”, por isso fomos e às vezes somos vítimas desse ódio. Mas temos que neutralizar esse ódio, não importa quem seja a vítima, pode ser um cigano, um gay ou uma pessoa com deficiência, como já aconteceu. A diferença é uma desculpa para perseguir uma pessoa.”

Insegurança na Europa

Um relatório global sobre antissemitismo, divulgado pelo centro de estudos Kantor Center, da Universidade de Tel Aviv, detectou um sentimento dominante de insegurança entre os judeus que vivem na Europa, “que se tornou mais intenso depois do assassinato de duas mulheres em suas residências em Paris”.

Em decorrência disso, afirma o estudo, muitos judeus estão evitando usar símbolos religiosos que os identifiquem em público ou mesmo frequentar sinagogas em feriados judaicos.

“Dezenas de milhares de judeus se mudaram, dentro da França, em anos recentes”, configurando um êxodo interno. Segundo o estudo, eles justificaram sua decisão com as palavras: “Tivemos de nos mudar porque somos judeus”.

“A atmosfera antissemítica se tornou uma questão de debate público”, afirma o relatório, que situa o tema “dentro de um triângulo formado pelo constante avanço da extrema direita, um discurso de ódio antissionista na esquerda, acompanhado de duras expressões antissemíticas, e o islamismo radical”.

O relatório detectou um moderado recuo nos casos de violência antissemítica de 2016 para 2017, mas afirma que esse recuo é “ofuscado por um aumento dramático em todas as formas de manifestações antissemíticas, muitas das quais nem mesmo são relatadas, principalmente ameaças em escolas e nas mídias sociais”.

O relatório também afirma que expressões do antissemitismo tradicional clássico estão de volta, mencionando como exemplo o uso da palavra judeu como um palavrão.

“Ainda não há uma resposta clara a questões se a ascensão de partidos de direita eurocéticos e anti-imigração está causando mais antissemitismo, ou se os recém-chegados à Europa de 2016 elevaram o nível de criminalidade e antissemitismo em 2017.”

Os últimos meses de 2017 – e também em 2018 – foram claramente marcados por incidentes de violência antissemítica, afirma o Kantor Center, apontando que o polêmico reconhecimento de Jerusalém como capital de Israel, feito pelo presidente dos EUA, Donald Trump, foi frequentemente usado como pretexto para tais ataques, em todo o mundo.

“Esses incidentes não necessariamente se originam de círculos e países muçulmanos ou árabes, mas de uma variedade de círculos e países, da maior parte do espectro político, incluindo grupos de esquerda”, afirma o relatório.

O documento afirma que o recente fortalecimento da extrema direita em vários países da Europa foi acompanhado por slogans e símbolos que lembram o período de 1930, apesar das diferenças significativas entre os dois períodos.

O Kantor Center ressalvou que a ascensão política e eleitoral da extrema direita não deve desviar a atenção do crescente antissemitismo na esquerda, “que apoia atitudes muçulmanas radicais contra Israel, e certamente no Partido Trabalhista britânico liderado por Jeremy Corbin”.

“Quanto mais o tempo passa, e a Segunda Guerra Mundial e o Holocausto se tornam um passado distante, mais cai o comprometimento com Israel e a segurança judaica, especialmente entre as gerações do pós-Guerra”, afirma o relatório.

O relatório de 105 páginas disseca a propagação do antissemitismo na Europa, na região pós-soviética, nos EUA, Canadá, Austrália, América do Sul e África do Sul. Ele registra 327 grandes incidentes de violência, vandalismo e profanação em 2017, comparado com um pico de 1.118 em 2009 e uma baixa de 78 em 1989, ano em que o estudo começou.

30% dos ataques foram direcionados a indivíduos, 20% em cemitérios e memoriais e 17% em sinagogas

Dr. Moshe Kantor, presidente do Congresso Judaico Europeu e fundador do Kantor Center, que representa comunidades judaicas europeias democraticamente eleitas em toda a Europa, disse que o antissemitismo está se tornando crescente.

“Em muitas partes da Europa, comunidades e instituições judaicas só podem operar sob rígidas medidas de segurança. Cercas, vigilância e proteção policial e militar tornaram-se parte de nossas vidas diárias. ”

“ Paralelamente, à medida que nossas instituições se transformam em bunkers, indivíduos indefesos tornam-se mais vulneráveis ​​a ataques isolados. Que mal pode obrigar alguém a cometer alguns crimes horríveis e desprezíveis? A resposta é muito clara, o antissemitismo desumaniza os judeus. E quando as pessoas, os judeus, somos desumanizados, vale tudo. ”

No Reino Unido, o Partido Trabalhista tem sido liderado pelo político de extrema-esquerda Jeremy Corbyn desde 2015 e, nesse período, vem sendo criticado pela sua recusa em condenar organizações terroristas como Hamas e Hezbollah.

De acordo com o Community Security Trust, houve um aumento de 34 por cento em agressões físicas antissemitas na Grã-Bretanha no ano passado.

Kantor advertiu que Corbyn sistematicamente não conseguiu adotar uma linha forte o suficiente sobre o antissemitismo, em vez disso “alinhando-se com pessoas e grupos que mantêm visões abertamente antissemitas e procuram espalhar suas mensagens ofensivas por toda a nossa sociedade. Quando Corbyn se recusa consistentemente a reconhecer seriamente o problema de antissemitismo de seu partido, fica claro para muitos que o antissemitismo é aceitável. ”

Uma nova pesquisa concorda com esse resumo. Descobriu-se que mais da metade dos eleitores acha que o trabalhismo tem um problema antissemitismo e mais de um terço acha que Jeremy Corbyn é antissemita.",uma|80|judeus|antissemitismo|dos|um|os|é|em|que|anos|cristais|noite|da|se|depois
77_12-12-18_16_28.csv,nosso,".Você é uma empresária da moda.
– Era um sonho antigo que nasceu na juventude, mas somente aos 50 anos é que consegui colocá-lo em prática.
-Desde o início preferi separar a minha pintura em tela da empresa.
A minha mãe, como uma boa ídiche mame, desde o início, falava para eu ir em frente que daria certo!
Eu achava que ela era suspeita, mas no fundo sabia que era o que gostaria que acontecesse de fato.",Denise Wasserman|Sobre O Autor A|Publicado Por,"Há 22 anos à frente de uma das maiores redes de moda do país, a Enjoy, a empresária Rose Dahis, mostrou que o seu talento não está restrito apenas à moda, mas também ao mundo das Artes Plásticas. “Meu Mundo Colorido” é o tema de sua primeira exposição, inaugurada no último dia 16 de agosto no Gabinete de Leitura Guilherme Araujo e reúne nove telas, que segundo a artista é a realização de um grande sonho.

A entrevista com a empresária e agora, também, artista Rose Dahis, você acompanha a seguir. Vamos lá?

.Você é uma empresária da moda. Como e quando você começou a se interessar pela pintura?

– Era um sonho antigo que nasceu na juventude, mas somente aos 50 anos é que consegui colocá-lo em prática. Me dei conta que ainda dava tempo de começar um novo projeto pessoal. No início, achei que era um hobby, mas na verdade, sempre me visualizei como pintora.

.Seu trabalho é marcado pelas cores vibrantes. Isso está ligado a algum traço de sua personalidade?

-Imagino que sim. Tenho uma vibração interna e sempre gostei de trabalhar com cores. Inclusive minha empresa é reconhecida pelas estampas. Através das cores me realizo, me sinto feliz e completa. Eu até sonho colorido! (Risos)

.Existe algum projeto de transpor sua pintura para o tecido e lançar uma coleção especial para a Enjoy?

-Desde o início preferi separar a minha pintura em tela da empresa. Cheguei a fazer uma canga com a imagem de um quadro porque a coleção da época tinha muitas variações de azul e amo essa cor. Também cedi minha arte para produzirmos marcadores de livros porque a verba da venda é destinada ao Instituto da Criança.

.Quantos quadros está expondo e quais são os planos para as próximas exposições?

– Nessa primeira exposição no Gabinete Guilherme Araújo, em Ipanema, são nove telas e a exposição ficará até 13 de outubro. Minha motivação é enorme e nesse sentido acredito que muitas outras exposições virão.

.Como define o seu estilo e quais artistas que admira?

– Meu estilo é abstrato e meu maior inspirador foi Van Gogh. Adoro as suas combinações de cores e a ousadia de pintar de forma mais solta e expressionista saindo do padrão da sua época. Visitei uma exposição de Van Gogh no Carrières de Lumières na Provance (França) e entrei em estado de choque de tão lindo que era. Adoro também as obras de Monet. Os jardins são belíssimos.

.Além da pintura, você também desenha?

-Meus desenhos são rabiscos antes de começar uma tela nova.

. De alguma forma, a pintura te ajuda no seu dia a dia, seja como meio de relaxar ou inspirar seu trabalho?

– Em todos os momentos, pois depois que comecei a pintar, me sinto mais realizada e, consequentemente, mais inspirada para trabalhar com a minha equipe de criação na empresa.

. A família incentivou a “Rose pintora”?

– Desde quando comecei a pintar, meu marido e filhos foram os maiores apoiadores. A minha mãe, como uma boa ídiche mame, desde o início, falava para eu ir em frente que daria certo! Eu achava que ela era suspeita, mas no fundo sabia que era o que gostaria que acontecesse de fato. Quem sabe? O futuro dirá. Da minha parte, vou me empenhar ao máximo.

Exposição “Meu Mundo Colorido”

16 de agosto à 13 de outubro

Gabinete de Leitura Guilherme Araujo

Rua Redentor, 157 -Ipanema",uma|arte|é|um|pintura|em|empresária|que|para|também|minha|da|cores|transformou
77_12-12-18_16_28.csv,nosso,"Após duas décadas de formação em Direito, conseguiu fundar sua própria empresa, a construtora Cyrela, que é uma das maiores empresas do setor imobiliário.
Além das atividades nesse ramo, Horn também é um entusiasta da filantropia, atividade que desenvolve por meio da ONG Bem Maior.
E o bem não para você, mas para terceiros”, afirma.
”Para Horn, o dinheiro pode ser bendito, mas pode ser maldito também.
O dinheiro bem usado é uma santidade.”",Denise Wasserman|Sobre O Autor A|Publicado Por,"O programa Roda Viva desta segunda-feira (10/12) promove uma entrevista com o empresário Elie Horn. Nascido na Síria, veio para o Brasil aos 11 anos de idade. Em sua adolescência, trabalhou numa construtora com seus irmãos em São Paulo. Após duas décadas de formação em Direito, conseguiu fundar sua própria empresa, a construtora Cyrela, que é uma das maiores empresas do setor imobiliário.

Além das atividades nesse ramo, Horn também é um entusiasta da filantropia, atividade que desenvolve por meio da ONG Bem Maior. A entidade atua no combate à pobreza e na defesa do meio ambiente, entre outros setores.

A Cyrela é considerada a segunda maior incorporadora imobiliária brasileira e Elie Horn, judeu ortodoxo nascido na Síria há 73 anos, é um caso singular na história empresarial do país. Horn decidiu doar 60% de sua fortuna pessoal para a filantropia. Jamais, em tempo algum, qualquer outra pessoa fez algo parecido no Brasil. Ele é também o único brasileiro a integrar o The Giving Pledge, espécie de clube idealizado por Bill Gates para estimular bilionários a bancar projetos de forte impacto social. Menos de 200 pessoas fazem parte do grupo de Gates, e Horn está sozinho entre os representantes da América do Sul. “Só posso ser feliz se os pobres forem felizes”, diz. “Ser feliz é ajudar alguém a comer, é salvar a vida de outra pessoa.” Ele prossegue: “Eu, você, cada um de nós está aqui para fazer o bem.”

Se tudo isso já impressiona, há outras razões para admirar o fundador da Cyrela. Sua fé inabalável nos desígnios divinos é algo igualmente raro no ambiente empresarial. Quando fala sobre Deus, Horn fecha os olhos e parece buscar dentro de si uma verdade profunda. “O amor é muito bonito para ter sido feito pelo caos”, diz. “Ele é obra de Deus.”

O empresário diz que sente muita falta do dia a dia da empresa (há 3 anos são os filhos que tocam o negócio) e lamenta o fato de outros empresários brasileiros não se interessarem pela filantropia.

O que o moveu Horn a se dedicar a filantropia foi o exemplo do seu pai. “Isso vem de muito tempo. Ele praticou e me ensinou. Meu pai doou tudo, ou o pouco que tinha, para a caridade. Para mim, foi um grande aprendizado. Tinha 35 anos quando meu pai fez isso. Foi um choque positivo, a melhor lição da minha vida.”

O pai nasceu na Síria e morreu no Brasil. Elie Horn nasceu em Aleppo e saiu desse país com 6 meses indo para o Líbano. Chegou ao Brasil com 10 anos. A família resolveu vir para cá porque não tinha recursos financeiros e aqui era a terra do futuro.

“O Brasil na década de 1950 era a terra do futuro. Não era o Brasil de hoje, era um país em forte crescimento. Se não me engano, crescia algo como 7% ao ano. Então, muita gente veio nessa época”, lembra.

A família Horn chegou ao Brasil, praticamente, sem recursos, sendo ajudada por parentes próximos. O pai do empresário morreu com pouco dinheiro. “O importante não é quanto ele deu, mas o princípio. Isso nunca vou esquecer.”

A pratica da filantropia é explicada pelo empresário como uma ação do bem. ” Só acredito em Deus. Deus não brinca em serviço. Ele sabe o que faz. E nos coloca na Terra para sermos testados para a vida eterna. A alma do ser humano é divina, nunca morre. Quando você faz o bem, leva junto a sua poupança para a eternidade. É a única mercadoria que leva para o outro mundo. Não leva o carro, a casa, nada disso. Você leva o bem que fez. E o bem não para você, mas para terceiros”, afirma.

Sobre os seus grandes inspiradores, Elie cita o Talmude, Gandhi, Amador Aguiar (do Bradesco), os americanos do Giving Pledge e Bill Gates, que doou 90% para a caridade.

Elie Horn doou 60% do seu patrimônio para a filantropia e ao ser indagado o porquê de um percentual tão elevado, disse: “o judaísmo obriga você a pensar no futuro, a ajudar terceiros, a buscar um mundo melhor, a oferecer o que você possui para outras pessoas. Doei 60%, porque sou ambicioso. Não brinco em serviço. Nunca faço as coisas mais ou menos.”

O empresário que criou uma rede chamada ONGs do bem é constituída de muitas empresas e entre essas ONGs, existem as que combatem a pobreza, o abuso sexual, que dão auxílio aos cegos. De acordo com o empresário vai ser um grande guarda-chuva para abrigar várias instituições do bem.

Neste sentido o Instituto Cyrela dedica 1% do lucro líquido da empresa para melhorar a vida das famílias de seus trabalhadores. O Liberta foi criado para combater a prostituição infantil e ajudar crianças que sofrem algum tipo de abuso.

Único brasileiro a fazer parte da organização The Giving Pledge, o clube idealizado por Bill Gates para estimular empresários a doar suas fortunas, Elie Horn diz que empresários que não seguem o mesmo caminho o fazem por

egoísmo. “Temos que aprender a doar mais. Passo muito tempo tentando convencer as pessoas a doar em vida, mas está difícil. Elas até se animam, mas, na última hora, desistem. ”

Para Horn, o dinheiro pode ser bendito, mas pode ser maldito também. “Se você gasta o dinheiro só com você, ele é maldito. Se gasta para ajudar alguém a não morrer, a comer, a estudar, será bendito, porque passa a ter um significado profundo. O dinheiro mal usado é uma praga. O dinheiro bem usado é uma santidade.”",uma|é|um|horn|fazer|que|para|em|estamos|você|da|não|aqui|bem
77_12-12-18_16_28.csv,nosso,"Isacc Merritt Singer nasceu em 26 de outubro de 1811, em Pittstown, Nova York.
Para a fabricação das máquinas em escala industrial, Singer tirou uma patente e fundou a “Singer Company” , em Nova York.
A ideia de se costurar através de uma máquina surgiu no ano de 1790 e passou muito tempo despercebida.
Presente em mais de 150 países, a Singer possui hoje mais de dez mil funcionários e é líder na maioria dos mercados em que atua.
Para facilitar a compra das máquinas, a Singer foi a pioneira na introdução do sistema de vendas a prazo.",Solange Palatnik|Sobre O Autor A|Publicado Por,"Isacc Merritt Singer nasceu em 26 de outubro de 1811, em Pittstown, Nova York. Seu pai foi o filho mais novo do imigrante saxão Adam Singer e de sua esposa Ruth Benson. Seus pais se divorciaram em 1821, quando ele tinha 12 anos o que lhe causou vários problemas emocionais. O jovem teve que abandonar a mansão luxuosa na qual vivia e mudar-se com seu irmão mais velho para Oswego (Nova York), onde estudou e durante sete anos trabalhou em empregos precários, até completar 19 anos, quando descobriu sua vocação: ser ator.

Durante quase dez anos atuou em todo território dos Estados Unidos. Junto com seu irmão inventou uma perfuradora que vendeu por 2000 dólares para seguir no mundo do teatro.

Trabalhou como mecânico em diversas fábricas de Boston e em 1851 construiu um tipo de máquina de costura que alcançou grande difusão popular entre as pessoas. Para a fabricação das máquinas em escala industrial, Singer tirou uma patente e fundou a “Singer Company” , em Nova York.

A ideia de se costurar através de uma máquina surgiu no ano de 1790 e passou muito tempo despercebida. Inúmeros inventores desenvolveram projetos e patentearam novos modelos de máquinas de costura, porém nenhum prático.

A construção da primeira máquina Singer, há mais de 160 anos, representou o ponto de partida de uma evolução que proporcionou a todas as mulheres os meios para realizarem suas tarefas de costura de forma mais produtiva, reduzindo os custos e o tempo despendido na confecção de roupas.

A companhia é a maior fabricante mundial de máquinas de costura domésticas. Presente em mais de 150 países, a Singer possui hoje mais de dez mil funcionários e é líder na maioria dos mercados em que atua.

Para facilitar a compra das máquinas, a Singer foi a pioneira na introdução do sistema de vendas a prazo. A empresa cresceu no mercado mundial e o nome Singer firmou-se como sinônimo de máquina de costura.",uma|singer|máquina|isaac|fundador|company|em|que|sewing|anos|para|máquinas|da|costura|mais|machine
77_12-12-18_16_28.csv,nosso,"O autor diz, já no início de seu trabalho, que Renan definira: ’tudo que é judeu diz respeito não só aos israelitas, como a toda a humanidade’.
Ensinava Renan que a circuncisão era praticada pelos povos teraquitas, pelos sírios, os da Arábia Saudita e mesmo pelos gregos.
E) A perseguição aos judeus na Idade Média (Inquisição) constitui capítulo dos mais vergonhosos na história do Cristianismo (Renan não viu o Holocausto).
Sobre o Islamismo, ressalva Renan que, após o século XIII, houve decadência intelectual e social, situação que perdurava em seus tempos.
A conclusão de Renan é enfática:Israel tem direito à Terra Prometida – por várias razões.",Miriam Halfim|Sobre O Autor A|Publicado Por,"Ernest Renan foi sempre uma paixão. Conheci sua obra durante o Mestrado na UFRJ. Para entender ‘O Mercador de Veneza’, de Shakespeare, ‘O Judeu de Malta’, de Christopher Marlowe e os contos religiosos de Geoffrey Chaucer, precisava conhecer as razões do ódio visceral que os alimentava. Li mais de 100 livros para escrever uma Dissertação. O livro A vida de Jesus me foi emprestado por um colecionador de obras raras. Tentei comprar os livros de Renan através da livraria Leonardo da Vinci, que importava obras estrangeiras. Estavam esgotados na França, de sorte que, impossibilitada de adquirir os volumes de As Origens do Cristianismo fui forçada a me satisfazer com o que encontrasse sobre ele na internet.

Mas, há alguns dias, arrumando a estante, deparei-me com um exemplar singelo, um ensaio publicado pelo doutor Ernani de Paiva Simões, que justamente se intitulava ‘O Direito dos Judeus à Terra de Canaã na obra de Ernest Renan’. Uma preciosidade que ganhei e hoje compartilho.

O autor diz, já no início de seu trabalho, que Renan definira: ’tudo que é judeu diz respeito não só aos israelitas, como a toda a humanidade’.

O escritor gaulês, segue o causídico brasileiro, explicava que os judeus eram os autores da Bíblia ‘alimento intelectual e moral de toda a humanidade civilizada’.

Renan asseverava que apenas três culturas importavam para a história da civilização ocidental: a grega, a judaica e a romana.

Os gregos, como é sabido, deram ao mundo a base para tudo o que veio depois. Quase tudo. Coube aos judeus, escreveu Renan, pregar a justiça na Terra, em vez de deixá-la para o Além. O mundo judaico postulava a justiça e não a caridade. Foram os profetas israelitas que introduziram a Moral na religião ‘ética e definitiva de toda a humanidade’. ‘Afirmavam que sem justiça no mundo, cabia reformá-lo… ou destruí-lo’.

Esclareço que Ernest Renan nasceu em 1823, na Bretanha. Apaixonado pela cultura judaica, deixou o Seminário católico de Saint Suplice, dedicando toda a sua vida à pesquisa da história, cultura, geografia e religião do povo semita, inclusive viajando à Palestina. Seus estudos e conclusões o levaram a perder a cátedra que ocupava na Escola da França, onde lecionava com brilho o curso de Língua Hebraica.

Mas sigo com o pesquisador Ernest Renan. Dizia ele que ‘a fraude é elemento inseparável da história religiosa, pois o crente fervoroso conta qualquer história ou relata milagres, por mais fantasiosos que sejam, desde que conquiste novos adeptos’. Não se referia aos judeus.

Estes não têm gosto por representações pintadas ou esculpidas, fonte natural do politeísmo. Ensinava Renan que a circuncisão era praticada pelos povos teraquitas, pelos sírios, os da Arábia Saudita e mesmo pelos gregos. Mas a sua função religiosa, de purificação, surgiu com os israelitas.

Renan escandalizou os conservadores do século XIX ao afirmar que ‘aceitava o sobrenatural no conjunto da criação, mas negava a realidade do sobrenatural no particular. Segundo ele, Deus estava em graus diversos em tudo que é bom, belo e verdadeiro, mas rejeitava o milagre no estado de exceção.

Embora tenha escrito no século XIX, mantém-se extremamente atual e exato em termos históricos ao analisar as lamentáveis perseguições sofridas pelo judaísmo através dos séculos, só corrigidas ao fim do século XX, explica o autor brasileiro do texto sobre o qual ora me debruço.

Em 1883, Ernest Renan realizou célebre conferência em Paris, na qual explicava que:

A) do ponto de vista religioso, o cristianismo não difere do judaísmo. B) A separação das duas religiões surgiu por interesse temporal, ao tornar-se o Cristianismo religião oficial do Império Romano.

C) até o século III, como pretendia o apóstolo Pedro, havia um judaico-cristianismo.

D) Religião universal, comum ao gênero humano, fundada na justiça e no Direito, é essencialmente judaica.

E) A perseguição aos judeus na Idade Média (Inquisição) constitui capítulo dos mais vergonhosos na história do Cristianismo (Renan não viu o Holocausto).

F) no século XIII, na França, surgiram prescrições, segregação, vedação da usura aos cristãos, e os israelitas foram obrigados a adotar profissões ligadas ao comércio e às finanças; enriqueceram. Era um círculo vicioso: os judeus eram obrigados a ter profissões malditas, porém lucrativas. E a sociedade então, os acusava de amor à riqueza.

Ernest Renan ensinava que quatro quintos do Evangelho Cristão foram tomados de empréstimo aos judeus e rebatizados sob o nome de Antigo Testamento. Fato conhecido de todos, digo eu.

O judeu, segue ele, é liberal, amigo do livre pensamento, do progresso científico e social. Sobre o Islamismo, ressalva Renan que, após o século XIII, houve decadência intelectual e social, situação que perdurava em seus tempos.

A conclusão de Renan é enfática:

Israel tem direito à Terra Prometida – por várias razões.

Pelo direito histórico, por ter sido o primeiro povo a dominar aquela geografia e ali construir civilização da maior importância para a história do mundo ocidental. Sem Israel, não haveria o Cristianismo.

Por razões éticas e históricas, como ressarcimento material e moral pelo imenso sofrimento, espoliações, preconceito e injustas perseguições sofridas – aqui o ensaísta brasileiro incluiu às decisões de Ernest Renan o horror nazista, visto que o texto do autor nacional é de 1987.

Pelo que o mundo ocidental deve à civilização israelita.

O argumento definitivo é que, para os cristãos ortodoxos que creem na revelação divina, o pacto entre Deus e o povo israelita é matéria fora de objeção.

E segue o doutor Ernani.

Se árabes e judeus puderem livrar-se do jogo de interesses de potências mundiais (complemento eu, e também de terroristas), se puderem estabelecer um pacto de não agressão, todos ganharão.

Israel é o progresso social e científico apontado para o futuro. Abre caminhos para a humanidade, ligando o melhor do capitalismo ao socialismo.

A Resolução 181, de 29/11/1947, da Assembleia Geral das Nações Unidas, é ato jurídico perfeito e incontestável, ratificando o que a justiça já consagrara: a terra de Canaã é, de direito e de fato, do povo judeu.

O ensaio termina assim, mas cabe-nos ir um pouco além. Quando houver o desejo de paz pelos árabes, Israel estará- como sempre esteve – pronto para implementá-la. Um povo que trouxe milhares de irmãos etíopes para perto de si é um povo tolerante e amante da justiça. Enquanto os países vizinhos se mantiverem hostis e alijados da realidade e da modernidade, seguirão seus cidadãos sendo presas fáceis da manipulação de falsos e egoístas líderes, que os usam como massa de manobra e bucha de canhão.

Educando seus jovens para a vida e não para a morte, os Estados árabes florescerão e contribuirão para a intelectualidade mundial, como antes do século XIII acontecia. Muçulmanos e judeus já muito sofreram pelos séculos afora e merecem reativar o respeito mútuo.

A paz é sempre melhor, e já mais que tardia, precisa chegar. Em Israel, no Brasil, em todos os países onde permaneça o estado de crise da democracia e ainda vinguem, em pleno século XXI, déspotas anacrônicos.",ernest|os|é|um|ao|em|que|para|século|renan|da|não|xxi
77_12-12-18_16_28.csv,nosso,"Foi inaugurada no dia 28 de fevereiro, véspera do aniversário da cidade do Rio de Janeiro, a exposição “A Cara do Rio”, no Centro Cultural Correios.
São 90 artistas que participam da mostra e passeiam sobre os problemas, as mazelas e a beleza da cidade maravilhosa.
Tudo começou em 2003, quando 25 artistas se reuniram pela primeira vez na mostra “A Cara do Rio”, na Galeria Matias Marcier, no Shopping da Gávea.
Nessa edição, a 11ª, o curador Marcelo Frazão, um dos mais importantes artistas da atualidade, apresenta obras que, com suas diversas técnicas, dialogam com o público.
Exposição-mostra “A Cara do Rio ”Centro Cultural CorreiosRua Visconde Itaboraí, 20, Centro(22531580): Ter a dom, do meio-dia às19h.",Solange Palatnik|Sobre O Autor A|Publicado Por,"Foi inaugurada no dia 28 de fevereiro, véspera do aniversário da cidade do Rio de Janeiro, a exposição “A Cara do Rio”, no Centro Cultural Correios.

São 90 artistas que participam da mostra e passeiam sobre os problemas, as mazelas e a beleza da cidade maravilhosa. Estão representadas as diversas tribos artísticas.

Tudo começou em 2003, quando 25 artistas se reuniram pela primeira vez na mostra “A Cara do Rio”, na Galeria Matias Marcier, no Shopping da Gávea.

Nessa edição, a 11ª, o curador Marcelo Frazão, um dos mais importantes artistas da atualidade, apresenta obras que, com suas diversas técnicas, dialogam com o público. Citaremos apenas alguns: Diana Alicia Doctorovich, Umberto França, Denise Araripe, Marina Vergara, Paulo Villela, Solange Palatnik, Newton Lesme, Clara Caulfield, Fabio Borges, Flory Menezes, entre tantos outros…

Do lado de fora, a escultura “Ela é Carioca”, representação de uma sereia de quatro metros feita de isopor e fibra de vidro por Marina Vergara, recepciona os visitantes.

Exposição-mostra “A Cara do Rio ”

Centro Cultural Correios

Rua Visconde Itaboraí, 20, Centro

(22531580): Ter a dom, do meio-dia às19h.

Até 22 de abril",rio|qual|cara|artistas|vergara|é|os|diversas|que|marina|mostra|da
77_12-12-18_16_28.csv,nosso,"O renomado fotógrafo Sebastião Salgado inaugurou no dia 19 de fevereiro sua mais nova série de fotos em preto e branco, intitulada “Amazônia, fruto de sua expedição à região no ano passado.
As imagens apresentam retratos e cenas do cotidiano de grupos indígenas da Amazônia, como os Korubos, que vivem na Terra Indígena Vale do Javari.
Natural de Aimorés, em Minas Gerais, Salgado é formado em Economia e autodidata em Fotografia.
Sebastião Salgado afirma: “A Amazônia é a última grande porção de floresta tropical do planeta e acho que nós todos juntos temos a obrigação de mantê-la.
O fotógrafo ainda diz: “na Amazônia há entre 80 e 100 grupos indígenas que nunca foram contatados, que vivem como nós vivíamos há 4 mil anos, num estado de natureza fenomenal.",Solange Palatnik|Sobre O Autor A|Publicado Por,"

O renomado fotógrafo Sebastião Salgado inaugurou no dia 19 de fevereiro sua mais nova série de fotos em preto e branco, intitulada “Amazônia, fruto de sua expedição à região no ano passado.

A exposição encontra- se em Brasília no STF. Os painéis foram selecionados por sua esposa e curadora da mostra, Lélia Wanick Salgado. As imagens apresentam retratos e cenas do cotidiano de grupos indígenas da Amazônia, como os Korubos, que vivem na Terra Indígena Vale do Javari.

Natural de Aimorés, em Minas Gerais, Salgado é formado em Economia e autodidata em Fotografia. Atualmente reside em Paris e é premiado no mundo inteiro, sendo reconhecido pelo empenho em causas ambientais.

Sebastião Salgado afirma: “A Amazônia é a última grande porção de floresta tropical do planeta e acho que nós todos juntos temos a obrigação de mantê-la. Essas populações indígenas representam a pré-história da humanidade, e feliz o país como o nosso que pode conviver com sua pré-história”.

O fotógrafo ainda diz: “na Amazônia há entre 80 e 100 grupos indígenas que nunca foram contatados, que vivem como nós vivíamos há 4 mil anos, num estado de natureza fenomenal. Nós não temos de forma alguma o direito de destruir essa porção do nosso país, que corresponde a 49.29% do Brasil”.

É preciso manter o alerta para a importância de se preservar esse patrimônio da humanidade.

Amazônia – de Sebastião Salgado

(A exposição fica aberta ao público no Supremo Tribunal Federal pelos próximos dois meses)

Visitas guiadas

Segundas, terças e sextas: às 10h,11h,14h,15h,16h e 17h

Quartas e quintas às 10h e 11h

Entrada gratuita",nós|salgado|amazônia|sua|é|em|que|indígenas|como|da|exposição|sebastião|stf
77_12-12-18_16_28.csv,nosso,"Em 2011, preparou sua exposição de esculturas em vidros que podiam ser tocadas possibilitando que crianças cegas as sentissem com as mãos.
Com muita sensibilidade e precisão, Simone Kestelman nos convida à reflexão sobre a violência embutida no processo pelo qual a as meninas atravessam.
Em 2013, foi a artista escolhida pela WCA International Caucus, afiliada a ONU, que reúne exemplos de arte e ativismo.
Simone Kestelman é uma importante ativista e talentosa artista plástica.
Simone Kestelman Instalação FloresMostra Simone Kestelman na Hebraica",Solange Palatnik|Sobre O Autor A|Publicado Por,"

Simone Kestelman, nascida no Rio de Janeiro e radicada nos Estados Unidos, iniciou sua carreira como designer desenvolvendo técnicas criativas e expressivas de pintura, cerâmica e vidro, aplicadas em obras de design.

A partir de 2009, ela direcionou todo o conhecimento e experiência para sua criação artística. Em 2011, preparou sua exposição de esculturas em vidros que podiam ser tocadas possibilitando que crianças cegas as sentissem com as mãos.

Crianças com deficiências representam uma paixão da artista. A violência contra a criança é uma das principais mazelas do mundo contemporâneo. O trabalho de Simone ganha especial realce porque chama a atenção para os exemplos extremos de violência, como os campos de concentração, o trabalho infantil, a fome e a subnutrição.

Também a diversidade cultural de sua própria condição feminina despertou a razão e a maturidade artística que conduzem seu trabalho desde então. Com muita sensibilidade e precisão, Simone Kestelman nos convida à reflexão sobre a violência embutida no processo pelo qual a as meninas atravessam. Kestelman usa roupas e acessórios transformados em esculturas e objetos artísticos como meio de evocar a vulnerabilidade social e cultural da mulher.

Em 2013, o trabalho “Undesired” (Indesejados), recebeu medalha de ouro como melhor instalação contemporânea na ArtsLand, tratando do descarte de meninas na Índia e na China. Em 2013, foi a artista escolhida pela WCA International Caucus, afiliada a ONU, que reúne exemplos de arte e ativismo.

Simone Kestelman é uma importante ativista e talentosa artista plástica.

Simone Kestelman Instalação Flores

Mostra Simone Kestelman na Hebraica",uma|importante|artista|trabalho|sua|violência|em|que|plástica|kestelman|simone|como|com|talentosa
77_12-12-18_16_28.csv,nosso,"“…Uma querência previsívelÀs vezes pouco audívelTão suave como o doce da tua bocaQue buscava numa épocaInequívoca como agoraMesmo que não seja a horaSinto a dor que ficou no passadoQuando você estava ao meu lado.”Claudia Rosental é uma pessoa sensível, bonita e talentosa.
É um tipo de leitura que me pega de uma tal maneira que mergulho na história e me se sinto uma das personagens do livro.
O que é para você esse tal de “amor”?
-Ah…, esse tal de amor… uma palavra tão pequena que emana um sentimento tão grande e diversificado.
Do amor mais simples e puro como um amor de pais e filhos a um amor devastador, aquele que arrasa corações, que te tira do sério, a ponto de mostrar que, mesmo quem nunca imaginava, te transformaria um dia em poeta.",Solange Palatnik|Sobre O Autor A|Publicado Por,"Claudia Rosental, carioca de Copacabana, filha do engenheiro-químico e professor da Escola Superior de Guerra (ESG), Simon Rosental, e da farmacêutica e bioquímica, Belita Rosental, estudou gestão de recursos humanos na Universidade Estácio de Sá e está se especializando em administração estratégica (MBA) pela mesma faculdade. É analista de perfil comportamental pela Solides e trabalha na Transpetro, área administrativa da Segurança Patrimonial. Descobriu-se poeta e lança seu primeiro livro, “Falando de Amor(es)”, pela Editora Lograr.

“…Uma querência previsível

Às vezes pouco audível

Tão suave como o doce da tua boca

Que buscava numa época

Inequívoca como agora

Mesmo que não seja a hora

Sinto a dor que ficou no passado

Quando você estava ao meu lado.”

Claudia Rosental é uma pessoa sensível, bonita e talentosa.

. Como e quando surgiu o seu interesse pala literatura?

-Minha família sempre apreciou a leitura, a literatura, tanto a estrangeira, como neta de imigrantes, passando por diversas culturas. Meus pais sempre me desenvolveram para o gosto pela leitura, me presenteando livros e, quando tinha por volta de dez anos, me levando às livrarias para escolher meus próprios livros. Uma vez cheguei ao meu pai e mostrei uma poesia que tinha escrito no colégio, na aula de Português, e ele me perguntou se eu gostaria de conhecer escritores, os quais poderia me identificar com poemas e poesias. A partir daquele dia fomos numa livraria perto de casa e escolhi a Cecília Meireles como minha primeira fonte de pesquisas e leituras de poesias e poemas.

. Qual seu estilo preferido de leitura e quais são seus autores prediletos?

-Além de poemas e poesias, sempre gostei de romances. É um tipo de leitura que me pega de uma tal maneira que mergulho na história e me se sinto uma das personagens do livro. Os meus autores prediletos são Cecilia Meireles, Noah Gordon, John Grisham, Dan Brown, Jane Austen, Marta Medeiros, Caio Fernando Abreu, Cecília Meireles, Olavo Bilac, Nicholas Sparks, Jojo Moyes, John Green, Ken Follet, Danielle Steel.

.Quem a incentivou na publicação de seu livro?

-Quando mostrei algumas das minhas poesias aos meus amigos, todos ficaram encantados e me falavam que eu deveria de alguma forma publicá-las. Fiquei com isso na minha cabeça por quase um ano. Sondei amigos escritores até que tive a certeza que não poderia deixá-las apenas nos meus rascunhos, que deveria falar de amor(es), realizar um desejo, um sonho, algo que ficasse eternizado em meu nome.

. O que é para você esse tal de “amor”?

-Ah…, esse tal de amor… uma palavra tão pequena que emana um sentimento tão grande e diversificado. O amor para mim está em todas as coisas, todos os movimentos e pessoas. O amor faz sorrir, chorar, faltar o ar. Dá um frio na barriga, te faz ficar noites a fio sonhando acordada. Do amor mais simples e puro como um amor de pais e filhos a um amor devastador, aquele que arrasa corações, que te tira do sério, a ponto de mostrar que, mesmo quem nunca imaginava, te transformaria um dia em poeta.",uma|poesias|é|um|rosental|que|revelação|seu|meus|como|poesia|amor|claudia
77_12-12-18_16_28.csv,nosso,"O governo e, principalmente, Netanyahu tem sido alvo de críticas muito severas pela facilidade com que acederam ao pedido de cessar fogo mediado pelo Egito e a ONU.
Em Israel, os habitantes do sul, fizeram manifestações de protesto poucas horas depois de declarado o cessar fogo.
Dizem os especialistas em política partidária, que Netanyahu está procurando “um culpado” pela queda do governo de direita.
A crise política atingiu o cume e a tensão nos meios políticos se agravou.
Se não fosse tão séria a situação atual de Israel, eu diria que estamos vivenciando uma novela.",Ruth Gotlib Pilderwasser|Sobre O Autor A|Publicado Por,"É incrível como em Israel os acontecimentos se sucedem numa rapidez enorme entre o escândalo dos submarinos, uma guerra de 48 horas com 460 foguetes cruzando os céus do sul de Israel e a demissão do ministro da Defesa, Avigdor Liberman que causou uma crise na coalizão ameaçando a queda do governo e, logicamente, eleições antecipadas.

As baterias da Kipá de Ferro conseguiram abater um pouco mais de 100 foguetes e morteiros que foram lançados num espaço de tempo muito curto, que não permite a identificação do artefato e a direção em que é lançado, simultaneamente.

Nem todos os foguetes são alvo das baterias, depende da direção. Se vão cair fora de zonas habitadas, não se desperdiça o foguete anti-míssel, mas se são lançados em grande quantidade com pouco espaço de tempo, fração de segundos, as baterias não conseguem fazer esta avaliação e este foi o grande problema, pois foram atingidas áreas urbanas que causaram poucas vítimas mas grandes danos materiais.

Na opinião dos comentaristas políticos, o maior dano foi dar ao Hamas uma brecha na capacidade de Israel de dissuadir seus inimigos a entrar num conflito bélico.

O governo e, principalmente, Netanyahu tem sido alvo de críticas muito severas pela facilidade com que acederam ao pedido de cessar fogo mediado pelo Egito e a ONU.

O Hamas festejou uma vitória, não que os ataques da aviação e da artilharia pesada do exército de Israel não tivessem causado pesados danos em Gaza: 160 objetivos militares muito importantes foram destruídos, tanto do Hamas como da J’ihad Islâmica. O prédio da TV do Hamas desmoronou, depois que foram avisados que seria atacado, dando tempo para ser evacuado naõ causando vítimas.

Em Israel, os habitantes do sul, fizeram manifestações de protesto poucas horas depois de declarado o cessar fogo. As manifestações foram diárias em Sderot até 5ª feira, quando o protesto chegou a Tel Aviv e continuam sendo realizadas em muitas cidades e ishuvim do país.

Nunca houve protestos como este. Justamente a população que mais sofreu com o conflito, está disposta a enfrentar todas as dificuldades e permitir às forças armadas chegarem a uma decisão na batalha: derrotar o Hamas e não um cessar-fogo que é apenas um intervalo para outro conflito.

Menos de 24 horas após a declaração do cessar-fogo, na 5ª feira às 13 horas, Liberman convocou a imprensa e anunciou a sua demissão.

Enunciou muitas razões, mas os 15 milhões de dólares que atravessaram a passagem de Israel para Gaza e o cessar-fogo, ultrapassaram os limites da sua capacidade de contenção.

A coalizão atual é composta pelo Likud , Kulanu , Habait Hayehudi , Israel Beitenu ,Shass e Yahadut Hatorá , num total de 66 deputados dos 120 que compõem a Knesset. Com a demissão de Liberman, cujo partido Israel Beitenu tem cinco deputados, a coalizão fica reduzida a 61 deputados, que é uma maioria muito frágil.

Alem disso, Kachlon, do partido Kulanu – 10 deputados – tem feito declarações em favor de antecipar as eleições pela dificuldade de manter um governo estável com esta maioria de 61 deputados.

Para Netanyhau, eleições antecipadas podem causar uma queda sensível dos mandatos do Likud, atualmente com 30 deputados, pois ainda está carregando vários processos por suspeita de corrupção que estão aguardando as decisões da Polícia, que foi a responsável pelas investigações, e em seguida, da Procuradoria.

Nos próximos meses as resoluções virão a público o que poderá prejudicar Netanyahu, que está fugindo das eleições como o “diabo da Cruz ” .

Dizem os especialistas em política partidária, que Netanyahu está procurando “um culpado” pela queda do governo de direita. Os prováveis culpados, Benet, Kachlon e Liberman podem perder mandatos que irão para o Likud.

Enquanto nada se resolve, Netanyahu está exercendo mais um cargo: Ministro da Defesa, além de Ministro do Exterior e primeiro Ministro.

Benet apresentou um ultimato, comunicando que o seu partido também deixaria a coalizão, se não fosse nomeado ministro da Defesa, mas voltou atrás.

Tudo é possível em política.

No domingo à tarde, Netanyahu se encontrou com Kachlon para ouvir as suas pretensões. Após a reunião, Netanyahu anunciou que iria fazer um pronunciamento às 20 horas, no horário do noticiário em todos os canais da televisão.

Pronto . Foi a gota d’água para entornar o copo. A crise política atingiu o cume e a tensão nos meios políticos se agravou. O discurso de Netanyahu foi no início patético, dramático, dando a impressão de um discurso de despedida. Contou o seu passado como oficial na Tzavá, os postos que exerceu, as guerras nas quais lutou e inclusive foi ferido. Concedeu a si próprio muitas medalhas.

Depois mudou o tom e segundo as palavras de jornalistas conceituados, como Sima Kadmon, Shimon Shifer, Alex Fishman e outros, foi um discurso perigoso , no qual amedrontou a população com perigos prováveis , que exigiriam sacrifício , alem de ser também eleitoral , pois lembrou que nas duas vezes nos anos 90 que os governos de direita caíram, ocorreram intifadas, Israel assinou o Acordo de Oslo com nova intifada, que deixaram um saldo de mil civis mortos.

Imaginem a ebulição na arena política, jornalística após o discurso. Benet, ministro da Educação que quer ser nomeado ministro da Defesa e sua companheira de partido, a ministra da Justiça, Ayelet Shaked, comunicaram que iriam fazer um pronunciamento na Knesset no dia seguinte, 2ª feira às 10h30.

A manchete em todos os jornais da manhã de 2ª feira era a mesma: os dois ministros do partido Habait Hayehudi vão se demitir, derrubando o governo.

Toda Israel ficou atenta ao pronunciamento de Benet e Shaked. Não fiquem preocupados: não vão se demitir, depois que ouviram o discurso do primeiro ministro. Benet compreende que Netanyahu tem que assumir o cargo de ministro da Defesa e retirou o ultimato.

Agora Netanyahu está procurando um candidato a ministro do Exterior, pois vai ter que se separar do cargo para poder se dedicar à Defesa.

Quanto as eleições, ainda não ficou esclarecido. Kachlon ainda na disse a ultima palavra. Se não fosse tão séria a situação atual de Israel, eu diria que estamos vivenciando uma novela. Mudando de assunto.

ESPORTE

Mais uma vez Peter Paltzik conquistou a medalha de Ouro do Grand Prix de Judô, realizado em Haga, Holanda, na categoria até 100 k.

Por hoje é só. Tenho que me recuperar do estresse dos últimos dias.

SHALOM ME ISRAEL",uma|crise|os|um|em|que|política|foguetes|israel|com|da|submarinos|se|não
77_12-12-18_16_28.csv,nosso,"Feldberg ressalta que a comunidade judaica está divida em relação ao presidente eleito tanto quanto o resto da sociedade no Brasil, porém, aponta que a medida da mudança da embaixada brasileira em Israel foi bem recebida e é ponto pacífico.
Especializado na cobertura e discussão sobre os países árabes, ele disse que a comunidade árabe recebeu a notícia da transferência da embaixada brasileira em Israel com “desgosto”.
Para o pesquisador Samuel Feldberg, a mudança da embaixada brasileira em Israel para Jerusalém representa uma aproximação entre os países.
A atitude foi entendida como uma possível retaliação ao Brasil devido ao anúncio de mudança da embaixada brasileira em Israel.
O que esperam árabes e judeus como consequência da mudança da embaixada?",Denise Wasserman|Sobre O Autor A|Publicado Por,"No dia 1º de novembro o presidente eleito Jair Bolsonaro afirmou que cumpriria sua promessa de campanha de mudar a embaixada brasileira em Israel. A mudança para Jerusalém divide opiniões.

Especialistas da comunidade judaica e árabe falam sobre a nova postura brasileira e suas possíveis consequências.

Como a comunidade judaica recebeu a notícia?

Samuel Feldberg é cientista político formado na Universidade de Tel Aviv e pesquisador de Relações Internacionais da Universidade de São Paulo (USP).

Feldberg ressalta que a comunidade judaica está divida em relação ao presidente eleito tanto quanto o resto da sociedade no Brasil, porém, aponta que a medida da mudança da embaixada brasileira em Israel foi bem recebida e é ponto pacífico.

“A comunidade judaica como um todo vê com bons olhos o apoio a Israel, mas tinha uma série de restrições, uma parte da comunidade tinha uma série de restrições em relação a outros posicionamentos do candidato Bolsonaro. E obviamente mantém essa visão mesmo depois de ter sido eleito”, afirmou Feldberg.

“Há aqueles que acreditam que como foi feito pelos Estados Unidos, a mudança se justifica absolutamente. Jerusalém é a capital de Israel e apesar de que, desde a criação do Estado, a cidade está em uma disputa jurídica por causa, no momento, da decisão da ONU, da partilha”, continuou.

No dia da entrevista de Bolsonaro ao Israel Hayom confirmando a mudança da embaixada brasileira, o primeiro-ministro de Israel, Benjamin Netanyahu, agradeceu o presidente eleito em inglês e em hebraico no Twitter. Ele afirmou que medida é “histórica e correta”.

“Existem aqueles que acreditam que já é o momento de transferir a embaixada para Jerusalém e reconhecer de fato Jerusalém como a capital de Israel e dar o respaldo diplomático para isso e aqueles que acreditam que esse seria um movimento simbólico que geraria uma série de problemas e que, portanto, não faz falta para o Brasil nesse momento — com tantas questões importantes para resolver — fazer esse movimento”, explica o professor.

O pesquisador ressalta que há uma “cisão” dentro da comunidade devido às opiniões expressas pelo presidente eleito.

A comunidade judaica brasileira está dividida desde o período anterior à eleição do Bolsonaro. Durante a campanha já houve uma cisão importante entre aqueles que apoiaram o Bolsonaro e aqueles que, apesar de serem contra o PT ou preferirem uma mudança de governo, não aceitavam as posições de Bolsonaro, principalmente em relação às questões relacionadas com elementos de gênero, de racismo”, ressalta Feldberg.

O pesquisador ainda disse que, pessoalmente, como membro da comunidade judaica, não apoia “um candidato à presidência com posições racistas, que se manifesta contra a minoria, que tem posições contra a comunidade gay”, mas que essas divergências estão presentes em toda a sociedade brasileira e não influenciam a forma como a comunidade se posiciona em relação à mudança da embaixada.

Como a comunidade árabe recebeu a notícia?

Rasheed Abou-Alsamh é jornalista saudita, mas também tem nacionalidade norte-americana. Especializado na cobertura e discussão sobre os países árabes, ele disse que a comunidade árabe recebeu a notícia da transferência da embaixada brasileira em Israel com “desgosto”.

“Receberam essa notícia com muito desgosto, porque a situação jurídica final, o status final da cidade de Jerusalém, não foi decidida ainda. E todo mundo sabe que a ONU, as Nações Unidas, já passaram várias resoluções falando que isso teria que ser parte de um acordo entre os palestinos e os israelenses para ver o que vai acontecer com Jerusalém”, disse Abou-Alsahm.

A maioria dos países árabes vizinhos a Israel têm relações tensas com o país. Países como Egito, Iraque, Palestina, Iêmen, Jordânia e Líbano já tiveram conflitos abertos com o Estado de Israel, criado em 1947 pela ONU.

Para Rasheed Abou-Alsamh, no entanto, o desejo dos árabes é de que a cidade seja aberta para os povos que a consideram sagrada.

“Na melhor das hipóteses eu acho que a maioria dos árabes queria que Jerusalém ficasse uma cidade internacional, com acesso para todo mundo — para judeus, para muçulmanos, para cristãos. E que não seja uma cidade fechada só para Israel ou só para palestinos”, explicou o jornalista saudita.

Quais as vantagens da aproximação com Israel, segundo a comunidade judaica?

Para o pesquisador Samuel Feldberg, a mudança da embaixada brasileira em Israel para Jerusalém representa uma aproximação entre os países. Com isso, ele aponta a possibilidade de vantagens para o Brasil, principalmente no setor tecnológico.

“Vantagens existem diversas e elas já vêm sendo refletidas por uma aproximação que aconteceu nos últimos anos. Há uma cooperação enorme entre Brasil e Israel. Israel exporta para o Brasil tecnologias muito avançadas, tanto na área de computação quanto de comunicação, irrigação no nordeste. Agora está se falando em instalar centrais de dessalinização de água para ajudar a resolver os problemas de falta de água potável em diversas regiões”, lembrou Feldberg.

Quais são as desvantagens da aproximação com Israel, segundo a comunidade árabe?

Uma das principais preocupações que a mudança da embaixada brasileira representa é a possibilidade de uma retaliação econômica por parte dos países árabes. No dia 5 de novembro, após o anúncio da mudança da embaixada por Bolsonaro, o Egito cancelou uma visita de uma comitiva brasileira com empresários e diplomatas. Como parte da visita, o chanceler brasileiro, Aloysio Nunes, tinha um encontro marcado com o presidente do Egito, Abdel Fattah el-Sisi, que também foi cancelado. A atitude foi entendida como uma possível retaliação ao Brasil devido ao anúncio de mudança da embaixada brasileira em Israel.

Apesar do temor de um possível embargo dos países da Liga em relação ao Brasil, caso a medida se concretize, o jornalista Rasheed Abou-Alsamh acredita que a possibilidade é remota. Para ele, a resposta árabe vai depender das atitudes seguintes da política externa brasileira, mas lembra que já houve embargos no passado envolvendo Israel.

“Há precedentes sim. Isso foi nos anos 1960 e 1970 quando eles fizeram boicote a produtos israelenses e a empresas que tinham negócios com Israel. Por exemplo, eles boicotaram a Coca-Cola por décadas e décadas. Você ia para um país árabe e não tinha Coca-Cola, só tinha Pepsi, porque a Coca-Cola tinha uma fábrica em Israel. Também não tinha carros fabricados pela Ford, pela mesma razão. Mas hoje em dia isso diminuiu muito”.

O que esperam árabes e judeus como consequência da mudança da embaixada?

O pesquisador de Relações Internacionais, Samuel Feldberg, acredita que a postura brasileira pode ser seguida por outros países da América do Sul. Ele aponta que a influência brasileira sobre os países vizinhos é importante e será um apoio de peso para Israel.

O Brasil é um país importante na nossa região. Quando o país reconheceu a Palestina como Estado — se não me engano, foi em 2010 — na esteira do reconhecimento brasileiro vieram praticamente todos os países sul americanos. Então, eventualmente uma aproximação com Israel, esse movimento da mudança da embaixada pode eventualmente levar uma série de outros países latino americanos a emularem a ação brasileira”, ressalta Feldberg.

Já em relação aos árabes, o jornalista saudita Rasheed Abou-Alsamh acredita que a mudança da embaixada não significará de imediato uma ruptura nas relações brasileiras com os países árabes. Para ele, a reação árabe será conhecida principalmente após a entrada de Bolsonaro no Palácio do Planalto, mas há indícios negativos, do ponto de vista árabe, para o futuro da diplomacia brasileira.

“O presidente eleito Jair Bolsonaro já indicou muito claramente que vai apoiar ainda mais Israel na ONU e outros fóruns internacionais e que ele vai também apoiar os Estados Unidos com a administração de Donald Trump. Então isso é muito preocupante para os países árabes”.

Fonte: Sputinik News",uma|mudança|judeus|brasileira|em|que|israel|para|com|da|comunidade|sobre|árabes|pensam|embaixada
77_12-12-18_16_28.csv,nosso,".Qual é hoje o grau de importância da Technion em relação a outras universidades da área tecnológica do mundo?
– A Technion é uma universidade de pesquisa científica e tecnológica e é considerada entre as dez maiores do mundo.
-A Technion é uma faculdade moderna, proeminente e uma longa lista de ex-alunos notáveis, incluindo engenheiros, cientistas, médicos, professores e empresários.
-O Technion é uma das universidades públicas mais antigas e bem renomadas de Israel.
.Como os estudantes brasileiros podem ter acesso aos cursos da Technion?",Denise Wasserman|Sobre O Autor A|Publicado Por,"Em recente visita ao Brasil, o engenheiro Ricardo Lomaski Torrez, representante da Universidade Technion em Israel, veio convidar os alunos do Ensino Médio das escolas judaicas a participarem do próximo concurso Rube Goldberg, que acontecerá em 2019.

Reuben Garrett Lucius Goldberg foi um cartunista, escritor e engenheiro norte-americano, que após se graduar em engenharia pela Universidade da Califórnia atuou por apenas seis meses na área de saneamento urbano, abandonando de vez a engenharia para se dedicar a criação de cartoons para jornais.

Seu nome está associado à engenhocas, invenções, dispositivos ou aparelhos que executam uma, ou mais, tarefa simples de uma maneira extremamente complicada, geralmente utilizando uma reação em cadeia, criando a expressão máquina de Rube Goldberg.

“O Tema do próximo concurso anual Rube Goldberg será a Teoria da Relatividade de Einstein. A universidade convida o aluno a construir sua própria máquina Rube Goldberg em homenagem à Teoria da Relatividade de Einstein”, explica Ricardo Lomaski.

Se você achou interessante, então leia mais na entrevista a seguir com Ricardo Lomaski Torres da Technion. Vamos lá?

.Qual é hoje o grau de importância da Technion em relação a outras universidades da área tecnológica do mundo?

– A Technion é uma universidade de pesquisa científica e tecnológica e é considerada entre as dez maiores do mundo. É a universidade mais antiga de Israel (foi fundada em 1912)

.Quais os cursos que a universidade oferece?

-O instituto oferece títulos em ciência e engenharia, e campos relacionados como arquitetura, medicina, gestão industrial e educação. Esses cursos são ministrados em hebraico, mas temos vários cursos de graduação e pós-graduação em inglês através do Technion International.

.Israel tem sido visto como o “Vale do Silício do Oriente Médio”, devido ao grande número de StartUp. De que forma a Universidade tem contribuído para esse título?

-A alta tecnologia é uma fonte importante de inovação que impulsiona a economia israelense. Os graduados da Technion representam 70 por cento da força de trabalho dessa alta tecnologia e estabeleceram a infraestrutura industrial de Israel, reforçaram suas capacidades de defesa tecnológica e foram pioneiros em suas empresas baseadas em tecnologia. Isso gerou a reputação do país como a “Nação Startup” do mundo (com a maior concentração de empresas de alta tecnologia fora do Vale do Silício).

.A Technion tem ex alunos com grande destaque no mundo, inclusive alguns prêmios Nobel. Poderia citar alguns desses nomes?

-A Technion é uma faculdade moderna, proeminente e uma longa lista de ex-alunos notáveis, incluindo engenheiros, cientistas, médicos, professores e empresários. O instituto também foi reconhecido como um dos principais ecossistemas empresariais e incubadoras mundiais para futuros empresários bem-sucedidos. Entre os ex alunos notáveis: Dan Shechtman, Aaron Ciechano, Abraham Lempel, Arieh Warshel e Hossam Haick.

.De que forma a Universidade contribui para a segurança de Israel?

-Os pesquisadores e graduados da Technion desempenham um papel de liderança no fortalecimento da segurança de Israel, por meio de tecnologias avançadas desenvolvidas nos laboratórios da universidade e por engenheiros treinados que desenvolvem sistemas de defesa para proteger vidas e propriedades. Um exemplo é o “Iron Dome”, cuja equipe principal era composta inteiramente por graduados do Technion. O Iron Dome alcançou atenção mundial em conflitos recentes, ao interceptar com sucesso milhares de foguetes disparados contra comunidades civis israelenses.

.E na área de ciências?

-Entre os campos pioneiros nos quais a Technion alcançou reconhecimento internacional estão a medicina regenerativa e a pesquisa com células-tronco, engenharia de tecidos, aeroespacial, microeletrônica, comunicações, informática, supercondutividade, fibra ótica, optoeletrônica, engenharia quântica, desenvolvimento e gerenciamento de recursos hídricos, catálise e nanotecnologia , biotecnologia, ciências da vida e muito mais.

Ao longo dos anos, a Technion se tornou renomada por seus avanços científicos e tecnológicos. O algoritmo de compressão de arquivos usado para arquivos “zipados” foi desenvolvido pelos professores Abraham Lempel e Jacob Ziv, e se tornou um padrão internacional para compactação de dados. O fármaco Azilect® para a doença de Parkinson foi desenvolvido pelos professores Moussa Youdim e John Finberg, juntamente com a Teva Pharmaceutical Industries e são vendidos mundialmente.

Os Prêmios Nobel de Química, professor Dan Shechtman em 2011 por sua descoberta de quasicristais e professores Avram Hershko e Aaron Ciechanover em 2004 por sua descoberta da ubiquitina são uma demonstração definitiva da força coletiva e do ambiente estimulante da inovação do Technion.

.Como se deu a parceria da Technion com Universidades fora de Israel?

-Em 2011, a Technion em parceria com a Universidade Cornell venceu uma prestigiada competição internacional para estabelecer um novo instituto de ciências aplicadas na cidade de Nova York, levando à fundação do Instituto de Inovação Jacobs Technion-Cornell (JTCII). Uma parceria acadêmica independente focada em ciência e tecnologia digital sem as restrições de um ambiente universitário tradicional. O Instituto Jacobs Technion-Cornell é a base da Cornell Tech, compartilhando sua ampla missão de criar líderes e tecnologias pioneiras para a era digital. Ao mesmo tempo, Jacobs é uma entidade independente, proporcionando uma autonomia que permite a experimentação radical com novas pesquisas, programas acadêmicos e iniciativas empreendedoras.

Esta foi a primeira vez que uma universidade israelense estabeleceu um centro de pesquisa avançada nos Estados Unidos. O programa de pós-graduação do JTCII se concentra na comercialização de relevância imediata para o crescimento econômico de Nova York.

.Quantos estudantes o Technion tem hoje?

-O Technion é uma das universidades públicas mais antigas e bem renomadas de Israel. Ele recebe aproximadamente 14.000 estudantes e é formado por 18 unidades acadêmicas, que oferecem opções de estudo ministradas em inglês. O Technion tem parcerias com quase 200 universidades e institutos de pesquisa do mundo inteiro e foi eleita entre as 50 melhores universidade de ciências e tecnologia do mundo. O Instituto é reconhecido pelos seus laços com a indústria e pela empregabilidade de seus graduados.

A Technion International supervisiona todos os programas acadêmicos internacionais e apoia suas iniciativas e acordos acadêmicos com seus parceiros estrangeiros em todo o mundo. Ele atende a todos os estudantes internacionais recém-inscritos e atualmente matriculados na universidade e promove sua integração à comunidade do Technion em geral.

.Como os estudantes brasileiros podem ter acesso aos cursos da Technion?

-Temos realizado algumas feiras no Rio de Janeiro e São Paulo, onde orientamos aos alunos interessados sobre os diversos cursos nas áreas de Engenharia e Ciência, Empreendedorismo e Inovação, Arquitetura e Design de Produto e Humanas.

Quem quiser informações pode entrar no site da universidade: http://int.technion.ac.il/contact-us/",uma|universidade|technion|é|em|que|convite|para|estudantes|brasileiros|faz|por|com|da
77_12-12-18_16_28.csv,nosso,"Na mesma época em que lançou o filme (2017), Bydlowski, começou a campanha Mais Entretenimento, Menos Bullying com o intuito de que o entretenimento saudável ajude na solução de problemas como o bullying.
Em Bullies, seu personagem principal é um garoto de 10 anos chamado Eugene que sofre bullying na escola.
Até que um dia, enquanto se escondia de quem o atormentava, descobre um esconderijo que pode o salvar de todos os seus problemas.
A ideia é que elas entendam o quanto o bullying é algo que deve, de fato, ser encarado.
As ONGs, escolas públicas, privadas, entidades governamentais e não governamentais, artistas, cineastas, enfim, você e todos os que quiserem abraçar a causa serão bem-vindos!",Denise Wasserman|Sobre O Autor A|Publicado Por,"O bullying é tema do curta Bullies de Daniel Bydlowski, cineasta premiado e artista de realidade virtual, que através de seu trabalho, tenta conscientizar as pessoas em relação às questões sociais ligadas à saúde, educação e bullying nas escolas.

O filme que foi recentemente premiado na San Diego Comic-Com 2018, é baseado em fatos reais da vida escolar do próprio cineasta que também sofreu este tipo de agressão. “A maior alegria para os pequenos é quando eles entendem que não são os únicos a passarem por este tipo de experiência e que não estão sozinhos”, enfatiza Bydlowski.

Na mesma época em que lançou o filme (2017), Bydlowski, começou a campanha Mais Entretenimento, Menos Bullying com o intuito de que o entretenimento saudável ajude na solução de problemas como o bullying.

Em Bullies, seu personagem principal é um garoto de 10 anos chamado Eugene que sofre bullying na escola. Até que um dia, enquanto se escondia de quem o atormentava, descobre um esconderijo que pode o salvar de todos os seus problemas. Porém, para isso ele precisa estar disposto a abrir mão de outras coisas que gosta.

A ideia

Por acreditar que há maneiras diferentes das atuais para ajudar as crianças a lidarem com o bullying, Daniel lançou esta campanha propondo que, através do entretenimento, as crianças, que muitas vezes escondem estes traumas, percebam que elas podem encontrar a sua forma própria de enfrentar o problema. A ideia é que elas entendam o quanto o bullying é algo que deve, de fato, ser encarado. Afinal, ele existe e continua prejudicando várias crianças na formação escolar, causando traumas e reflexos na vida adulta.

Daniel já ganhou prêmios como o Melhor Curta Internacional pelo Moondance International Film Festival, Melhor Curta Infantil pelo Newport Beach Film Festival e participou de vários outros, como anima mundi. Atualmente, o cineasta pesquisa sobre novas mídias e realidade virtual como o futuro do cinema.

Com bullies o brasileiro foi premiado com o troféu de melhor filme de fantasia e o prêmio especial do juri para o melhor filme.

Como apoiar?

As ONGs, escolas públicas, privadas, entidades governamentais e não governamentais, artistas, cineastas, enfim, você e todos os que quiserem abraçar a causa serão bem-vindos!

Caso queira enviar suas sugestões e ser um colaborador deste projeto, entre em contato com a equipe através do telefone (11) 2275-6787 ou pelo e-mail [email protected] Informações: http://danielbydlowski.com/bullies

Em 2012, Daniel Bydlowski trabalhou em parceria com Marsha Kinder em um importante projeto de pesquisas chamado Labyrinth (Labirinto). Na mesma época, o cineasta contribuiu como diretor e artista visual para o Jewish Homegrown History, projeto que lida com identidade e imigração da comunidade judaica em Los Angeles.

Este projeto foi exposto no museu Skirball, em Los Angeles.",daniel|entretenimento|é|um|menos|os|cineasta|que|campanha|bydlowski|em|para|como|projeto|com|bullying|mais
77_12-12-18_16_28.csv,nosso,"Segundo informações mais recentes do Ministério do Trabalho e Emprego (MTE), em 2017, 34.051 pessoas estavam empregadas com registro de cuidador de idosos.
“É preciso estar preparado emocionalmente para lidar com limitações, alterações de comportamento e humor ou casos de extrema dependência física ou mental.
“Não é obrigatória nenhuma formação específica para ser cuidador de idosos”, destaca o consultor de carreiras Ricardo Veríssimo.
Isso não é correto e não é recomendado”, aponta Ricardo.
A maioria dos alunos não vem com essa perspectiva de trabalho”, ressalta.",Redação Nj|Sobre O Autor A|Publicado Por,"A população com 60 anos ou mais no Brasil vai passar dos atuais 28 milhões de pessoas para 73,4 milhões em 2060, segundo projeções do IBGE (Instituto Brasileiro de Geografia e Estatística). Com o envelhecimento populacional, há mudanças significativas econômicas e sociais – e uma delas é a geração de novos empregos, especialmente a de cuidador de idosos.

O cuidado remunerado é uma grande oportunidade de geração de empregos em todo o mundo, especialmente por ser “impossível substituir [o cuidador] por robôs ou computadores.

Segundo informações mais recentes do Ministério do Trabalho e Emprego (MTE), em 2017, 34.051 pessoas estavam empregadas com registro de cuidador de idosos. Os dados mostram ainda que a remuneração mensal média no ano passado era de R$ 1.396,52.

Na contramão da crise econômica atual, o segmento vem crescendo e está na lista das profissões mais promissoras do país até 2025 e as mulheres representam 80% dos cuidadores no Brasil.

“É preciso estar preparado emocionalmente para lidar com limitações”

Em um dos maiores portais de anúncios de vagas de trabalho do país, a Catho, havia, no começo do mê de dezembro, 200 postos abertos para cuidadores de idosos. “É preciso estar preparado emocionalmente para lidar com limitações, alterações de comportamento e humor ou casos de extrema dependência física ou mental. Ter empatia, paciência, ser um bom ouvinte e ter o dom de acolher, são essenciais para um bom desempenho nessa área”, afirma Luana Marley, supervisora de assessoria de carreira da empresa.

Formação

Ainda não regulamentada no país, a profissão tem sido exercida por pessoas capacitadas em cursos livres, técnicos em enfermagem ou enfermeiros. “Não é obrigatória nenhuma formação específica para ser cuidador de idosos”, destaca o consultor de carreiras Ricardo Veríssimo.

Segundo ele, no entanto, a capacitação é altamente recomendada pelos conselhos de enfermagem e de medicina. “As pessoas mais velhas necessitam de vigilância e de cuidados especiais”, afirma ele. O cuidador deve ter conhecimentos básicos de higiene, primeiros-socorros e outros relacionados às áreas de saúde.

“É muito comum vermos também domésticas exercendo essa função”

“É comum que muitas famílias procurem enfermeiros, mas também é muito comum vermos também domésticas exercendo essa função, mas sem esse registro em carteira de trabalho. Isso não é correto e não é recomendado”, aponta Ricardo.

“A grande luta nesta categoria é profissionalizar o que hoje é ainda tratado como ocupação. A formação mínima exigida para ingresso nos cursos de preparo e qualificação é de, pelo menos, o quarto ano de ensino fundamental, dada as diferentes vertentes preparatórias existentes no mercado. Contudo, as ofertas de emprego disponíveis apontam em sua grande maioria a obrigatoriedade mínima do ensino médio completo”, afirma Ana Carolina Villas Boas, consultora de recursos humanos do Grupo Terça da Serra.

As discrepâncias entre capacitação e realidade de mercado não param por aí. “Encontramos cursos com carga horária que variam de 36 horas a 160 horas, pagos ou gratuitos, presenciais ou a distância. Questões como estas retomam a análise de questões básicas à regulamentação da profissão.”

Cursos

Para quem deseja entrar na área, algumas escolas oferecem cursos que exigem do aluno apenas o ensino fundamental completo. O Senac, por exemplo, conta, desde 2009, com aulas preparatórias para esta área. Diferentemente dos cursos tradicionais, a escola separa os temas por competências e em duas vertentes: como auxiliar o idoso que não tem necessidade de cuidados especiais e como prestar cuidados aos que têm.

As aulas abordam desde as legislações que dão suporte à saúde e ao bem-estar até informações sobre prevenção e redução de acidentes. “A maior preocupação dos alunos é a prevenção a quedas”, afirma Karen Elise de Campos, professora do curso. “No entanto, a maior surpresa deles é sobre como ocupar o tempo livre do idoso [tanto de acamados quanto não acamados]. A maioria dos alunos não vem com essa perspectiva de trabalho”, ressalta.

“É uma profissão de muita responsabilidade, mas também muito gratificante”

Karen afirma também que os estudantes que já trabalhavam na área mudam o olhar e enxergam o idoso como uma pessoa “com desejos e expectativas mesmo frente a doenças”. Até o momento, já foram qualificados mais de 9.000 cuidadores.",ou|oportunidades|trabalho|despontar|é|dos|em|que|por|para|começam|como|com|idosos|não|cuidador
77_12-12-18_16_28.csv,nosso,"É comum novas pesquisas revelarem evidências que contrariam ou acrescentam fatos ao conhecimento já estabelecido, como por exemplo na história do descobrimento da América, por Cristóvão Colombo.
O conhecimento tradicional diz que Colombo navegou para comprovar que a terra é redonda, em direção às Índias.
Colombo calculou que o oceano que separa Portugal de Cipangu (Japão) era um sétimo da circunferência da Terra, ou cerca de 2.400 milhas.
Assim, os historiadores também tiveram outra conclusão: Colombo navegou em busca de refúgio para os judeus!
Além da motivação por um lugar seguro para seus descendentes, Colombo também queria reconstruir Jerusalém, na época sob o domínio muçulmano.",Denise Wasserman|Sobre O Autor A|Publicado Por,"A história que conhecemos, como contada em alguns dos livros mais tradicionais disponíveis, às vezes não correspondem muito à realidade. É comum novas pesquisas revelarem evidências que contrariam ou acrescentam fatos ao conhecimento já estabelecido, como por exemplo na história do descobrimento da América, por Cristóvão Colombo.

O conhecimento tradicional diz que Colombo navegou para comprovar que a terra é redonda, em direção às Índias. Todavia, segundo historiadores, Colombo já tinha uma noção do formato da terra e como deveria navegar.

Colombo calculou que o oceano que separa Portugal de Cipangu (Japão) era um sétimo da circunferência da Terra, ou cerca de 2.400 milhas. Imaginou que navegando 100 milhas por dia, poderia chegar às Índias em 30 dias.

A relação de Cristóvão Colombo com o judaísmo também é outro fato destacado recentemente. Segundo alguns pesquisadores, o navegador responsável pelo descobrimento da América em 12 de outubro de 1492 era, na verdade, um judeu “marrano”.

“Marrano” era o nome dado aos judeus que fingiam ter sido convertidos ao catolicismo, na Espanha, após um decreto dos reis de Castela, Fernando e Isabel, que ordenaram a expulsão dos judeus do país em 31 de março de 1492. Os que não se convertiam eram torturados e até mortos na inquisição.

Assim, os historiadores também tiveram outra conclusão: Colombo navegou em busca de refúgio para os judeus! Além da motivação por um lugar seguro para seus descendentes, Colombo também queria reconstruir Jerusalém, na época sob o domínio muçulmano.

Várias evidências foram analisadas pelos historiadores, como a assinatura de Colombo em suas cartas, onde continha um símbolo geométrico utilizado na época apenas pelos judeus. Outro fato que chamou atenção foram os pedidos do navegador em seu testamento.

Um dos pedidos ordenava a entrega de 10% de sua renda para os pobres e a doação de um dote anônimo para meninas carentes, solicitações típicas do judaísmo. Além disso, foi descoberto que os verdadeiros financiadores da viagem de Colombo foram dois judeus convertidos e outro em particular, Louis de Santangel e Gabriel Sanchez, que emprestaram cerca de 17.000 ducados para o navegador.

Posteriormente Colombo enviou cartas de agradecimento aos financiadores, não a Isabel, como se acreditava, mas sim aos irmãos de fé, Louis de Santangel e Gabriel Sanchez.",motivação|que|religiosa|da|um|colombo|em|historiadores|cristóvão|navegar|judeu|os|por|para|como|dizem|era|judeus|foi
