Timestamp,Source,Summary,Authors,Text,Keywords
7_12-12-18_12_28.csv,fredlima,"Nesta edição, o programa Ping Pong, da Rádio Federal, entrevistou o presidente do PRP-DF, Adalberto Monteiro.
O partido elegeu um deputado distrital (Daniel Donizet) e uma deputada federal (Bia Kicis).
Além disso, a legenda teve desempenho satisfatório na eleição ao Palácio do Buriti, ficando em quarto lugar na disputa.
Participou também da edição o suplente de distrital, Jabá Lusimar (PTC), que narrou os problemas que enfrentou na eleição deste ano, fora o seu projeto para 2022.",,"Nesta edição, o programa Ping Pong, da Rádio Federal, entrevistou o presidente do PRP-DF, Adalberto Monteiro. O partido elegeu um deputado distrital (Daniel Donizet) e uma deputada federal (Bia Kicis). Além disso, a legenda teve desempenho satisfatório na eleição ao Palácio do Buriti, ficando em quarto lugar na disputa.

Participou também da edição o suplente de distrital, Jabá Lusimar (PTC), que narrou os problemas que enfrentou na eleição deste ano, fora o seu projeto para 2022.

Da Redação",uma|lima|pong|distrital|federal|um|fred|que|eleição|também|prpdf|presidente|com|blog|teve|da|ping|edição
7_12-12-18_12_28.csv,fredlima,"Nesta edição, o programa Ping Pong, da Rádio Federal, entrevistou a deputada distrital eleita, Júlia Lucy (Novo-DF).
Além de Júlia, o presidente do Partido Novo do DF, Edvard Corrêa, também foi entrevistado pela atração.
A parlamentar eleita discorreu sobre os projetos que pretende levar para a Câmara Legislativa do DF a partir de 2019, quando será a única deputada do Novo a ter assento na Casa.
Uma das propostas é a luta para a implementação do projeto Câmara + Barata, que prevê a diminuição de gastos do Poder Legislativo local.
Edvard explicou aos ouvintes como funciona a estrutura do Novo, bem como as diferenças do partido para as demais legendas.",,"Nesta edição, o programa Ping Pong, da Rádio Federal, entrevistou a deputada distrital eleita, Júlia Lucy (Novo-DF). Além de Júlia, o presidente do Partido Novo do DF, Edvard Corrêa, também foi entrevistado pela atração. Ambos responderam perguntas formuladas pela produção do programa e pelos ouvintes.

A parlamentar eleita discorreu sobre os projetos que pretende levar para a Câmara Legislativa do DF a partir de 2019, quando será a única deputada do Novo a ter assento na Casa. Uma das propostas é a luta para a implementação do projeto Câmara + Barata, que prevê a diminuição de gastos do Poder Legislativo local.

Edvard explicou aos ouvintes como funciona a estrutura do Novo, bem como as diferenças do partido para as demais legendas.

Da Redação",pela|lima|pong|distrital|partido|deputada|novo|fred|que|para|df|júlia|lucy|com|blog|eleita|ping|programa
7_12-12-18_12_28.csv,fredlima,"Nesta edição, o programa Ping Pong, da Rádio Federal, entrevistou o senador eleito, Izalci Lucas (PSDB-DF), e o deputado distrital eleito, Daniel Donizet (PRP).
Izalci afirmou que vai trabalhar no Senado ouvindo os anseios da população.
Destinar emendas para a saúde também está nos planos do senador eleito.
Filiado ao PRP do general Paulo Chagas, que optou pela neutralidade no segundo turno, o distrital eleito declarou que apoiará o governo Ibaneis Rocha.
“Aprovar as boas propostas de uma gestão que se inicia é ficar do lado da população.",,"Nesta edição, o programa Ping Pong, da Rádio Federal, entrevistou o senador eleito, Izalci Lucas (PSDB-DF), e o deputado distrital eleito, Daniel Donizet (PRP). Durante a atração, os políticos responderam perguntas formuladas pela produção do programa e pelos ouvintes.

Izalci afirmou que vai trabalhar no Senado ouvindo os anseios da população. O tucano destacou a área de educação como uma de suas prioridades. Destinar emendas para a saúde também está nos planos do senador eleito. “Desde que entrei na política, o trabalho em prol do DF sempre foi a minha marca”, afirmou.

Eleito com 9.128 votos, Daniel chega pela primeira vez na Câmara Legislativa do DF. Filiado ao PRP do general Paulo Chagas, que optou pela neutralidade no segundo turno, o distrital eleito declarou que apoiará o governo Ibaneis Rocha. “Aprovar as boas propostas de uma gestão que se inicia é ficar do lado da população. Por este motivo, escolhi caminhar junto com o novo governo”, alegou.

O Ping Pong vai ao ar toda segunda-feira, das 18h às 19h30.

Da Redação",senador|pela|lucas|vai|lima|pong|uma|donizet|izalci|fred|prp|que|população|com|eleito|da|ping|programa
7_12-12-18_12_28.csv,fredlima,"Nesta edição especial, o programa Ping Pong, da Rádio Federal, fez um balanço do resultado do segundo turno no país e no Distrito Federal.
A eleição do presidente eleito, Jair Bolsonaro (PSL), bem como a de Ibaneis Rocha (MDB) ao governo do DF, foi explicada pelo cientista político, Rócio Barreto.
O apresentador do programa, Fred Lima, aproveitou a oportunidade para informar aos ouvintes que o jornalista José Fernando Vilela, do blog Expressão Brasiliense, é o novo comentarista da atração.",,"Nesta edição especial, o programa Ping Pong, da Rádio Federal, fez um balanço do resultado do segundo turno no país e no Distrito Federal. A eleição do presidente eleito, Jair Bolsonaro (PSL), bem como a de Ibaneis Rocha (MDB) ao governo do DF, foi explicada pelo cientista político, Rócio Barreto.

O apresentador do programa, Fred Lima, aproveitou a oportunidade para informar aos ouvintes que o jornalista José Fernando Vilela, do blog Expressão Brasiliense, é o novo comentarista da atração.

Da Redação",vilela|balanço|lima|federal|é|um|fred|especial|rádio|turno|rócio|segundo|eleitoral|da|blog|programa|edição
7_12-12-18_12_28.csv,fredlima,"Sobre a nota Daniel na cova dos leões, o deputado distrital eleito Daniel Donizet (PRP) entrou em contato com o blog para pedir direito de resposta.
Em obediência à Lei nº 13.188, de 11 de novembro de 2015, este veículo concedeu o direito ao político.
Segue:Tenho escutado as idéias, os desejos e as propostas, mas estou analisando as proposições.
No momento certo, escolheremos as melhores propostas para a condução dos trabalhos legislativos, que são de grande importância para o futuro do Distrito Federal.
As eleições para a Mesa Diretora da CLDF, ocorrem no dia da posse, que está previsto para 1° de janeiro de 2019.",,"Sobre a nota Daniel na cova dos leões, o deputado distrital eleito Daniel Donizet (PRP) entrou em contato com o blog para pedir direito de resposta. Em obediência à Lei nº 13.188, de 11 de novembro de 2015, este veículo concedeu o direito ao político. Segue:

Tenho escutado as idéias, os desejos e as propostas, mas estou analisando as proposições. Temos um bloco de novatos e estamos alinhados. No momento certo, escolheremos as melhores propostas para a condução dos trabalhos legislativos, que são de grande importância para o futuro do Distrito Federal. Nossa decisão será anunciada de acordo com entendimento com nosso grupo parlamentar e tenho certeza que, dentre os 24 eleitos pela população, encontraremos os nomes certos para desempenharem os importantes papéis que a sociedade exige.

As eleições para a Mesa Diretora da CLDF, ocorrem no dia da posse, que está previsto para 1° de janeiro de 2019.

Da Redação",direito|lima|daniel|os|donizet|dos|fred|propostas|em|deputado|que|para|responde|com|eleito|da|resposta|blog
7_12-12-18_12_28.csv,fredlima,"Por Fred LimaA eleição de 2018 para a Câmara Legislativa do DF revelou o anseio do eleitorado por renovação ao optar por novos nomes para defender a nova política na Casa.
Só que não adianta alguns representarem o novo e acabarem cedendo à tentação do velho sistema, que seduz e mancha revelações que poderiam se destacar levantando a bandeira da ética pública.
Na eleição de 2014, ele optou também por certos nomes que ocuparam o parlamento pela primeira vez.
Ou seja, se houver descumprimento de propostas ou a tomada de um rumo diferente, o cidadão demitirá daqui quatro anos.
É bom que os novatos da próxima legislatura possam refletir sobre o que defenderam durante a campanha e o que farão no exercício do mandato, não somente eles, mas os nomes antigos também.",,"Por Fred Lima

A eleição de 2018 para a Câmara Legislativa do DF revelou o anseio do eleitorado por renovação ao optar por novos nomes para defender a nova política na Casa. Só que não adianta alguns representarem o novo e acabarem cedendo à tentação do velho sistema, que seduz e mancha revelações que poderiam se destacar levantando a bandeira da ética pública.

O eleitor é implacável. Na eleição de 2014, ele optou também por certos nomes que ocuparam o parlamento pela primeira vez. Neste ano, muitos não conseguiram se reeleger. Ou seja, se houver descumprimento de propostas ou a tomada de um rumo diferente, o cidadão demitirá daqui quatro anos.

É bom que os novatos da próxima legislatura possam refletir sobre o que defenderam durante a campanha e o que farão no exercício do mandato, não somente eles, mas os nomes antigos também.

A nova Câmara será a mais fiscalizada da história. Após a eclosão da Operação Drácon, os holofotes voltaram para o Legislativo, e hoje, tanto a imprensa quanto a sociedade estão mais vigilantes que outrora.

Da Redação",que|da|em|odres|perigo|nova|blog|os|fred|por|velhos|para|vinho|ou|lima|novo|nomes|se|não|cldf
7_12-12-18_12_28.csv,fredlima,"Por Fred LimaNa eleição para presidente da Câmara Legislativa do DF, o voto dos novatos vem sendo disputado dia após dia pelos postulantes.
O problema é que tem deputado distrital “orando” para o deus errado, achando que será contemplado em caso de vitória do candidato que apoia.
Diferentemente do personagem bíblico, o jovem eleito Daniel Donizet (PRP) pode cair na cova dos leões e ser “devorado” por figuras da velha política, que estão tentando persuadi-lo com promessas tentadoras, no intuito de fazê-lo mudar o voto.
Na cova dos leões da política, não existe “anjo” para fechar a boca das feras.
Ao Invés de subir no conceito dos eleitores que o elegeram, Daniel pode cair no descrédito popular por aderir a uma candidatura oligárquica, que simboliza práticas atrasadas.",,"Por Fred Lima

Na eleição para presidente da Câmara Legislativa do DF, o voto dos novatos vem sendo disputado dia após dia pelos postulantes. O problema é que tem deputado distrital “orando” para o deus errado, achando que será contemplado em caso de vitória do candidato que apoia.

Diferentemente do personagem bíblico, o jovem eleito Daniel Donizet (PRP) pode cair na cova dos leões e ser “devorado” por figuras da velha política, que estão tentando persuadi-lo com promessas tentadoras, no intuito de fazê-lo mudar o voto. Até dias atrás, Daniel tinha prometido apoiar outro postulante.

Na cova dos leões da política, não existe “anjo” para fechar a boca das feras. Ao Invés de subir no conceito dos eleitores que o elegeram, Daniel pode cair no descrédito popular por aderir a uma candidatura oligárquica, que simboliza práticas atrasadas.

Abre o olho, Donizet!

Da Redação",cova|leões|lima|voto|daniel|dos|fred|que|por|para|política|pode|da|blog
7_12-12-18_12_28.csv,fredlima,"De lá para cá, avançamos em determinados assuntos, mas ainda não conseguimos progredir muito no que tange à ética jornalística.
A meu ver, o desafio da próxima gestão da ABBP será rasgar o véu da marginalização que ainda paira sobre parte da blogosfera política.
Por este e outros motivos, a sobrevivência da instituição é fundamental para o fortalecimento da imprensa livre.
Neles estão contidos os ideais para que a entidade atinja os objetivos pelos quais foi criada.
Crescer de forma ordenada é outro grande desafio, não que um número elevado de sócios seja ruim.",,"Por Fred Lima*

Findadas as eleições de 2018, a Associação dos Blogueiros de Política do Distrito Federal e Entorno (ABBP) se volta agora para o seu pleito interno, que ocorrerá no início de 2019 para eleger uma nova diretoria. Neste ano, a instituição participou pela primeira vez da cobertura de uma eleição, pois foi fundada em dezembro de 2014.

Há quatro anos, a blogosfera política da capital resolveu se organizar em associação com o objetivo de fortalecer a categoria de blogueiros que andava dispersa. De lá para cá, avançamos em determinados assuntos, mas ainda não conseguimos progredir muito no que tange à ética jornalística.

Desde o início da década, o monopólio da informação vem perdendo força e os smartphones estão se transformando em editorias de jornais, capazes de publicar notícias e vídeos dos fatos em tempo real. O lado negativo desta facilidade é o aumento das barrigadas (termo jornalístico conhecido quando o repórter publica uma matéria equivocada) pela falta de um editor-chefe.

Com o advento das mídias digitais, o surgimento das fake news se tornou uma ameaça visível a toda a sociedade. A meu ver, o desafio da próxima gestão da ABBP será rasgar o véu da marginalização que ainda paira sobre parte da blogosfera política. Tal mantilha se encontra também desdobrada sobre alguns veículos da mídia tradicional, algo que certos veteranos das redações fazem vistas grossas ao tratar do tema espinhoso.

Para que a categoria de blogueiros seja mais respeitada do que temida, a nova diretoria executiva terá o desafio de promover políticas educativas que visem à conscientização dos sócios quanto às regras básicas do jornalismo. Ao mesmo tempo, o Conselho de Ética deverá se manifestar toda vez que alguém ferir a ética jornalística, como preconiza o Código de Ética. Se o Departamento Jurídico existe para assegurar o amparo judicial aos sócios que são injustamente processados, o Código é o regulamento que impede práticas do mau jornalismo, evitando, desta forma, possíveis dores de cabeça para os administradores dos blogs que terão que responder ações na Justiça.

A ABBP não pode interferir na linha editorial dos veículos de seus associados. Cada blog tem o livre arbítrio de decidir o rumo que quer tomar. Mas uma coisa é ser livre ao optar pela linha que quer seguir, outra é confundir liberdade de imprensa com libertinagem, achaque e chantagem no intuito de difamar políticos e autoridades, manchando, com isso, o nome da entidade que o representa e contribuindo para que o véu maculado continue sendo estendido.

Agora, imagine o atual cenário sem a criação da ABBP? Seria uma verdadeira Torre de Babel. Com certeza, a categoria estaria dividida e buscando apenas interesses individuais e não coletivos, como deve ser. Além disso, não haveria norma para frear práticas errôneas e inescrupulosas, que crescem assustadoramente não só no DF, mas em todo o país.

Um dos principais méritos da associação nestes quatro anos de existência foi propiciar um ambiente de troca contínua de informações, o que favoreceu para que aumentasse a fiscalização das ações do Executivo, Legislativo e Judiciário, operando como uma fábrica de notícias, pautando, por diversas vezes, os veículos convencionais. Por este e outros motivos, a sobrevivência da instituição é fundamental para o fortalecimento da imprensa livre.

Talvez a próxima gestão precise ser a mais pragmática de todas para manter a classe organizada e instruída. O regulamento já existe e deve ser praticado. Na República, a Constituição é a bússola. Na ABBP, o Estatuto Social precisa ser o norte junto com o Código de Ética. Neles estão contidos os ideais para que a entidade atinja os objetivos pelos quais foi criada.

Por fim, a busca e a meta da diretoria do próximo biênio deve ser por qualidade, não quantidade. Crescer de forma ordenada é outro grande desafio, não que um número elevado de sócios seja ruim. Se a maioria compreender a importância da consolidação da categoria por meio da ética jornalística e da luta pelo cumprimento da Emenda à Lei Orgânica n° 74/2014, de autoria da deputada distrital Luzia de Paula (PSB) – a qual destina, no mínimo, dez por cento da verba de publicidade do Poder Público do DF para os veículos de comunicação alternativos –, teremos alcançado um dos alvos que sempre almejamos.

*Fred Lima é fundador e presidente de honra da ABBP.",uma|dois|lima|ser|é|dos|ética|fred|que|anos|para|decisivos|da|se|blog|não
7_12-12-18_12_28.csv,fredlima,"Por Fred LimaSabendo que a área de saúde é uma das mais preocupantes do DF, o governador eleito, Ibaneis Rocha (MDB), tem avaliado com bastante cuidado os nomes contidos na lista tríplice elaborada pela sua equipe.
São eles: Núbia Welerson Vieira, Carlos Fernando e Adriano Guimarães Ibiapina.
O último conta com a predileção do ex-secretário de Saúde, Jofran Frejat (PR).
Ibaneis tem tratado Frejat como uma espécie de mestre dos magos da Secretaria de Saúde do DF (SES/DF), e o ex-secretário não esconde nos bastidores a sua preferência por Ibiapina, que o ajudou a elaborar seu plano de governo quando era pré-candidato ao Buriti.
Querido pela categoria de médicos e apoiado por Frejat, Adriano Ibiapina só falta agora ser anunciado como secretário de Saúde da administração eleita.",,"Por Fred Lima

Sabendo que a área de saúde é uma das mais preocupantes do DF, o governador eleito, Ibaneis Rocha (MDB), tem avaliado com bastante cuidado os nomes contidos na lista tríplice elaborada pela sua equipe. São eles: Núbia Welerson Vieira, Carlos Fernando e Adriano Guimarães Ibiapina. O último conta com a predileção do ex-secretário de Saúde, Jofran Frejat (PR).

Ibaneis tem tratado Frejat como uma espécie de mestre dos magos da Secretaria de Saúde do DF (SES/DF), e o ex-secretário não esconde nos bastidores a sua preferência por Ibiapina, que o ajudou a elaborar seu plano de governo quando era pré-candidato ao Buriti.

Querido pela categoria de médicos e apoiado por Frejat, Adriano Ibiapina só falta agora ser anunciado como secretário de Saúde da administração eleita.

Da Redação",uma|alta|pela|lima|saúde|sua|fred|tem|em|por|frejat|que|df|exsecretário|ibiapina|blog
7_12-12-18_12_28.csv,fredlima,"A 2ª edição não será diferente, as Igrejas, unidas em uma só voz farão o ato profético e clamor em favor do município.
Segundo o pastor Marcos da Igreja Aliança da Fé, quando o prefeito entrega à Igreja de Cristo a chave da cidade, ele está entregado o controle da cidade nas mãos de Deus.
“O ato significa que a chave da cidade está nas mãos da maior autoridade dos céus e da terra, que é Jesus Cristo”, completou.
Segundo o prefeito Pábio Mossoró, o governo só tem força para seguir porque existem Igrejas e pastores que oram por uma cidade melhor.
Como a data começou a ser comemorada em Valparaíso de Goiás?",,"Após o sucesso em 2017, que contou com participação de milhares de fiéis, neste ano, o Governo Municipal está empenhado em ofertar um evento ainda melhor, com uma grande estrutura, animação e lazer para os fieis. O objetivo é celebrar com a comunidade evangélica de Valparaíso este dia tão especial, decretado por meio da Lei Nº 350, em 17 de dezembro de 2001, de autoria da então vereadora Lêda Borges, hoje deputada estadual.

As Igrejas Evangélicas de Valparaíso estão envolvidas e empenhadas na promoção do evento e, de posse da Chave da Cidade, passaram um ano intercedendo pelo município e pelas autoridades constituídas. A 2ª edição não será diferente, as Igrejas, unidas em uma só voz farão o ato profético e clamor em favor do município.

Segundo o pastor Marcos da Igreja Aliança da Fé, quando o prefeito entrega à Igreja de Cristo a chave da cidade, ele está entregado o controle da cidade nas mãos de Deus. “O ato significa que a chave da cidade está nas mãos da maior autoridade dos céus e da terra, que é Jesus Cristo”, completou.

Segundo o prefeito Pábio Mossoró, o governo só tem força para seguir porque existem Igrejas e pastores que oram por uma cidade melhor. “Nosso desafio é fazer com que nossa cidade seja cada dia melhor e agradeço profundamente aos pastores que oram pela segurança, pela educação e saúde e isso tem dado força ao nosso governo”, concluiu.

Como a data começou a ser comemorada em Valparaíso de Goiás?

O Projeto de Lei Nº 119 de novembro de 2001, da então vereadora Lêda Borges, propunha a instituição do feriado municipal, no dia 30 de novembro, referente ao Dia do Evangélico como forma de atender a necessidade e vontade de homenagear a comunidade evangélica do município, concedendo-lhe um dia especial, em que os evangélicos poderiam se reunir com uma única comunidade, a fim de louvar a Deus.

A então vereadora do PDT entendia que esta seria uma maneira de Valparaíso e de seus vereadores demonstrarem respeito e admiração pela comunidade evangélica. Ainda em 2001, no dia 17 de dezembro, o projeto foi sancionado pelo então prefeito Juarez Sarmento.

Lei Nº 350, em 17 de dezembro de 2001

Você Sabia?

O nome Venha o Teu Reino iniciou em 2017 surgiu como sugestão das Igrejas Evangélicas. A organização e realização do evento é de responsabilidade do Governo Municipal.

Na 1ª edição Eli Soares, que coleciona uma audiência relevante no cenário da música nacional, foi o artista principal. O evento contou ainda com apresentações musicais como: Louvadeira, Orquestra Lira de Davi, Adoração ICED e os ministérios Kyrios e Aliança da Fé.

Venha o Teu Reino: Principais fatos – 2017

Na primeira edição do evento (2017), o prefeito Pábio Mossoró sancionou a Lei Municipal Nº 1.198, que proíbe nas escolas do município qualquer tipo de material que faz apologia à pornografia infantil e à pedofilia, aprovada por unanimidade na Câmara.

O ato profético teve a participação de cerca de 30 pastores. No ensejo os pastores das Igrejas Evangélicas levantaram um clamor pela cidade e pelo prefeito. Em ato de fé, o chefe do Executivo municipal entregou nas mãos dos pastores a chave da cidade, que passou de igreja em igreja (cadastrada no dia). A passagem da chave nas igrejas está sob gerenciamento e coordenação da Igreja Comunidade Evangélica de Valparaíso.

Lei Nº 1.198, de novembro de 2017

SERVIÇO:

Venha o Teu Reino 2ª Edição

Dia do Evangélico – 30 de Novembro

Avenida das Palmeiras, Parque Rio Branco – 17h

Reserve um espaço na agenda e leve sua família para celebrar o feriadão de uma forma inesquecível!

Assessoria de Comunicação da Prefeitura de Valparaíso de Goiás

Colaboração: Alô Valparaíso",pv|dia|que|nívea|da|uma|um|em|valparaíso|evangélico|dj|soares|fred|com|gratuito|lima|cidade|será|igrejas
7_12-12-18_12_28.csv,fredlima,"Por Fred LimaNa eleição 2018 para a Câmara Legislativa do DF, Avante, PRB, Pros, PDT, PT e PSB elegeram, cada um, dois representantes.
Se a quantidade de votos dos eleitos for utilizada como critério de desempate, o PRB sai na frente dos demais.
Como seis legendas empataram na quantidade de parlamentares eleitos na CLDF, o critério de desempate é a quantidade de votos.
Sendo assim, caso a regra de representatividade seja colocada em prática, o PRB deve ocupar a presidência do Legislativo local.
Ibaneis se elegeu pregando a independência entre os poderes, como afirmou em entrevista concedida ao blog.",,"Por Fred Lima

Na eleição 2018 para a Câmara Legislativa do DF, Avante, PRB, Pros, PDT, PT e PSB elegeram, cada um, dois representantes. Se a quantidade de votos dos eleitos for utilizada como critério de desempate, o PRB sai na frente dos demais. Martins Machado e Rodrigo Delmasso obtiveram juntos 52.684 votos.

Na Câmara dos Deputados e no Senado Federal, os partidos que têm a maior bancada geralmente ocupam a presidência das duas casas. Como seis legendas empataram na quantidade de parlamentares eleitos na CLDF, o critério de desempate é a quantidade de votos. Sendo assim, caso a regra de representatividade seja colocada em prática, o PRB deve ocupar a presidência do Legislativo local.

Aliados do então candidato Rogério Rosso (PSD) durante o primeiro turno da eleição ao governo do DF, os republicanos resolveram apoiar o postulante do MDB, Ibaneis Rocha, no segundo. A sigla conta com o apoio do segmento evangélico e de outros setores da sociedade.

Ibaneis se elegeu pregando a independência entre os poderes, como afirmou em entrevista concedida ao blog. Se o governador eleito mantiver o discurso de campanha e observar a regra de representatividade no parlamento distrital, não utilizará a máquina do governo para eleger um presidente filiado a outro partido. Desta forma, o PRB terá o caminho livre para chegar à presidência.

Da Redação",pela|representatividade|lima|prb|ser|os|quantidade|dos|presidência|fred|um|pelo|votos|para|como|se|regra|ocupada
7_12-12-18_12_28.csv,fredlima,"A Avenida das Palmeiras no Parque Rio Branco mais uma vez será palco do ‘Venha o Teu Reino’ 2ª Edição.
O evento gospel gratuito em comemoração ao Dia do Evangélico acontecerá no dia 30 de novembro, a partir das 17h.
A 2ª edição não será diferente, as Igrejas, unidas em uma só voz farão o ato profético e clamor em favor do município.
Segundo o pastor Marcos da Igreja Aliança da Fé, quando o prefeito entrega à Igreja de Cristo a chave da cidade, ele está entregado o controle da cidade nas mãos de Deus.
“O ato significa que a chave da cidade está nas mãos da maior autoridade dos céus e da terra, que é Jesus Cristo”, completou.",Núcleo Desenvolvimento,"A Avenida das Palmeiras no Parque Rio Branco mais uma vez será palco do ‘Venha o Teu Reino’ 2ª Edição. O evento gospel gratuito em comemoração ao Dia do Evangélico acontecerá no dia 30 de novembro, a partir das 17h.

Grandes nomes da música gospel vão marcar presença – DJ PV, um dos maiores ícones da música eletrônica cristã mundial e a Nívea Soares, a ministra de louvor que tem levado a palavra de Deus pelo Brasil e outras nações. Além dos artistas renomados, outras atrações abrilhantarão a ação.

Após o sucesso em 2017, que contou com participação de milhares de fiéis, neste ano, o Governo Municipal está empenhado em ofertar um evento ainda melhor, com uma grande estrutura, animação e lazer para os fieis. O objetivo é celebrar com a comunidade evangélica de Valparaíso este dia tão especial, decretado por meio da Lei Nº 350, em 17 de dezembro de 2001, de autoria da então vereadora Lêda Borges, hoje deputada estadual.

As Igrejas Evangélicas de Valparaíso estão envolvidas e empenhadas na promoção do evento e, de posse da Chave da Cidade, passaram um ano intercedendo pelo município e pelas autoridades constituídas. A 2ª edição não será diferente, as Igrejas, unidas em uma só voz farão o ato profético e clamor em favor do município.

Segundo o pastor Marcos da Igreja Aliança da Fé, quando o prefeito entrega à Igreja de Cristo a chave da cidade, ele está entregado o controle da cidade nas mãos de Deus. “O ato significa que a chave da cidade está nas mãos da maior autoridade dos céus e da terra, que é Jesus Cristo”, completou.

Segundo o prefeito Pábio Mossoró, o governo só tem força para seguir porque existem Igrejas e pastores que oram por uma cidade melhor. “Nosso desafio é fazer com que nossa cidade seja cada dia melhor e agradeço profundamente aos pastores que oram pela segurança, pela educação e saúde e isso tem dado força ao nosso governo”, concluiu.

Como a data começou a ser comemorada em Valparaíso de Goiás?

O Projeto de Lei Nº 119 de novembro de 2001, da então vereadora Lêda Borges, propunha a instituição do feriado municipal, no dia 30 de novembro, referente ao Dia do Evangélico como forma de atender a necessidade e vontade de homenagear a comunidade evangélica do município, concedendo-lhe um dia especial, em que os evangélicos poderiam se reunir com uma única comunidade, a fim de louvar a Deus.

A então vereadora do PDT entendia que esta seria uma maneira de Valparaíso e de seus vereadores demonstrarem respeito e admiração pela comunidade evangélica. Ainda em 2001, no dia 17 de dezembro, o projeto foi sancionado pelo então prefeito Juarez Sarmento.

Lei Nº 350, em 17 de dezembro de 2001

Você Sabia?

O nome Venha o Teu Reino iniciou em 2017 surgiu como sugestão das Igrejas Evangélicas. A organização e realização do evento é de responsabilidade do Governo Municipal.

Na 1ª edição Eli Soares, que coleciona uma audiência relevante no cenário da música nacional, foi o artista principal. O evento contou ainda com apresentações musicais como: Louvadeira, Orquestra Lira de Davi, Adoração ICED e os ministérios Kyrios e Aliança da Fé.

Venha o Teu Reino: Principais fatos - 2017

Na primeira edição do evento (2017), o prefeito Pábio Mossoró sancionou a Lei Municipal Nº 1.198, que proíbe nas escolas do município qualquer tipo de material que faz apologia à pornografia infantil e à pedofilia, aprovada por unanimidade na Câmara.

O ato profético teve a participação de cerca de 30 pastores. No ensejo os pastores das Igrejas Evangélicas levantaram um clamor pela cidade e pelo prefeito. Em ato de fé, o chefe do Executivo municipal entregou nas mãos dos pastores a chave da cidade, que passou de igreja em igreja (cadastrada no dia). A passagem da chave nas igrejas está sob gerenciamento e coordenação da Igreja Comunidade Evangélica de Valparaíso.

Lei Nº 1.198, de novembro de 2017

SERVIÇO:

Venha o Teu Reino 2ª Edição

Dia do Evangélico - 30 de Novembro

Avenida das Palmeiras, Parque Rio Branco – 17h

Reserve um espaço na agenda e leve sua família para celebrar o feriadão de uma forma inesquecível!

Assessoria de Comunicação da Prefeitura de Valparaíso de Goiás

Colaboração: Alô Valparaíso",pv|dia|que|da|nívea|uma|um|em|teu|valparaíso|evangélico|dj|soares|gratuito|cidade|reino|será|venha|evento|igrejas
