Timestamp,Source,Summary,Authors,Text,Keywords
82_12-12-18_17_00.csv,portalguaratiba,"Assim é que, rodando pelas estreitas ruas de Ilha de Guaratiba, podemos perceber grandes construções de galpões, tráfego intenso de carretas altíssimas que passam destruindo fios e deixando os moradores de várias ruas do bairro sem telefone ou energia.
O fato é que os poços dos moradores das casas vizinhas a essa perfuração já começaram a apresentar problemas de vazão, ficando secos em determinados períodos, fato que nunca havia ocorrido.
No local assim como em várias regiões de Guaratiba, não existe abastecimento de água, ficando a população dependente do líquido retirado do subsolo.
Na ocasião ficou decidido que os moradores fariam um abaixo assinado para entregar à Delegacia de Policia do Meio Ambiente, Ministério Público, e Comissão de Meio Ambiente da Câmara de Vereadores para que sejam tomadas as devidas providências.
Assim, esperam que as autoridades fiquem sensibilizadas com o problema e resolvam investigar essas atividades prejudiciais ao meio ambiente e à comunidade local do Caminho do Morgado no Retiro, em Ilha de Guaratiba.",,"Publicado em 16.09.2014

Moradores deliberam sobre as providências a serem tomadas com relação ao abastecimento de água na região

Da Redação

Logo após a abertura do Túnel Vice Presidente José de Alencar, apelidado de Túnel da Grota Funda pelos moradores de Guaratiba, a região vem sendo tomada por empreendimentos estranhos à vocação do lugar, que tem permanecido durante todos esses anos com aquela característica rural e ecológica, muito mais voltada ao turismo e ecoturismo, assim como bairro dormitório, do que propriamente como bairro industrial ou empresarial.

Assim é que, rodando pelas estreitas ruas de Ilha de Guaratiba, podemos perceber grandes construções de galpões, tráfego intenso de carretas altíssimas que passam destruindo fios e deixando os moradores de várias ruas do bairro sem telefone ou energia. Lindas colinas com restos de mata atlântica vão sendo raspadas e destruídas com inúmeros caminhões de barro vermelho trafegando impunemente às luzes claras do dia.

Enfim, a destruição começou, e as autoridades encasteladas em seus gabinetes, escrevem laudas e laudas de proibições, leis, artigos, decretos, para absolutamente nada. Não se dignam a levantar de suas poltronas e fiscalizar os entulhos e aterros, os lixões que estão se formando nos manguezais limítrofes com a Avenida D. João VI (Américas), e todos os empreendimentos irregulares que vão se instalando por aqui. É preciso dar um basta a todo esse desrespeito pelo bairro recém descoberto pela prefeitura na gestão de Eduardo Paes.

Agora, parece que a mais nova modalidade de exploração dos recursos naturais desta terra é a captação de água de forma intensiva do enorme lençol aquífero situado no subsolo e que já mencionamos em edições anteriores neste portal . Todos conhecemos o fato de que a região não é servida de água pela companhia de águas do estado, e nos mais afastados rincões, os moradores e empresários rurais utilizam-se de poços artesianos ou de captação de águas de superfície para manutenção das casas e de seus empreendimentos.

Carro pipa é abastecido durante à noite

No Caminho do Morgado, pequena estrada na comunidade do Retiro em Ilha de Guaratiba, os moradores estão sendo prejudicados pela construção de um poço artesiano, que segundo os locais possui mais de 120 metros de profundidade. Não estaria sendo denunciado para o Ministério Público, como o foi, pelos moradores, se a sua utilização não indicasse uso comercial da água a ser captada, inclusive com abastecimento de caminhões pipa durante a noite, conforme fotos e indicações colhidas no local.

O fato é que os poços dos moradores das casas vizinhas a essa perfuração já começaram a apresentar problemas de vazão, ficando secos em determinados períodos, fato que nunca havia ocorrido. No local assim como em várias regiões de Guaratiba, não existe abastecimento de água, ficando a população dependente do líquido retirado do subsolo.

Alguns moradores, presentes à uma reunião de emergência organizada pela comunidade, disseram que foi oferecido pelo proprietário do referido poço clandestino, a construção de uma cisterna em cada casa à guisa de compensação pelos danos causados, o que naturalmente não satisfaz, haja vista a dependência a um estranho.

Na ocasião ficou decidido que os moradores fariam um abaixo assinado para entregar à Delegacia de Policia do Meio Ambiente, Ministério Público, e Comissão de Meio Ambiente da Câmara de Vereadores para que sejam tomadas as devidas providências. Assim, esperam que as autoridades fiquem sensibilizadas com o problema e resolvam investigar essas atividades prejudiciais ao meio ambiente e à comunidade local do Caminho do Morgado no Retiro, em Ilha de Guaratiba.",ilha|morgado|água|à|os|é|garantir|em|que|para|guaratiba|com|retiro|se|moradores|mobilizam|não
82_12-12-18_17_00.csv,portalguaratiba,"Eu tinha que ir num hospital que eu não lembro o nome, só sei que eu precisava ir ao médico.
A comida que eu comi não era a mesma da madame, comi macarrão com salsicha como lá em casa.
Crianças passam por nossa vida e nos dão lições, esfregando na nossa cara a realidade nua e crua duma sociedade desigual e que me parece imutável.
Ah, ainda tem uma coisa que eu queria que deve ser menos dinheiro.
Gosto de estudar e quando eu for grande vou trabalhar bastante pra comprar tudo o que eu quero pra mim e pra minha vó"".",,"Publicado em 25.12.2013

Texto de Margot Carvalho - Poetisa, escritora e artista plástica

Minha mãe, trabalha na casa de uma madame e eu fico com minha vó. Já fui lá uma vez, olhei pela fresta da porta e ela é muito bonita mesmo, foi uma vez só. Eu tinha que ir num hospital que eu não lembro o nome, só sei que eu precisava ir ao médico. A comida que eu comi não era a mesma da madame, comi macarrão com salsicha como lá em casa.

A senhora ... (professora) ... pediu pra fazer uma redação sobre o que eu quero no Natal, então eu vou falar: - ""No Natal eu queria uma mesa igual aquelas da televisão, bem linda mesmo cheinha de coisas gostosas e eu comer à vontade, repetir, comer uma coxa inteirinha de peru assadinho, mas se não tiver peru serve coxa de frango, eu sei que gente rica faz uma mesa bonita cheia de coisas gostosas e lá em cada minha mãe faz umas rabanadas, compra banana, maçã, laranja e eu gosto, mas se eu pudesse escolher eu queria tudo isso que eu escrevi"".

Anos atrás a redação me chocou profundamente, mas me fez compreender muitas coisas. Aquele menino malcheiroso, desleixado, caderno em frangalhos, com o nariz escorrendo, muito levado que me tirava a paciência, mostrava nas entrelinhas a sua realidade e me fez refletir, e ter um olhar mais humano para com ele. Crianças passam por nossa vida e nos dão lições, esfregando na nossa cara a realidade nua e crua duma sociedade desigual e que me parece imutável. Há várias histórias que nos entristecem, até porque no vai e vem da vida o professor é a figura confiável e a mais próxima.

Cartinhas preenchiam o grande mural dos correios. Meus olhos pousaram numa, em outra e depois de vasculhar, voltei a primeira e nela estava escrito: - ""Moro com minha vó desde bebezinho porque minha mãe foi embora com um homem que eu não sei quem é. Queria saber como ela é, até que eu sei mais ou menos, porque minha vó tem um retrato dela e me diz que um dia ela vai voltar. Eu já tenho onze anos e acho que perdi a vontade dela voltar, ela não gosta de mim porque minhas colegas têm mãe pra dar beijo, abraço e eu nem conheço a minha. Sou morena tenho cabelo bem comprido e preguiça de pentear, tomo banho todo dia, gosto muito de estudar, sou gordinha e bonitinha. As minhas colegas tem skate e eu, só fico olhando elas brincarem, porque minha vó não tem dinheiro pra comprar um pra mim, eu entendo porque a gente é pobre e não tem quase nada, mas eu fico pensando: e se alguém pudesse me dar um, eu ia ficar muito contente, elas também andam de bicicleta e eu fico só olhando. Então eu escrevi essa cartinha porque tem gente que gosta de comprar presente e dar, mas se não der pra comprar eu vou entender porque eu sei que é muito caro e só gente que tem dinheiro sobrando que pode. Ah, ainda tem uma coisa que eu queria que deve ser menos dinheiro. Eu queria um estojo de maquiar pra eu ficar mais bonitinha. Noutro dia minha colega me emprestou e eu fiquei tão bonita! Mas também se não puder, eu vou compreender porque minha vó também tem pouco dinheiro que só dá pra comprar comida. Gosto de estudar e quando eu for grande vou trabalhar bastante pra comprar tudo o que eu quero pra mim e pra minha vó"".

Quando se fala dos festejos do Natal, confrontados com a realidade dum mundo onde crianças morrem de fome, não há como nossos corações compartilharem alegria, até porque somos todos irmãos com os mesmos direitos.",uma|um|eu|tem|que|crua|porque|minha|natal|pra|com|realidade|nua|não
82_12-12-18_17_00.csv,portalguaratiba,"O relatório apresentado à Prefeitura pela equipe de técnicos sugere que a ocupação e o desenvolvimento da região devem estar em sintonia com um Plano Geral Urbanístico-Ambiental da região, e que para tanto seria recomendável que a Prefeitura criasse a ""Comissão Executiva do Planejamento e Gestão para a Região de Guaratiba"" com as funções de estabelecer e coordenar o processo de planejamento da região.
Esse grupo estabeleceria os princípios metodológicos e coordenaria as ações desenvolvidas pelos temas incumbidos de traçar as diretrizes do planejamento urbano da região.
Necessário evitar a expansão da cidade, pois seu crescimento é incompatível com a universalização da prestação dos serviços públicos segundo as exigências contemporâneas;2.
Os investimentos públicos devem priorizar o suprimento de infraestrutura e serviços públicos para os núcleos urbanos consolidados na região;3.
O Plano Geral deve possibilitar um método de gestão compartilhada, envolvendo órgãos da administração pública, moradores e sociedade civil, para o planejamento e a implantação dos projetos previstos para a área.",,"Publicado em 25.12.2013

Da Redação

O Instituto de Arquitetos do Brasil - IAB/RJ realizou ao longo dos meses de agosto, setembro e outubro de 2013, um conjunto de reuniões técnicas e seminários para o estudo do quadro urbanístico e sócio ambiental de Guaratiba.

O relatório apresentado à Prefeitura pela equipe de técnicos sugere que a ocupação e o desenvolvimento da região devem estar em sintonia com um Plano Geral Urbanístico-Ambiental da região, e que para tanto seria recomendável que a Prefeitura criasse a ""Comissão Executiva do Planejamento e Gestão para a Região de Guaratiba"" com as funções de estabelecer e coordenar o processo de planejamento da região. Esse grupo estabeleceria os princípios metodológicos e coordenaria as ações desenvolvidas pelos temas incumbidos de traçar as diretrizes do planejamento urbano da região.

Como bases de um Plano Geral, os arquitetos consideram:

1. Necessário evitar a expansão da cidade, pois seu crescimento é incompatível com a universalização da prestação dos serviços públicos segundo as exigências contemporâneas;

2. Os investimentos públicos devem priorizar o suprimento de infraestrutura e serviços públicos para os núcleos urbanos consolidados na região;

3. O atendimento de famílias que cujas moradias estejam em área de risco, deve priorizar a ocupação de terrenos e áreas livres no interior dos núcleos consolidados e já infra estruturados;

4. Qualquer nova construção ou ocupação territorial deve assegurar o estrito atendimento às exigências ambientais previstas para as reservas naturais da região;

5. O Plano Geral deve possibilitar um método de gestão compartilhada, envolvendo órgãos da administração pública, moradores e sociedade civil, para o planejamento e a implantação dos projetos previstos para a área.

Leia AQUI na íntegra o relatório do Instituto dos Arquitetos do Brasil entregue à Prefeitura.",uma|planejamento|gestão|região|prefeitura|os|dos|um|públicos|que|recomenda|para|iab|executiva|criação|guaratiba|da
82_12-12-18_17_00.csv,portalguaratiba,"Aconteceu nesta sexta feira às 10:00 hs em uma cerimônia na Sede do CAEX - Centro de Avaliações do Exército a comemoração de 29 anos da criação do Centro de Avaliações do ExércitoPublicado em 06.12.2013Da RedaçãoAconteceu nesta sexta feira às 10:00 hs em uma cerimônia na Sede do CAEX - Centro de Avaliações do Exército a comemoração de 29 anos da criação do Centro de Avaliações do Exército ocorrida em 10 de dezembro de 1984.
Desde então, o CAEX tem sido o maior elo entre o Sistema de Ciência e Tecnologia e as unidades operacionais.
Em 9 de dezembro de 2004, em uma formatura simbólica, o Campo de Provas da Marambaia e o CAEX- Centro de Avaliações do Exército se fundiram em uma nova organização militar, mantendo-se o nome de CAEX - Centro de Avaliações do Exército, tendo sua sede na Restinga da Marambaia.
Em 4 de janeiro de 1945,era criada no Palácio da Guerra, a Direção do Polígono de Tiro da Marambaia.
Além disso, o apoio prestado pelo CAEX é essencial à pesquisa e desenvolvimento de materiais de emprego militar no Brasil.",,"Aconteceu nesta sexta feira às 10:00 hs em uma cerimônia na Sede do CAEX - Centro de Avaliações do Exército a comemoração de 29 anos da criação do Centro de Avaliações do Exército

Publicado em 06.12.2013

Da Redação

Aconteceu nesta sexta feira às 10:00 hs em uma cerimônia na Sede do CAEX - Centro de Avaliações do Exército a comemoração de 29 anos da criação do Centro de Avaliações do Exército ocorrida em 10 de dezembro de 1984. Estiveram presentes à cerimônia e formatura da tropa o General de Brigada José Carlos dos Santos, atual Chefe do Centro de Avaliações do exército, e o General Rodrigo Balloussier Ratton atual Comandante do IME - Instituto Militar de Engenharia e chefe anterior do CAEX, chefes militares, autoridades e convidados.

O Centro de Avaliações do Exército

Inicialmente com sede no Palácio Duque de Caxias e subordinado à antiga Secretaria de Ciência e Tecnologia, o CAEX na sua criação tinha como principal missão, realizar a avaliação operacional de materiais de emprego militar (MEM), analisando não apenas as características do material, mas também sua aplicabilidade e consequências para a doutrina, colocando dessa forma o material avaliado em contato com a tropa, seu usuário final e principal cliente do Sistema de Ciência e Tecnologia. Desde então, o CAEX tem sido o maior elo entre o Sistema de Ciência e Tecnologia e as unidades operacionais.

Em 9 de dezembro de 2004, em uma formatura simbólica, o Campo de Provas da Marambaia e o CAEX- Centro de Avaliações do Exército se fundiram em uma nova organização militar, mantendo-se o nome de CAEX - Centro de Avaliações do Exército, tendo sua sede na Restinga da Marambaia.

General Rodrigo Balloussier Ratton Conte do IME e Gen de Brig José Carlos dos Santos, Chefe do CAEX

O Campo de Provas da Marambaia

Em 3 de agosto de 1944, foi criado, a título provisório, o Polígono de Tiro da Marambaia, subordinado à Diretoria de Material Bélico. Tinha por missão a realização de ensaios balísticos para essa diretoria.

Em 4 de janeiro de 1945,era criada no Palácio da Guerra, a Direção do Polígono de Tiro da Marambaia. Em 27 de novembro de 1945, a sede do Polígono de Tiro da Marambaia foi transferida definitivamente para a Restinga da Marambaia, e em 8 de janeiro de 1948 o Polígono de Tiro passou a se chamar Campo de Provas da Marambaia, denominação que manteve até sua fusão com o CAEX em 2004 e como é hoje conhecido.

Gen de Brig José Carlos dos Santos, Chefe do CAEX fala sobre a missão do CAEX

Um pouco da missão do CAEX - Centro de Avaliações do Exército

O Centro de Avaliações do Exército possui fundamental importância para a força terrestre, verificando quais equipamentos são mais adequados ou possuem melhores condições de serem utilizados pelo Exército, evitando, assim, desperdício de recursos e possibilitando que a força terrestre utilize apenas material de qualidade garantida. Além disso, o apoio prestado pelo CAEX é essencial à pesquisa e desenvolvimento de materiais de emprego militar no Brasil.

Através da realização de testes nos protótipos, permite uma identificação e, consequentemente, a correção de erros, além de permitir o contato direto com o militar combatente, cuja opinião deve ser fundamental para qualquer projeto.",uma|sua|29|marambaia|avaliações|em|anos|para|criação|comemora|sede|cerimônia|exército|da|centro|caex
82_12-12-18_17_00.csv,portalguaratiba,"Publicado em 06.12.2013Teto do carro totalmente destruído pelo galhoDa RedaçãoO acidente aconteceu na Estrada Roberto Burle Marx em Barra de Guaratiba em um local próximo ao Sítio Roberto Burle Marx durante o temporal de ontem (5/12).
Por volta das 22 horas, o carro em que se encontravam Neila dos Santos, 45 anos e Márcia Camargo, 43 anos foi atingido por um enorme galho de árvore durante a ventania que atingiu a região.
Paulo, o motorista que conduzia o veículo, sofreu escoriações leves, enquanto que as duas senhoras, uma no banco do carona e outra no banco de trás foram seriamente atingidas.
Neila dos Santos que estava no banco de trás, atingida diretamente pelo galho, quebrou o pescoço e morreu na hora, enquanto Márcia também ficou ferida e está internada no Hospital Municipal Lourenço Jorge, na Barra da Tijuca.",,"Publicado em 06.12.2013

Teto do carro totalmente destruído pelo galho

Da Redação

O acidente aconteceu na Estrada Roberto Burle Marx em Barra de Guaratiba em um local próximo ao Sítio Roberto Burle Marx durante o temporal de ontem (5/12). Por volta das 22 horas, o carro em que se encontravam Neila dos Santos, 45 anos e Márcia Camargo, 43 anos foi atingido por um enorme galho de árvore durante a ventania que atingiu a região.

Paulo, o motorista que conduzia o veículo, sofreu escoriações leves, enquanto que as duas senhoras, uma no banco do carona e outra no banco de trás foram seriamente atingidas. Neila dos Santos que estava no banco de trás, atingida diretamente pelo galho, quebrou o pescoço e morreu na hora, enquanto Márcia também ficou ferida e está internada no Hospital Municipal Lourenço Jorge, na Barra da Tijuca.",derruba|temporal|árvore|vítima|santos|um|neila|fatal|em|que|por|pelo|banco|faz|guaratiba|trás|sobre|roberto
82_12-12-18_17_00.csv,portalguaratiba,"Para início imediato, há vagas disponíveis para o curso de Gastronomia, que acontece na Casa SerCidadão, em Santa Cruz.
O curso de Jardinagem e paisagismo é outra oportunidade para quem mora em Santa Cruz e bairros vizinhos.
O curso é voltado para jovens de 16 a 29 anos, com pelo menos o 5º ano do ensino fundamental.
Também estão abertas as inscrições para o curso Auxiliar Administrativo que inicia em fevereiro de 2014, no Arquivo Nacional, centro do Rio de Janeiro.
O preparatório acontece em Santa Cruz e na Praça XI, no turno da tarde.",,"Publicado em 25.12.2013

Da Redação

Jovens que buscam por uma qualificação profissional gratuita podem se inscrever nos cursos oferecidos pela SerCidadão. Para início imediato, há vagas disponíveis para o curso de Gastronomia, que acontece na Casa SerCidadão, em Santa Cruz. Podem participar jovens com idades entre 18 e 24 anos, com disponibilidade para estudar no turno da tarde.

O curso de Jardinagem e paisagismo é outra oportunidade para quem mora em Santa Cruz e bairros vizinhos. As aulas iniciam em fevereiro, mas as inscrições já estão abertas. O curso é voltado para jovens de 16 a 29 anos, com pelo menos o 5º ano do ensino fundamental.

A Casa SerCidadão fica na Rua Fernanda, nº 140, em frente à Regional de Santa Cruz. O atendimento é realizado entre 9h e 16h. Os interessados devem comparecer ao local para efetuarem a inscrição, que só será feita mediante apresentação dos documentos: 2 cópias do RG, CPF, comprovante de residência, comprovante de renda do responsável, comprovante escolar recente e 2 fotos 3×4.

Também estão abertas as inscrições para o curso Auxiliar Administrativo que inicia em fevereiro de 2014, no Arquivo Nacional, centro do Rio de Janeiro. Os interessados devem cursar o ensino médio, ter entre 16 e 21 anos e disponibilidade no turno da manhã. O candidato tem até o dia 13 de fevereiro do próximo ano para se inscrever. Para isso, precisa comparecer na rua Azeredo Coutinho, 77 - Subsolo (atrás do Rio Imagem), levando cópias dos seguintes documentos: RG, CPF, comprovante de residência, comprovante de renda do responsável, comprovante escolar recente e 2 fotos 3×4. O atendimento é realizado de 8h às 2h, de segunda a sexta-feira.

Quem deseja se preparar para o vestibular 2015, a hora é agora! O projeto pré-vestibular social da SerCidadão já está recebendo a pré-inscrição para as vagas em 2014. O preparatório acontece em Santa Cruz e na Praça XI, no turno da tarde. O atendimento é realizado nos endereços abaixo, de segunda a sexta-feira, de 13h às 17h.

Santa Cruz - Praça D. Romualdo, 11 - Sala Gerdau - Paróquia Nossa Senhora da Conceição.

Praça XI - Avenida Presidente Vargas, 2560 - Sobreloja 108 - Universidade Estácio de Sá

Para mais informações ligue 2221-8830.",curso|estão|cruz|capacitação|cursos|é|comprovante|em|que|para|profissional|santa|da|inscrições|gratuitos|sercidadão
82_12-12-18_17_00.csv,portalguaratiba,"Publicado em 25.12.2013Da RedaçãoTexto de Gilberto Pinheiro, jornalista, músico, defensor dos animaisA senciência dos animais é fato comprovado cientificamente desde dezembro de 2012.
Sabe-se hoje que os animais sentem tristeza, alegria, por outro animal ou ser humano, no caso, seu tutor.
À luz dos fatos, cientes destas novidades, haverá imperiosa necessidade de vermos os animais com olhos diferenciados da bondade e respeito.
Sua esposa e filha, não suportando mais os gritos dos animais, abandonaram-no, mudando-se de residência e criando a primeira instituição francesa na defesa dos animais.
Todavia, com a reverberação da causa animal no Brasil, comissões na defesa dos animais surgem a todo instante e, aqui no Rio de Janeiro, temos a CPDA/OAB, Comissão de Proteção e Defesa dos Animais da Ordem dos Advogados do Brasil, assim como comissões da ALERJ e Câmara Municipal de nossa cidade.",,"Publicado em 25.12.2013

Da RedaçãoTexto de Gilberto Pinheiro, jornalista, músico, defensor dos animais

A senciência dos animais é fato comprovado cientificamente desde dezembro de 2012. Um grupo de neurocientistas canadenses, chefiados pelo dr. Philip Low, ao fazer estudos comparados, cotejando o cérebro humano ao de um animal, concluiu e subscreveu um manifesto ao mundo científico que os animais possuem consciência como todos nós. Inclusive, emoções, sentimentos o que, na verdade, já se sabia empiricamente. Agora, há respaldo científco e citou também algo marcante - agora, não poderemos mais dizer que não sabíamos.

Entendia-se, primeiramente, que o córtex cerebral na espécie humana seria o responsável pela consciência. Mas, depois de reiterados estudos, concluiu-se que as zonas cerebrais responsáveis pela inteligência, memória, bondade são as mesmas entre humanos e animais.

Sabe-se hoje que os animais sentem tristeza, alegria, por outro animal ou ser humano, no caso, seu tutor.

O luto animal, por exemplo, pode alterar o comportamento deles, provocando apatia e letargia.

À luz dos fatos, cientes destas novidades, haverá imperiosa necessidade de vermos os animais com olhos diferenciados da bondade e respeito. Infelizmente, durante milênios, eles foram vistos como seres de quinta categoria, a serviço da Humanidade, através da alimentação e esforço, sempre em benefício de todos nós.

No século XVII, René Descartes, proeminente filósofo que cunhou a emblemática frase ""Penso, Logo Existo"", trazia consigo uma concepção meramente radical e antropológica, ou seja, que os animais eram seres mecânicos, desprovidos de dor, portanto, amplamente favorável às pesquisas laboratoriais, como a prática da vivissecção.

Na verdade, concepção paradoxal, haja vista que um homem inteligentíssimo, responsável pelo pensamento cartesiano, não poderia pensar desta forma tão cruel e imprudente. Mais tarde, ao final do século XIX, o fisiologista francês Claude Bernard, definiu-se amplamente favorável a esta prática, possuindo no sótão de sua casa um biotério para estes fins, vivissecionando os animais. Sua esposa e filha, não suportando mais os gritos dos animais, abandonaram-no, mudando-se de residência e criando a primeira instituição francesa na defesa dos animais.

Hoje, finalmente, sabemos que os animais começam a ser vistos com mais respeito, principalmente, por parte de nossa sociedade e, inclusive, a cada dia que passa, novos adeptos e simpatizantes da causa em sua defesa surgem, aumentando o contingente de pessoas defensoras dos animais.

Os governantes, a partir de agora, terão que atender ao clamor popular a favor dos animais, defendendo leis mais rígidas, em substituição à atual, tão incipiente e não punitiva para crimes de maus-tratos.

No momento a lei que ampara e protege os animais, no caso lei federal 9605/98, artigo 32, ainda é tímida, superficial, incipiente, não punindo os que mutilam, abandonam, maltratam os mesmos.

Todavia, com a reverberação da causa animal no Brasil, comissões na defesa dos animais surgem a todo instante e, aqui no Rio de Janeiro, temos a CPDA/OAB, Comissão de Proteção e Defesa dos Animais da Ordem dos Advogados do Brasil, assim como comissões da ALERJ e Câmara Municipal de nossa cidade. No Brasil são aproximadamente 3 milhões de animais abandonados nas ruas da amargura. Contudo, estamos nos fortalecendo para debelar o incêndio da omissão na defesa desta causa.

Estamos chegando longe e assim será.

(Wikipédia) - Senciência é a ""capacidade de sofrer ou sentir prazer ou felicidade"".1 A palavra senciência é muitas vezes confundida com sapiência, que pode significar conhecimento, consciência ou percepção. As duas palavras podem ser diferenciadas olhando-se suas raízes latinas: sentire é ""sentir"" e sapere é ""saber"". Senciência, portanto, é a capacidade de sentir.

Nota da redação - Gilberto Pinheiro é jornalista,articulista de textos voltados à causa animal e textos humanistas, defensor dos animais e ex-apresentador de programa de rádio web dentro da Universidade Cândido Mendes, campus Méier, entrevistando ativistas, professores universitários, cientistas, autoridades..",ou|mais|os|dos|é|um|senciência|que|da|defesa|não|animais
82_12-12-18_17_00.csv,portalguaratiba,"Mesmo depois da abolição da escravatura, as mãos e os pés dos senhores de engenho, o negro, continuou a ser escravo.
O preconceito da sociedade é cruel.
""O preconceito por debaixo dos panos"".
Para ser aceito na sociedade hipócrita, muitas vezes ser: negro, deficiente físico, gordo, muito feio, pobre... é empecilho.
O racismo, o preconceito, é um entrave para uma sociedade mais justa e democrática.",,"Publicado em 19.11.2013

Margot Carvalho - Escritora e Artista Plástica

Libertos os escravos, ficaram acorrentados pelas circunstâncias desfavoráveis. Continuavam a servir, sem autonomia sobre seus atos. Viviam em situação precária e os que não aceitavam a subordinação, moravam pelas ruas, maltrapilhos, famintos, cometendo pequenos furtos.

A cultura afro-descendente e sua história com as várias etnias formam um passado multicultural. Tivemos a formação de um povo bastante peculiar. A importância do negro foi muito grande - construtor da grandeza econômica do Brasil.

Mesmo depois da abolição da escravatura, as mãos e os pés dos senhores de engenho, o negro, continuou a ser escravo. Sem emprego, sem dinheiro, moradia, sem meios para sobreviver, o negro foi subjugado pelos senhores. Apto ao trabalho braçal, a única oportunidade que lhe restava era tornar-se escravo por sua própria vontade, assegurando sua sobrevivência.

Contudo, a raiz negra encontra-se em tudo! Na música, na culinária, na capoeira, na beleza negra, nas religiões... As pessoas afirmam que não são preconceituosas, mas na verdade são. O preconceito da sociedade é cruel. ""O preconceito por debaixo dos panos"".

Para ser aceito na sociedade hipócrita, muitas vezes ser: negro, deficiente físico, gordo, muito feio, pobre... é empecilho. Negro rico, hoje é bem aceito, até porque são costumes decorrentes duma sociedade decadente em seus valores, consumista na valorização pelo ""ter"" ao invés do ""ser"", produto da pressão social com uma sociedade fundada na futilidade e no vazio há a busca incontrolável do consumo.

É preciso mais igualdade social, investimento pesado, verdadeiro em educação para que todos, sem exceção, sejam incluídos numa sociedade mais justa, não só os negros, os deficientes, a classe social de rendimento baixo, vistos com olhos tortos, não haverá justiça social.

Não adianta mascarar a realidade, como vem sendo feito. Sabemos que, o que se tem feito é engodo para enganar o povo carente de tudo. Um povo com trabalho, educação e saúde é um povo livre para tomar suas decisões.

Tenhamos respeito ao ser humano, sejamos justos, respeitando a contribuição que cada um pode dar a nação. Certamente se o fizermos, estaremos retribuindo um pouco do que a nós foi concedido. O racismo, o preconceito, é um entrave para uma sociedade mais justa e democrática. É um entrave para que todos sejam cidadãos.

Nota da Redação - O Dia Nacional da Consciência Negra 1 é celebrado em 20 de novembro no Brasil e é dedicado à reflexão sobre a inserção do negro na sociedade brasileira. A semana dentro da qual está esse dia recebe o nome de Semana da Consciência Negra.

A data foi escolhida por coincidir com o dia da morte de Zumbi dos Palmares, em 1695. O Dia da Consciência Negra procura ser uma data para se lembrar da resistência do negro à escravidão de forma geral, desde o primeiro transporte de africanos para o solo brasileiro (1549). (Fonte Wikipedia)",negro|ser|é|dos|panos|um|em|por|que|para|sociedade|debaixo|preconceito|sem|da
82_12-12-18_17_00.csv,portalguaratiba,"Neste caso, com relação à malfadada missa campal do Papa Francisco que não deu certo em Guaratiba e foi transferida para Copacabana.
Mas vamos aos versinhos que Andréa compôs, engraçados sim, mas sobre um assunto que é bastante sério.
Diz o Tom que só em março ""É a lama, é a lama""!
Diz que é do fim do fim-do mundo, é a terra do alfajor.
Mas que ""zebra"", mas que ""mico""!",,"Publicado em 08.11.2013

Da Redação

Navegando despreocupadamente na internet, encontramos um blog especialíssimo, com textos oportunos e interessantes sobre o desenvolvimento urbano do Rio de Janeiro - http://urbecarioca.blogspot.com.br/, e, claro, como não podia deixar de ser, inúmeras matérias sobre Guaratiba, mas ficamos encantados com a qualidade poética e a graça de um texto em especial. É uma tremenda gozação a que a autora deu o nome de O BRAINSTORM DO ALCAIDE, fazendo menção à técnica conhecida como tempestade de ideias. Neste caso, com relação à malfadada missa campal do Papa Francisco que não deu certo em Guaratiba e foi transferida para Copacabana.

É certo que isso foi há alguns meses e se tornou passado, mas só agora encontramos o texto, e é mais do que atual tendo-se em conta que a cabeça do nosso prefeito continua a mesma. Podemos apreciar as recentes ações da prefeitura no Porto Maravilha que está botando muita gente de cabelo em pé. Mas vamos aos versinhos que Andréa compôs, engraçados sim, mas sobre um assunto que é bastante sério.

O BRAINSTORM DO ALCAIDE

Por Andréa Albuquerque G. Redondo - Arquiteta

Campus Fidei inundado

""Chove chuva, chove sem parar""! E a lama? E a lama?

Diz o Tom que só em março ""É a lama, é a lama""!

""E o vento, ventando"" - Justo lá no Campo Santo?

Tenha dó, caro Jobim, já é Julho, é o fim!

""Pois eu vou fazer uma prece"", diz Ben Jor,

Faço para o outro Jorge, para o Papa de tão longe!

Diz que é do fim do fim-do mundo, é a terra do alfajor.

_ ""E Guaratiba, Excelência? Nada?""

O aspone me pergunta, sem rodeio nem receio.

_ ""Sim. Nada. Guaratiba nada em lama, nada em água"",

Penso, aflito, quase solto um nome feio!

Mas que ""zebra"", mas que ""mico""! E agora, como fico?

É limão do mais azedo, pior que limão galego.

Quem podia imaginar? Como hei de consertar?

Justo o Papa que é Pop e veio o Rio conquistar!

Pensar, pensar... Falta pouco, antevejo!

Se Tempesta é Tempestade, um brainstorm há de ajudar!

Terreno escolhido era destinado a um condomínio

Guaratiba, o povo longe, parecia a perfeição.

Papa Pop, o povo sofre, lama... água... limão... nada...

Sim, agora enxergo, já vislumbro! Farei uma limonada!

Pop vem de popular, vamos capitalizar!

Fiz Pacotes, fiz o Plano! Meu negócio é legislar!

Sobre a lama, muitos prédios, um conjunto popular!

Ninguém sabe, é complicada, essa tal de lei urbana.

Já estava até previsto, condomínio prá bacana!

Mudo um pouco, sutileza, é sucesso, com certeza!

Um concurso de projeto, democrático, é maneiro!

Andem logo, façam o PEU! Que não tenho o dia inteiro!

Ninguém sabe e nem entende, todos acham uma beleza!

Na TV faço o anúncio, bem na missa, uso o Núncio!

Sou sabido, é de graça, aproveito o patrocínio.

Nem preciso propaganda prá milhares me aplaudirem.

Nem Cabral nem Dona Dilma. Eu faturo! Não concorrem!

Vamos lá, sem alarido, vou fazer uma surpresa!

Para ser muito querido, basta usar de esperteza!

Conjunto de apartamentos populares

Como fez o Garotinho lá em Nova Sepetiba,

Faço outro parecido, quase igual, em Guaratiba!

Minha Casa, Minha Vida, um conjunto bem novinho.

Arquiteto é que não gosta... Paciência! É bonitinho...

Que me importa se afundar? E se for um manguezal?

É arcaico? Nem te ligo, o que vale é canetar! Sou mais eu, eu sou o tal!

Um detalhe ainda falta, é lote particular.

Ora, isso é o mais fácil, posso desapropriar.

Afinal, se paga imposto! Verba é feita prá gastar!

E o dinheiro da igreja? Como vou justificar?

Fez aterro, virou lama! Haverá de se importar?

Ela é rica, benfazeja! É prá pobre, há de dar!

Resolvido o problema!

Acabei com o dilema!

Adiante com a mentira!

Essa é minha, ninguém tira!

Eu me amo, sou benquisto!

Acabemos com esse quisto!

VOU FALAR COM NOSSO BISPO!",pela|uma|lama|quando|pro|mas|é|um|em|que|passou|missa|foi|guaratiba|com|paes|se|não
82_12-12-18_17_00.csv,portalguaratiba,"""Noite Feliz"", composta por Franz Grüber e traduzida para mais de 45 idiomas, vem sendo entoada desde 1818, quando foi apresentada pela primeira vez, na Áustria.
PrestoSolistas: Edna D'Oliveira (soprano), Luisa Francesconi (mezzo-soprano), Marcos Paulo (tenor), Igor Vieira (barítono)TRANSPORTE:A prefeitura recomenda que o público utilize o transporte público para chegar ao evento.
Apenas veículos credenciados terão acesso ao estacionamento da Cidade das Artes.
Localizado ao lado da Cidade das Artes, o terminal possui conexão direta, por meio de passagem subterrânea, ao local da apresentação.
Cerca de 80 controladores da CET-Rio e Guardas Municipais vão atuar no eixo Avenida das Américas/Avenida Ayrton Senna e no entorno da Cidade das Artes.",,"Com entrada franca, a orquestra se apresentará às 20:00 hs para um público estimado de 10 mil pessoas nos jardins do complexo de 97 mil metros quadrados localizado na Barra da Tijuca

Publicado em 12.12.2013

Da Redação

A organização do evento informa que, em caso de chuva, a apresentação será transferida para domingo (15/12), no mesmo horário.





Democratizar a cultura por meio da música ao ar livre. Com este lema, o Projeto Aquarius, realizado há 41 anos pelo jornal O GLOBO, convida a Orquestra Sinfônica Brasileira para mais uma surpreendente e emocionante apresentação ao público no dia 14 de dezembro, às 20 hs (os portões serão abertos às 16 hs). O evento acontece pela primeira vez na Cidade das Artes - complexo de 97 mil metros quadrados localizado na Barra da Tijuca, Rio de Janeiro - e trará como tema desta edição os ""Clássicos Populares"", com a regência do Maestro Roberto Minczuc. A apresentação fica a cargo da jornalista Ana Paula Araújo.

O Projeto Aquarius 2013 quer mostrar que a música clássica está presente no dia a dia da população, daí a escolha de um repertório bastante conhecido do grande público. Entre os clássicos a serem apresentados pela OSB está a encantadora Quinta Sinfonia de Beethoven, possivelmente a obra clássica mais popular e mais executada em todo o mundo. Nos anos 70, a obra ganhou uma versão eletrônica que virou sucesso e já foi usada em muitas peças publicitárias.

""Estamos muito felizes de realizar esta edição do Aquarius na Cidade das Artes, levando música de qualidade para um público que habitualmente não se desloca até o Centro do Rio, e que está sedento para ter também esse grande prazer que é ouvir um concerto de música clássica"", constatou o maestro Roberto Minczuk.

As tradicionais obras natalinas ""Adeste Fidelis"" e ""Noite Feliz"" contarão com a participação do Coro de Crianças da OSB e do Coro Sinfônico do Rio de Janeiro, regidos por Julio Moretzsohn. ""Noite Feliz"", composta por Franz Grüber e traduzida para mais de 45 idiomas, vem sendo entoada desde 1818, quando foi apresentada pela primeira vez, na Áustria. Já ""Adeste Fidelis"" foi escrita no século XVII, mas até hoje seu verdadeiro autor permanece desconhecido.

PROGRAMA:

Ludwig van Beethoven - Sinfonia nº 5 em dó menor, Op. 67

I. Allegro con brio

Georges Bizet - Carmen - Abertura

Georges Bizet - Carmen - Habanera

Solista: Luisa Francesconi (mezzo-soprano)

Gioachino Rossini - O Barbeiro de Sevilha - Largo al factotum

Solista: Igor Vieira (barítono)

Giuseppe Verdi - La Traviata - Sempre Libera

Solistas: Edna D'Oliveira (soprano), Marcos Paulo (tenor)

Heitor Villa-Lobos - Choros nº 10 W209

Giacomo Puccini - Turandot - Nessun Dorma

Solista: Marcos Paulo (tenor)

Anônimo - Adeste Fidelis

Franz Grüber - Noite Feliz

Ludwig van Beethoven - Sinfonia nº 9 em ré menor, Op. 125 - Coral

IV. Presto

Solistas: Edna D'Oliveira (soprano), Luisa Francesconi (mezzo-soprano), Marcos Paulo (tenor), Igor Vieira (barítono)

TRANSPORTE:

A prefeitura recomenda que o público utilize o transporte público para chegar ao evento. Apenas veículos credenciados terão acesso ao estacionamento da Cidade das Artes.

A SMTR determinou o reforço da frota de linhas de ônibus que circulam na região com destino ao Terminal Alvorada e, também, dos serviços do BRT Transoeste para atender com mais conforto e qualidade a população. Os espectadores deverão utilizar o Terminal Alvorada como ponto de chegada e de partida do evento. Localizado ao lado da Cidade das Artes, o terminal possui conexão direta, por meio de passagem subterrânea, ao local da apresentação.

Na área externa, ao lado do terminal, haverá ponto de táxi para embarque e desembarque dos passageiros. Agentes da SMTR estarão no local para fazer o ordenamento do ponto. Cerca de 80 controladores da CET-Rio e Guardas Municipais vão atuar no eixo Avenida das Américas/Avenida Ayrton Senna e no entorno da Cidade das Artes. Painéis de mensagens variáveis orientarão motoristas.",tijuca|sinfônica|mais|nos|cidade|das|ao|em|neste|que|para|com|jardins|da|se|orquestra|público|sábado
82_12-12-18_17_00.csv,portalguaratiba,"-""Vou pra casa que ainda tenho de lavar roupa"", Nica dizia às amigas ao se despedir ontem à tarde quando deixava a imobiliária.
Caminhava pela calçada do quartel quando um motorista bêbado em alta velocidade perdeu o controle da direção na lombada que fica em frente e esmagou Nica na grade que fica ao lado.
É imprescindível que seja implantada a Lei Seca em Barra de Guaratiba, só assim serão evitadas novas mortes.
As denúncias são feitas, os pedidos para que sejam tomadas as providências necessárias para acabar com a desordem no bairro são encaminhados às autoridades, mas infelizmente a população não está sendo ouvida.
No momento, o Sr. Osvaldo (Apóstolo), com poucos recursos colocados à sua disposição, vem trabalhando incansavelmente para por ordem no bairro.",,"Marly Teixeira Albuquerque, Nica como era conhecida no bairro, foi atropelada ontem dia 12 de novembro de 2013 por um motorista que dirigia alcoolizado na Estrada Roberto Burle Marx em Barra de Guaratiba

Publicado em 13.11.2013

População consternada compareceu ao velório da amiga

Da Redação

Marly Teixeira Albuquerque, a Nica para os amigos de Barra de Guaratiba, era o tipo da mulher guerreira. Empresária no ramo imobiliário, operava uma pequena imobiliária no bairro há vários anos, mãe de família, ia ser vovó agora, e estava radiante com isso. Infelizmente um motorista bêbado, tirou a vida dela, quando deixava a imobiliária ontem à tarde. Com família grande, vários irmãos, Nica distribuía atenção e era pessoa muito querida no bairro. Foi uma comoção geral entre os moradores e todos estão revoltados com o acontecido.

Geraldo, seu irmão bombeiro, há pouco tempo comentava com amigos a situação de abandono na qual se encontra Barra de Guaratiba:

-""Qualquer dia desses, alguém vai ser atropelado ou receber um tiro, disparado por um desses bêbados que frequentam a praia"", mal sabia ele que choraria a morte da irmã na tragédia que viria logo a seguir.

-""Vou pra casa que ainda tenho de lavar roupa"", Nica dizia às amigas ao se despedir ontem à tarde quando deixava a imobiliária. Caminhava pela calçada do quartel quando um motorista bêbado em alta velocidade perdeu o controle da direção na lombada que fica em frente e esmagou Nica na grade que fica ao lado.

Local onde a Sra. Marly foi atropelada, e onde se pode ver a grade amassada

O motorista infrator, Diogo Evangelista da Silva Carvalho, 30 anos, empregado da empresa SEREDE que presta serviços a Oi, queria fugir, mas o pneu estourou e assim foi capturado pela população e levado para a delegacia, e segundo informações obtidas hoje, continuava preso.

No velório, a população compareceu como ultima homenagem à amiga que partia, foram centenas de pessoas, mas entre os presentes ficava a certeza de que outras mortes virão se não for implantada imediatamente a Lei Seca na região.

É imprescindível que seja implantada a Lei Seca em Barra de Guaratiba, só assim serão evitadas novas mortes. Fica aqui ainda uma observação importante: - Na calçada e local onde a Sra. Marly foi atropelada, alunos da Escola Municipal Vieira Fazenda lotam as grades na saída das aulas.

As denúncias são feitas, os pedidos para que sejam tomadas as providências necessárias para acabar com a desordem no bairro são encaminhados às autoridades, mas infelizmente a população não está sendo ouvida. No momento, o Sr. Osvaldo (Apóstolo), com poucos recursos colocados à sua disposição, vem trabalhando incansavelmente para por ordem no bairro. Osvaldo é hoje assessor de Rodrigo Bethlem, Secretário de Governo, e foi destacado pelo secretário para esse serviço em Barra de Guaratiba, entretanto com uma equipe reduzida e sem reboque para recolher os infratores, fica impossível cuidar de 30 mil banhistas que lotam a praia em dias de sol e controlar centenas de carros que trafegam na avenida.",vão|implantada|seca|quantos|morrer|um|os|lei|nica|em|seja|que|para|foi|guaratiba|com|barra|da
82_12-12-18_17_00.csv,portalguaratiba,"Assim, os moradores ficam obrigados a utilizar a linha 867 - Campo Grande X Barra de Guaratiba, onde o lucro vai todo para a Jabour.
No verão, entretanto, os carros dessa linha ficam abarrotados de banhistas em direção à Barra de Guaratiba ou retornando da praia, portanto impossível de ser utilizada pelos moradores.
Empresário Jacob BarataDizem que Jacob Barata, 82 anos, um dos proprietários da Jabour, é um empresário de grande influência nos meios políticos do Estado, apesar de declarar-se apolítico em recente entrevista.
Mais ou menos assim: - a prefeitura gerencia e controla as empresas de transporte urbano com os relatórios oferecidos por elas mesmas(?).
Entrevista de Jacob BarataM2M Solutions monitora ônibus",,"Publicado em 12.11.2013

Da Redação

Em princípio a justificativa era de que não haveriam mais ônibus cruzando a Grota Funda em direção à Barra da Tijuca, e como todas as grandes cidades do mundo a Prefeitura do Rio iria modernizar o sistema de transporte urbano na Zona Oeste com o BRT - Transoeste criando um corredor central e agregador, oferecendo uma via direta, tal como um metrô de superfície, reduzindo dessa forma o tempo de viagem entre Santa Cruz e Alvorada e concomitantemente reduzindo o fluxo de ônibus naquele corredor.

No papel a coisa funcionaria maravilhosamente bem, entretanto para tal, seria necessário o transporte das ruas vicinais e bairros adjacentes a esse corredor central através de ônibus integradores que iriam receber o número anterior da linha com a letra A. Portanto a antiga linha 854 que ligava Campo Grande à Barra da Tijuca pela Estrada da Cachamorra, Estrada da Matriz e Estrada da Ilha iria se transformar em 854 A e em princípio ficaria no mesmo percurso parando na Estação Ilha de Guaratiba, onde dali, mesmo com prejuízo dos passageiros que teriam de fazer três baldeações seguiriam para a Barra da Tijuca.

Mas claro que a Jabour (leia-se Jacob Barata) não gostou da ideia pois nesse caso teria de dividir os lucros com o consorcio que opera o BRT, então argumentou que na Estrada da Matriz/Estrada da Ilha, não haveriam passageiros que justificassem essa linha, dessa forma interrompendo o roteiro na Estação Mato Alto e sugerindo uma aberração em termos de integração com uma linha chamada 854 AA, entre a Ilha de Guaratiba e a Estação Mato Alto. Esse AA, deveria ser substituído por Ah! Ah! Pois, ninguém vê o tal ônibus passar.

Assim, os moradores ficam obrigados a utilizar a linha 867 - Campo Grande X Barra de Guaratiba, onde o lucro vai todo para a Jabour. No verão, entretanto, os carros dessa linha ficam abarrotados de banhistas em direção à Barra de Guaratiba ou retornando da praia, portanto impossível de ser utilizada pelos moradores. A pergunta que todos fazem é como uma empresa tem todo esse poder de influência junto às autoridades do município do Rio de Janeiro para prejudicar a população em detrimento do lucro?

Empresário Jacob Barata

Dizem que Jacob Barata, 82 anos, um dos proprietários da Jabour, é um empresário de grande influência nos meios políticos do Estado, apesar de declarar-se apolítico em recente entrevista. Jacob Barata é chamado de ""Rei do Ônibus"", mas o presidente da Rio Ônibus, Lélis Marcos, corre em defesa do empresário e diz que ""não é rei coisa nenhuma"", pois possui apenas 11,28% das empresas do ramo, fica aqui então a dúvida, será mesmo que todo esse sofrimento pelo qual a população passa é decorrência desse envolvimento do empresário com os meios políticos da cidade?

Uma outra informação que temos, e que pode de certa forma explicar todo esse sofrimento que a população enfrenta com o transporte coletivo aqui na zona oeste, é de que como diz o ditado popular, a Prefeitura do Rio pediu a ""raposa para tomar conta do galinheiro"" - a empresa M2M Solutions que controla e coordena através de GPS e meios eletrônicos sofisticados a distribuição e acompanhamento dos ônibus no Rio de Janeiro tem participação de Jacob Barata Filho, herdeiro de Jacob Barata, e mais 43 empresas do estado, claro, sem custo para o município. Mais ou menos assim: - a prefeitura gerencia e controla as empresas de transporte urbano com os relatórios oferecidos por elas mesmas(?).

Leia mais sobre o assunto nestas duas matérias publicadas pelo Globo recentemente.

Entrevista de Jacob Barata

M2M Solutions monitora ônibus",circulação|tirou|rio|é|campo|em|que|para|linha|ônibus|porque|grande|jabour|da|como|com|tijuca|jacob
82_12-12-18_17_00.csv,portalguaratiba,"- Hoje, o que o Barra de Guaratiba necessita de mais urgente é o ordenamento urbano!
Expulsar do bairro os vândalos, os mijões, os baderneiros, os irrequietos frequentadores que não ficam satisfeitos em curtir simplesmente uma praia ou o encantamento do lugar.
Motoristas mal educados param nas portas das garagens e em fila dupla, abarrotam as estreitas ladeiras do bairro com os carros estacionados nas esquinas e acessos já naturalmente estreitos.
Por determinação do Secretário Rodrigo Bethlem a ação tem sido comandada por Osvaldo Apóstolo seu coordenador em Guaratiba.
Hoje, a pedido de Rodrigo Bethlem tem tomado para si a responsabilidade e acompanhamento desta ação contra a desordem urbana em Barra de Guaratiba.",,"Osvaldo Apóstolo, coordenador das ações em Guaratiba ordenadas pelo Secretário de Governo, Rodrigo Bethlem, afirma que as ações de combate à desordem no bairro vão continuar

Publicado em 07.11.2013

Reunião dos moradores em frente ao Bar Xodó de Barra de Guaratiba

Sergio Mello - Editor do Portal Guaratiba

Ao longo dos últimos anos, a cada verão, a situação de Barra de Guaratiba vinha piorando com o abandono do bairro pelas autoridades municipais. Não se clama ""por enquanto"" por melhorias na infraestrutura, inexistente por sinal, construção de escolas e creches para as crianças e adolescentes, praças e logradouros urbanizados, controle do transporte público pelo Estado, enfim, nada, absolutamente nada que venha a provocar gastos pela Prefeitura do Rio de Janeiro, apesar do bairro não ter sido agraciado ainda com nenhuma obra pelo Prefeito Eduardo Paes, que abandonou o bairro à própria sorte.

- Hoje, o que o Barra de Guaratiba necessita de mais urgente é o ordenamento urbano! O que falta somente é vontade política de por ordem no bairro! O Portal Guaratiba tem publicado nos últimos 6 anos, desde sua fundação, várias matérias sobre o assunto, (leia aqui).

Reunião dos moradores em frente ao Bar Xodó de Barra de Guaratiba

Quando se fala em ordenamento urbano, fala-se simplesmente na aplicação da lei para coibir os desvios da moral e dos bons costumes. Expulsar do bairro os vândalos, os mijões, os baderneiros, os irrequietos frequentadores que não ficam satisfeitos em curtir simplesmente uma praia ou o encantamento do lugar. Necessitam extravasar toda sua falta de educação e vilipendiar a pacata vida dos moradores com atos libidinosos, bebedeiras insólitas, comportamentos estranhos à moral e aos bons costumes.

Motoristas mal educados param nas portas das garagens e em fila dupla, abarrotam as estreitas ladeiras do bairro com os carros estacionados nas esquinas e acessos já naturalmente estreitos. Carros particulares com equipamentos de som que mais parecem trios elétricos, com volumes que não nos deixam assistir televisão em nossas casas, quiosques promovendo bailes funk na rua, e outras tantas irregularidades.

Barreira na Estrada Roberto Burle Marx em Barra de Guaratiba

Os ônibus da Jabour despejam na pequena praia milhares de banhistas a cada final de semana, sem controle da Prefeitura que parece não se importar com esse desvio de conduta da empresa, que recebeu a concessão para operar com um número fixo de carros na linha 867. Não é possível que seja permitido no verão, a empresa colocar dezenas de carros na linha em busca de lucro fácil, em prejuízo do bairro de Barra de Guaratiba que se vê invadido por uma quantidade de pessoas que simplesmente não suporta.

Em uma segunda-feira do mês passado, não me lembro da data exata, mas lembro-me que recebeu o apelido de ""segunda sem lei"", tal foi a baderna e a bagunça feita pelos frequentadores da praia, que os moradores se reuniram em frente ao bar ""Xodó de Barra de Guaratiba"", leia-se ""Manoel Fogaça"", para discutir sobre as providências que deveriam ser tomadas junto às autoridades municipais afim de que não voltasse a ocorrer uma desordem daquela.

Assista aqui a um vídeo publicado no Youtube por um morador que mostra a desordem que tomou conta do bairro na ""segunda sem lei"".

Homens da GM, da PM e Osvaldo Apostolo em Barra de Guaratiba

Posteriormente, líderes comunitários juntamente com alguns políticos e moradores reuniram-se com o Secretário Municipal de Governo, Rodrigo Bethlem, na quadra Arrastão da Barra de Guaratiba, na presença do secretário Alex Costa, da Ordem Pública, com o apoio do 31º BPM, responsável pelo policiamento da área e definiram o início ao combate à desordem em Barra de Guaratiba ainda no mês de outubro.

A ação teve início no dia 12 de outubro passado com a presença da Polícia Militar (31º BPM), Guarda Municipal, agendes de controle urbano da SOEP e voluntários do Conselho Comunitário de Guaratiba e Região.

Por determinação do Secretário Rodrigo Bethlem a ação tem sido comandada por Osvaldo Apóstolo seu coordenador em Guaratiba.

Nota da Redação: O CCGR - Conselho Comunitário de Guaratiba e Região vem atuando na defesa do Jardim Maravilha com ações efetivas em defesa do bairro, e Osvaldo Apóstolo tem sido membro atuante do CCGR no contato com as autoridades municipais. Na última eleição para a Câmara Municipal Osvaldo foi candidato sem conseguir ser eleito. Hoje, a pedido de Rodrigo Bethlem tem tomado para si a responsabilidade e acompanhamento desta ação contra a desordem urbana em Barra de Guaratiba.

As fotos da reunião de moradores foram cedidas por Edson Ribeiro (Grande) e as fotos das ações contra a desordem urbana em Barra de Guaratiba foram cedidas por Guiga Liberato do Portal do Jardim Maravilha e membro do CCGR.",vai|rio|bairro|prefeitura|os|em|que|por|vem|janeiro|guaratiba|desordem|com|da|barra|não|combater
