Timestamp,Source,Summary,Authors,Text,Keywords
83_12-12-18_17_01.csv,postoseis,"A peça conta a história de Beatriz (Cissa Guimarães), uma psicanalista no auge da carreira, mas emcrise no casamento.
Depois de vinte anos de casamento, está cada vez mais distante, mais surdo, maismudo, mais morno, mais jogado no sofá.
Ao mesmo tempo, a mãe de Beatriz, a extravagante D.Elda (Josie Antello), voltou a morar com ela e vive às turras com a neta adolescente (também JosieAntello).
Um dia, depois de uma conversa reveladora com sua irmã, a solteirona Berenice (também JosieAntello), Beatriz decide dar um basta.
O tempo passa e a nova vida de Beatriz parece finalmente seguir como ela sempre sonhou, atéque um dia Orlando volta a procurá-la, e o que tem a lhe dizer muda mais uma vez seus planos.",,"A peça conta a história de Beatriz (Cissa Guimarães), uma psicanalista no auge da carreira, mas em

crise no casamento. Seu marido (Giuseppe Oristânio), acomodado e machista, não tolera a ideia

da separação. Depois de vinte anos de casamento, está cada vez mais distante, mais surdo, mais

mudo, mais morno, mais jogado no sofá. Ao mesmo tempo, a mãe de Beatriz, a extravagante D.

Elda (Josie Antello), voltou a morar com ela e vive às turras com a neta adolescente (também Josie

Antello).

Um dia, depois de uma conversa reveladora com sua irmã, a solteirona Berenice (também Josie

Antello), Beatriz decide dar um basta. Separa-se de Orlando e resolve abraçar os prazeres da vida.

O tempo passa e a nova vida de Beatriz parece finalmente seguir como ela sempre sonhou, até

que um dia Orlando volta a procurá-la, e o que tem a lhe dizer muda mais uma vez seus planos.

FICHA TÉCNICA

Baseado na obra de Martha Medeiros

Texto: Regiana Antonini

Direção: Ernesto Piccolo

Elenco: Cissa Guimarães, Giusepe Oristanio e Josie Antello

Direção Musical: Rodrigo Penna

Assistente de direção: João Velho

Cenário: Sérgio Marimba

Iluminação: Jorginho de Carvalho

Figurino: Helena Araujo e Djalma Brilhante

Design Gráfico: Thomaz Velho/ Julliana Della Costa

Fotos de Estúdio: Nana Moraes

Fotos de Cena: Chico Lima

Produtora executiva: Glauce Carvalho

Direção de Produção: Gustavo Nunes

Idealização do Projeto: Cissa Guimarães

Realização: BG produções

Uma produção: BG produções e Turbilhão de Ideias Entretenimento

Patrocínio: VIVO

Apresentado por: Bradesco Seguros Circuito Cultural",volta|rio|doidas|posto|vez|tempo|uma|um|comédia|beatriz|producao|com|seis|santas|cissa|romântica|janeiro|se|mais|orlando
83_12-12-18_17_01.csv,postoseis,"O programa “Rio+Seguro”, que associa planejamento, inteligência e tecnologia na prevenção à desordem urbana e à criminalidade, completa um ano no dia 3 de dezembro.
Para o Capitão, o sucesso da ação está na integração da Guarda Municipal com as Polícias Militar e Civil, além da participação de outras secretarias municipais e empresas públicas.
No programa, a Guarda Municipal é responsável pela ordem pública, enquanto a Polícia Militar atua contra a criminalidade.
São, em média,100 policiais, dispostos em dois turnos, de segunda a sexta, de 7h às 22h, e aos finais de semana, de 8h às 20h.
A população pode contribuir denunciando irregularidades pelo Disque-Rio+Seguro, que funciona no número (21) 98909-1153.",,"O programa “Rio+Seguro”, que associa planejamento, inteligência e tecnologia na prevenção à desordem urbana e à criminalidade, completa um ano no dia 3 de dezembro. Sob responsabilidade da Secretaria de Ordem Pública (Seop), a iniciativa atende aos bairros de Copacabana e Leme e, segundo o coordenador da parte policial da operação, Capitão Hugo Coque, houve uma redução de 40% nos roubos e furtos nas ruas dos bairros desde a implementação do projeto. Para o Capitão, o sucesso da ação está na integração da Guarda Municipal com as Polícias Militar e Civil, além da participação de outras secretarias municipais e empresas públicas.

Segundos dados divulgados pelo Instituto de Segurança Pública (ISP), de dezembro de 2017 a setembro de 2018, os percentuais de crimes como roubos a pedestres, incluindo casos de roubo de celular e em transportes coletivos, em relação ao mesmo período de 2016 e 2017, caíram quase 30%. Essas informações foram divulgadas pelo guarda municipal e assistente do Escritório de Projetos da Seop Roberto Penteado no 2º Fórum Mundial sobre Violências Urbanas e Educação para a Convivência e a Paz, no dia 8 de novembro, em Madrid, Espanha.

No programa, a Guarda Municipal é responsável pela ordem pública, enquanto a Polícia Militar atua contra a criminalidade. São, em média,100 policiais, dispostos em dois turnos, de segunda a sexta, de 7h às 22h, e aos finais de semana, de 8h às 20h. Além do policiamento, o projeto também conta com a participação das Coordenadorias de Controle Urbano e de Licenciamento e Fiscalização (da Secretaria de Fazenda), Vigilância Sanitária (da Secretaria de Saúde), Comlurb, Secretaria Municipal de Assistência Social e Direitos Humanos e a Secretaria Municipal de Conservação e Meio Ambiente, além das Coordenadorias de Fiscalização de Estacionamentos e Reboques (Cfer) e Especial de Transporte Complementar (CETC).

O Rio+Seguro usa informações e imagens capturadas por 54 câmeras posicionadas em pontos estratégicos e monitoradas em tempo real pelo Núcleo de Videopatrulhamento da Guarda Municipal, no Centro de Operações Rio (COR), que são enviadas aos smartphones dos agentes que atuam nas ruas dos dois bairros pilotos. Só de janeiro a setembro deste ano, foram 7.242 atividades de videopatrulhamento relacionadas ao controle de delitos, ordenamento urbano e fiscalização de trânsito. As equipes de campo contam ainda com o suporte de dois micro-ônibus como base operacional, dez carros e 33 motocicletas. A população pode contribuir denunciando irregularidades pelo Disque-Rio+Seguro, que funciona no número (21) 98909-1153.",posto|índices|municipal|que|rioseguro|redução|guarda|da|fiscalização|secretaria|um|dos|em|pelo|furtos|nos|roubos|seis|leme|pública
83_12-12-18_17_01.csv,postoseis,"O evento celebra os 70 anos de um dos maiores artistas brasileiros e os dez anos da Filarmônica.
A regência é do maestro Fabio Mechetti, diretor artístico e regente titular da Filarmônica de Minas Gerais.
Este concerto é apresentado pelo Ministério da Cultura, Governo de Minas Gerais e BNDES.
A Filarmônica de Minas Gerais se apresentou no Rio de Janeiro em 2015, na Cidade das Artes.
A Filarmônica de Minas Gerais está entre as melhores do país, sendo reconhecida nacional e internacionalmente.",,"o evento, no dia 8 de dezembro, comemora os 70 anos do pianista e os 10 da filarmônica de minas

Já estão à venda os ingressos para a o concerto da Orquestra Filarmônica de Minas Gerais e do pianista Arnaldo Cohen no dia 8 de dezembro, às 19h30m, no Rio de Janeiro. O evento celebra os 70 anos de um dos maiores artistas brasileiros e os dez anos da Filarmônica. No programa estão “Concerto para piano nº 3 em dó menor, op. 37”, de Beethoven; a obra “Fausto: Música de balé”, em homenagem aos 200 anos do compositor francês Charles Gounod, e a reestreia nos palcos cariocas, 66 anos depois, da peça“Quadros de uma Exposição”, de Mussorgsky, com orquestração de Francisco Mignone. A regência é do maestro Fabio Mechetti, diretor artístico e regente titular da Filarmônica de Minas Gerais. Os ingressos já estão à venda pelo site da Filarmônica ou na bilheteria do Municipal.

Este concerto é apresentado pelo Ministério da Cultura, Governo de Minas Gerais e BNDES.

A Filarmônica de Minas Gerais se apresentou no Rio de Janeiro em 2015, na Cidade das Artes. Antes, a orquestra havia tocado na Sala Cecília Meirelles (2009, Rio Folle Journée, com Arnaldo Cohen) e no Theatro Municipal, em quatro ocasiões: em 2011, com o pianista francês Pascal Rogé; em agosto de 2012, com o pianista norte-americano Leon Fleisher; e em novembro de 2012, no Festival Villa-Lobos, com a pianista brasileira Sonia Rubinsky. A Filarmônica de Minas Gerais está entre as melhores do país, sendo reconhecida nacional e internacionalmente. Fabio Mechetti é o diretor artístico e o regente titular.

Serviço:

Orquestra Filarmônica de Minas Gerais

Fabio Mechetti, regente

Arnaldo Cohen, piano

Dia: 8 de dezembro, às 19h30m

Theatro Municipal do Rio de Janeiro

Programa:

BEETHOVEN Concerto para piano nº 3 em dó menor, op. 37

GOUNOD Fausto: Música de balé

MUSSORGSKY/Mignone Quadros de uma exposição

Theatro Municipal do Rio de Janeiro

Praça Marechal Floriano s/nº, Centro

Informações do Theatro: (21) 2332-9191/ 2332-9005, a partir das 10h.

Bilheteria: 2332-9005 / 2332-9191

Classificação livre

Preços:

Frisas e camarote – R$ 96,00 inteira/R$ 48,00 meia

Plateia – R$ 96,00 inteira /R$ 48,00 meia

Balcão nobre – R$ 96,00 inteira /R$ 48,00 meia

Balcão Superior Central- R$ 50,00 inteira / R$ 25,00 meia

Balcão Superior Lateral – R$ 50,00 inteira / R$ 25,00 meia

Galeria Central – R$ 20,00 / R$ 10,00 meia

Galeria Lateral – R$ 20,00 / R$ 10,00 meia

Acesso para cadeirantes e pessoas com dificuldade de locomoção na entrada lateral do Theatro na Avenida Rio Branco. Há serviço de valet gratuito. Estacionamento pago.

Compra de ingressos também nos sites:

– http://filarmonica.art.br/concertos/agenda-de-concertos/filarmonica-no-theatro-municipal-do-rio-de-janeiro

– http://www.theatromunicipal.rj.gov.br/programacao/orquestra-filarmonica-de-minas-gerais",rio|posto|os|r|concerto|em|pianista|filarmônica|reúne|gerais|com|minas|da|orquestra|seis
83_12-12-18_17_01.csv,postoseis,"Após dois anos, a árvore de Natal da Lagoa volta a brilhar na noite do dia 1º de dezembro.
As luzes da árvore poderão ser vistas até dia 6 de janeiro.
A megaestrutura da árvore começou a ser montada em outubro em uma balsa com 11 flutuadores, que somam 900 metros quadrados de superfície.
“O nosso combustível, a nossa energia, o que move a gente agora vai iluminar as noites da Lagoa.
“O Rio é uma cidade que nasceu para brilhar e ficou mais triste nesse tempo sem a árvore.",,"Após dois anos, a árvore de Natal da Lagoa volta a brilhar na noite do dia 1º de dezembro. O retorno do símbolo, dessa vez medindo 70 metros (o equivalente a um prédio de 24 andares), é patrocinado pela Petrobras e esta planejado um espetáculo de fogos de artifício durante sete minutos. As luzes da árvore poderão ser vistas até dia 6 de janeiro.

Assinada pelo cenógrafo Abel Gomes, ela é composta por 900 mil lâmpadas LED, que proporcionarão oito fases cenográficas. O espetáculo de luzes e cores espalhará tons de verde e amarelo pela Lagoa. A megaestrutura da árvore começou a ser montada em outubro em uma balsa com 11 flutuadores, que somam 900 metros quadrados de superfície. Cerca de 1.2 mil pessoas, entre produtores, engenheiros, técnicos e artistas foram envolvidos no projeto de construção. “A cada ano, a árvore incorpora e integra recursos tecnológicos de última geração, nos campos das técnicas construtivas, navegabilidade, eficiência energética e muito mais. São avançadas tecnologias à serviço da expressão poética e da mensagem transformadora do Natal”, descreve o presidente da Backstage (empresa que coordena a montagem da estrutura), Nelson Drucker.

Terceiro maior evento anual da cidade em público, atrás apenas do Carnaval e do réveillon, e inserida no calendário oficial do estado, a inauguração da árvore é referência internacional de Natal, atraindo a atenção de milhares de pessoas de todos os cantos do Rio, do país e até mesmo do exterior. “O nosso combustível, a nossa energia, o que move a gente agora vai iluminar as noites da Lagoa. Ao trazermos de volta a árvore ao Rio, estamos dando a nossa contribuição para que todos sigam em frente rumo a grandes conquistas”, resume o presidente da Petrobras Distribuidora, Ivan de Sá.

O idealizador do retorno, Roberto Medina, enxerga nessa nova fase um ressurgimento do orgulho de ser carioca. “O Rio é uma cidade que nasceu para brilhar e ficou mais triste nesse tempo sem a árvore. Estou muito satisfeito com a volta desta ilustre moradora da cidade. Espero que ela simbolize um novo tempo, marcado por renovação, prosperidade e paz”, diz. A presidente da Dream Factory (empresa responsável pelo projeto), Duda Magalhães, reforça essa visão positiva: “Queremos deixar a experiência de visitar a Lagoa ainda mais inesquecível. Certamente, o Natal e a cidade vão brilhar ainda mais”, aposta.

Desde setembro, a Árvore do Rio faz parte do calendário oficial do estado. O decreto que oficializou a decisão ressalta que o projeto atrai um grande número de moradores e turistas para o local, gera desenvolvimento econômico e oportunidades de empregos no Rio de Janeiro.",lagoa|rio|posto|é|que|da|dois|ícone|um|em|árvore|para|natal|seis|à|retorna|novo|nome|mais
83_12-12-18_17_01.csv,postoseis,"Como fazer com que as pessoas enxerguem ainda mais a triste realidade brasileira em casos de violência contra a mulher?
Acredito que nunca se falou tanto sobre o tema “violência contra a mulher” nas redes sociais e jornais como estão falando nesses últimos meses.
As frases que pareciam falar de amor na canção, são retratadas como situações de violência contra a mulher nas imagens.
Assista ao link do vídeo: https://www.youtube.com/watch?v=mRpC9ISq5EE&feature=youtu.beDados alarmantesAs estatísticas de violência contra a mulher preocupam.
Segundo o Instituto Maria da Penha, as mulheres que são vítimas da violência doméstica e familiar estão submetidas a um ciclo que se repete.",,"Foto: Divulgação

Assinada pela Artplan, ação do Governo Federal por meio do Ministério de Direitos Humanos e Secretaria das Mulheres traz música, com duplo sentido, estrelada pela cantora Naiara Azevedo

“Não consigo te apagar da minha mente”. Esta frase pode significar amor ou violência psicológica. Como fazer com que as pessoas enxerguem ainda mais a triste realidade brasileira em casos de violência contra a mulher?

A Artplan buscou na força das mulheres do universo sertanejo a resposta para este desafio, em ação criada para o Ministério de Direitos Humanos e Secretaria das Mulheres, no combate à esta violência. A campanha é dividida em duas fases, a de aquecimento e de revelação, que traz como peça central a música “Coração pede socorro”, composta para a campanha, interpretada pela cantora Naiara Azevedo. A princípio, parecia mais uma música de amor sertaneja. A letra remete a situações românticas para quem ouve a canção, mas todos os versos têm um duplo sentido.

“Fiquei muito feliz com o convite para ser porta-voz dessa campanha. Acredito que nunca se falou tanto sobre o tema “violência contra a mulher” nas redes sociais e jornais como estão falando nesses últimos meses. É triste ver os números crescentes de vítimas, mas, ao mesmo tempo, é bom saber que campanhas desse tipo estão encorajando as mulheres a não ficarem caladas diante de qualquer tipo de abuso, seja ele físico ou psicológico, ligando para os órgãos de ajuda, denunciando e ajudando outras mulheres. Essa campanha me confiou a missão de colocar a minha voz para dar voz à outras mulheres, e me senti muito honrada por isso”, comenta Naiara Azevedo.

A fase de aquecimento iniciou-se em 9 de novembro, com a divulgação da música em todas as plataformas digitais de Naiara Azevedo, além de rádios e plataformas de streaming. E, no dia 25 de novembro, quando se comemora o Dia Internacional de Combate à Violência Contra as Mulheres, houve a fase de revelação, com a presença da cantora, do ministro dos Direitos Humanos e da secretária de Política para as Mulheres, no programa Hora do Faro – Record.

Nesta oportunidade, foi lançado o clipe oficial, desconstruindo a música e mostrando a perspectiva do relacionamento abusivo. As frases que pareciam falar de amor na canção, são retratadas como situações de violência contra a mulher nas imagens. No mesmo dia, o clipe também foi exibido no programa da Eliana – SBT, além de outros programas de TV que estarão abordando sobre o tema durante toda semana.

Além disso, a ação ganha força com alguns influenciadores nas duas fases, falando sobre a música e depois revelando a ação com o clipe. A #vctemvoz também será usada para falar da importância de denunciar a violência e ligar 180.

A campanha foi criada a partir da análise de dados que trouxe insights desde o tema a ser abordado até o estilo de música a ser utilizado. Filme em TV aberta; cinemas de todo o Brasil; spots nas principais rádios; vinhetas em metrôs, aeroportos e ônibus; mídia impressa e divulgação e ações na Internet compõe a ação.

Assista ao link do vídeo: https://www.youtube.com/watch?v=mRpC9ISq5EE&feature=youtu.be

Dados alarmantes

As estatísticas de violência contra a mulher preocupam. No País, conforme dados do Atlas da Violência, mais de 12 mulheres foram assassinadas por dia em 2017. De janeiro a julho de 2018, foram contabilizados mais de 79 mil relatos de violência no Ligue 180. Destes, mais de 63 mil foram classificados como violência doméstica. Segundo o Instituto Maria da Penha, as mulheres que são vítimas da violência doméstica e familiar estão submetidas a um ciclo que se repete.

Ficha Técnica

Agência: Artplan Comunicação

Cliente: Secom/PR

Campanha: Enfrentamento à Violência Contra a Mulher

Aprovação no Cliente: Duílio Malfatti

Diretor Geral: Duda Moncalvo

Direção de Criação: André Sartorelli

Criação: Thiago Diniz e Alexandre Ferro

Diretora de Atendimento: Ana Carolina Malta

Equipe de Atendimento: Larissa Pereira e Gabriel Moura

Diretor de Planejamento: Fernando Torres

Equipe de Planejamento: Gabriel Veras

Diretora de Mídia: Daniele Abreu

Equipe de Mídia: Vivianne Amaral, Lidiana Maciel, Marina Veloso e Camila Rodrigues

Conteúdo e Engajamento: Luísa Sotero

Equipe de BI: Tiago Prata e Lucas Rocha

Produção e RTV: Debora Moura, Wilma Godoy, Thiago Silva, Nathália Dutra, Ana Ourique

Produtora de Vídeo: Eureka Filmes

Direção Artística: Musickeria

Diretor do Filme: Fred Siqueira

Produtora de Áudio: Musica & Mídia",mulher|mulheres|violência|posto|em|que|para|parte|contra|sertaneja|com|sobre|da|música|mais|parecia|seis
83_12-12-18_17_01.csv,postoseis,"Entre os dias 28 de novembro e 10 de dezembro, o Centro Cultural Banco do Brasil (CCBB) Rio de Janeiro receberá a 2ª Mostra de Cinema Norueguês.
Além da série, serão apresentados documentários e filmes para todas as idades.
“É importante promover o cinema norueguês no Brasil para mostrar o que a Noruega produz de bom além do bacalhau!
Temos observado que pouco se comenta ou promove acerca do cinema norueguês no país, e por isso acreditamos haver espaço para criação de interesse e difusão de conhecimento.
Sissel explica que os títulos escolhidos para a mostra no Brasil vão de clássicos a lançamentos, e retratam a abrangência do cinema norueguês, listados como os melhores filmes do país.",,"Entre os dias 28 de novembro e 10 de dezembro, o Centro Cultural Banco do Brasil (CCBB) Rio de Janeiro receberá a 2ª Mostra de Cinema Norueguês. O evento terá entrada gratuita.

A série SKAM, mundialmente aclamada pelo público, está entre as atrações mais esperadas e será exibida em quatro episódios em uma narrativa única. A trama retrata o cotidiano de adolescentes noruegueses que lidam com diversas questões relacionadas à religião, ansiedade social e homossexualidade. Além da série, serão apresentados documentários e filmes para todas as idades.

Outro destaque do evento fica por conta do longa “Eu sou sua”, da diretora norueguesa de origem paquistanesa Iram Haq que também dirigiu o filme “What will people say”, indicado ao Oscar 2019 de melhor filme estrangeiro.

A Cônsul-Geral da Noruega no Rio de Janeiro Sissel Hodne Steen afirma que a indústria cinematográfica norueguesa tem crescido e que os filmes noruegueses, assim como diretores e produtores, estão sendo reconhecidos no cenário internacional, entretanto, explica que no Brasil a divulgação do cinema norueguês está em fase de crescimento.

“É importante promover o cinema norueguês no Brasil para mostrar o que a Noruega produz de bom além do bacalhau! Temos observado que pouco se comenta ou promove acerca do cinema norueguês no país, e por isso acreditamos haver espaço para criação de interesse e difusão de conhecimento. É uma oportunidade de disseminar a riqueza de nossa cultura, diversidade, e estilo de vida”, ressalta.

Sissel explica que os títulos escolhidos para a mostra no Brasil vão de clássicos a lançamentos, e retratam a abrangência do cinema norueguês, listados como os melhores filmes do país.

“Os filmes e documentários que serão exibidos foram lançados entre 2009 e 2014, exceto “Pathfinder” que é de 1989, e oferecem ao público brasileiro a oportunidade de conhecer mais a respeito da cultura e da sociedade norueguesas”, destaca.",entre|rio|posto|os|em|que|norueguês|para|recebe|mostra|cinema|janeiro|ccbb|da|brasil|filmes|seis
83_12-12-18_17_01.csv,postoseis,"Os cantores Carla Rizzi e Fernando Portari apresentam o novo show “My Romance” nos dias 10 e 17 de dezembro, às 20h, no Teatro Cesgranrio.
O casal oferece ao público um repertório eclético de standards americanos, boleros, MPB, pop e ópera.
Acompanhados pela banda Blue Moon, sob a direção do maestro Evandro Rodriguese, Carla e Fernando interpretam grandes sucessos da música romântica como “Besame Mucho”, “Eu Sei Que Vou Te Amar”, “Amor, I Love You”, “Como é Grande o Meu Amor Por Você”, entre muitos outros.
Serviço:Show musical “My Romance”Local: Teatro Cesgranrio (R. Santa Alexandrina, 1011, Rio Comprido)Telefone: 2103-9682Dias 10 e 17 de dezembro, às 20hIngressos: R$ 40,00",,"Os cantores Carla Rizzi e Fernando Portari apresentam o novo show “My Romance” nos dias 10 e 17 de dezembro, às 20h, no Teatro Cesgranrio. O casal oferece ao público um repertório eclético de standards americanos, boleros, MPB, pop e ópera. Acompanhados pela banda Blue Moon, sob a direção do maestro Evandro Rodriguese, Carla e Fernando interpretam grandes sucessos da música romântica como “Besame Mucho”, “Eu Sei Que Vou Te Amar”, “Amor, I Love You”, “Como é Grande o Meu Amor Por Você”, entre muitos outros.

Serviço:

Show musical “My Romance”

Local: Teatro Cesgranrio (R. Santa Alexandrina, 1011, Rio Comprido)

Telefone: 2103-9682

Dias 10 e 17 de dezembro, às 20h

Ingressos: R$ 40,00",apresentam|portari|amor|posto|r|dezembro|carla|rizzi|teatro|como|às|17|cesgranrio|fernando|cantores|seis
83_12-12-18_17_01.csv,postoseis,"A poetisa Maritza Rezende lança o livro “Quando os sinos tocam” no dia 30 de novembro, às 19h, na Livraria da Travessa, em Ipanema.
Este é o quinto livro da escritora, que trata de assuntos como Deus, religiosidade, feminino e sua trajetória de vida.
Grande fã da bossa-nova, a musicalidade influencia a escrita da autora, que adora passar algumas horas de suas tardes ouvindo canções de Vinícius de Moraes, Nara Leão, Tom Jobim, entre outros expoentes da MPB.
A obra é uma continuidade, dentro de seu trabalho com a poesia, do resgate de cadernos cheios de anotações antigas.
Mais informações sobre o evento em: www.facebook.com/events/773375249673179/Encontre Mariza Rezende nas redes sociaisInstagram: @poetamaritzarezendeFacebook: www.facebook.com/MaritzaRezende/",,"A poetisa Maritza Rezende lança o livro “Quando os sinos tocam” no dia 30 de novembro, às 19h, na Livraria da Travessa, em Ipanema. Este é o quinto livro da escritora, que trata de assuntos como Deus, religiosidade, feminino e sua trajetória de vida. Grande fã da bossa-nova, a musicalidade influencia a escrita da autora, que adora passar algumas horas de suas tardes ouvindo canções de Vinícius de Moraes, Nara Leão, Tom Jobim, entre outros expoentes da MPB.

A obra é uma continuidade, dentro de seu trabalho com a poesia, do resgate de cadernos cheios de anotações antigas. Após alguns anos da publicação de “Mosaico”, seu primeiro livro solo (antes publicava poesias em coletâneas de diversos autores), a chegada de “Ecos de Outono”, “Mística” e “Véu do Tempo” marcaram uma sequência constante de produção literária, mostrando que suas obras independentes têm ultrapassado a crise do mercado editorial.

Mais informações sobre o evento em: www.facebook.com/events/773375249673179/

Encontre Mariza Rezende nas redes sociais

Instagram: @poetamaritzarezende

Facebook: www.facebook.com/MaritzaRezende/",uma|suas|maritza|posto|é|poetisa|lança|em|coletânea|que|seu|seis|livro|às|da|ipanema|rezende
