Timestamp,Source,Summary,Authors,Text,Keywords
84_12-12-18_17_02.csv,revistastyllus,"Dudu Camargo assina contrato com o empresário Gio Paollo.
Apresentador é a novo agenciado de Gio Paollo, que tem como braço a Glam Imagem.
O apresentador Dudu Camargo esta radiante com o sucesso na tv, a frente do matinal primeiro impacto (SBT), que tem alcançado altos índices de audiência.
O apresentador acaba de assinar contrato com o empresário Gio Paollo e se tornou artista da glam imagem, focada no agenciamento de celebridades.
As novidades não param por aí, DUDU anuncia que vem canal de youtube, caravana de shows e mais.",,"Dudu Camargo assina contrato com o empresário Gio Paollo. Apresentador é a novo agenciado de Gio Paollo, que tem como braço a Glam Imagem. O apresentador Dudu Camargo esta radiante com o sucesso na tv, a frente do matinal primeiro impacto (SBT), que tem alcançado altos índices de audiência. “A satisfação não é apenas por dar ibope, sim por fazer o que amo “afirma. O apresentador acaba de assinar contrato com o empresário Gio Paollo e se tornou artista da glam imagem, focada no agenciamento de celebridades. Agora, além de apresentar programa jornalístico, Dudu pretende vincular seu nome ao entretenimento, começará a dar palestras, workshop e sonha em ter seu programa de auditório. “Tudo o que fiz foi de certa maneira foi intuitivamente, sem alguém me direcionando, sem um planejamento de carreira”, conta. As novidades não param por aí, DUDU anuncia que vem canal de youtube, caravana de shows e mais.

Compartilhe isso: Facebook

Twitter

Tumblr

Pinterest

WhatsApp

LinkedIn

",paollo|apresentador|gio|é|contrato|tem|camargo|que|por|seu|dudu|com|assina|empresário
84_12-12-18_17_02.csv,revistastyllus,"Perlla celebra aniversário com Leo Stronda, Luane, Gabi e Ana Paula.
Ex-peões de A Fazenda 10 se reuniram para comemorar a chegada dos 30 anos da funkeira.
A quarta-feira (28) foi de festa para Perlla.
A funkeira e ex-peoa de A Fazenda 10 armou um festão para amigos e familiares para celebrar a chegada de seus 30 anos.
Que foi realizada na casa de festas espaço z.Entre os convidados estavam: Ex paquita Ana Paula Almeida, Mc Sabrina, Creu, Dj Felippe Sanches, Ex Bbb Patrícia Leitte e é claro a galera da Fazenda Leo Stronda, Luane , Gabi Prado e Ana Paula Renault.",,"Perlla celebra aniversário com Leo Stronda, Luane, Gabi e Ana Paula. Ex-peões de A Fazenda 10 se reuniram para comemorar a chegada dos 30 anos da funkeira. A quarta-feira (28) foi de festa para Perlla. A funkeira e ex-peoa de A Fazenda 10 armou um festão para amigos e familiares para celebrar a chegada de seus 30 anos. Que foi realizada na casa de festas espaço z.

Entre os convidados estavam: Ex paquita Ana Paula Almeida, Mc Sabrina, Creu, Dj Felippe Sanches, Ex Bbb Patrícia Leitte e é claro a galera da Fazenda Leo Stronda, Luane , Gabi Prado e Ana Paula Renault. Todos dançaram até o chão, Ou melhor ” Tacaram fortao” com diz Perlla. A Festa rolou até as 04:30 da manhã. A aniversariante ganhou um beijo apaixonado do marido, o músico Cassio Castilhol

Compartilhe isso: Facebook

Twitter

Tumblr

Pinterest

WhatsApp

LinkedIn

",aniversário|perlla|celebra|gabi|um|ana|para|stronda|fazenda|luane|paula|com|da|leo
84_12-12-18_17_02.csv,revistastyllus,"Evelyn Montesano será uma das estrelas do clipe de “Mamacitas”, single do cantor Hrodricck.
Evelyn Montesano que foi convidada diretamente pelo cantor para participar da gravação foi do Rio de Janeiro para São Paulo exclusivamente para o trabalho.
“Foi uma honra ter sido convidada para estar no clipe que marca a estreia do Hrodricck como cantor.
O videoclipe de “Mamacitas” foi gravado em outubro no bar e arqueria Willi Willie e contou com produção musical de Gui Duran.
O videoclipe que marca a estreia de Hrodricck como cantor será lançado agora em dezembro.",,"Evelyn Montesano será uma das estrelas do clipe de “Mamacitas”, single do cantor Hrodricck. A atriz que já participou de novelas na Record TV e na Rede Globo vai aparecer pela primeira vez no videoclipe oficial de um artista. Evelyn Montesano que foi convidada diretamente pelo cantor para participar da gravação foi do Rio de Janeiro para São Paulo exclusivamente para o trabalho.

“Foi uma honra ter sido convidada para estar no clipe que marca a estreia do Hrodricck como cantor. Fiquei imensamente feliz com o convite!“, revelou a atriz que já conhecia o artista que agora estreia no meio musical através dos seus trabalhos anteriores como ator. O videoclipe de “Mamacitas” foi gravado em outubro no bar e arqueria Willi Willie e contou com produção musical de Gui Duran. A coreografia ficou sob o comando de Luiza Marinho que colocou todas as bailarinas para requebrarem no melhor estilo Pop Reggaeton. O videoclipe que marca a estreia de Hrodricck como cantor será lançado agora em dezembro.

Fotos: Rafael Souza, Jeferson Cavalcanti e Mika Ikeda/Estúdio Zare/Divulgação.

Compartilhe isso: Facebook

Twitter

Tumblr

Pinterest

WhatsApp

LinkedIn

",uma|estreia|musas|montesano|cantor|das|evelyn|em|que|para|será|foi|como|clipe|videoclipe|hrodricck
84_12-12-18_17_02.csv,revistastyllus,"Giovanna Antonelli mudou o cabelo e retornou com seu look iluminado com os fios compridos, loiros e ondulados!
Na última quinta-feira, 29, a atriz, que é musa de referência em estilo e personalidade, sempre muda seu visual após terminar um trabalho: “Adoro mudar sempre!
Mudo não só pela profissão de atriz, gosto muito de mudar sempre!
Me divirto comigo mesma e amo variar de estilos em todas as fases da minha vida”, conta Giovanna.
O responsável pela mudança é o hair stylist Anderson Couto, embaixador da Wella Professionals no Brasil, que usou produtos da marca para realizar a transformação.",,"Giovanna Antonelli mudou o cabelo e retornou com seu look iluminado com os fios compridos, loiros e ondulados! Na última quinta-feira, 29, a atriz, que é musa de referência em estilo e personalidade, sempre muda seu visual após terminar um trabalho: “Adoro mudar sempre! Sou uma mulher em movimento…rsrs. Mudo não só pela profissão de atriz, gosto muito de mudar sempre! Me divirto comigo mesma e amo variar de estilos em todas as fases da minha vida”, conta Giovanna.

O responsável pela mudança é o hair stylist Anderson Couto, embaixador da Wella Professionals no Brasil, que usou produtos da marca para realizar a transformação.

Siga a Wella Professional nas redes sociais:

Facebook: /WellaProfessionalsBrasil

Instagram: @WellaProBrasil

Youtube: /WellaProBrasil

Compartilhe isso: Facebook

Twitter

Tumblr

Pinterest

WhatsApp

LinkedIn

",giovanna|pela|sempre|os|iluminado|longos|é|em|que|ondulados|seu|wella|com|antonelli|mudar|da|cabelos|look
84_12-12-18_17_02.csv,revistastyllus,"Jojo Todynho é o nome escolhido para apresentar a festa dos 19 anos do TV FamaPara apresentar uma festa tão grandiosa e esperada, nada melhor que a cantora que, só no ano de 2018, foi Musa do Baile Vogue, homenageada no Miss e Mister Brasil, além de ter sido um dos nomes mais convidados para programas de TV, shows e eventos.
Jojo Todynho, que já está em São Paulo, foi convidada por Lisa Gomes, repórter do programa e organizadora da festa, para ser a apresentadora da comemoração aos 19 anos do Programa TV Fama, que acontece nesta quinta-feira (13), na Casa Fernandes, conceituado espaço de eventos no Tatuapé.
A lista de confirmados ainda é um segredo, mas a organização promete muito glamour, convidados renomados e um serviço gastronômico impecável.
Uma novidade para este ano, é a transmissão, ao vivo, via link de internet, onde quem estiver em casa poderá acompanhar toda a festa.
Lisa Gomes afirma que existe a possibilidade de mais duas mulheres famosas formarem um trio com Jojo na apresentação e condução do evento, mas que aí, já é surpresa.",Renato Cipriano,"Jojo Todynho é o nome escolhido para apresentar a festa dos 19 anos do TV Fama

Para apresentar uma festa tão grandiosa e esperada, nada melhor que a cantora que, só no ano de 2018, foi Musa do Baile Vogue, homenageada no Miss e Mister Brasil, além de ter sido um dos nomes mais convidados para programas de TV, shows e eventos.

Jojo Todynho, que já está em São Paulo, foi convidada por Lisa Gomes, repórter do programa e organizadora da festa, para ser a apresentadora da comemoração aos 19 anos do Programa TV Fama, que acontece nesta quinta-feira (13), na Casa Fernandes, conceituado espaço de eventos no Tatuapé.

A lista de confirmados ainda é um segredo, mas a organização promete muito glamour, convidados renomados e um serviço gastronômico impecável.

Uma novidade para este ano, é a transmissão, ao vivo, via link de internet, onde quem estiver em casa poderá acompanhar toda a festa.

Lisa Gomes afirma que existe a possibilidade de mais duas mulheres famosas formarem um trio com Jojo na apresentação e condução do evento, mas que aí, já é surpresa.



Realmente, a festa do TV Fama deste ano, promete!

Compartilhe isso: Facebook

Twitter

Tumblr

Pinterest

WhatsApp

LinkedIn

",fama|todynho|jojo|ano|mas|é|festa|tv|escolhido|dos|um|que|para|nome|programa
84_12-12-18_17_02.csv,revistastyllus,"A noite de premiação da Salvador Restaurant Week fechou com chave de ouro a 13ª edição do festival.
A apresentadora Camila Marinho, a culinarista Elíbia Portela, a radialista Dina Rachid e a promoter Lícia Fabio e a produtora Helaine Schindler foram as apresentadoras da celebração.
Com um refinado e saboroso coquetel montado no charmoso Espaço Gourmet do Salvador Shopping, foi realizada, ontem à noite, a premiação dos vencedores das duas edições da Salvador Restaurant Week Brasil de 2018.
A festa, realizada no país pelo Brasil Restaurant Week, cujo CEO é Fernando Reis Jr., foi um sucesso e reuniu a imprensa baiana, blogueiros, formadores de opinião, influenciadores digitais, chefs e representantes de todos os restaurantes participantes.
Até lá com mais surpresas!Fotos de Tati Freitas , Juci RibeiroCompartilhe isso: FacebookTwitterTumblrPinterestWhatsAppLinkedIn",,"A noite de premiação da Salvador Restaurant Week fechou com chave de ouro a 13ª edição do festival. A apresentadora Camila Marinho, a culinarista Elíbia Portela, a radialista Dina Rachid e a promoter Lícia Fabio e a produtora Helaine Schindler foram as apresentadoras da celebração. Com um refinado e saboroso coquetel montado no charmoso Espaço Gourmet do Salvador Shopping, foi realizada, ontem à noite, a premiação dos vencedores das duas edições da Salvador Restaurant Week Brasil de 2018. A entrega dos troféus foi feita em grande estilo e as apresentadoras de peso da ocasião foram a jornalista da TV Bahia, Camila Marinho, a culinarista e apresentadora de TV Band, Elíbia Portela, a radialista Dina Rachid, a promoter Lícia Fabio, produtora do evento na Bahia, e a produtora Helaine Schindler.

Os grandes premiados foram: Du Chef como o Melhor Restaurante; Confraria das Ostras como o Melhor Menu Week; Danilo Fernandes, do restaurante Al Mare, recebeu o prêmio de Chef Destaque; Casa Di Vina foi escolhido como o empreendimento que ofereceu o Melhor Atendimento e o Barbacoa levou o troféu de Melhor Custo/Benefício. O Restaurante Revelação foi o Paris6. O Destaque nas Redes Sociais foi o Bargaço e o Campeão de Doações para o Instituto dos Cegos da Bahia, entidade beneficente contemplada com a ação social do festival, foi o Al Mare.

A festa, realizada no país pelo Brasil Restaurant Week, cujo CEO é Fernando Reis Jr., foi um sucesso e reuniu a imprensa baiana, blogueiros, formadores de opinião, influenciadores digitais, chefs e representantes de todos os restaurantes participantes. A 14ª edição esta prevista para acontecer em abril de 2019. Até lá com mais surpresas!Fotos de Tati Freitas , Juci Ribeiro

Compartilhe isso: Facebook

Twitter

Tumblr

Pinterest

WhatsApp

LinkedIn

",produtora|restaurant|premiação|salvador|ouro|fechou|restaurante|week|foi|com|foram|festival|noite|da|edição|melhor
84_12-12-18_17_02.csv,revistastyllus,"No final do mês de Setembro aconteceu a grande festa de Niver da Banda Art & Vozz que completou 23 Anos.
A Festa que recebeu o nome de “Festa Retrô” contou com presença de um grande público.
O evento aconteceu na Fina Festa e ainda contou com a participação dos DJ’S Carinhas de Anjo.
Um click com Jocelys Britto que promete grandes novidades para a galera que frequenta as noites em Marataízes.
Carlos Alexandre Saltori Assis e Luis Henrique Colombini inaugurarão a Noivo.com, que é sem dúvida, a evolução da moda masculina em Cachoeiro e Região.",,"Ceysa proprietária do Salão Maybelline acompanhada da modelo Fabiana.

No final do mês de Setembro aconteceu a grande festa de Niver da Banda Art & Vozz que completou 23 Anos. A Festa que recebeu o nome de “Festa Retrô” contou com presença de um grande público. O evento aconteceu na Fina Festa e ainda contou com a participação dos DJ’S Carinhas de Anjo.

O grupo de ciclistas femininas “Princesas do Pedal” marcando presença no Giro pela vida!

Um registro do, realizado porna cidade de Marataízes- ES.

Um click com Jocelys Britto que promete grandes novidades para a galera que frequenta as noites em Marataízes.

Vinícius Ribeiro, empresário e proprietário da empresa Abençoados Alimentos esteve recentemente conhecendo os estúdios do MAIS VOCÊ da apresentadora Ana Maria Braga e promete muitas novidades para o próximo ano em sua empresa. Vinícius é uma das grandes promessas no ramo do empreendedorismo no Espírito Santo.

Carlos Alexandre Saltori Assis e Luis Henrique Colombini inaugurarão a Noivo.com, que é sem dúvida, a evolução da moda masculina em Cachoeiro e Região. Sucesso!

Compartilhe isso: Facebook

Twitter

Tumblr

Pinterest

WhatsApp

LinkedIn

",novidades|styllus|magalhães|presença|festa|é|em|por|que|para|social|com|da|promete|césar
84_12-12-18_17_02.csv,revistastyllus,"Viagem fotográfica pelo Principado de Mônaco dos anos 1950.
Mônaco é um lugar sofisticado e conhecido pela agenda de eventos recheada durante o ano todo.
Tais características também marcaram presença no principado dos anos 1950.
O país recebia celebridades e viajantes internacionais que participavam de seus bailes e jantares de gala, competições e desfiles.
Abaixo, uma viagem fotográfica por uma Mônaco charmosa e agitada na metade do século XX, mostrando as diferenças e semelhanças com os dias atuais.",,"Viagem fotográfica pelo Principado de Mônaco dos anos 1950. Mônaco é um lugar sofisticado e conhecido pela agenda de eventos recheada durante o ano todo. Tais características também marcaram presença no principado dos anos 1950. O país recebia celebridades e viajantes internacionais que participavam de seus bailes e jantares de gala, competições e desfiles. Abaixo, uma viagem fotográfica por uma Mônaco charmosa e agitada na metade do século XX, mostrando as diferenças e semelhanças com os dias atuais.

Fotos: MONTE-CARLO Société des Bains de Mer

Compartilhe isso: Facebook

Twitter

Tumblr

Pinterest

WhatsApp

LinkedIn

",uma|styllus|fotográfica|magalhães|xx|é|dos|por|mônaco|anos|social|viagem|principado|1950|com|césar
84_12-12-18_17_02.csv,revistastyllus,"Além da presença da própria Marina, o evento ainda contou com um talk em parceria com a plataforma de conteúdo Steal The Look.
Se tudo isso te faz pensar em um destino tranquilo, pense de novo.
Os fins de semana da Madeira têm muito agito a oferecer, e nem estamos falando das inúmeras aventuras que se pode viver por lá durante o dia.
Trata-se de um novo estilo, uma opção de alguns para uma vida mais leve, porém sem abrir mão do sabor.
E, a partir de agora, essas pessoas não precisarão mais se privar dos prazeres de degustar um bom drink.",,"MARINA RUY BARBOSA

Colcci lança segunda coleção assinada por Marina Ruy Barbosa em evento no Rio de Janeiro

Ontem, dia 4 de setembro, a marca Colcci lançou a segunda coleção assinada por Marina Ruy Barbosa, que traz como inspiração o lifestyle e o dia a dia da atriz, na loja da marca, no Barra Shopping, no Rio de Janeiro. As peças remetem ao estilo cool e fresh de Marina e são vistas em tecidos e shapes leves – uma coleção para ser usada durante as férias e em momentos de total relax. Além da presença da própria Marina, o evento ainda contou com um talk em parceria com a plataforma de conteúdo Steal The Look.

Fotos: Bruno Ryfer.

ILHA DA MADEIRA EM PORTUGAL

Vida noturna animada na Ilha da Madeira em Portugal

Visto como tranquilo, destino também oferece intensa programação para quem quer curtir a noite. A Ilha da Madeira é um verdadeiro refúgio em meio ao Oceano Atlântico. Esse destino português é famoso principalmente por suas paisagens de tirar o fôlego, que vão desde mar de água cristalina de um azul incrível até florestas, grutas, montanhas e piscinas naturais, além de uma gastronomia inesquecível e vinhos deliciosos. Se tudo isso te faz pensar em um destino tranquilo, pense de novo. Os fins de semana da Madeira têm muito agito a oferecer, e nem estamos falando das inúmeras aventuras que se pode viver por lá durante o dia.

Para ter uma noite bem diferente das que se tem no Brasil, basta ir até o Cassino da Ilha e tentar a sorte no jogo. Para curtir como um madeirense, vale a pena ir aos bares e baladas de Funchal. O Moynihan’s e o Hole in One, por exemplo, são pubs irlandeses que garantem muita cerveja; perto deste último, o TRAP Music Bar tem DJ e música ao vivo, além de um bar no terraço; por sua vez, o Mini Eco Bar é cosmopolita e sofisticado, investindo em bons DJs a cada noite, e a Living Room é dedicada à música eletrônica.

Na Zona Velha da cidade, onde se pode apreciar o fascinante projeto das Portas Pintadas, está o Vintage, tão divertido que chega a ser concorrido, e a Venda Velha, lugar certo para provar a tradicional poncha, drink feito com aguardente, mel e limão. Não muito longe dali está o Barreirinha Bar Café, spot perfeito para ver o pôr do sol e continuar noite adentro.

Na área do porto de Funchal também estão alguns ótimos locais, como o Marginal, um pequeno bar com música alternativa onde se pode dançar muito, o Jam, onde tocam todos os hits, e o Vespas, que atrai muita gente jovem por ser a mais famosa balada do destino.

Serviço:

Casino da Madeira (Av. do Infante, 9004-513 – Funchal)

Moynihan’s Irish Bar (R. Imperatriz D. Amelia, 101 – Funchal)

Hole in One (Estrada Monumental, 238 A – Funchal)

Mini Eco Bar (R. da Alfândega, 3 – Funchal)

Living Room (Travessa dos Varadouros, 4 – Funchal)

Marginal (Av. Sá Carneiro, 3 – Funchal)

Vespas (Av. Sá Carneiro, 7 – Funchal)

DRINK

Vodka Stolichnaya Glúten Free

As dietas livres de glúten têm sido adotadas em todo o mundo. Trata-se de um novo estilo, uma opção de alguns para uma vida mais leve, porém sem abrir mão do sabor. E, a partir de agora, essas pessoas não precisarão mais se privar dos prazeres de degustar um bom drink. Stolichnaya, reconhecida mundialmente por suas vodkas de altíssima qualidade, inova mais uma vez ao produzir a versão da bebida Stoli Glúten Free, a única certificada no mercado e que é feita a partir de um blend de milho e trigo sarraceno, ingredientes naturalmente sem glúten.

Produção artesanal: Produzida com o melhor milho e trigo sarraceno, matérias-primas naturalmente sem glúten, cultivadas em Tambov (Rússia), região conhecida por seu solo fértil, Stoli Glúten Free é destilada apenas três vezes – processo que preserva seu caráter, porém sem diminuir a sua suavidade. Misturada com água de poço artesiano, é filtrada em quatro etapas, o que garante suavidade insuperável a bebida. Stolichnaya se destaca por ter um dos processos de produção mais artesanais e controlados em sua categoria: da seleção dos grãos até o engarrafamento, é a única marca que possui o selo 100% glúten free, livre de contaminação cruzada.

A fase final de produção acontece em Riga, capital da Letônia, na histórica destilaria de Latvijas Balsams, um dos principais produtores de bebidas alcoólicas nos países bálticos e com uma história rica em tradição desde 1900.

KAWASAKI NINJA 400

A evolução não para.

Inspirada em conquitas nas pistas e no que há de melhor na Família Ninja, novo modelo se destaca pela relação peso x potência, já que ficou 8 kg mais leve e 9 cv mais potent A moto esportiva estará disponível na rede de concessionárias a partir da segunda quinzena de setembro com Preço Público Sugerido de R$ 23.990.

À PROCURA DE NOVOS TALENTOS ARTÍSTICOS

Empresário que lançou Ana Paula Arosio ao estrelato busca novos talentos em SP

São 30 anos de mercado e grandes nomes apresentados ao mundo da moda. Quando se fala de Lúcio De Nigris, empresa que descobre e orienta novos talentos, basta apresentar alguns nomes que levam sua assinatura de agenciamento, como Ana Paula Ambrosio, Raquel Zimmerman, Fernanda Motta, Izabel Goulart e Luciana Vendramini. Isso só para citar algumas, uma vez que são mais de cinco mil modelos preparados e encaminhados. A experiência e a credibilidade do nome que está por trás desta engrenagem, o empresário Lúcio De Nigris. Sua trajetória de sucesso começa em 1988, nasceu em São Paulo.

“Os profissionais que se aventuram pelo mercado da moda iniciam suas carreiras ainda muito cedo. Devido a isso, ter o apoio dos pais e a orientação de uma empresa capacitada e de credibilidade contribui muito para o sucesso.” Com o Lúcio De Nigris não só o jovem será orientado, mas, os pais participam de todo o processo”, explica o caça talentos que hoje aplica uma consultoria individual a cada talento.

O caminho para ter essa consultoria pelo Lúcio De Nigris funciona em etapas, a primeira sendo uma entrevista para conhecer o potencial do talento e seguindo para o Meeting para se inscrever.

FITNESS

Atriz do Zorra Total Clariane Caxito faz ensaio e sensualiza com lingeries no Rio

Atriz do Zorra Total paga multa para assinar com A Fazenda e esta dada como certa no Reality com dieta e muita malhação para ‘crescer’ e aparecer em A Fazenda 10 na Record”. Com 107cm de quadril, 60 de cintura, 88cm de busto e 1,70 m de altura, a morena conta que inclusive gosta mais de seu corpo atual. “Me sinto bem mais mulherão hoje, não só pelo corpo mas também pela cabeça”, diz ela, que treina de cinco a seis vezes por semana.

“Meus treinos de musculação são bem intensos e pelo menos duas vezes por semana eu tento fazer aeróbico pela manhã em jejum. Minha dieta é feita de pouquíssimo carboidrato, minha suplementação é bem forte e balanceada, mas eu vou sentindo pelo espelho, quando eu me vejo mais cheinha eu diminuo ainda mais o carboidrato e aumento mais a intensidade do aeróbico e quando sinto necessidade de ganhar um pouquinho mais de massa muscular eu aumento o carboidrato”, diz ela, que já fez1 cirurgias plástica. “Eu tenho prótese de silicone nos seios. Mas a parte preferida do seu corpo Clariane não definiu na academia. “Ah, eu amo meu bumbum, pois são naturais e sem aplicacao de nenhum produto.

Foto: BDR/Divulgacao

Compartilhe isso: Facebook

Twitter

Tumblr

Pinterest

WhatsApp

LinkedIn

",uma|styllus|magalhães|um|em|por|que|para|social|com|da|se|mais|césar
84_12-12-18_17_02.csv,revistastyllus,"Nos últimos três meses, desde que estampou a revista Sexy, a modelo Jéssica Cristy investiu na malhação e na alimentação orgânica para perder gordura e ganhar massa magra.
É claro que a loira também não deixou de fazer os milagrosos procedimentos estéticos como drenagem e massagem modeladora.
O resultado é uma barriga chapada, bem definida e pernas ainda mais torneadas.
Estou com 12% de gordura corporal, isso pra mim é uma conquista e tanto porque me dedico demais nos treinos.
Estou sempre em movimento, esse é o segredo da boa forma”, diz.",,"Nos últimos três meses, desde que estampou a revista Sexy, a modelo Jéssica Cristy investiu na malhação e na alimentação orgânica para perder gordura e ganhar massa magra. É claro que a loira também não deixou de fazer os milagrosos procedimentos estéticos como drenagem e massagem modeladora. O resultado é uma barriga chapada, bem definida e pernas ainda mais torneadas. Todo o sacrifício tem uma explicação. Jéssica vai representar o estado do Espírito Santo no concurso Musa do Brasil 2018. “Quero chegar na final, em dezembro, com o shape assim… impecável! Estou com 12% de gordura corporal, isso pra mim é uma conquista e tanto porque me dedico demais nos treinos. Estou sempre em movimento, esse é o segredo da boa forma”, diz. Posando na praia de biquíni fio dental, a loira exibiu as novas curvas em poses pra lá de sensuais e contou que rolou assédio durante o ensaio. “Tinha muita gente na praia no dia das fotos, e claro que os homens se aproximavam. Sempre rola aquele fiu-fiu ou pedido de foto. Alguns são mais atiradinhos, mas lido bem com tudo isso, sou sempre simpática e procuro colocar limites”, conta. Não poderia ser diferente, a bela realmente chama a atenção, inclusive da mulherada, que quer saber o segredo do corpão, e nas redes sociais de Jéssica mandam longos desabafos dos riscos que correram e correm para chegar lá. “Confesso que já fiz algumas plásticas, mas hoje estou bem mais tranquila. Já pensei até em tirar costela para afinar a cintura, mas fiquei com medo e desisti”.

Fotos: Daniel Céspedes / M2 Mídia

Compartilhe isso: Facebook

Twitter

Tumblr

Pinterest

WhatsApp

LinkedIn

",chega|mas|é|que|sexy|corporal|posa|jéssica|uma|sempre|em|santo|para|com|musa|gordura|espírito|cristy|mais
84_12-12-18_17_02.csv,revistastyllus,"Blenda Ohanna , primeira selecionada para disputar o Musa do MMA 2018Blenda Ohanna, primeira selecionada para disputar o Musa do MMA 2018.
Em sua terceira edição , o Musa do MMA já revelou beldades do nosso Brasil , este ano não poderia ser diferente .
Diversas candidatas estão sendo analisadas para compor o time de 10 beldades para disputa do título de 2018 .
Blenda Ohanna ,carioca ,modelo fotográficaEstuda: Sim, estou quase me formando em interpretação teatral e tv na escola de atores Wolf Maya.
Comida Preferida: Meu vicio ultimamente está sendo pizza sem queijo, rs ( pois não como derivados do leite)Lazer: Vou para o teatro e shopping (amo), amo viajar !",,"Blenda Ohanna , primeira selecionada para disputar o Musa do MMA 2018

Blenda Ohanna, primeira selecionada para disputar o Musa do MMA 2018. Em sua terceira edição , o Musa do MMA já revelou beldades do nosso Brasil , este ano não poderia ser diferente . Diversas candidatas estão sendo analisadas para compor o time de 10 beldades para disputa do título de 2018 . Abaixo vamos conhecer umas das selecionadas .

Blenda Ohanna ,carioca ,modelo fotográfica

Estuda: Sim, estou quase me formando em interpretação teatral e tv na escola de atores Wolf Maya.

Comida Preferida: Meu vicio ultimamente está sendo pizza sem queijo, rs ( pois não como derivados do leite)

Lazer: Vou para o teatro e shopping (amo), amo viajar !

Esportes: Musculação

Doces: Só gosto de bolo de cenoura

Filmes: Closer

Sonhos: me realizar na minha profissão e trabalhar pelo mundo.

Modela desde: Iniciei com 16 anos, mas profissionalmente com 18 anos.

Realizei um sonho que era conhecer Fernando de Noronha e agora não quero mais outra vida, fui 3 vezes seguidas das minhas viagens.

Foto: Marcos Mello / Divulgação

Compartilhe isso: Facebook

Twitter

Tumblr

Pinterest

WhatsApp

LinkedIn

",selecionada|musa|mma|2018|disputar|ohanna|blenda|em|para|sendo|não|primeira
84_12-12-18_17_02.csv,revistastyllus,"Luciane Hoerpes posa sensual com as cores da seleção brasileira.
A Miss Plásticas afirma que a Copa do Mundo, ainda que não resolva nossos problemas de corrupção, é um momento para sorrir.
Dona de um corpo escultural, Luciane Hoerpers usou um maiô azul e um verde cavados para homenagear a seleção brasileira, que disputa o Mundial na Rússia.
Luh resolveu falar sobre os brasileiros que não torcem para o Brasil na Copa do Mundo por causa de todos os problemas do país.
“O brasileiro está perdendo a fé no nosso país, mas a copa é um motivo para nos unirmos em confraternização.",,"Luciane Hoerpes posa sensual com as cores da seleção brasileira. A Miss Plásticas afirma que a Copa do Mundo, ainda que não resolva nossos problemas de corrupção, é um momento para sorrir. Dona de um corpo escultural, Luciane Hoerpers usou um maiô azul e um verde cavados para homenagear a seleção brasileira, que disputa o Mundial na Rússia. No ensaio sensual, a loira esbanja boa forma. Luh resolveu falar sobre os brasileiros que não torcem para o Brasil na Copa do Mundo por causa de todos os problemas do país. “O brasileiro está perdendo a fé no nosso país, mas a copa é um motivo para nos unirmos em confraternização. Sorrir mesmo que o futebol não resolva nossos problemas de corrupção. Mas que seja uma forma de união em fé para conquistar o Hexa e quem sabe voltar a acreditar no Brasil”, afirma a loira.

Fotos: Vhassessoria



Compartilhe isso: Facebook

Twitter

Tumblr

Pinterest

WhatsApp

LinkedIn

",cores|copa|sensual|problemas|um|brasileira|é|seleção|que|para|sorrir|luciane|posa|com|da|não|hoerpes
84_12-12-18_17_02.csv,revistastyllus,"Angel Silva a Mineirinha dos Sonhos A modelo Angel Silva totalmente natural e perfeitinha , aos 26 anos ,a mineira não se cansa de correr atras de seus sonhos , a bela que trabalha desde seus 6 aninhos , sempre correu atrás de uma vida melhor para ajudar seus familiares.
Sempre acreditando no impossível , Angel Silva quer se tornar uma Digital Influencer de sucesso .
Focada em cuidar da sua saúde , corpo e mente a bela ama comida mineira , ser fotografada .andar de skate e praticar dança .
Em sua viagem ao Rio de Janeiro a bela teve a oportunidade de ser clicada pelo fotografo premiado Marcos Mello .
Angel tem uma beleza simples e meiga , corpo invejável sem silicone e qualquer tipo de operação .",,"Angel Silva a Mineirinha dos Sonhos A modelo Angel Silva totalmente natural e perfeitinha , aos 26 anos ,a mineira não se cansa de correr atras de seus sonhos , a bela que trabalha desde seus 6 aninhos , sempre correu atrás de uma vida melhor para ajudar seus familiares. Sempre acreditando no impossível , Angel Silva quer se tornar uma Digital Influencer de sucesso .

Focada em cuidar da sua saúde , corpo e mente a bela ama comida mineira , ser fotografada .andar de skate e praticar dança . Em sua viagem ao Rio de Janeiro a bela teve a oportunidade de ser clicada pelo fotografo premiado Marcos Mello .

_ Estamos perdendo mulheres naturais , isso é raro !! Angel tem uma beleza simples e meiga , corpo invejável sem silicone e qualquer tipo de operação . Comenta Marcos.

Fotos: Marcos Mello / Divulgação Make up: Thayna Brito lingerie: Greise Kelly Jeans: Acr Fashion Body: Mma Girl

Compartilhe isso: Facebook

Twitter

Tumblr

Pinterest

WhatsApp

LinkedIn

",uma|bela|sempre|beladodia|sonhos|sua|é|dos|ser|angel|seus|mineirinha|silva|nossa|se
84_12-12-18_17_02.csv,revistastyllus,"Livro de Fabi Santina está entre os livros mais vendidos no país.
O livro da Youtuber está na lista dos mais vendidos no País.
O livro de Fabi, já esteve nas posições 8º, 7º, 10º e 14º entres os 20 livros mais vendidos.
Estou muito feliz em compartilhar as minhas experiências, além de falar sobre amor próprio, que é o mais importante!”, conclui Fabi Santina.
Saraiva: www.saraiva.com.br/voce-acredita-mesmo-em-amor-a-primeira-vista-10300485.htmlSobre Fabi SantinaFabiana Santina é youtuber e comanda o blog e canal Fabi Santina.",,"Livro de Fabi Santina está entre os livros mais vendidos no país. O livro da Youtuber está na lista dos mais vendidos no País. A Youtuber e Influencer Fabi Santina que considera-se “escritora de primeira viagem”, tem seu primeiro livro “Você acredita mesmo em amor à primeira vista?”, na lista dos livros mais vendidos da categoria Infanto Juvenil no País, nas últimas quatro semanas consecutivas. O livro de Fabi, já esteve nas posições 8º, 7º, 10º e 14º entres os 20 livros mais vendidos. O sucesso do livro de Fabi pode ser explicado pelo fato de contar a história de seu romance com Leandro Munhós e também falar sobre amor próprio, aquele que todos devem ter acima de tudo e antes de amar outra pessoa, segundo a influencer. “Esse livro é a concretização de um sonho! Estou muito feliz em compartilhar as minhas experiências, além de falar sobre amor próprio, que é o mais importante!”, conclui Fabi Santina.

O livro já está disponível em sites de vendas como a Saraiva e Amazon e também coleciona grandes posições de vendas e já foi considerado o livro mais vendido nas últimas 24 horas.

Saraiva: www.saraiva.com.br/voce-acredita-mesmo-em-amor-a-primeira-vista-10300485.html

Sobre Fabi Santina

Fabiana Santina é youtuber e comanda o blog e canal Fabi Santina. Seu canal fala sobre diversos assuntos como viagens, estilo de vida, moda, maquiagem e vida saudável.

Compartilhe isso: Facebook

Twitter

Tumblr

Pinterest

WhatsApp

LinkedIn

",país|entre|mais|youtuber|os|é|está|santina|que|seu|livros|fabi|livro|sobre|vendidos
84_12-12-18_17_03.csv,revistastyllus,"Poeta Mel Duarte lança livro de poemas traduzido para o espanhol em Madrid.
Esta não é a primeira vez que Mel Duarte representa o Brasil internacionalmente.
Em 2017, foi convidada para p Festival de Literatura Luso-Afro-Brasileira (Festilab Taag), promovido pelo Centro Cultural Brasil-Angola, em Angola.
Sobre Mel DuarteMel Duarte tem 29 anos, é poeta, slammer e produtora cultural formada em comunicação social- RTV.
Em 2017 lançou o audiolivro do “Negra Nua Crua” em parceria com a editora Tocalivros.",,"Poeta Mel Duarte lança livro de poemas traduzido para o espanhol em Madrid. Obra “Negra Nua Crua” será lançada na capital da Espanha no próximo dia 17 com a presença da autora.

No próximo dia 17 de outubro às 19h30, a poeta Mel Duarte lança em Madrid a tradução espanhola do livro de poemas “Negra Nua Crua”, que na nova versão, pela Ediciones Ambulantes, leva o título de “Negra Desnuda Cruda”. O lançamento ocorre na Librería Mujeres & Compañia, com mediação da jornalista e escritora Carla Guimarães.

Este é o primeiro lançamento em outra língua da poeta brasileira, que nos últimos anos tem se destacado no cenário brasileiro. “Estou muito animada com a possibilidade de internacionalizar minha literatura e publicá-la em outra língua, além de lança-la em outro país, como a Espanha”, destacou Mel Duarte.

O intermédio entre a editora espanhola e a autora foi feito pela editora brasileira, a Ijumaa, que lançou o livro em 2016. Conforme explica a tradutora e proprietária da Ediciones Ambulantes, Aline Pereira da Encarnação, a editora exista na Europa há 7 anos e é especializada em literatura brasileira e sobre o Brasil. “Aos poucos estamos conseguindo levar adiante muitos projetos que criamos com autoras, autores, obras, histórias, viagens, feiras, eventos, projetos em escolas, etc. Não falta interesse pelas temáticas tratadas nos nossos livros, autores e autoras”, comentou.

Esta não é a primeira vez que Mel Duarte representa o Brasil internacionalmente. Em 2017, foi convidada para p Festival de Literatura Luso-Afro-Brasileira (Festilab Taag), promovido pelo Centro Cultural Brasil-Angola, em Angola. Além disso, já foi campeã do Rio Poetry Slam, campeonato que reuniu 15 competidores de diferentes países do mundo no Rio de Janeiro, na Festa Literária das Periferias.

Sobre Mel Duarte

Mel Duarte tem 29 anos, é poeta, slammer e produtora cultural formada em comunicação social- RTV. Atua com literatura marginal/periférica e independente desde 2006 na cidade de São Paulo (Brasil) onde nasceu e vive. Faz parte do coletivo “Poetas Ambulantes” e é uma das organizadoras da batalha de poesias voltada para o gênero feminino “Slam das Minas- SP”. Em 2016 Mel foi destaque no sarau de abertura da FLIP (Feira Literária Internacional de Paraty) e foi a primeira mulher a vencer o Rio Poetry Slam (campeonato internacional de poesia) que acontece dentro da FLUPP (Feira Literária das Periferias) no Rio de Janeiro.Possui 2 livros publicados de forma independente “Fragmentos Dispersos” 2013 e “Negra Nua Crua” 2016 publicado pela editora Ijumaa. Em 2017 lançou o audiolivro do “Negra Nua Crua” em parceria com a editora Tocalivros. Mais informações www.melduartepoesia.com.br

Compartilhe isso: Facebook

Twitter

Tumblr

Pinterest

WhatsApp

LinkedIn

",traduzido|madrid|rio|mel|editora|é|lança|poemas|em|que|para|poeta|espanhol|livro|com|foi|da|negra
84_12-12-18_17_03.csv,revistastyllus,"O Evangelho de Coco Chanel é um cativante olhar sobre o estilo, a fama e o talento de um dos maiores ícones da moda.
Chanel: The Vocabulary of Style | Editora Yale University PressO livro Chanel: The Vocabulary of Style pode ser visto como uma espécie de bíblia do estilo que consagrou Coco Chanel.
Ao mesmo tempo em que se abre novamente para a vida, Gabrielle cria o Chanel N° 5, que se tornará o perfume mais famoso do mundo.
Com um estilo incomparável, era apaixonada pelo discreto charme do guarda-roupa masculino e inovou ao usar tecidos utilitários para fazer roupas chiques, jovens e casuais.
No livro Chanel – Collections and Creations a casa de moda abre alguns de seus arquivos exclusivos revelando projetos brilhantes desenhados por Coco Chanel a partir da década de 1920.",,"Chanel é um nome mundialmente conhecido tanto pela grife como pela grandiosa Gabrielle Chanel. Fundadora de uma marca atemporal e única estilista presente na lista das cem pessoas mais importantes da história do século XX da revista Time, Gabrielle já foi alvo de diversas homenagens, entre elas, muitas obras literárias. Veja abaixo, 5 livros essenciais para entender por completo quem foi Coco Chanel:

O Evangelho de Coco Chanel | Editora Seoman

Chanel não foi somente a mulher que criou e imortalizou o “pretinho básico”, também popularizou as calças femininas e roupas fáceis e práticas que deixavam as mulheres chiques e confortáveis. Com sua personalidade forte e decidida, elegante e passional, de um jeito totalmente francês, Coco conduziu as mulheres diretamente para uma nova era. O Evangelho de Coco Chanel é um cativante olhar sobre o estilo, a fama e o talento de um dos maiores ícones da moda. Dividindo a biografia de Chanel em capítulos temáticos – como elegância, paixão, dinheiro, sucesso – que sutilmente ensinam lições de vida, com comentários divertidos e maravilhosas ilustrações, Karen Karbo irá inspirar os leitores com uma história impressionante de reinvenção, confiança e determinação.

Chanel: The Vocabulary of Style | Editora Yale University Press

O livro Chanel: The Vocabulary of Style pode ser visto como uma espécie de bíblia do estilo que consagrou Coco Chanel. Escrito por Jérôme Gautier, a obra não deve ser vista como um livro para ser lido do início ao fim de uma única vez. A ideia é curtir as páginas e ter realmente momentos de prazer com uma das histórias mais incríveis de todos os tempos no universo da moda.

Mademoiselle Chanel-Editora Tordesilhas

Baseado em fatos reais, este romance narra um período fascinante e ainda misterioso da vida de Coco Chanel. E para o leitor entrar ainda mais no clima da história, a capa do livro traz uma deliciosa fragrância. Na efervescente Paris de 1919, no ápice de sua carreira, Gabrielle sofre um revés: seu amante morre num acidente. Muitos temem que ela não consiga mais produzir, mas Chanel se renova com um projeto que lhe devolve a vontade de viver: a criação de um perfume que sintetize uma fragrância misteriosa e moderna, a combinação de muitos elementos, o cheiro do amor. Em sua busca pelo aroma perfeito, ela se inspira no perfume de Catarina, a Grande, e conhece Dimitri Romanov, príncipe russo exilado na França. Ao mesmo tempo em que se abre novamente para a vida, Gabrielle cria o Chanel N° 5, que se tornará o perfume mais famoso do mundo.

A Era Chanel-Editora Cosac & Naify

Um dos maiores ícones da moda no século XX, Chanel (1883-1971) sempre se distinguiu por uma postura modernista e radicalmente inovadora. Em tempos de mulheres submissas, ela era a própria personificação da modernidade, relacionando-se intimamente com a vanguarda intelectual e artística de sua época. O sucesso de Chanel foi imenso: seu reinado sobre o mundo da alta-costura durou cerca de meio século. Entender o poder da imagem foi seu maior mérito. Com um estilo incomparável, era apaixonada pelo discreto charme do guarda-roupa masculino e inovou ao usar tecidos utilitários para fazer roupas chiques, jovens e casuais. Como mulher de negócios, provou ser igual ou superior aos homens. Porém, se a moda esteve no centro de toda sua vida, no amor era uma mulher vulnerável. Mais que um belo relato sobre uma vida e uma obra extraordinárias, este é um livro fascinante, que registra em cerca de quatrocentas fotografias, retratos e desenhos, a trajetória da maior personagem da moda de todos os tempos.

Chanel: Collections and Creations

Combinando de forma harmônica tradição, originalidade e estilo, a Chanel se consolidou com o passar dos anos em uma das marcas mais sedutoras da moda mundial. No livro Chanel – Collections and Creations a casa de moda abre alguns de seus arquivos exclusivos revelando projetos brilhantes desenhados por Coco Chanel a partir da década de 1920.

Compartilhe isso: Facebook

Twitter

Tumblr

Pinterest

WhatsApp

LinkedIn

",uma|os|um|coco|compreender|em|que|chanel|para|livros|com|da|se|mais
