Timestamp,Source,Summary,Authors,Text,Keywords
8_12-12-18_12_29.csv,hudsoncunha,"Mesmo com tentativas de adiamento, a reforma tributária (PEC 293/04) foi aprovada, nesta terça-feira (11), em comissão especial da Câmara dos Deputados.
ÁUDIO: Acesse esta matéria na versão para emissoras de rádioA reunião da comissão especial que trata da matéria estava marcada para às 13h.
Após a aprovação da matéria, Hauly afirmou que o relatório ainda pode ser alterado no plenário, mas é nacional e suprapartidário.
O parlamentar explicou, ainda, que o texto garante transparência e tempo para que as mudanças sejam graduais.
Se aprovado no plenário da Câmara, sem alterações, o projeto de lei segue para análise no Senado Federal.",Hudson Cunha,"Mesmo com tentativas de adiamento, a reforma tributária (PEC 293/04) foi aprovada, nesta terça-feira (11), em comissão especial da Câmara dos Deputados. O relatório, do deputado Luiz Carlos Hauly (PSDB-PR), segue agora para análise no plenário da Casa.

ÁUDIO: Acesse esta matéria na versão para emissoras de rádio

A reunião da comissão especial que trata da matéria estava marcada para às 13h. Mas a discussão e votação do texto foram adiadas para às 16h30 com início da ordem do dia no plenário.

Após a aprovação da matéria, Hauly afirmou que o relatório ainda pode ser alterado no plenário, mas é nacional e suprapartidário.

“Esse projeto de reforma tributária implementado vai transformar a economia brasileira. Vai fazer o Brasil crescer 3, 4% acima da média do crescimento histórico, pode-se chegar até 6, 7%. Perfeito não conseguimos fazê-lo, mas que com certeza ele é um projeto nacional, desenvolvimentista, suprapartidário, ele pertence a todos os 513 deputados dessa Casa, ele pertence a toda a sociedade”, defendeu Hauly. O parlamentar explicou, ainda, que o texto garante transparência e tempo para que as mudanças sejam graduais.

A proposta, aprovada por unanimidade, visa simplificar o sistema tributário brasileiro. O principal objetivo é substituir nove tributos federais, além do ICMS estadual e o ISS municipal, por um único imposto sobre valor agregado, chamado de Imposto sobre Operações com Bens e Serviços (IBS).

O IBS será de competência estadual, mas com uma única legislação federal. A mudança para o novo sistema se dará ao longo de seis anos. As alíquotas dos tributos atuais serão reduzidas anualmente em 20% enquanto os novos tributos sobem na mesma proporção.

Além da análise do texto, os parlamentares presentes votaram contra requerimentos e dois pedidos de adiamento da sessão. Eles defendem que todas as alterações apresentadas pelos partidos que tentaram obstruir a matéria foram acatadas e, por isso, não havia motivo para postergar a votação.

“Há ainda o espaço do plenário, depois do Senado, algum pequeno ajuste que ficou nesse último momento, tudo é possível de fazer modificações dentro da linha do entendimento de fazer o melhor. O que nós conversamos, o que nós decidimos, eu sempre honrar todos os compromissos. Então, hoje, a Câmara dos Deputados, este Congresso Nacional apresenta uma proposta completa, talvez a mais completa até hoje”, disse Hauly.

Se aprovado no plenário da Câmara, sem alterações, o projeto de lei segue para análise no Senado Federal. Mas, como previsto na Constituição Federal, a PEC só poderá entrar em vigor pelo Congresso quando acabar a intervenção no Rio de Janeiro e em Roraima, com previsão para 31 de dezembro deste ano.",comissão|câmara|mas|é|reforma|os|especial|matéria|em|que|para|obstrução|com|da|tributária|plenário|tentativas
8_12-12-18_12_29.csv,hudsoncunha,"Personalidades do DF e região metropolitana foram homenageadas com o Prêmio DESTAQUE ABBP 2018Cerca de 250 pessoas, dentre jornalistas, blogueiros e políticos marcaram presença na confraternização promovida pela Associação dos Blogueiros de Política do Distrito Federal e Entorno (ABBP), na noite desta segunda-feira (10).
Nesta edição, da tradicional comemoração, que aconteceu na Galeteria Potência do Sul, em Taguatinga, pela primeira vez, foi realizado o Prêmio DESTAQUE ABBP 2018, que condecorou personalidades políticas do Distrito Federal e Região Metropolitana.
O evento contou com a presença do deputado distrital eleito Jorge Viana, do secretário de cultura Adão Candido, indicado pelo governador eleito Ibaneis Rocha; do presidente da Associação dos Veículos de Comunicação Comunitária do DF e Entorno (ASVECOM), Edvaldo Brito; e do presidente da Associação Brasileira de Radiodifusão Comunitária (ABRACO), Divino Cândido.
Vale ressaltar que a premiação leva em consideração a realização dos relevantes serviços prestados em prol do segmento em benefício da população.
A seguir os vencedores do Prêmio Destaque ABBP em suas respectivas categorias:O governador eleito do Distrito Federal Ibaneis Rocha, que foi representado pelo seu vice Paco Britto; o governador eleito do Estado de Goiás Ronaldo Caiado, que foi representado pela jornalista Erica Lanuck; o prefeito de Águas Lindas de Goiás Hildo do Candango, que foi representado pelo secretário municipal de comunicação Marcos Paulo; o deputado distrital Rafael Prudente; a deputada federal Bia Kicis; a deputada federal Celina Leão; o suplente de deputado estadual Hernany Bueno; e o empresário Cleber Pires.",Hudson Cunha,"Personalidades do DF e região metropolitana foram homenageadas com o Prêmio DESTAQUE ABBP 2018

Cerca de 250 pessoas, dentre jornalistas, blogueiros e políticos marcaram presença na confraternização promovida pela Associação dos Blogueiros de Política do Distrito Federal e Entorno (ABBP), na noite desta segunda-feira (10).

Nesta edição, da tradicional comemoração, que aconteceu na Galeteria Potência do Sul, em Taguatinga, pela primeira vez, foi realizado o Prêmio DESTAQUE ABBP 2018, que condecorou personalidades políticas do Distrito Federal e Região Metropolitana.

O evento contou com a presença do deputado distrital eleito Jorge Viana, do secretário de cultura Adão Candido, indicado pelo governador eleito Ibaneis Rocha; do presidente da Associação dos Veículos de Comunicação Comunitária do DF e Entorno (ASVECOM), Edvaldo Brito; e do presidente da Associação Brasileira de Radiodifusão Comunitária (ABRACO), Divino Cândido.

Vale ressaltar que a premiação leva em consideração a realização dos relevantes serviços prestados em prol do segmento em benefício da população.

A seguir os vencedores do Prêmio Destaque ABBP em suas respectivas categorias:

O governador eleito do Distrito Federal Ibaneis Rocha, que foi representado pelo seu vice Paco Britto; o governador eleito do Estado de Goiás Ronaldo Caiado, que foi representado pela jornalista Erica Lanuck; o prefeito de Águas Lindas de Goiás Hildo do Candango, que foi representado pelo secretário municipal de comunicação Marcos Paulo; o deputado distrital Rafael Prudente; a deputada federal Bia Kicis; a deputada federal Celina Leão; o suplente de deputado estadual Hernany Bueno; e o empresário Cleber Pires.",abbp|federal|personalidades|confraternização|em|premiam|política|que|df|pelo|promovem|foi|eleito|prêmio|da|entorno|blogueiros|representado
8_12-12-18_12_29.csv,hudsoncunha,"O curso acontecerá no sábado(15), na Escola Parque 313/314 sul, em BrasíliaA diretora de inovação do portal BizMeet, Juliana Ribeiro ministrará a palestra: “Comunicação 4.0: como as novas tecnologias podem impulsionar a sua carreira ou negócios?”, no Curso de Comunicação Institucional e Novas Mídias.
A palestra é parte do curso que é uma realização da Associação dos Blogueiros de Política do Distrito Federal e Entorno (ABBP),Federação Nacional dos Comunicadores (FENACOM), Movimento dos Comunicadores do Brasil (MCB) e Inova Gestão.
Já ministrou em grandes congressos como Google I/O, Festival Latino Americano de Software Livre e também para sindicatos da região como SINPROEP e SESCON.
Além disso, recebeu inúmeras condecorações por sua comunicação inovadora e tecnológica, como o prêmio SINFOR DE TI.
SERVIÇOCurso de Comunicação Institucional e Novas MídiasData: 15 de dezembro de 2018.",Hudson Cunha,"O curso acontecerá no sábado(15), na Escola Parque 313/314 sul, em Brasília

A diretora de inovação do portal BizMeet, Juliana Ribeiro ministrará a palestra: “Comunicação 4.0: como as novas tecnologias podem impulsionar a sua carreira ou negócios?”, no Curso de Comunicação Institucional e Novas Mídias. A capacitação será realizada no próximo sábado (15), às 11h.

A palestra é parte do curso que é uma realização da Associação dos Blogueiros de Política do Distrito Federal e Entorno (ABBP),

Federação Nacional dos Comunicadores (FENACOM), Movimento dos Comunicadores do Brasil (MCB) e Inova Gestão.

SOBRE O CURSO

O curso tem por objetivo oferecer subsídios para implantação de assessoria de comunicação, estruturação de assessoria de imprensa e possibilitar o aprendizado teórico-prático acerca do funcionamento e da importância da assessoria no processo de comunicação atual.

Além da parte teórica, com apresentação de diversas ferramentas úteis que vão quebrar o pré-conceito na utilização de produtos de interação com os diversos públicos que a organização lida diariamente.

INSCRIÇÕES

Para participar, o aluno deve se inscrever por meio do link: http://bit.ly/2QrRJb2. É também necessário, doar 2kg de alimentos não perecíveis.

A PALESTRANTE

Juliana Ribeiro é diretora de inovação do portal BizMeet. Já ministrou em grandes congressos como Google I/O, Festival Latino Americano de Software Livre e também para sindicatos da região como SINPROEP e SESCON.

Além disso, recebeu inúmeras condecorações por sua comunicação inovadora e tecnológica, como o prêmio SINFOR DE TI.

SERVIÇO

Curso de Comunicação Institucional e Novas Mídias

Data: 15 de dezembro de 2018.

Horário: De 08h30 às 12h30 e de 14h às 18h00.

Valor: 2kg de alimento não perecível.

Local: Escola Parque 313/314 – Asa Sul – Brasília

Carga horária: 10h.

Informações: (61) 3054-0543 | 99807-2015",novas|curso|ribeiro|é|dos|que|por|institucional|mídias|será|palestrante|comunicação|como|às|da|juliana
8_12-12-18_12_29.csv,hudsoncunha,"Não adianta adotar várias estratégias se os resultados não puderem ser medidos.
Envolva toda a equipe na redução de custosPara facilitar e agilizar a redução de custos, é crucial envolver a equipe nessa tarefa.
Você pode ainda controlar o número de impressões desnecessárias e utilizar papel reciclado, que costuma ser mais barato que os comuns.
É imprescindível que a empresa tenha um bom relacionamento com eles e uma parceria com fidelidade, para que não falte os produtos que são necessários para os procedimentos do negócio.
Pergunte se é possível adotar outras formas de pagamento e se há a possibilidade de um parcelamento maior.",Hudson Cunha,"Uma das maiores preocupações das empresas atualmente é a redução de custos. Nesse sentido, torna-se fundamental buscar formas de atingir esse objetivo sem diminuir a qualidade dos produtos ou serviços oferecidos aos clientes.

Porém, é preciso fazê-lo com praticidade e um bom planejamento, sem mudar totalmente a rotina e os procedimentos da empresa, pois isso pode trazer algumas consequências negativas.

Neste texto, daremos 7 dicas para ajudar você a reduzir custos na empresa de forma prática. Confira!

1. Tenha um software de gestão

Uma boa maneira de reduzir custos na empresa é contar com um software de gestão para organizar e gerar relatórios de todas áreas, principalmente na contabilidade. Não adianta adotar várias estratégias se os resultados não puderem ser medidos.

É preciso que o software possa alinhar os procedimentos da companhia, assim como os objetivos, as metas e os resultados que devem ser alcançados. A partir disso, será possível verificar se as medidas tomadas para reduzir custos foram realmente eficazes.

Vale ressaltar que essa prática torna-se pertinente na medida em que fazer tudo isso manualmente demanda tempo e dinheiro, além de diminuir a produtividade da empresa, tendo em vista que empregados têm que se dedicar exclusivamente às atividades relacionadas.

2. Implemente a utilização de ferramentas estratégicas

Utilizar ferramentas estratégicas significa adotar procedimentos e softwares que automatizam alguns setores e tarefas, organizando o ambiente de trabalho e tornando a rotina da empresa mais eficiente e prática.

Envio de e-mails, elaboração de planilhas, gestão da contabilidade e parte financeira, gestão e análise de dados são alguns exemplos de áreas que as ferramentas podem melhorar e facilitar a vida na empresa.

Algumas podem ser encontradas de forma on-line, como o Google Drive, que permite criar documentos e armazená-los de forma eletrônica para que todos os responsáveis tenham acesso.

Para implementar essas ferramentas, a empresa deverá analisar as necessidades e o que pode ser melhorado, tornando a rotina mais prática e reduzindo custos com materiais, organização e mão de obra.

3. Envolva toda a equipe na redução de custos

Para facilitar e agilizar a redução de custos, é crucial envolver a equipe nessa tarefa. É preciso que todos entendam a situação e esforcem-se mutuamente para diminuir gastos e alavancar o crescimento empresarial.

Cada empregado conhece o seu setor e saberá com propriedade como seria possível reduzir custos e dar praticidade e produtividade para aquela área. Portanto, ouvir ideias e estratégias é essencial nessa hora.

Para fazer isso de maneira eficiente, é possível propor reuniões com os chefes de setores e empregados, oferecer treinamentos e palestras sobre esse assunto, entre outros. Também pode-se investir na capacitação da equipe, principalmente em relação à redução de gastos e à adequação de procedimentos mais práticos.

4. Analise pequenos custos

A rotina empresarial está relacionada a pequenos custos. Toda utilização de materiais e de tempo envolve gastos, mas é possível diminuir essas despesas com melhores práticas e maior conscientização de colaboradores e gestores.

Analise alguns gastos que parecem comuns e tente encontrar formas e evitá-los ou, pelo menos, reduzi-los. Por exemplo: se há um uso excessivo de copos de plástico, adote uma política de que cada funcionário deve utilizar canecas de vidro ou acrílico.

Também é possível trocar a iluminação por lâmpadas de LED, que resultam na diminuição da conta de energia no final do mês. Você pode ainda controlar o número de impressões desnecessárias e utilizar papel reciclado, que costuma ser mais barato que os comuns.

Enfim, é importante adotar práticas mais sustentáveis e adquirir produtos mais em conta para que haja uma redução de custos — apesar de parecer pequena no começo, com certeza, ela será significativa para os gastos empresariais.

5. Faça uma auditoria nas despesas

Como dito, em uma empresa, existem muitas despesas que fazem parte dos procedimentos adotados para a prestação dos serviços ou venda dos produtos. Enquanto algumas são indispensáveis, existem aquelas que trazem facilidades, mas não são obrigatórias.

É preciso fazer uma auditoria completa nessas despesas para saber o real custo-benefício de cada uma e o que pode ser cortado para reduzir custos sem prejudicar a produtividade e a qualidade do que o negócio oferece.

Comece pelas contas mensais: telefone, internet, TV a cabo, eletricidade e outros custos administrativos. Veja o que pode ser cortado ou diminuído, sem que isso interfira de forma negativa na rotina da empresa.

Observe também as taxas que estão sendo pagas, como quando há a utilização de cartão de crédito. Apesar de não ser indicado que essa forma de pagamento seja abolida, você pode tentar dar descontos para quem paga à vista, por exemplo.

6. Renegocie com fornecedores

Um dos maiores custos empresariais pode ser o pagamento de fornecedores. É imprescindível que a empresa tenha um bom relacionamento com eles e uma parceria com fidelidade, para que não falte os produtos que são necessários para os procedimentos do negócio.

Porém, se essa despesa está muito alta, é possível tentar renegociar as dívidas. Pergunte se é possível adotar outras formas de pagamento e se há a possibilidade de um parcelamento maior. Isso é importante para diluir os gastos e investir na empresa.

Também é relevante analisar se as compras realizadas e os serviços contratados são as melhores opções do mercado, em termos de valores e qualidade. Ser fiel a um fornecedor traz benefícios, mas se ele está cobrando um preço muito alto ou o prazo de entrega não é o ideal, talvez seja melhor buscar outras opções.

Crie uma rotina para a análise desses fornecedores, a fim de saber se o custo-benefício está adequado e se não há alternativas melhores no mercado. Isso ajuda na redução de custos e pode trazer ótimas parcerias.

7. Contrate uma consultoria jurídica

Uma ótima forma de reduzir custos na empresa é fazendo a contratação de uma consultoria jurídica especializada. Esse serviço traz várias vantagens e pode diminuir consideravelmente os gastos do negócio, principalmente na área tributária e trabalhista.

A consultoria jurídica garantirá que a empresa pague somente o que a lei determina, sem gastos adicionais. Além disso, é possível encontrar várias formas de diminuir as despesas com taxas, tributos e mesmo verbas trabalhistas, tudo isso sem infringir a legislação.

Conhecendo essas formas de redução de custos, fica mais fácil fazer um planejamento estratégico com esse objetivo. Lembre-se de sempre analisar o que já foi feito e se as metas foram atingidas, para determinar se é interessante continuar com essas ações.

Com informações de Galvão & Silva Advocacia.",uma|perder|ser|é|os|dicas|empresa|que|custos|para|redução|pode|você|com|se|não|práticas
8_12-12-18_12_29.csv,hudsoncunha,"“É uma imensa honra ter tanta gente boa por perto, acreditando em nosso potencial”.
Gustavo Barreto, da G. Corporation, não poupou elogios à iniciativa da Coderode.
É uma honra fazer parte do grupo de empresários clientes da Caderode”, disse.
Albert Guedes, da Hope Treinamentos e Consultoria, afirmou que o open night possibilitou à clientela “conhecer um pouco mais dessa gigante do segmento”.
Agradecemos imensamente a presença de cada um, afinal, são vocês que nos movem em busca da excelência”, encerrou Carlos Eduardo Teixeira, diretor da Caderode-DF.",Hudson Cunha,"Há mais de duas décadas atuando no ramo de mobiliário corporativo – aliando estilo à alta sofisticação tecnológica – a Caderode convidou amigos, clientes e potenciais clientes para celebrar, no final de novembro, o sucesso da empresa, que tem na inovação permanente sua marca principal.

Reconhecida pela sua especialidade em criar ambientes de trabalho que unem qualidade e conforto, com designs contemporâneos e inovadores, a Caderode abriu suas portas para que todos pudessem conhecer as novas tendências para mobiliários executivos. Tudo regado a música, comida e bebida. Carlos Eduardo Teixeira, diretor da Caderode no Distrito Federal, manifestou sua alegria pela presença dos clientes e amigos e afirmou que esta é a primeira de uma série de encontros que vão aproximar ainda mais a empresa de seus clientes. “É uma imensa honra ter tanta gente boa por perto, acreditando em nosso potencial”.

Gustavo Barreto, da G. Corporation, não poupou elogios à iniciativa da Coderode. “Foi algo maravilhoso para a rede de clientes conhecer os produtos, as lojas do Brasil 21, um evento requintado, com pessoas maravilhosas. É uma honra fazer parte do grupo de empresários clientes da Caderode”, disse.

Albert Guedes, da Hope Treinamentos e Consultoria, afirmou que o open night possibilitou à clientela “conhecer um pouco mais dessa gigante do segmento”. E acrescentou: “fui muito bem recebido, boa música, tudo muito requintado, com leveza. Espero participar de novos eventos”.

Silvia Bouvier, Executiva Comercial da Flix Mídia, também celebrou o sucesso da marca e destacou a importância do evento para fazer network. “Quero agradecer ao convite. Foi maravilhoso. A loja é maravilhosa, foi uma excelente oportunidade. Todo material de excelente referência”.

“Foi uma noite regada a apresentações e bate-papos, onde os convidados puderam conhecer mobiliários de alta performance, versáteis e elegantes. Que noite abrilhantadora todos vocês nos proporcionaram! Agradecemos imensamente a presença de cada um, afinal, são vocês que nos movem em busca da excelência”, encerrou Carlos Eduardo Teixeira, diretor da Caderode-DF.",uma|celebra|1º|à|é|night|open|conhecer|um|que|para|clientes|relacionamentos|caderode|da|resultados
8_12-12-18_12_29.csv,hudsoncunha,"O cantor que é autodidata frisa que o seu ídolo é o cantor Gusttavo LimaA vocação para cantar foi descoberta por Rycardo Sollto ainda criança.
Mas foi somente, em 2016, aos 18 anos, que o artista se sentiu preparado para iniciar as suas apresentações em bares e festas de Brasília.
Ele destaca que tem um carinho especial pela cidade que seus pais escolheram para viver.
“Tenho um amor incondicional por essa cidade que me acolheu como pessoa e agora como um artista,” frisa.
“O áudio oficial já está disponibilizado no meu canal, no Youtube.”Para saber mais sobre a agenda do cantor Rycardo Sollto, siga o artista nas redes sociais.",Hudson Cunha,"O cantor que é autodidata frisa que o seu ídolo é o cantor Gusttavo Lima

A vocação para cantar foi descoberta por Rycardo Sollto ainda criança. Mas foi somente, em 2016, aos 18 anos, que o artista se sentiu preparado para iniciar as suas apresentações em bares e festas de Brasília.

Este slideshow necessita de JavaScript.

O cantor sertanejo conta que a sua primeira apresentação aconteceu no evento Conecta IF, e logo a seguir participou de outra realização no Boteco Lendário, no projeto Lenda Music, no Núcleo Bandeirante.

Sollto nasceu em Combinado, Tocantins, e reside no Distrito Federal desde os 12 anos. Ele destaca que tem um carinho especial pela cidade que seus pais escolheram para viver. “Tenho um amor incondicional por essa cidade que me acolheu como pessoa e agora como um artista,” frisa.

Onde aprendeu a cantar e tocar?

Rycardo se intitula autodidata, pois aprendeu a tocar, compor e cantar sozinho.

Quem te inspira?

“Meu grande ídolo é o cantor Gusttavo Lima. Tenho ele como referência pela sua história de superação.”

Sobre as composições?

Destaco a música Eu Avisei. Esta minha composição foi inspirada numa das minhas vivências.

Novidades?

Em 2019, está previsto o lançamento do meu clipe, Perdão Amor. “O áudio oficial já está disponibilizado no meu canal, no Youtube.”

Para saber mais sobre a agenda do cantor Rycardo Sollto, siga o artista nas redes sociais.

Facebook: https://www.facebook.com/Rycardosollto/

Instagram: https://www.instagram.com/Rycardosolltooficial/",diz|cantor|é|que|cantar|um|tem|em|por|para|sertanejo|como|rycardo|amor|brasília|artista|incondicional|foi|sollto
