Timestamp,Source,Summary,Authors,Text,Keywords
94_12-12-18_17_36.csv,blogspot,"De tanto ver triunfar as nulidades, de tanto ver crescer as injustiças, de tanto ver agigantarem-se os poderes nas mãos dos maus, o homem chega a desanimar da virtude, a rir-se da honra, a ter vergonha de ser honesto.
Blog do Rio VermelhoEsse espaço tem o objetivo de discutir e divulgar o bairro.
O espaço também está aberto para divulgar informações relevantes e de interesse de toda a cidade, mas o foco principal é o bairro.
Observe o que está acontecendo, fique ligado e passe adiante o endereço do blog para amigos, parentes e aderentes.
Entre em contato com o Blog do Rio Vermelho por e-mail ou formulário.Acesse nosso Índice do Blog e saiba sobre nossa Política de Privacidade.",,"De tanto ver triunfar as nulidades, de tanto ver crescer as injustiças, de tanto ver agigantarem-se os poderes nas mãos dos maus, o homem chega a desanimar da virtude, a rir-se da honra, a ter vergonha de ser honesto.

Ruy Barbosa.

Blog do Rio Vermelho

Esse espaço tem o objetivo de discutir e divulgar o bairro. Contar as novidades, comentar os principais acontecimentos, passar dicas, mostrar os problemas e apontar soluções. Você pode sugerir matérias, mandar recados e encontrar amigos. É o exercício da vizinhança de forma virtual. O espaço também está aberto para divulgar informações relevantes e de interesse de toda a cidade, mas o foco principal é o bairro. Participe, mande notícias de sua rua, programação de teatro, shows, eventos, seminários e cursos. É grátis! Observe o que está acontecendo, fique ligado e passe adiante o endereço do blog para amigos, parentes e aderentes. O debate está aberto! Entre em contato com o Blog do Rio Vermelho por e-mail ou formulário.Acesse nosso Índice do Blog e saiba sobre nossa Política de Privacidade. Veja o queestão comentando. Confira as",rio|espaço|é|os|ver|está|para|vermelho|sobre|da|blog|tanto
94_12-12-18_17_36.csv,blogspot,,,,rio|índice|data|por|vermelho|blog
94_12-12-18_17_36.csv,blogspot,,,,precisa|rio|você|vermelho
94_12-12-18_17_36.csv,blogspot,"para residências e estabelecimentos comerciais.
A iniciativa é do Conselho Social e de Segurança do Rio Vermelho e Ondina com a finalidade de transformar o bairro no mais iluminado da cidade, ressaltando ainda mais a beleza do Rio Vermelho no período natalino.
Isso já é tradição em muitas localidades onde as casas decoradas se transforma em verdadeiras atrações turísticas.
Os responsáveis pelas faixadas vencedoras do concurso receberão prêmios oferecidos por estabelecimentos parceiros da promoção, entre eles os Hotéis Golden Tulip, Ibis, a Casa de Tereza e o Bar e Restaurante Parador Z1.
Uma comissão julgadora visitará os imóveis inscritos para definir os vencedores avaliando critérios como iluminação, criatividade, modernidade, o colorido e a temática natalina.",,"para residências e estabelecimentos comerciais. A iniciativa é do Conselho Social e de Segurança do Rio Vermelho e Ondina com a finalidade de transformar o bairro no mais iluminado da cidade, ressaltando ainda mais a beleza do Rio Vermelho no período natalino. Isso já é tradição em muitas localidades onde as casas decoradas se transforma em verdadeiras atrações turísticas. Os responsáveis pelas faixadas vencedoras do concurso receberão prêmios oferecidos por estabelecimentos parceiros da promoção, entre eles os Hotéis Golden Tulip, Ibis, a Casa de Tereza e o Bar e Restaurante Parador Z1. Uma comissão julgadora visitará os imóveis inscritos para definir os vencedores avaliando critérios como iluminação, criatividade, modernidade, o colorido e a temática natalina.



",estabelecimentos|rio|prorrogadas|mais|os|é|dezembro|em|para|inscrições|vermelho|até|da|luzes|natal|z1|concurso
94_12-12-18_17_36.csv,blogspot,,,,desfile|free|shop
94_12-12-18_17_36.csv,blogspot,"Intervenções – Com investimento de mais de R$ 26 milhões, as obras de requalificação em Ondina fazem parte do eixo Investe do programa Salvador 360.
As intervenções abrangem a extensão de 2,6 km entre a Praça Orungan (em Ondina) e o Sukiyaki (Rio Vermelho) e incluem a implantação de ciclovia, requalificação de praças, alargamento de passeio, implantação de iluminação em LED e de guarda-corpo.
O espaço se tornará mais seguro e confortável para pedestres e ciclistas, em continuidade ao conceito adotado pela Prefeitura nos outros trechos da orla da cidade.
A parte alta do calçadão da orla entre o IBR e as proximidades do Sukiyaki também passará por uma grande requalificação, que envolverá a implantação de ciclofaixa e guarda-corpo, proporcionando mais segurança aos transeuntes.
A requalificação do trecho Barra-Rio Vermelho vai contemplar intervenções de macro e microdrenagem, solucionando o problema da área com alagamentos em época de fortes chuvas.",,"

Intervenções – Com investimento de mais de R$ 26 milhões, as obras de requalificação em Ondina fazem parte do eixo Investe do programa Salvador 360. As intervenções abrangem a extensão de 2,6 km entre a Praça Orungan (em Ondina) e o Sukiyaki (Rio Vermelho) e incluem a implantação de ciclovia, requalificação de praças, alargamento de passeio, implantação de iluminação em LED e de guarda-corpo.



Todo o canteiro central que separa as avenidas Presidente Vargas e Oceânica também será requalificado. O espaço se tornará mais seguro e confortável para pedestres e ciclistas, em continuidade ao conceito adotado pela Prefeitura nos outros trechos da orla da cidade.



Além disso, as praças do Instituto Bahiano de Reabilitação (Baía Sol), de Nossa Senhora de Fátima, Luis Sande, das Gordinhas, das Águas, Tarquínio Gonzaga e Espaço da Fonte serão totalmente recuperadas, com pavimentação e áreas de lazer. A parte alta do calçadão da orla entre o IBR e as proximidades do Sukiyaki também passará por uma grande requalificação, que envolverá a implantação de ciclofaixa e guarda-corpo, proporcionando mais segurança aos transeuntes.







Vamos relembrar com o que já foi publicado sobre o trecho que está em obras de requalificação, Barra - Ondina - Rio Vermelho, de acordo com a apresentação do Projeto de Requalificação da orla Marítima de Salvador as obras contemplarão até o acesso principal da praia da Paciência no Rio Vermelho.Com a requalificação do trecho de 2,6 km entre a Praça Orugan e a Praia da Paciência a nova orla do Rio Vermelho e a nova orla da Barra ficarão integradas, compondo mais de 9 km de área reformada. No referido espaço também será implantada uma ciclovia aumentando assim as vias exclusivas para quem faz uso do modal na cidade.Também neste intervalo será colocada iluminação de LED, aumentando a sensação de segurança de quem mora ou passa nesse trecho, seja deslocamento ou para a prática de exercícios físicos. A requalificação do trecho Barra-Rio Vermelho vai contemplar intervenções de macro e microdrenagem, solucionando o problema da área com alagamentos em época de fortes chuvas.",vermelhoblog|rio|iiblog|voz|orla|em|que|vermelho|com|da|requalificação|mais|incluído|trecho
94_12-12-18_17_36.csv,blogspot,"Projeto Natal SolidárioProjeto Natal SolidárioLocal: Sala de PesquisaA campanha “Natal Solidário” concentra-se em arrecadar, roupas, sapatos e brinquedos novos ou usados, para serem distribuídas as famílias mais necessitadas dos bairros adjacentes do Rio Vermelho.
Contamos com o apoio da AMARV (associação dos Moradores e Amigos do Rio Vermelho), na pessoa do seu Presidente Lauro Matta.",,"Projeto Natal Solidário

Projeto Natal Solidário

Local: Sala de Pesquisa

A campanha “Natal Solidário” concentra-se em arrecadar, roupas, sapatos e brinquedos novos ou usados, para serem distribuídas as famílias mais necessitadas dos bairros adjacentes do Rio Vermelho. Contamos com o apoio da AMARV (associação dos Moradores e Amigos do Rio Vermelho), na pessoa do seu Presidente Lauro Matta.",cultural|solidáriolocal|rio|dos|mês|usados|dezembro|programação|seu|solidárioprojeto|vermelho|solidário|serem|biblioteca|natal
94_12-12-18_17_36.csv,blogspot,"O Bago de Jazz se apresenta tradicionalmente as quintas-feiras no restaurante Solar Gastronomia no Rio Vermelho.
O couvert artístico é R$15 e show começa a partir das 20h.
Endereço: R. da Fonte do Boi, 24 - Rio Vermelho, Salvador - BA, 41940-360.
O quarteto Bago de Jazz, composto por Nivaldo Cerqueira (sax), Alanh Moraes (baixo), Luciano Pinto (piano) e Marcio Wesley (bateria), se apresenta nos dias 12/12 e 19/12 gratuitamente na Nova Lapa a partir das 18h.No repertório os músicos apresentam canções que marcam o universo instrumental com clássicos do jazz americano e da bossa jazz.",,"O Bago de Jazz se apresenta tradicionalmente as quintas-feiras no restaurante Solar Gastronomia no Rio Vermelho. O couvert artístico é R$15 e show começa a partir das 20h. Endereço: R. da Fonte do Boi, 24 - Rio Vermelho, Salvador - BA, 41940-360.













O quarteto Bago de Jazz, composto por Nivaldo Cerqueira (sax), Alanh Moraes (baixo), Luciano Pinto (piano) e Marcio Wesley (bateria), se apresenta nos dias 12/12 e 19/12 gratuitamente na Nova Lapa a partir das 18h.No repertório os músicos apresentam canções que marcam o universo instrumental com clássicos do jazz americano e da bossa jazz.",toda|rio|bago|é|das|gastronomia|quintafeira|partir|vermelho|solar|da|se|apresenta|jazz
94_12-12-18_17_36.csv,blogspot,"Participação: Cortejo Afro e Janíana NoblahAbertura: Durval Luz (Acústico)Quando: Sexta-feira (14/12)Horário: A partir das 18 às 22 horasOnde: Coliseu do ForróEndereço: Praça Colombo, 80 Rio Vermelho (próximo a churrascaria Fogo de Chão)Couver: R$20,00Já em clima de verão, o Happy Reggae do Adão Negro realiza mais uma edição.
A banda se apresenta nesta sexta-feira (14), no Coliseu do Forró, Rio Vermelho, a partir das 18 horas.
A abertura do evento vai ficar por conta do acústico de Durval Luz.Na apresentação, os clássicos de mais de 20 anos de carreira serão apresentados, além das novas canções.
Destaque para o single inédito Pensa e Faz, produzido pelo Adão e o Beatmaker Del Jay.
A composição dividida por Sergio, Del Jay, os rappers Dow Raiz e Ogui, juntamente com o compositor Peu Del Rey, marca nova fase na produção da Adão Negro.",,"Participação: Cortejo Afro e Janíana Noblah

Abertura: Durval Luz (Acústico)

Quando: Sexta-feira (14/12)

Horário: A partir das 18 às 22 horas

Onde: Coliseu do Forró

Endereço: Praça Colombo, 80 Rio Vermelho (próximo a churrascaria Fogo de Chão)

Couver: R$20,00





Já em clima de verão, o Happy Reggae do Adão Negro realiza mais uma edição. Cortejo Afro e Janaina Noblah são os convidados da festa. A banda se apresenta nesta sexta-feira (14), no Coliseu do Forró, Rio Vermelho, a partir das 18 horas. A abertura do evento vai ficar por conta do acústico de Durval Luz.Na apresentação, os clássicos de mais de 20 anos de carreira serão apresentados, além das novas canções. Destaque para o single inédito Pensa e Faz, produzido pelo Adão e o Beatmaker Del Jay. A composição dividida por Sergio, Del Jay, os rappers Dow Raiz e Ogui, juntamente com o compositor Peu Del Rey, marca nova fase na produção da Adão Negro.",negro|happy|rio|coliseu|os|reggae|forró|adão|das|por|del|partir|vermelho|sextafeira
94_12-12-18_17_36.csv,blogspot,"Um policial militar foi morto a facadas na noite desse domingo (9), em Salvador.
Foi caminhando para Rua Aristeu, um beco transversal à João Gonçalves, onde foi esfaqueado, segundo a família, pelo menos sete vezes no pescoço, tórax, costas e perna.
A família tinha a intenção de doar os órgãos, mas, segundo eles, os médicos afirmaram que não havia condições de realizar o procedimento.
Isso porque, garante ele, o PM não havia comentado com ninguém da família que estava sofrendo ameaças.
Ele descreve o pai como sendo um homem tranquilo, que costumava beber socialmente no Alto de Ondina.",,"Um policial militar foi morto a facadas na noite desse domingo (9), em Salvador. O crime ocorreu por volta das 21h, na Rua Capitão Aristeu, no Alto de ondina.

D e acordo com informações publicadas no Correio o policial que morava no Alto da Sereia, depois de assistir a uma briga de galo no Alto de Ondina, participou de uma confraternização no Bar do Neném, localizado na Rua João Gonçalves Tourinho. Por volta das 21h, recebeu uma ligação. Foi caminhando para Rua Aristeu, um beco transversal à João Gonçalves, onde foi esfaqueado, segundo a família, pelo menos sete vezes no pescoço, tórax, costas e perna.



A vítima foi socorrida para o Hospital Geral do Estado (HGE). De acordo com o boletim de ocorrência registrado no Posto da Polícia Civil da unidade de saúde, o PM deu entrada às 21h53, sem sinais vitais. A família tinha a intenção de doar os órgãos, mas, segundo eles, os médicos afirmaram que não havia condições de realizar o procedimento.

Lotado na 40ª CIPM (Nordeste de Amaralina), o militar de 50 anos estava de folga no momento da ocorrência. No entanto, a assessoria do órgão não soube informar detalhes sobre as circunstâncias do assassinato. A força tarefa do órgão, que investiga crimes contra policiais, está apurando o ocorrido. Os moradores não conseguiram identificar o autor das facadas.

Segundo informações da assessoria de comunicação da PM, o agente chegou a ser socorrido por uma guarnição da 12ª Companhia Independente de Polícia Militar (CIPM/Rio Vermelho) para o Hospital Geral do Estado (HGE), mas não resistiu aos ferimentos.Em entrevista ao Correio o filho do policial o estudante Ramon Ramos Araújo, 25, disse que não há explicações para a morte do pai. Isso porque, garante ele, o PM não havia comentado com ninguém da família que estava sofrendo ameaças. Ele descreve o pai como sendo um homem tranquilo, que costumava beber socialmente no Alto de Ondina.",rio|que|da|facadas|uma|rua|voz|um|vermelho|ondinablog|policial|morto|cipm|alto|por|para|vermelhoblog|foi|não
94_12-12-18_17_36.csv,blogspot,"Vamos fazer uma evento para forrozeiros, um presente do Coliseu em comemoração também a nossa nova fase no bairro mais boêmio da cidade,*Coliseu do Forró* - O Rio Vermelho foi o local escolhido pelo Coliseu do Forró.
*Dia Nacional do Forró - 8° Tributo a Gonzaga*Data 13 de Dezembro (Quinta-feira)Horário: às 19 horasOnde: Coliseu do ForróEndereço: Praça Colombo, 80 Rio Vermelho (próximo a churrascaria Fogo de Chão)Evento gratuito sujeito a capacidade do espaçoIngresso: eusouforrozeiro@hotmail.comInscrições estão abertas para o concurso Luzes do Natal do Rio Vermelho disse Jânio Amilca, sócio do Coliseu.
*Coliseu do Forró* - O Rio Vermelho foi o local escolhido pelo Coliseu do Forró.
Para comemorar a data, o Coliseu do Forró realiza junto com a Flor Serena a 8ª edição do Tributo a Gonzaga.
O evento reúne mesa redonda e show a partir das 19 horas, no dia 13 (quinta-feira), na casa do Rio Vermelho.",,"No repertório, além das tradicionais do forró, canções dos convidados e clássicos do aniversariante. O evento será um encontro de artistas com DJs, grupos de dança, produtores e admiradores do ritmo. Esta é a oitava edição do evento, sempre em parceria do Coliseu com a Flor Serena.





Vamos fazer uma evento para forrozeiros, um presente do Coliseu em comemoração também a nossa nova fase no bairro mais boêmio da cidade,









*Coliseu do Forró* - O Rio Vermelho foi o local escolhido pelo Coliseu do Forró. A casa especializada em música nordestina agora se muda para o bairro mais boêmio de Salvador. Com capacidade para 400 pessoas, o endereço do Coliseu é uma casa conhecida por abrigar bares e restaurantes no Largo da Mariquita. A ideia, segundo os sócios do empreendimento, é abrir o espaço mais dias durante a semana.



*Dia Nacional do Forró - 8° Tributo a Gonzaga*

Data 13 de Dezembro (Quinta-feira)

Horário: às 19 horas

Onde: Coliseu do Forró

Endereço: Praça Colombo, 80 Rio Vermelho (próximo a churrascaria Fogo de Chão)

Evento gratuito sujeito a capacidade do espaço

Ingresso: eusouforrozeiro@hotmail.com

Inscrições estão abertas para o concurso Luzes do Natal do Rio Vermelho disse Jânio Amilca, sócio do Coliseu.*Coliseu do Forró* - O Rio Vermelho foi o local escolhido pelo Coliseu do Forró. A casa especializada em música nordestina agora se muda para o bairro mais boêmio de Salvador. Com capacidade para 400 pessoas, o endereço do Coliseu é uma casa conhecida por abrigar bares e restaurantes no Largo da Mariquita. A ideia, segundo os sócios do empreendimento, é abrir o espaço mais dias durante a semana.

No dia 13 de dezembro, se fosse vivo, Luiz Gonzaga completaria 106 anos. Para comemorar a data, o Coliseu do Forró realiza junto com a Flor Serena a 8ª edição do Tributo a Gonzaga. O evento reúne mesa redonda e show a partir das 19 horas, no dia 13 (quinta-feira), na casa do Rio Vermelho. Entre os convidados já foram confirmados nomes como Estakazero, Zelito Miranda, Eugênio Cerqueira, Júlio César e Antônio José, além de outros nomes. O evento é aberto ao público mediante a capacidade do espaço.",rio|dia|gonzaga|nacional|coliseu|forró|é|para|tributo|evento|vermelho|com|casa|mais
94_12-12-18_17_36.csv,blogspot,"Será disponibilizado um ambiente saudável de desenvolvimento econômico sustentável, fortalecendo pequenos (as) empreendedores e contribuindo para redistribuição consumo/renda da população soteropolitana.
A proposta é promover o encontro de produtores responsáveis com consumidores (as) engajados (as) e tornar este encontro uma oportunidade para realização de novos negócios e criação de redes de relacionamento.O objetivo é criar um espaço onde expositores (as) possam apresentar produtos/serviços com história, propósito e impacto social.
O evento contará com uma programação diversificada, com música, cultura, lazer, constituindo-se como espaço colaborativo para troca de energia boa, experiências e vendas.
Nosso público alvo possui predisposição a frequentar e apoia eventos desse formato.
E isso só reforça o senso comum de que há crescente demanda por espaços de acesso gratuito, que possam ser usados como ponto de encontro entre amigos (as) e para o desenvolvimento de relações de economia criativa.",,"Será disponibilizado um ambiente saudável de desenvolvimento econômico sustentável, fortalecendo pequenos (as) empreendedores e contribuindo para redistribuição consumo/renda da população soteropolitana.



QUER SABER MAIS:

Domingo (09) , das 10h às 21h, acontece no Rio Vermelho evento da Fiori Produções uma iniciativa que visa unir pequenos empreendedores que não possuem loja ou espaço físico, agregar conhecimentos, trocar experiências, implementar uma consciência no consumo do “comprar de quem faz” e unir forças por um legado empreendedor.As inscrições para expor os produtos na Flori ocorrerá na EcoSquare (Avenida Conselheiro Pedro Luiz, nº 348, Rio Vermelho). A proposta é promover o encontro de produtores responsáveis com consumidores (as) engajados (as) e tornar este encontro uma oportunidade para realização de novos negócios e criação de redes de relacionamento.O objetivo é criar um espaço onde expositores (as) possam apresentar produtos/serviços com história, propósito e impacto social. O evento contará com uma programação diversificada, com música, cultura, lazer, constituindo-se como espaço colaborativo para troca de energia boa, experiências e vendas. Nosso público alvo possui predisposição a frequentar e apoia eventos desse formato. E isso só reforça o senso comum de que há crescente demanda por espaços de acesso gratuito, que possam ser usados como ponto de encontro entre amigos (as) e para o desenvolvimento de relações de economia criativa.",vermelhoblog|uma|unir|rio|economia|espaço|voz|é|um|que|para|vermelho|iniciativa|com|da|criativa|mais|encontro
