Timestamp,Source,Summary,Authors,Text,Keywords
95_12-12-18_17_37.csv,wordpress,"A temporada começa bacana com o Estadual, 25, um dos melhores, mesmo que a gente saiba os problemas de muitos clubes.
Pimpão define a sua vida com o América amanhã: rescisão de contrato.
Ele não fica para o Estadual e muito menos para a série C. Quem garante é o seu empresário.
Roberto Fernandes e seu xará Fonseca, técnicos de ABC e América serão os dois principais protagonistas do campeonato Estadual.
O América é o atual campeão.",,"1. De volta!! Depois de 30 dias longe (e com saudade) desse espaço estamos voltando ao convívio do mundo esportivo. A temporada começa bacana com o Estadual, 25, um dos melhores, mesmo que a gente saiba os problemas de muitos clubes.

2. Quero registrar com grande pesar, o falecimento de Seu Demário Dantas Ferreira, ocorrido ontem. Religioso, homem de grande caráter. Sua família faz parte da minha vida. Na infância e agora. Minhas condolências…

3. Pimpão define a sua vida com o América amanhã: rescisão de contrato. Ele não fica para o Estadual e muito menos para a série C. Quem garante é o seu empresário. Rodrigo foi um dos artilheiros do ano passado.

4. Durante as férias, duas notícias me surpreenderam, apesar de ser comum n o futebol: a volta de Cascata e a demissão de Zé do Carmo.

5. Roberto Fernandes e seu xará Fonseca, técnicos de ABC e América serão os dois principais protagonistas do campeonato Estadual. O América é o atual campeão. O ABC quer o título. Ano de centenário!!!!

Anúncios",curtinhas|volta|américa|é|um|sua|segunda|cadinho|seu|para|estadual|com|050115|feira|vida
95_12-12-18_17_37.csv,wordpress,Agenda do America para a semana:Agora: treino no CT.QUARTA (12): 8h30 – Treino no CT / 15h30 – Treino na Arena AméricaQUINTA (13): 15h30 – Treino no CTSEXTA (14): 8h30 – Treino no CT / 15h30 – Treino no CTSÁBADO (15): 8h30 – Treino no CTAnúncios,Ver Todas As Mensagens Por Blogdocadinho|Publicado Em,"Agenda do America para a semana:

Agora: treino no CT.

QUARTA (12): 8h30 – Treino no CT / 15h30 – Treino na Arena América

QUINTA (13): 15h30 – Treino no CT

SEXTA (14): 8h30 – Treino no CT / 15h30 – Treino no CT

SÁBADO (15): 8h30 – Treino no CT

Anúncios",treino|ctsábado|8h30|ctanúncios|quarta|semana|ct|15h30|para|semanaagora|treinos|ctsexta|ctquarta
95_12-12-18_17_37.csv,wordpress,Agenda do America para a semana:Agora: treino no CT.QUARTA (12): 8h30 – Treino no CT / 15h30 – Treino na Arena AméricaQUINTA (13): 15h30 – Treino no CTSEXTA (14): 8h30 – Treino no CT / 15h30 – Treino no CTSÁBADO (15): 8h30 – Treino no CTAnúncios,Ver Todas As Mensagens Por Blogdocadinho|Publicado Em,"Agenda do America para a semana:

Agora: treino no CT.

QUARTA (12): 8h30 – Treino no CT / 15h30 – Treino na Arena América

QUINTA (13): 15h30 – Treino no CT

SEXTA (14): 8h30 – Treino no CT / 15h30 – Treino no CT

SÁBADO (15): 8h30 – Treino no CT

Anúncios",treino|ctsábado|8h30|ctanúncios|quarta|semana|ct|15h30|para|semanaagora|treinos|ctsexta|ctquarta
95_12-12-18_17_37.csv,wordpress,"Abc confirmou os primeiros regularizados para o campeonato.
O goleiro Saulo, o lateral Ivan e os atacantes Eder, Neto e Anderson tiveram os nomes publicados no Boletim Informativo Diário da CBF (BID).
Além disso, a consulta ao Superior Tribunal de Justiça Desportiva (STJD), sobre possíveis penalidades pendentes que os impedissem de atuar, nada acusou.",Ver Todas As Mensagens Por Blogdocadinho|Publicado Em,"Abc confirmou os primeiros regularizados para o campeonato.

O goleiro Saulo, o lateral Ivan e os atacantes Eder, Neto e Anderson tiveram os nomes publicados no Boletim Informativo Diário da CBF (BID). Além disso, a consulta ao Superior Tribunal de Justiça Desportiva (STJD), sobre possíveis penalidades pendentes que os impedissem de atuar, nada acusou.

Oficial.

Anúncios",saulo|podem|jogar|tribunal|os|superior|já|que|sobre|regularizados|stjd|publicados|tiveram
95_12-12-18_17_37.csv,wordpress,"Abc confirmou os primeiros regularizados para o campeonato.
O goleiro Saulo, o lateral Ivan e os atacantes Eder, Neto e Anderson tiveram os nomes publicados no Boletim Informativo Diário da CBF (BID).
Além disso, a consulta ao Superior Tribunal de Justiça Desportiva (STJD), sobre possíveis penalidades pendentes que os impedissem de atuar, nada acusou.",Ver Todas As Mensagens Por Blogdocadinho|Publicado Em,"Abc confirmou os primeiros regularizados para o campeonato.

O goleiro Saulo, o lateral Ivan e os atacantes Eder, Neto e Anderson tiveram os nomes publicados no Boletim Informativo Diário da CBF (BID). Além disso, a consulta ao Superior Tribunal de Justiça Desportiva (STJD), sobre possíveis penalidades pendentes que os impedissem de atuar, nada acusou.

Oficial.

Anúncios",saulo|podem|jogar|tribunal|os|superior|já|que|sobre|regularizados|stjd|publicados|tiveram
95_12-12-18_17_37.csv,wordpress,"De Fernanso Suassuna, presidente do Abc no discurso de posse após frisar o acesso a série B como meta.
– Não se pode mais administrar como se fazia antes.
A partir de agora, deve ser um novo ABC, que não pode ter prejuízos dentro, nem fora dele.
Para crescer, o clube tem que ser administrado profissionalmente e empresarialmente.",Ver Todas As Mensagens Por Blogdocadinho|Publicado Em,"De Fernanso Suassuna, presidente do Abc no discurso de posse após frisar o acesso a série B como meta.

– Não se pode mais administrar como se fazia antes. A partir de agora, deve ser um novo ABC, que não pode ter prejuízos dentro, nem fora dele. Para crescer, o clube tem que ser administrado profissionalmente e empresarialmente.

Anúncios",ser|abc|um|dá|tem|que|amadorisno|pode|como|ter|se|não
95_12-12-18_17_37.csv,wordpress,"De Fernanso Suassuna, presidente do Abc no discurso de posse após frisar o acesso a série B como meta.
– Não se pode mais administrar como se fazia antes.
A partir de agora, deve ser um novo ABC, que não pode ter prejuízos dentro, nem fora dele.
Para crescer, o clube tem que ser administrado profissionalmente e empresarialmente.",Ver Todas As Mensagens Por Blogdocadinho|Publicado Em,"De Fernanso Suassuna, presidente do Abc no discurso de posse após frisar o acesso a série B como meta.

– Não se pode mais administrar como se fazia antes. A partir de agora, deve ser um novo ABC, que não pode ter prejuízos dentro, nem fora dele. Para crescer, o clube tem que ser administrado profissionalmente e empresarialmente.

Anúncios",ser|abc|um|dá|tem|que|amadorisno|pode|como|ter|se|não
95_12-12-18_17_37.csv,wordpress,"Os hoje três principais técnicos Estado, Ranielle Ribeiro Abc, Luizinho Lopes America e Ferbando Tonet Sta Cruz estão na granja Comary no curso de técnico que termina domingo.
Assumem seus times na segunda 16.",Ver Todas As Mensagens Por Blogdocadinho|Publicado Em,"Os hoje três principais técnicos Estado, Ranielle Ribeiro Abc, Luizinho Lopes America e Ferbando Tonet Sta Cruz estão na granja Comary no curso de técnico que termina domingo.

Assumem seus times na segunda 16.

Anúncios",qualificandose|rio|termina|três|técnicos|ribeiro|sta|seus|segunda|times|técnico|tonet
95_12-12-18_17_37.csv,wordpress,"Os hoje três principais técnicos Estado, Ranielle Ribeiro Abc, Luizinho Lopes America e Ferbando Tonet Sta Cruz estão na granja Comary no curso de técnico que termina domingo.
Assumem seus times na segunda 16.",Ver Todas As Mensagens Por Blogdocadinho|Publicado Em,"Os hoje três principais técnicos Estado, Ranielle Ribeiro Abc, Luizinho Lopes America e Ferbando Tonet Sta Cruz estão na granja Comary no curso de técnico que termina domingo.

Assumem seus times na segunda 16.

Anúncios",qualificandose|rio|termina|três|técnicos|ribeiro|sta|seus|segunda|times|técnico|tonet
95_12-12-18_17_37.csv,wordpress,"Ontem na Arena das Dunas.
A cerimônia de posse de Fernando Suassuna e Bira Marques (pres e vice) do Abc, oficializou a direçao do clube.
Na segunda Cláudio Emerenciano e Ricardo Couto tambem foram empossados no CD alvinegro.
Fernando SuassunaFoto: Abc.",Ver Todas As Mensagens Por Blogdocadinho|Publicado Em,"Ontem na Arena das Dunas. A cerimônia de posse de Fernando Suassuna e Bira Marques (pres e vice) do Abc, oficializou a direçao do clube.

Na segunda Cláudio Emerenciano e Ricardo Couto tambem foram empossados no CD alvinegro.

Fernando Suassuna

Foto: Abc.

Anúncios",ontem|tambem|ricardo|segunda|posse|oficializou|suassunafoto|suassuna|empossados|abc|vice|pres
95_12-12-18_17_37.csv,wordpress,"Ontem na Arena das Dunas.
A cerimônia de posse de Fernando Suassuna e Bira Marques (pres e vice) do Abc, oficializou a direçao do clube.
Na segunda Cláudio Emerenciano e Ricardo Couto tambem foram empossados no CD alvinegro.
Fernando SuassunaFoto: Abc.",Ver Todas As Mensagens Por Blogdocadinho|Publicado Em,"Ontem na Arena das Dunas. A cerimônia de posse de Fernando Suassuna e Bira Marques (pres e vice) do Abc, oficializou a direçao do clube.

Na segunda Cláudio Emerenciano e Ricardo Couto tambem foram empossados no CD alvinegro.

Fernando Suassuna

Foto: Abc.

Anúncios",ontem|tambem|ricardo|segunda|posse|oficializou|suassunafoto|suassuna|empossados|abc|vice|pres
95_12-12-18_17_37.csv,wordpress,"A temporada 2019 do futebol brasileiro já está em andamento e a Copa do Brasil será a primeira competição a deixar o torcedor ansioso pela virada do ano.
No próximo dia 13 de dezembro (quinta-feira), a CBF sorteia os confrontos da primeira fase da competição, em evento na sede da CBF, no Rio de Janeiro, a partir das 20h (horário de Brasília).
Os clubes que representarão o Rio Grande do Norte na competição são: ABC, América-RN e Santa Cruz de Natal.
A primeira etapa da Copa do Brasil será realizada em partida única, com mando de campo pertencente ao competidor de cada duelo que possui a posição inferior no Ranking Nacional de Clubes.
A segunda fase também será realizada em partida única, mas os mandos de campo serão definidos em sorteio, com os clubes já conhecendo por meio do Diagrama das Fases se atuarão como mandantes ou visitantes na etapa seguinte, caso se classifiquem na primeira fase.",Ver Todas As Mensagens Por Blogdocadinho|Publicado Em,"A temporada 2019 do futebol brasileiro já está em andamento e a Copa do Brasil será a primeira competição a deixar o torcedor ansioso pela virada do ano. No próximo dia 13 de dezembro (quinta-feira), a CBF sorteia os confrontos da primeira fase da competição, em evento na sede da CBF, no Rio de Janeiro, a partir das 20h (horário de Brasília). Os clubes que representarão o Rio Grande do Norte na competição são: ABC, América-RN e Santa Cruz de Natal.

A primeira etapa da Copa do Brasil será realizada em partida única, com mando de campo pertencente ao competidor de cada duelo que possui a posição inferior no Ranking Nacional de Clubes. A segunda fase também será realizada em partida única, mas os mandos de campo serão definidos em sorteio, com os clubes já conhecendo por meio do Diagrama das Fases se atuarão como mandantes ou visitantes na etapa seguinte, caso se classifiquem na primeira fase.

Fnf.

Anúncios",sorteio|rio|copa|única|clubes|os|em|br|será|da|competição|5a|se|primeira
95_12-12-18_17_37.csv,wordpress,"A temporada 2019 do futebol brasileiro já está em andamento e a Copa do Brasil será a primeira competição a deixar o torcedor ansioso pela virada do ano.
No próximo dia 13 de dezembro (quinta-feira), a CBF sorteia os confrontos da primeira fase da competição, em evento na sede da CBF, no Rio de Janeiro, a partir das 20h (horário de Brasília).
Os clubes que representarão o Rio Grande do Norte na competição são: ABC, América-RN e Santa Cruz de Natal.
A primeira etapa da Copa do Brasil será realizada em partida única, com mando de campo pertencente ao competidor de cada duelo que possui a posição inferior no Ranking Nacional de Clubes.
A segunda fase também será realizada em partida única, mas os mandos de campo serão definidos em sorteio, com os clubes já conhecendo por meio do Diagrama das Fases se atuarão como mandantes ou visitantes na etapa seguinte, caso se classifiquem na primeira fase.",Ver Todas As Mensagens Por Blogdocadinho|Publicado Em,"A temporada 2019 do futebol brasileiro já está em andamento e a Copa do Brasil será a primeira competição a deixar o torcedor ansioso pela virada do ano. No próximo dia 13 de dezembro (quinta-feira), a CBF sorteia os confrontos da primeira fase da competição, em evento na sede da CBF, no Rio de Janeiro, a partir das 20h (horário de Brasília). Os clubes que representarão o Rio Grande do Norte na competição são: ABC, América-RN e Santa Cruz de Natal.

A primeira etapa da Copa do Brasil será realizada em partida única, com mando de campo pertencente ao competidor de cada duelo que possui a posição inferior no Ranking Nacional de Clubes. A segunda fase também será realizada em partida única, mas os mandos de campo serão definidos em sorteio, com os clubes já conhecendo por meio do Diagrama das Fases se atuarão como mandantes ou visitantes na etapa seguinte, caso se classifiquem na primeira fase.

Fnf.

Anúncios",sorteio|rio|copa|única|clubes|os|em|br|será|da|competição|5a|se|primeira
95_12-12-18_17_37.csv,wordpress,"Abc tem programação definida para a sua segunda semana de treinamentos, ainda sem trabalho efetivo de coletivo.
Terça-feira (11/12)15h30 – Treino (CT);Quarta-feira (12/12)Manhã – Repouso;15h30 – Treino (CT);Quinta-feira (13/12)8h30 – Treino (CTFIS);16h – Treino (CT);Sexta-feira (14/12)Manhã – Repouso;16h – Treino (CT);Sábado (15/12)8h30 – Treino (CTFIS);16h – Treino (CT);Domingo (16/12)Folga geral.",Ver Todas As Mensagens Por Blogdocadinho|Publicado Em,"Abc tem programação definida para a sua segunda semana de treinamentos, ainda sem trabalho efetivo de coletivo.

Terça-feira (11/12)

15h30 – Treino (CT);

Quarta-feira (12/12)

Manhã – Repouso;

15h30 – Treino (CT);

Quinta-feira (13/12)

8h30 – Treino (CTFIS);

16h – Treino (CT);

Sexta-feira (14/12)

Manhã – Repouso;

16h – Treino (CT);

Sábado (15/12)

8h30 – Treino (CTFIS);

16h – Treino (CT);

Domingo (16/12)

Folga geral.

Anúncios",treino|trabalho|sua|tem|segunda|semana|programação|treinamentos|sem|repouso16h|da|ctfis16h
95_12-12-18_17_37.csv,wordpress,"Abc tem programação definida para a sua segunda semana de treinamentos, ainda sem trabalho efetivo de coletivo.
Terça-feira (11/12)15h30 – Treino (CT);Quarta-feira (12/12)Manhã – Repouso;15h30 – Treino (CT);Quinta-feira (13/12)8h30 – Treino (CTFIS);16h – Treino (CT);Sexta-feira (14/12)Manhã – Repouso;16h – Treino (CT);Sábado (15/12)8h30 – Treino (CTFIS);16h – Treino (CT);Domingo (16/12)Folga geral.",Ver Todas As Mensagens Por Blogdocadinho|Publicado Em,"Abc tem programação definida para a sua segunda semana de treinamentos, ainda sem trabalho efetivo de coletivo.

Terça-feira (11/12)

15h30 – Treino (CT);

Quarta-feira (12/12)

Manhã – Repouso;

15h30 – Treino (CT);

Quinta-feira (13/12)

8h30 – Treino (CTFIS);

16h – Treino (CT);

Sexta-feira (14/12)

Manhã – Repouso;

16h – Treino (CT);

Sábado (15/12)

8h30 – Treino (CTFIS);

16h – Treino (CT);

Domingo (16/12)

Folga geral.

Anúncios",treino|trabalho|sua|tem|segunda|semana|programação|treinamentos|sem|repouso16h|da|ctfis16h
