Timestamp,Source,Summary,Authors,Text,Keywords
97_12-12-18_17_39.csv,classepolitica,Após a confirmação do pagamento nossa equipe de desenvolvimento irá entrar em contato para receber todas as informações de seu projeto como:Área de atuaçãoServiçosTelefones de contatoContas de emails a serem criadasE tudo mais que seja necessário para que seu site tenha a melhor aparência e identidade.,,"Após a confirmação do pagamento nossa equipe de desenvolvimento irá entrar em contato para receber todas as informações de seu projeto como:

Área de atuação

Serviços

Telefones de contato

Contas de emails a serem criadas

E tudo mais que seja necessário para que seu site tenha a melhor aparência e identidade.",tenha|pacote|profissionais|receber|que|promocional|seu|para|sites|site|tudo|seja|todas|serem|responsivos
97_12-12-18_17_39.csv,classepolitica,"Para enfraquecer Renan, senadores querem votação abertaEm meio à queda de braço que o Senado vive a dois meses das eleições para a presidência, um grupo de senadores quer convencer o presidente, Eunício Oliveira (MDB), a pautar o projeto que altera o regimento interno e torna aberta a votação para a escolha do comando da Casa.
Os senadores Lasier Martins (PSD) e Randolfe Rodrigues (Rede) clamaram que Eunício lesse um requerimento de urgência, assinado pelos líderes, para que o projeto de resolução seja votado ainda este ano.
A articulação dos senadores é uma tentativa de enfraquecer a candidatura Renan Calheiros (MDB).
O filho dele, senador eleito Flávio Bolsonaro, diz que o senador não é um perfil que representa a “nova política escolhida nas urnas”.
Além de Renan, os nomes de Simone Tebet (MDB), Eduardo Braga (MDB), Davi Alcolumbre (DEM) e Tasso Jereissati (PSDB) são cotados como candidatos.",,"Para enfraquecer Renan, senadores querem votação aberta

Em meio à queda de braço que o Senado vive a dois meses das eleições para a presidência, um grupo de senadores quer convencer o presidente, Eunício Oliveira (MDB), a pautar o projeto que altera o regimento interno e torna aberta a votação para a escolha do comando da Casa. Nesta terça-feira, a insistência não teve efeito.

Hoje, a sessão de escolha do presidente do Senado é secreta.

Os senadores Lasier Martins (PSD) e Randolfe Rodrigues (Rede) clamaram que Eunício lesse um requerimento de urgência, assinado pelos líderes, para que o projeto de resolução seja votado ainda este ano. Ao primeiro pedido, Eunício disse que só poderia ter lido antes das votações nominais, que já haviam começado.

Ele ignorou o segundo pedido. Junto a Reguffe (Sem partido), Randolfe e Lasier foram cobrá-lo ao fim da sessão. “Ora, vocês estão querendo mudar o regimento. E ainda me pressionam publicamente para isso”, reclamou Eunício.

A articulação dos senadores é uma tentativa de enfraquecer a candidatura Renan Calheiros (MDB). Eles acreditam que parte dos apoiadores do senador deixa de votar nele se o voto for público, para não serem vinculados a um nome investigado em processos no Supremo.

Renan já conta com a antipatia do governo Jair Bolsonaro. O filho dele, senador eleito Flávio Bolsonaro, diz que o senador não é um perfil que representa a “nova política escolhida nas urnas”.

Além de Renan, os nomes de Simone Tebet (MDB), Eduardo Braga (MDB), Davi Alcolumbre (DEM) e Tasso Jereissati (PSDB) são cotados como candidatos.",votação|aberta|querem|é|enfraquecer|um|senadores|que|para|eunício|renan|senador|mdb|não
97_12-12-18_17_39.csv,classepolitica,"Bolsonaro reúne-se com secretário de Governo e vai ao QG do ExércitoEm meio a conversas iniciadas pelo futuro governo com as bancadas parlamentares esta semana em Brasília, o presidente eleito, Jair Bolsonaro, reservou a manhã ser hoje (5) para conversar com seu futuro secretário de Governo, general Santos Cruz.
O encontro, que também teve a presença de assessores, ocorreu na residência da Granja do Torto.
Bolsonaro segue para o Quartel General do Exército ainda pela manhã onde terá algumas audiências e um almoço.
Os detalhes da agenda não foram divulgados, mas a assessoria do presidente eleito disse que Bolsonaro conversará com a imprensa no início da tarde.
Há expectativa de anúncios de dois nomes para o primeiro escalão de seu governo – Meio Ambiente e Direitos Humanos.",,"Bolsonaro reúne-se com secretário de Governo e vai ao QG do Exército

Em meio a conversas iniciadas pelo futuro governo com as bancadas parlamentares esta semana em Brasília, o presidente eleito, Jair Bolsonaro, reservou a manhã ser hoje (5) para conversar com seu futuro secretário de Governo, general Santos Cruz. O encontro, que também teve a presença de assessores, ocorreu na residência da Granja do Torto.

As conversas, que já foram travadas com o MDB e o PRB na terça-feira (4) e as programadas para hoje (5) com o PSDB e o PR, estão sendo acompanhadas pelo coordenador do trabalho de transição Onyx Lorenzoni, que vai assumir a Casa Civil. Onyx e Santos Cruz devem dividir esse trabalho de articulação com o Legislativo.

Bolsonaro segue para o Quartel General do Exército ainda pela manhã onde terá algumas audiências e um almoço. Os detalhes da agenda não foram divulgados, mas a assessoria do presidente eleito disse que Bolsonaro conversará com a imprensa no início da tarde.

Há expectativa de anúncios de dois nomes para o primeiro escalão de seu governo – Meio Ambiente e Direitos Humanos. Jair Bolsonaro também deve definir o destino da Fundação Nacional do Índio (Funai), que pode ser transferida do Ministério da Justiça para a pasta da Agricultura ou da Cidadania.",vai|qg|reúnese|secretário|trabalho|ao|governo|que|para|bolsonaro|seu|também|com|exército|da
97_12-12-18_17_39.csv,classepolitica,"Magno Malta volta a falar: “achava que ia ser ministro e não fui”Em entrevista a Amanda Audi, no site The Intercept Brasil, o senador Magno Malta voltou a falar, após dias de reclusão em seu sítio em Viana, região metropolitana de Vitória, no Espírito Santo.
“Visivelmente abatido”, Malta negou que estivesse magoado com o presidente eleito e amigo, Jair Bolsonaro (PSL), mas, segundo a repórter, mostrou ressentimento.
A amizade não vai acabar porque durante dois meses da eleição eu achava que ia ser ministro e eu não fui ministro”, disse o senador, derrotado nas eleições de outubro, que pretende se dedicar agora ao seu projeto missionário e à música gospel.
Perguntado se estaria chateado por ter sido preterido do governo, Malta não respondeu, apenas “mexeu os ombros”.
Ele vai ter que fazer acordo lá”.",,"Magno Malta volta a falar: “achava que ia ser ministro e não fui”

Em entrevista a Amanda Audi, no site The Intercept Brasil, o senador Magno Malta voltou a falar, após dias de reclusão em seu sítio em Viana, região metropolitana de Vitória, no Espírito Santo. “Visivelmente abatido”, Malta negou que estivesse magoado com o presidente eleito e amigo, Jair Bolsonaro (PSL), mas, segundo a repórter, mostrou ressentimento.

“A autoridade é dele, ele é o presidente desse país. A amizade não vai acabar porque durante dois meses da eleição eu achava que ia ser ministro e eu não fui ministro”, disse o senador, derrotado nas eleições de outubro, que pretende se dedicar agora ao seu projeto missionário e à música gospel.

Perguntado se estaria chateado por ter sido preterido do governo, Malta não respondeu, apenas “mexeu os ombros”. Sobre as escolhas de Bolsonaro, ele não cita nomes, mas demonstrou incomodo. “Você vê muita gente que falava mal dele, não pedia voto, e agora tá aí, se aproximando…”

Elefante branco

Chamado de “elefante branco na sala” pelo vice presidente eleito, general Hamilton Mourão (PRTB), Malta disse que já saiu em defesa do militar e, acreditando ter sido uma “fala infeliz”, disse que “não quer brigar”.

Frequentador do Congresso por 30 anos, Malta afirmou ainda que muita gente vai querer se aproximar de Bolsonaro, “como moscas perto do mel”. “A maioria é mosca de varejo. Ele vai ter que fazer acordo lá”.",volta|fui|vai|ser|ia|é|em|que|falar|ministro|presidente|malta|ter|se|não|magno
97_12-12-18_17_39.csv,classepolitica,"Em meio à queda de braço que o Senado vive a dois meses das eleições para a presidência, um grupo de senadores quer convencer o presidente, Eunício Oliveira (MDB), a",,"Em meio à queda de braço que o Senado vive a dois meses das eleições para a presidência, um grupo de senadores quer convencer o presidente, Eunício Oliveira (MDB), a",malassombrado|vive|encontrado|à|é|um|senadores|presidência|que|itapoan|senado|queda|presidente|quer|bairro|vado
97_12-12-18_17_39.csv,classepolitica,"Macri confirma que virá para a posse de Bolsonaro em janeiroO presidente da Argentina, Mauricio Macri, confirmou que virá para a posse do presidente eleito, Jair Bolsonaro, em 1º de janeiro de 2019.
Faurie, que estará em Brasília nesta semana para a reunião de chanceleres do Mercosul (Argentina, Brasil, Paraguai, Uruguai e Venezuela, que está momentaneamente suspensa), disse que o esforço é para buscar um acordo comercial entre o bloco e a União Europeia (UE).
Na segunda-feira (10), Faurie se reunirá com integrantes da União Europeia.
O acordo entre o Mercosul e a União Europeia é negociado há quase duas décadas e esbarra em setores específicos.
O chanceler disse que Macri “já conversou” com Bolsonaro “duas ou três vezes” e, na última ocasião, mostrou a “importância de poder fechar esse acordo” com a União Europeia.",,"Macri confirma que virá para a posse de Bolsonaro em janeiro

O presidente da Argentina, Mauricio Macri, confirmou que virá para a posse do presidente eleito, Jair Bolsonaro, em 1º de janeiro de 2019. A informação foi confirmada pelo ministro das Relações Exteriores argentino, Jorge Faurie.

Faurie, que estará em Brasília nesta semana para a reunião de chanceleres do Mercosul (Argentina, Brasil, Paraguai, Uruguai e Venezuela, que está momentaneamente suspensa), disse que o esforço é para buscar um acordo comercial entre o bloco e a União Europeia (UE).

Na segunda-feira (10), Faurie se reunirá com integrantes da União Europeia. O acordo entre o Mercosul e a União Europeia é negociado há quase duas décadas e esbarra em setores específicos.

O chanceler disse que Macri “já conversou” com Bolsonaro “duas ou três vezes” e, na última ocasião, mostrou a “importância de poder fechar esse acordo” com a União Europeia.",europeia|é|posse|acordo|em|que|união|para|bolsonaro|confirma|janeiro|com|macri|virá
97_12-12-18_17_39.csv,classepolitica,"Justiça nega recurso e mantém condenação de Anthony GarotinhoSegunda Turma do Tribunal Regional Federal da 2.ª Região (TRF-2) rejeitou recurso da defesa do ex-governador do Rio Anthony Garotinho (PRP) e manteve sentença a ele imposta de quatro anos e meio de prisão por formação de quadrilha.
Em setembro do ano passado o caso chegou à segunda instância e foi julgado pelo TRF-4, que por unanimidade, condenou Garotinho a quatro anos e seis meses de prisão.
De acordo com o desembargador Marcello Garano, relator do caso, não havia contradições ou omissões que justificassem os embargos de declaração da defesa.
Apesar de esgotados os recursos em segunda instância, Garotinho não deverá ser preso.
Em outubro deste ano, o ministro do Supremo Tribunal Federal Ricardo Lewandowski concedeu liminar ao ex-governador impedindo sua prisão até ser esgotadas todas as possibilidades de recurso na Justiça ou até que a Corte volte a discutir a jurisprudência sobre prisão em segunda instância.",,"Justiça nega recurso e mantém condenação de Anthony Garotinho

Segunda Turma do Tribunal Regional Federal da 2.ª Região (TRF-2) rejeitou recurso da defesa do ex-governador do Rio Anthony Garotinho (PRP) e manteve sentença a ele imposta de quatro anos e meio de prisão por formação de quadrilha.

Garotinho foi condenado no âmbito da Operação Segurança Pública S.A., deflagrada em 2008 para apurar a nomeação de policiais civis em delegacias da zona oeste do Rio, em esquema de suposto favorecimento ao contrabando de peças para máquinas de apostas e exploração de jogo ilegal, facilitando lavagem de dinheiro.

O ex-governador foi acusado pelo Ministério Público Federal de ser “chefe” do grupo.

Em setembro do ano passado o caso chegou à segunda instância e foi julgado pelo TRF-4, que por unanimidade, condenou Garotinho a quatro anos e seis meses de prisão. Os advogados recorreram para anular a sentença.

De acordo com o desembargador Marcello Garano, relator do caso, não havia contradições ou omissões que justificassem os embargos de declaração da defesa. Acompanharam o magistrado os desembargadores Messod Azulay e Simone Schreiber.

Apesar de esgotados os recursos em segunda instância, Garotinho não deverá ser preso. Em outubro deste ano, o ministro do Supremo Tribunal Federal Ricardo Lewandowski concedeu liminar ao ex-governador impedindo sua prisão até ser esgotadas todas as possibilidades de recurso na Justiça ou até que a Corte volte a discutir a jurisprudência sobre prisão em segunda instância.",justiça|nega|recurso|garotinho|ser|os|instância|segunda|em|que|mantém|para|prisão|anthony|da|condenação
97_12-12-18_17_39.csv,classepolitica,"Salvador,: Vereador Vado Malassombrado é considerado desaparecido pela políciaO vereador de Salvador pelo partido Democratas (DEM), Vado Malassombrado, de 48 anos, entrou para a lista oficial de desaparecidos no estado.
A informação foi divulgada pela Polícia Civil (PC) na tarde desta terça-feira (4).
Informações sobre o paradeiro de Vado podem ser prestadas à Delegacia de Proteção à Pessoa (DPP) ou ao Disque Denúncia Bahia.
Antônio Fernando Silvany, na rua das Hortênsias, no bairro da Pituba, atende 24h por dia pelos telefones (71) 3116-0000 ou (71) 3116-0357.
Para entrar em contato com o Disque Denúncia os telefones são (71) 3235-0000 ou 181 (Interior da Bahia).",,"Salvador,: Vereador Vado Malassombrado é considerado desaparecido pela polícia

O vereador de Salvador pelo partido Democratas (DEM), Vado Malassombrado, de 48 anos, entrou para a lista oficial de desaparecidos no estado. A informação foi divulgada pela Polícia Civil (PC) na tarde desta terça-feira (4). De acordo com a Delegacia de Proteção à Pessoa (DPP), Edivaldo Ribeiro e Silva (nome de batismo do vereador) foi visto pela última vez na Praça da Sé, no Centro Histórico de Salvador, na manhã da segunda (3).

Informações sobre o paradeiro de Vado podem ser prestadas à Delegacia de Proteção à Pessoa (DPP) ou ao Disque Denúncia Bahia. A DPP, que fica situada no 4º Andar do Ed. Antônio Fernando Silvany, na rua das Hortênsias, no bairro da Pituba, atende 24h por dia pelos telefones (71) 3116-0000 ou (71) 3116-0357. Para entrar em contato com o Disque Denúncia os telefones são (71) 3235-0000 ou 181 (Interior da Bahia).",pela|malassombrado|ou|à|é|salvador|dpp|telefones|considerado|desaparecido|71|polícia|vereador|da|vado
97_12-12-18_17_39.csv,classepolitica,"Desocupação no Brasil subiu para 12,5% entre 2015 e 2017A taxa de desocupação no Brasil, que era de 6,9%, subiu para 12,5% entre 2014 e 2017, o que significa 6,2 milhões de pessoas desocupadas a mais no período, com crescimento em todas as regiões e em todos os grupos etários.
Nessas atividades, os trabalhadores recebiam pouco mais da metade do que os de carteira assinada.
No período, subiu de 5 milhões de pessoas em 2014, para 6,5 milhões em 2017.
Houve diferença ainda entre os trabalhadores de 14 a 29 anos.
Já os sem instrução ou com fundamental incompleto eram 27,6% dos ocupados e 37,7% dos com insuficiência de horas.",,"Desocupação no Brasil subiu para 12,5% entre 2015 e 2017

A taxa de desocupação no Brasil, que era de 6,9%, subiu para 12,5% entre 2014 e 2017, o que significa 6,2 milhões de pessoas desocupadas a mais no período, com crescimento em todas as regiões e em todos os grupos etários. O trabalho informal chegou a 37,3 milhões de pessoas, o mesmo que 40,8% da população ocupada, ou dois em cada cinco trabalhadores. Segundo o Instituto Brasileiro de Geografia e Estatística (IBGE), o contingente cresceu 1,2 milhão desde 2014, quando representava 39,1% da população ocupada.

Os dados fazem parte da Síntese dos Indicadores Sociais 2018, divulgada hoje (5) pelo IBGE, que classifica o estudo como “um conjunto de informações sobre a realidade social do país”. O trabalho tem como principal fonte de dados para a construção dos indicadores a Pesquisa Nacional por Amostra de Domicílios Contínua (PNAD Contínua), de 2012 a 2017.

A proporcionalidade de brancos (45,8%) e a de pretos e pardos (53,2%), na visão do IBGE, “constitui também uma característica importante na segmentação das ocupações e a persistência, ainda hoje, da segregação racial no mercado de trabalho”. A presença de pretos ou pardos era maior em atividades com menores rendimentos médios, como agropecuárias (60,8%), construção civil (63,0%) e serviços domésticos (65,9%), justamente as que no ano passado tinham os menores rendimentos médios. A situação foi diferente nas atividades de educação, saúde e serviços sociais, que tiveram mais participação de pessoas brancas (51,7%).

Carteira assinada

De acordo com o IBGE, no mesmo ano, a razão entre o topo da distribuição dos rendimentos e a base mostrou que os 10% com maiores rendimentos recebiam 12,4 vezes mais do que os 40% com menores rendimentos. Entre os empregados sem carteira assinada, os da agropecuária tinham a desigualdade mais acentuada. Recebiam, em média, 47,1% do que ganhavam aqueles com o documento assinado. Era também desigual na indústria e na construção civil. Nessas atividades, os trabalhadores recebiam pouco mais da metade do que os de carteira assinada.

Falta de horas

Entre 2014 e 2017, houve elevação de 28,9% na população subocupada por insuficiência de horas. No período, subiu de 5 milhões de pessoas em 2014, para 6,5 milhões em 2017. No ano passado, as mulheres que representavam 43,4% da população ocupada chegaram a 53,6% da população subocupada por insuficiência de horas. As pessoas pretas ou pardas eram 53,2% dos ocupados, mas aumentavam e chegavam a 65,4% dos subocupados. Houve diferença ainda entre os trabalhadores de 14 a 29 anos. Eles eram 26,6% dos ocupados, mas 34,1% dos subocupados. Já os sem instrução ou com fundamental incompleto eram 27,6% dos ocupados e 37,7% dos com insuficiência de horas.

Entre os trabalhadores em serviços domésticos, que representavam 6,3 milhões em 2017, ou 6,8% dos ocupados, a maior parte, ou seja, 5,8 milhões é constituída de mulheres, enquanto os homens eram 475 mil. Já na construção civil, a situação é diversa. A atividade caracterizada pela baixa remuneração tem mais trabalhadores (6,8 milhões) do que trabalhadoras (240 mil).",125|entre|ou|os|dos|2017|que|em|para|2015|subiu|com|da|brasil|mais|desocupação|trabalhadores|milhões
97_12-12-18_17_39.csv,classepolitica,"BC alerta que manutenção da Selic e inflação dependem de reformasA inflação baixa e os juros básicos, taxa Selic, no menor nível histórico, relevantes para o crescimento da economia, só vão se manter no médio e longo prazo se forem aprovadas reformas como a da Previdência.
O alerta é do presidente do Banco Central (BC), Ilan Goldfajn, em audiência pública na Comissão de Assuntos Econômicos do Senado, na manhã de hoje (5).
“De março para cá, houve uma resiliência das nossas instituições, das nossas expectativas, de forma que foi possível manter a taxa de juros em 6,5% ao ano, apesar da volatilidade e o ambiente mais desafiador para as economias emergentes [como o Brasil]”, disse.
“Esses resultados, ligados à inflação baixa, juros na mínima histórica, relevantes para o crescimento, só vão poder se manter no médio e longo prazo desde que a gente se mantenha no processo de aprovação de reformas, notadamente as de natureza fiscal e ajustes na economia brasileira”, disse.",,"BC alerta que manutenção da Selic e inflação dependem de reformas

A inflação baixa e os juros básicos, taxa Selic, no menor nível histórico, relevantes para o crescimento da economia, só vão se manter no médio e longo prazo se forem aprovadas reformas como a da Previdência. O alerta é do presidente do Banco Central (BC), Ilan Goldfajn, em audiência pública na Comissão de Assuntos Econômicos do Senado, na manhã de hoje (5).

“De março para cá, houve uma resiliência das nossas instituições, das nossas expectativas, de forma que foi possível manter a taxa de juros em 6,5% ao ano, apesar da volatilidade e o ambiente mais desafiador para as economias emergentes [como o Brasil]”, disse.

“Esses resultados, ligados à inflação baixa, juros na mínima histórica, relevantes para o crescimento, só vão poder se manter no médio e longo prazo desde que a gente se mantenha no processo de aprovação de reformas, notadamente as de natureza fiscal e ajustes na economia brasileira”, disse.",bc|dependem|se|inflação|vão|só|alerta|manter|que|para|reformas|juros|da|selic|taxa|manutenção
97_12-12-18_17_39.csv,classepolitica,"Salvador: Blitz de alcoolemia aborda mais de 46 mil condutores em 2018A Transalvador já registrou este ano 46.654 abordagens de agentes da autarquia municipal durante as blitze de alcoolemia realizadas em 2018.
Ainda segundo a pasta, foram emitidos 4.486 autos de infração e 4.214 CNHs foram recolhidas.
Neste ano, as equipes da Transalvador abordaram 9,2% a mais em relação ao ano passado: em todo o ano de 2017 foram abordados 42.341 condutores.
A Transalvador ressalta que as blitze continuarão a ser realizadas diariamente durante a alta estação, como já ocorre nos outros períodos do ano.
A penalidade é multa no valor de R$2.934,70, remoção do veículo e sete pontos na CNH.",,"Salvador: Blitz de alcoolemia aborda mais de 46 mil condutores em 2018

A Transalvador já registrou este ano 46.654 abordagens de agentes da autarquia municipal durante as blitze de alcoolemia realizadas em 2018. Segundo a superintendência, 4.331 motoristas se recusaram a realizar o teste e 134 foram flagrados cometendo crime de trânsito – quando o teor alcoólico é maior ou igual a 0,3mg por litro de ar expelido.

Ainda segundo a pasta, foram emitidos 4.486 autos de infração e 4.214 CNHs foram recolhidas. Neste ano, as equipes da Transalvador abordaram 9,2% a mais em relação ao ano passado: em todo o ano de 2017 foram abordados 42.341 condutores. À época, foram registradas 302 recusas, 40 crimes de trânsito e 5.138 autos de Lei Seca.

A Transalvador ressalta que as blitze continuarão a ser realizadas diariamente durante a alta estação, como já ocorre nos outros períodos do ano. A autarquia busca fazer as operações nos principais eixos e vias com maior velocidade, visando garantir uma redução efetiva do risco de acidentes e na preservação da vida dos cidadãos.

Dirigir sob o efeito de bebidas alcoólicas é infração considerada gravíssima, agravada 10 vezes. A penalidade é multa no valor de R$2.934,70, remoção do veículo e sete pontos na CNH.",46|realizadas|transalvador|salvador|é|blitz|da|mil|trânsito|em|condutores|foram|alcoolemia|ano|2018|nos|aborda|segundo|mais
97_12-12-18_17_39.csv,classepolitica,"Problemas no site impedem leitura do Diário Oficial da UniãoO site da Imprensa Nacional está desde a noite desta terça-feira (4/12), com problemas para acesso, o que impede a leitura na manhã desta quarta-feira (5/12) da edição do Diário Oficial da União (DOU).
A Imprensa Nacional confirma a instabilidade no acesso ao site e diz que técnicos estão trabalhando no restabelecimento do serviço, mas ainda sem previsão de volta à normalidade.
Uma portaria publicada no DOU em 1º de novembro de 2018 previa a cobrança pelo acesso matutino do público em geral ao conteúdo da publicação.
A partir da norma, o acesso às edições completas do DOU em formato de leitura será gratuito apenas das 12h às 23h59min, diariamente.
5º serão regulamentados em até 180 dias após a data de publicação desta portaria”.",,"Problemas no site impedem leitura do Diário Oficial da União

O site da Imprensa Nacional está desde a noite desta terça-feira (4/12), com problemas para acesso, o que impede a leitura na manhã desta quarta-feira (5/12) da edição do Diário Oficial da União (DOU).

A Imprensa Nacional confirma a instabilidade no acesso ao site e diz que técnicos estão trabalhando no restabelecimento do serviço, mas ainda sem previsão de volta à normalidade.

Em dezembro de 2017, o governo decidiu suspender a impressão do documento depois de 155 anos de existência de sua versão em papel,e o acesso passou a ser feito exclusivamente pela internet. Na época o ministro-chefe da casa civil, Eliseu Padilha, declarou durante a cerimônia que marcou o fim da versão impressa do DOU, que o acesso ao documento via internet era um marco de modernidade para o governo.

Uma portaria publicada no DOU em 1º de novembro de 2018 previa a cobrança pelo acesso matutino do público em geral ao conteúdo da publicação. A partir da norma, o acesso às edições completas do DOU em formato de leitura será gratuito apenas das 12h às 23h59min, diariamente.

A portaria ainda informa que “os termos e os preços cobráveis pelos serviços descritos no art. 5º serão regulamentados em até 180 dias após a data de publicação desta portaria”.",oficial|problemas|ao|leitura|que|união|em|site|dou|desta|portaria|impedem|da|diário|acesso
97_12-12-18_17_39.csv,classepolitica,"Lava Jato: 57ª fase mira trading e fretamento de navios da PetrobrasA Polícia Federal (PF) deflagrou nesta manhã (05/12) a Operação Sem Limites, a 57ª fase da Operação Lava Jato.
De acordo com as investigações, foram identificados dois esquemas de corrupção na área de trading (compra e venda) de petróleo e derivados e os esquemas de corrupção na área de afretamento de navios.
Para a PF, as fraudes e crimes aconteceram até meados de 2014, mas não descarta “a continuidade do esquema até os dias atuais, na área de trading da estatal com diversas ramificações internacionais”.
As operações de trading (compra e venda) de óleos combustíveis e derivados pela Petrobras eram de responsabilidade da Diretoria de Abastecimento, informa a PF, especificamente pela Gerência Executiva de Marketing e Comercialização.
Será concedida entrevista coletiva às 10h no auditório da sede da Polícia Federal em Curitiba/PR.",,"Lava Jato: 57ª fase mira trading e fretamento de navios da Petrobras

A Polícia Federal (PF) deflagrou nesta manhã (05/12) a Operação Sem Limites, a 57ª fase da Operação Lava Jato. Segundo comunicado da PF, na investigação policial foi possível identificar existência de organização criminosa estruturada e atuante que lesou a Petrobras, especialmente em sua área de trading, onde são realizados os negócios de compra e venda de petróleo e derivados na estatal e por empresas estrangeiras.

Na ação nos estados do Paraná e Rio de Janeiro, equipes compostas por 190 policiais federais cumprem um total de 37 ordens judiciais, sendo 26 mandados de busca e apreensão, 11 mandados de prisão preventiva e 6 intimação.

De acordo com as investigações, foram identificados dois esquemas de corrupção na área de trading (compra e venda) de petróleo e derivados e os esquemas de corrupção na área de afretamento de navios. “Além disso se verificou também indícios de irregularidades na realização de negócios de locação de tanques de armazenagem pelas mesmas empresas investigadas. Todos estas operações ocorriam de forma a viabilizar o pagamento de vantagens indevidas a executivos e ganhos acima dos praticados no mercado para estas empresas”, informa a PF.

Para a PF, as fraudes e crimes aconteceram até meados de 2014, mas não descarta “a continuidade do esquema até os dias atuais, na área de trading da estatal com diversas ramificações internacionais”.

As operações de trading (compra e venda) de óleos combustíveis e derivados pela Petrobras eram de responsabilidade da Diretoria de Abastecimento, informa a PF, especificamente pela Gerência Executiva de Marketing e Comercialização. “As operações não necessitavam de prévia autorização da Diretoria, circunstância que facilitava sobremaneira a pulverização dos esquemas ilícitos nas mãos de diversos funcionários de menor escalação vinculados à Diretoria de Abastecimentos e que exerciam suas funções tanto no Brasil quanto nos escritórios da Petrobras no exterior.”

Segundo a investigação, estas mesmas operações movimentam “intensamente imensas quantias de recursos em decorrência de transações spot diárias e também de contrato de longo prazo, circunstâncias que propiciam, com variações infímas nas operações, recursos vultosos de propina ao final de um determinado espaço temporal.”

As operações, de acordo com a PF, eram feitas predominantemente junto a empresas estrangeiras. “A própria Petrobras, inclusive, mantém escritórios e funcionários no exterior para atuação na área de trading, circunstância que facilita, por parte dos agentes públicos e privados envolvidos, o recebimento e divisão de propinas em contas no exterior. A área sofre forte ingerência política decorrente de processos de indicação e manutenção de funcionários nos cargos”, diz o comunicado da PF

A investigação policial recebeu o nome de Sem Limites em referência à transnacionalidade dos crimes praticados e à ausência de limites legais para as operações comerciais realizadas “e a busca desenfreada e permanente por ganhos de todos os envolvidos, resultado sempre na depredação do patrimônio público.”

Os presos serão trazidos para a Superintendência da Polícia Federal onde permanecerão à disposição do Juízo da 13ª Vara Federal de Curitiba/PR. Será concedida entrevista coletiva às 10h no auditório da sede da Polícia Federal em Curitiba/PR.",trading|pf|à|lava|fase|57ª|mira|fretamento|operações|que|em|por|jato|da|petrobras|área|navios
97_12-12-18_17_39.csv,classepolitica,"No Twitter, Trump diz acreditar que EUA fecharão acordo comercial com a ChinaO presidente dos Estados Unidos, Donald Trump, disse no fim da noite de terça-feira acreditar que Washington fechará um acordo comercial com a China, seja “agora ou no futuro”.
“Ou teremos um acordo de verdade com a China ou não teremos acordo algum – quando cobraremos pesadas tarifas contra produtos chineses embarcados para os Estados Unidos”, comentou Trump em sua conta oficial no Twitter, acrescentando que a China não quer ficar sujeira a tarifas.
No sábado (01), Trump e o presidente chinês, Xi Jiping, decidiram suspender as hostilidades comerciais por 90 dias, período durante o qual seus respectivos governos tentarão fechar um acordo comercial mais duradouro.",,"No Twitter, Trump diz acreditar que EUA fecharão acordo comercial com a China

O presidente dos Estados Unidos, Donald Trump, disse no fim da noite de terça-feira acreditar que Washington fechará um acordo comercial com a China, seja “agora ou no futuro”.

“Ou teremos um acordo de verdade com a China ou não teremos acordo algum – quando cobraremos pesadas tarifas contra produtos chineses embarcados para os Estados Unidos”, comentou Trump em sua conta oficial no Twitter, acrescentando que a China não quer ficar sujeira a tarifas.

No sábado (01), Trump e o presidente chinês, Xi Jiping, decidiram suspender as hostilidades comerciais por 90 dias, período durante o qual seus respectivos governos tentarão fechar um acordo comercial mais duradouro.",diz|acreditar|twitter|trump|um|fecharão|eua|acordo|teremos|que|china|unidos|comercial|com
97_12-12-18_17_39.csv,classepolitica,"Consórcio Público de Saúde define gestão da Policlínica de Simões FilhosAs definições dos valores, regras, critérios de participação financeira na cobertura das dispensas da Policlínica Regional de Simões Filho foram definidos em reunião na noite desta segunda-feira (3) entre os representantes dos municípios que integram o Consórcio Público Interfederativo de Saúde da Região do Metro Recôncavo Norte (MRN).
De acordo com a presidente do Consórcio e prefeita de Lauro de Freitas Moema Gramacho a previsão é de que a Policlínica inicie as atividades em março do ano que vem.
O equipamento atenderá a pacientes das cidades de Mata do São João, Conde, Simões Filho, Camaçari, Lauro de Freitas e Dias D’ Ávila.
A seleção pública dos profissionais que atuarão na unidade será executada pela Fundação CEFET Bahia.
São vagas destinadas aos cargos de médico, enfermeiro, psicólogo, farmacêutico, nutricionista, ouvidor, assessor técnico, técnico em enfermagem, técnico em radiologia e assistente administrativo.",,"Consórcio Público de Saúde define gestão da Policlínica de Simões Filhos

As definições dos valores, regras, critérios de participação financeira na cobertura das dispensas da Policlínica Regional de Simões Filho foram definidos em reunião na noite desta segunda-feira (3) entre os representantes dos municípios que integram o Consórcio Público Interfederativo de Saúde da Região do Metro Recôncavo Norte (MRN). Na pauta das discussões foram definidas também a gestão dos serviços que serão prestados no equipamento e apresentada oficialmente a nova conjuntura de integrantes que irão administrar a unidade.

De acordo com a presidente do Consórcio e prefeita de Lauro de Freitas Moema Gramacho a previsão é de que a Policlínica inicie as atividades em março do ano que vem. O equipamento atenderá a pacientes das cidades de Mata do São João, Conde, Simões Filho, Camaçari, Lauro de Freitas e Dias D’ Ávila. “Serão disponibilizadas mais de 48 mil consultas anuais em 18 especialidades além de exames de alta complexidade, como ressonância magnética”, disse Moema.

Com investimento superior a R$ 17,5 milhões entre obras e equipamentos, a unidade será instalada em um edifício de três pavimentos onde os pacientes terão acesso a uma variedade de especialidades médicas, a exemplo de angiologia, cardiologia, endocrinologia, gastrenterologia, neurologia, ortopedia, oftalmologia, otorrinolaringologia, ginecologia/obstetrícia, mastologia e urologia.

A seleção pública dos profissionais que atuarão na unidade será executada pela Fundação CEFET Bahia. Os salários chegam a R$ 4.388,32. São vagas destinadas aos cargos de médico, enfermeiro, psicólogo, farmacêutico, nutricionista, ouvidor, assessor técnico, técnico em enfermagem, técnico em radiologia e assistente administrativo.",gestão|saúde|filhos|os|consórcio|dos|das|em|define|policlínica|que|técnico|simões|da|público
97_12-12-18_17_39.csv,classepolitica,"TCM reprova contas da prefeita de MaragojipeO Tribunal de Contas dos Municípios, nesta terça-feira (04/12), rejeitou as contas da prefeita de Maragojipe, Vera Lúcia dos Santos, relativas ao exercício de 2017.
Além de extrapolar nas despesas com pessoal, a gestora não recolheu multas imposta pelo TCM em processos anteriores.
A prefeita, em seu segundo mandato, excedeu em todos os quadrimestres o percentual máximo previsto para esses gastos.
Além disso, os recursos deixados em caixa não foram suficientes para cobrir as despesas com restos a pagar, o que aponta a existência de desequilíbrio nas contas públicas.
A gestora deve promover a correção da irregularidades para evitar a rejeição das suas contas no último ano de gestão, em razão do descumprimento do artigo 42 da LRF.",,"TCM reprova contas da prefeita de Maragojipe

O Tribunal de Contas dos Municípios, nesta terça-feira (04/12), rejeitou as contas da prefeita de Maragojipe, Vera Lúcia dos Santos, relativas ao exercício de 2017. Além de extrapolar nas despesas com pessoal, a gestora não recolheu multas imposta pelo TCM em processos anteriores. Por quatro votos a três, o pleno também aprovou a aplicação de multa no valor de R$88.248,00, que corresponde a 30% dos subsídios anuais da prefeita, pela não redução dos gastos com pessoal ao limite máximo previsto na Lei de Responsabilidade Fiscal.

O relator do parecer, conselheiro substituto Cláudio Ventin, ainda multou a gestora em R$15 mil, pelas demais irregularidades apuradas durante a análise técnica das contas. Também foi determinado o ressarcimento aos cofres municipais da quantia de R$25.907,29, com recursos pessoais, referentes a despesas indevidas com juros e multas (R$1.750,27), notas fiscais em cópia ilegíveis (R$5.647,32) e despesas com publicidade sem comprovação da efetiva divulgação (R$18.509,70).

A despesa total com pessoal alcançou o montante de R$44.759.874,29, que corresponde a 59,96% da receita corrente líquida do município, extrapolando, assim, o limite de 54% estabelecido na LRF. A prefeita, em seu segundo mandato, excedeu em todos os quadrimestres o percentual máximo previsto para esses gastos.

O acompanhamento técnico das contas revelou casos de ausência de inserção, inserção incorreta ou incompleta de dados no sistema SIGA, do TCM, e o encaminhamento de documentos digitalizados ilegíveis e/ou apagados, o que dificultou o exercício do controle externo. Também foram registrados gastos excessivos com aluguel de imóveis, além da ausência de laudo de avaliação para aluguel de imóvel emitido por profissional competente.

O município de Maragojipe apresentou uma receita arrecadada de R$73.209.924,77 e uma despesa executada de R$77.522.193,45, demonstrando um déficit orçamentário de R$4.312.268,68. Além disso, os recursos deixados em caixa não foram suficientes para cobrir as despesas com restos a pagar, o que aponta a existência de desequilíbrio nas contas públicas. A gestora deve promover a correção da irregularidades para evitar a rejeição das suas contas no último ano de gestão, em razão do descumprimento do artigo 42 da LRF.",prefeita|despesas|maragojipe|dos|em|tcm|que|para|com|contas|da|reprova
97_12-12-18_17_39.csv,classepolitica,"Seduc promove II Seminário Municipal de CamaçariA Prefeitura Municipal, através da Secretaria de Educação (SEDUC), promoveu, nesta terça-feira (04/12), o II Seminário Municipal de Camaçari, no plenário da Câmara de Vereadores, com o intuito de apresentar o Referencial Curricular do Ensino Fundamental – Anos Iniciais, elaborado em parceria com o Instituto Chapada (Icep) e com a participação das comunidades escolares.
O tema do encontro foi: “Currículo em rede: a que será que se destina?”.
O Referencial Curricular tem o objetivo de nortear os projetos políticos pedagógicos, a fim de direcionar os documentos da SEDUC e das 102 unidades escolares do município.
Ele foi escrito com a participação dos diretores, coordenadores, professores e estudantes da rede municipal de ensino.
O evento ainda contou com apresentações culturais diversas, a exemplo de poesias e teatro, com os alunos das escolas Joana Angélica e Angelina Teixeira de Souza.",,"Seduc promove II Seminário Municipal de Camaçari

A Prefeitura Municipal, através da Secretaria de Educação (SEDUC), promoveu, nesta terça-feira (04/12), o II Seminário Municipal de Camaçari, no plenário da Câmara de Vereadores, com o intuito de apresentar o Referencial Curricular do Ensino Fundamental – Anos Iniciais, elaborado em parceria com o Instituto Chapada (Icep) e com a participação das comunidades escolares. O tema do encontro foi: “Currículo em rede: a que será que se destina?”.

No evento, estiveram presentes à mesa solene a secretária de Educação, Neurilene Martins; o subsecretário, Márcio Vila Flor; a representante do Icep, Raidalva Silva; a coordenadora do Fórum Municipal de Educação, Daniele Silva; e o presidente da Comissão de Educação da Câmara Municipal, vereador Vaninho da Rádio.

O Referencial Curricular tem o objetivo de nortear os projetos políticos pedagógicos, a fim de direcionar os documentos da SEDUC e das 102 unidades escolares do município. Ele foi escrito com a participação dos diretores, coordenadores, professores e estudantes da rede municipal de ensino.

Dentre algumas das ações previstas pelo Referencial estão: discussão de questões pedagógicas; acompanhamento e monitoramento das aprendizagens dos estudantes; organização de atividade complementar com proposições que possam ajudar os professores no acompanhamento das aprendizagens dos alunos; reflexões sobre o Conselho de Classe, dentre outros.

“Eu aprendi várias lições, aprendi que apesar das nossas diferenças, devemos respeitar a todos e ajudar ao próximo”, declarou a estudante Roberta Cavalcante, da Escola Municipal Angelina Teixeira de Souza, sobre o processo de construção do Referencial Curricular.

“Hoje é um dia de festa. Abrimos aqui os trabalhos para cumprir aquilo que foi o nosso compromisso com esta comunidade escolar, para que a mesma pudesse dizer qual a escola dos nossos sonhos, para que tenhamos uma educação mais e melhor, como é o nome do nosso projeto”, enfatizou a secretária de Educação, Neurilene Martins.

O evento ainda contou com apresentações culturais diversas, a exemplo de poesias e teatro, com os alunos das escolas Joana Angélica e Angelina Teixeira de Souza.",ii|educação|promove|municipal|das|os|seduc|seminário|que|dos|referencial|com|camaçari|da
97_12-12-18_17_39.csv,classepolitica,"Cigano nocauteia australiano e pede revanche contra Alistair OvereemNa madrugada deste domingo (2), o catarinense e baiano de coração, Júnior Cigano foi o destaque brasileiro no UFC Adelaide, realizado, na Austrália.
O ex-detentor do cinturão dos pesados nocauteou o australiano Tai Tuivasa, por nocaute, no segundo round, e venceu o combate.
Após a vitória, ele cobrou uma revanche contra Alistair Overeem.
“Eu sabia que esse cara era duro, mas ele é muito mais duro que eu imaginava.
Agora, o que eu quero é uma revanche contra Alistair Overeem”, afirmou o brasileiro.",,"Cigano nocauteia australiano e pede revanche contra Alistair Overeem

Na madrugada deste domingo (2), o catarinense e baiano de coração, Júnior Cigano foi o destaque brasileiro no UFC Adelaide, realizado, na Austrália. O ex-detentor do cinturão dos pesados nocauteou o australiano Tai Tuivasa, por nocaute, no segundo round, e venceu o combate. O atleta da casa vinha de uma invencibilidade de 10 lugas. Após a vitória, ele cobrou uma revanche contra Alistair Overeem.

“Eu sabia que esse cara era duro, mas ele é muito mais duro que eu imaginava. Ele me acertou um chute muito forte na perna, que me deixou com dificuldades de caminhar. Meu plano é sempre buscar o nocaute, e felizmente hoje eu consegui o meu objetivo. Agora, o que eu quero é uma revanche contra Alistair Overeem”, afirmou o brasileiro.

Overeem venceu Cigano em 2015, por nocaute. O brasileiro visa a retomada do cinturão da categoria. E, para isso, mira vitórias contra antigos algozes, como o próprio Overeem, além de Cain Velásquez, para quem perdeu o cinturão, e Stipe Miocic.",uma|australiano|é|pede|eu|nocaute|que|ele|cigano|contra|alistair|cinturão|revanche|nocauteia|overeem
97_12-12-18_17_39.csv,classepolitica,"Fifa aprova escolha de Madri para final da LibertadoresA Fifa aprovou a decisão de se disputar em Madri a final da Copa Libertadores, entre as equipes argentinas River Plate e Boca Juniors.
A afirmação foi feita pelo presidente da Fifa, Gianni Infantino, em entrevista coletiva na Cúpula do G20, da qual participa como convidado.
“Não é uma guerra; gera muita emoção, mas não deixa de ser um jogo”, acrescentou o presidente da Fifa, que está na Argentina desde o adiamento da partida.
Infantino disse ainda que os incidentes que ocorreram previamente à suspensão do jogo decisivo “têm que marcar um antes e um depois” para as pessoas ligadas ao futebol.
No dia seguinte, a direção do Boca pediu o adiamento da final, alegando a gravidade e magnitude dos atos de violência, as consequências destes sobre a equipe e a falta de segurança para realização da partida.",,"Fifa aprova escolha de Madri para final da Libertadores

A Fifa aprovou a decisão de se disputar em Madri a final da Copa Libertadores, entre as equipes argentinas River Plate e Boca Juniors. A afirmação foi feita pelo presidente da Fifa, Gianni Infantino, em entrevista coletiva na Cúpula do G20, da qual participa como convidado.

“Foi um momento muito triste”, disse Infantino sobre a suspensão do jogo de volta, que seria disputada no Estádio Monumental de Nuñez, na semana passada. O jogo de ida foi na Bombonera e terminou empatado em 2 a 2.

“Não é uma guerra; gera muita emoção, mas não deixa de ser um jogo”, acrescentou o presidente da Fifa, que está na Argentina desde o adiamento da partida.

Infantino disse ainda que os incidentes que ocorreram previamente à suspensão do jogo decisivo “têm que marcar um antes e um depois” para as pessoas ligadas ao futebol.

No dia 24 de novembro, pouco antes da partida, o ônihus que levava os jogadores do Boca Juniors ao Monumental foi atacado a pedradas por torcedores adversários. No dia seguinte, a direção do Boca pediu o adiamento da final, alegando a gravidade e magnitude dos atos de violência, as consequências destes sobre a equipe e a falta de segurança para realização da partida.",libertadores|escolha|um|boca|jogo|em|que|madri|para|fifa|aprova|foi|final|da
97_12-12-18_17_39.csv,classepolitica,"Prêmio Jorge Amado incentiva produção literária na rede de ensino“Saber amar é colher a flor / É cultivar o que Deus plantou / É ouvir a voz da razão / É seguir a sua direção”.
Vencedores – Na categoria Poesia, foram vencedoras as alunas Maria Eduarda Correia Silveira (1º lugar), da Escola Municipal Santa Rita; Laura Airla Jesus Paulo De Souza (2º lugar), da Escola Municipal Dra.
As alunas Lara Rafaele Reis Santos, da Escola Municipal Beatriz de Farias; e Ana Cláudia Cerqueira de Jesus Santos, da Escola Municipal Assistência Social São José, conquistaram, respectivamente, a primeira e a segunda colocações na categoria Conto.
No terceiro lugar ficou Rafael Carioca da Silva, da Escola Municipal Manoel Henrique da Silva Barradas.
Na segunda colocação, Arielle Santos Da Silva, também da Escola Municipal Professor Manoel de Almeida Cruz.",,"Prêmio Jorge Amado incentiva produção literária na rede de ensino

“Saber amar é colher a flor / É cultivar o que Deus plantou / É ouvir a voz da razão / É seguir a sua direção”. Estes são os versos iniciais da obra “Saber amar”, escrita pela aluna Maria Eduarda Correia Silveira, 10 anos, e que levou a estudante a ganhar a primeira colocação, na categoria Poesia, do Prêmio Jorge Amado de Literatura. Ela e mais 14 estudantes da rede municipal de ensino – acompanhados dos professores orientadores – receberam a premiação das mãos do prefeito ACM Neto em solenidade realizada nesta terça-feira (4), no Auditório Dom Geraldo Majella, no Garcia.

Além do prefeito, estiveram presentes no evento o secretário municipal da Educação (Smed), Bruno Barral; o secretário-chefe de Gabinete, Kaio Moraes; a presidente do Plano Municipal do Livro, da Leitura e da Biblioteca (PMLLB), Roseli Andrade; o representante da Universidade Católica do Salvador (Ucsal), Celso Cotrim; e a neta do escritor Jorge Amado, Maria João Amado. Além da premiação, também foi exibido um vídeo com depoimento de todos os participantes sobre a importância da iniciativa, promovida através da Smed.

Já na terceira edição, o prêmio foi estabelecido, ainda em 2013, como uma das metas na área da Educação a serem desenvolvidas pela administração municipal, como explicou ACM Neto. “Primeiro para homenagear Jorge Amado e, por outro lado, ser um elemento de estímulo dos jovens para que eles tenham mais interesse pela literatura e conhecer esse mundo extraordinário trazido através de grandes escritores e dos livros. Além disso, intensificar ainda mais o aprendizado da língua portuguesa, que é tão essencial para a formação futura desses jovens. Então, está sendo realizada mais essa edição com ampliação do número de alunos premiados e trazendo essa mensagem de valorização da literatura em nossa cidade. Quem sabe, não temos aqui futuros Jorges Amado?”, ressaltou o prefeito.

Para Maria João, é uma felicidade muito grande ver, a cada edição, novos alunos participando dessa iniciativa. “Vejo as crianças se preocupando muito com a literatura, não apenas em ler mas, também, produzir. Que bom que existe esse prêmio e que a Prefeitura mantenha essa chama acesa”, salientou a neta do escritor, que viveu um longo período em Salvador e utilizou a cidade como inspiração para boa parte das obras, a exemplo de “Capitães da Areia” (1937).

Aluna do 4º ano da Escola Municipal Santa Rita, no bairro de Luiz Anselmo, Maria Eduarda contou que a inspiração para escrever veio da professora orientadora Auxiliadora Maria, e da irmã que costuma escrever letras de rap. Na casa da avó, redigiu o poema e mostrou à professora, que inscreveu o texto na iniciativa. Feliz por ter sido contemplada, ela revelou o que vai fazer com o prêmio: “vou ajudar a minha família”, afirmou, sorridente.

Premiação – Quinze alunos da rede municipal receberam os prêmios de R$ 4 mil para os primeiros colocados, R$ 3 mil para os segundos lugares e R$ 2 mil para a terceira colocação. São três premiados em cada categoria: poesia, conto, romance, história em quadrinhos e videoclipe. Fruto de uma parceria da Smed com o Plano Municipal do Livro, da Leitura e da Biblioteca (PMLLB) de Salvador, o concurso é direcionado aos alunos matriculados no Ensino Fundamental I e II e Educação de Jovens e Adultos (EJA) na rede municipal.

Os professores orientadores dos alunos premiados receberam bolsas de estudos de pós-graduação com descontos de 50% para o primeiro colocado, 40% para o segundo e 30% para o terceiro – resultado da parceria com a Universidade Católica do Salvador, que também apoiou o prêmio cedendo os espaços de trabalho das comissões julgadora e organizadora. A premiação contou com o apoio também da Arquidiocese de Salvador, que cedeu o auditório para realização do evento.

Vencedores – Na categoria Poesia, foram vencedoras as alunas Maria Eduarda Correia Silveira (1º lugar), da Escola Municipal Santa Rita; Laura Airla Jesus Paulo De Souza (2º lugar), da Escola Municipal Dra. Maria do Carmo Vilaça; e Ingrid Vitória Santos Ferreira (3º lugar), da Escola Municipal Professor Ricardo Pereira.

As alunas Lara Rafaele Reis Santos, da Escola Municipal Beatriz de Farias; e Ana Cláudia Cerqueira de Jesus Santos, da Escola Municipal Assistência Social São José, conquistaram, respectivamente, a primeira e a segunda colocações na categoria Conto. No terceiro lugar ficou Rafael Carioca da Silva, da Escola Municipal Manoel Henrique da Silva Barradas.

Na categoria Romance, conquistaram o prêmio os alunos Luiz Elias Dos Santos Barreto Neto (1º), da Escola Municipal Pirajá da Silva; Giovanna Valéria Neves Vieira (2º), da Escola Municipal Brigadeiro Eduardo Gomes; e Geovanna Santos Correia (3º), da Escola Municipal Brigadeiro Eduardo Gomes.

Em História em Quadrinhos, classificaram-se em 1º, 2º e 3º lugares, respectivamente, os alunos Matheus Lucas Santana das Neves, da Escola Municipal Brigadeiro Eduardo Gomes; Leandro Vinícius Argolo Lima Filho, da Escola Municipal de Itacaranha Manoel Faustino; e Ueslei Dos Santos Osman, da Escola Municipal Professor Manoel de Almeida Cruz.

Na categoria Vídeo Clipe, o primeiro lugar ficou para a aluna Lorena Borges Lima Conceição, da Escola Municipal Professor Manoel de Almeida Cruz. Na segunda colocação, Arielle Santos Da Silva, também da Escola Municipal Professor Manoel de Almeida Cruz. E o terceiro lugar foi para Stephany Araújo De Sant’ana Conceição, da Escola Municipal Teodoro Sampaio.",amado|literária|os|jorge|municipal|ensino|escola|em|produção|que|para|rede|prêmio|incentiva|com|é|da|santos
97_12-12-18_17_39.csv,classepolitica,"Palco do Festival Virada Salvador 2019 começa a ser montadoO palco que vai receber grandes nomes da música brasileira durante os cinco dias do Festival Virada Salvador 2019 já começou a ser montado na orla da Boca do Rio, no espaço onde é erguida a Arena Daniela Mercury.
A estrutura do palco, juntamente com a cenografia, terá 60 metros de frente por 16 metros de altura e vai contar com dez geradores.
A previsão é que o equipamento fique pronto com até dois dias de antecedência ao festival para que passe por testes.
Atrações – São atrações já confirmadas para o Festival Virada Salvador 2019 os cantores Milton Nascimento, Anitta, Simone e Simaria, Ivete Sangalo, Daniela Mercury, Jorge e Mateus, Harmonia do Samba e Alok, dentre outros nomes.
O evento acontece entre os dias 28 de dezembro e 1º de janeiro e é promovido pela Prefeitura, sob a organização da Saltur.",,"Palco do Festival Virada Salvador 2019 começa a ser montado

O palco que vai receber grandes nomes da música brasileira durante os cinco dias do Festival Virada Salvador 2019 já começou a ser montado na orla da Boca do Rio, no espaço onde é erguida a Arena Daniela Mercury. A estrutura do palco, juntamente com a cenografia, terá 60 metros de frente por 16 metros de altura e vai contar com dez geradores. A cobertura é de alumínio, material mais moderno e que possibilita maior agilidade para a montagem.

Até o momento, os funcionários da ST Estruturas, fornecedora contratada pela Empresa Salvador Turismo (Saltur), já fizeram a base e começaram a montar a parte lateral da cenografia e a cobertura – esta última é armada no chão para, depois, ser erguida. A previsão é que o equipamento fique pronto com até dois dias de antecedência ao festival para que passe por testes.

Atrações – São atrações já confirmadas para o Festival Virada Salvador 2019 os cantores Milton Nascimento, Anitta, Simone e Simaria, Ivete Sangalo, Daniela Mercury, Jorge e Mateus, Harmonia do Samba e Alok, dentre outros nomes. O evento acontece entre os dias 28 de dezembro e 1º de janeiro e é promovido pela Prefeitura, sob a organização da Saltur.

A maior festa gratuita de fim de ano do país atraiu, no ano passado, cerca de dois milhões de pessoas em todos os cinco dias. A estrutura contou com áreas temáticas, como a Vila Gastronômica, e brinquedos como a roda gigante de 36 metros de altura e a tirolesa.",dias|começa|ser|salvador|2019|é|os|virada|que|palco|para|com|festival|da|montado
